00:35:43 [INFO] 🚀 Hệ thống khởi tạo thành công. Lưu kết quả tại: D:\Hoctap_Code_PrivateProject\PythonProject\craw_tgdd\tgdd_metadata_output
00:35:48 [INFO] patching driver executable C:\Users\CONG\appdata\roaming\undetected_chromedriver\undetected_chromedriver.exe
00:35:53 [INFO] 📂 ĐANG XỬ LÝ FILE: bluetoothheadphone_products.csv
00:35:53 [INFO]    🔹 [1/160] Thu thập: https://www.thegioididong.com/tai-nghe/tai-nghe-bluetooth-true-wireless-ava-freego-pt52
00:36:04 [INFO]    🔹 [2/160] Thu thập: https://www.thegioididong.com/tai-nghe/tai-nghe-bluetooth-true-wireless-ava-freego-w30
00:38:56 [INFO] 🚀 Hệ thống khởi tạo thành công. Lưu kết quả tại: D:\Hoctap_Code_PrivateProject\PythonProject\craw_tgdd\tgdd_metadata_output
00:39:02 [INFO] patching driver executable C:\Users\CONG\appdata\roaming\undetected_chromedriver\undetected_chromedriver.exe
00:39:07 [INFO] 📂 ĐANG XỬ LÝ FILE: bluetoothheadphone_products.csv
00:39:07 [INFO]    🔹 [1/160] Thu thập: https://www.thegioididong.com/tai-nghe/tai-nghe-bluetooth-true-wireless-ava-freego-pt52
00:39:16 [INFO]     Đã lấy được 14 thuộc tính
00:39:17 [INFO]    🔹 [2/160] Thu thập: https://www.thegioididong.com/tai-nghe/tai-nghe-bluetooth-true-wireless-ava-freego-w30
00:39:26 [INFO]     Đã lấy được 15 thuộc tính
00:39:27 [INFO]    🔹 [3/160] Thu thập: https://www.thegioididong.com/tai-nghe/tai-nghe-bluetooth-true-wireless-xiaomi-redmi-buds-6-play
00:39:35 [INFO]     Đã lấy được 16 thuộc tính
00:39:36 [INFO]    🔹 [4/160] Thu thập: https://www.thegioididong.com/tai-nghe/tai-nghe-bluetooth-true-wireless-ava-buds-life-air-2-pro
00:39:44 [INFO]     Đã lấy được 14 thuộc tính
00:39:45 [INFO]    🔹 [5/160] Thu thập: https://www.thegioididong.com/tai-nghe/tai-nghe-bluetooth-true-wireless-ava-freego-y60
00:39:54 [INFO]     Đã lấy được 15 thuộc tính
00:39:55 [INFO]    🔹 [6/160] Thu thập: https://www.thegioididong.com/tai-nghe/tai-nghe-bluetooth-true-wireless-ava-freego-w28?utm_flashsale=1
00:40:03 [INFO]     Đã lấy được 14 thuộc tính
00:40:05 [INFO]    🔹 [7/160] Thu thập: https://www.thegioididong.com/tai-nghe/tai-nghe-co-day-ep-ava-livebass-e1
00:40:13 [INFO]     Đã lấy được 11 thuộc tính
00:40:15 [INFO]    🔹 [8/160] Thu thập: https://www.thegioididong.com/tai-nghe/tai-nghe-bluetooth-true-wireless-xiaomi-redmi-buds-8-lite
00:41:05 [WARNING] ⏳ Timeout khi tải trang: https://www.thegioididong.com/tai-nghe/tai-nghe-bluetooth-true-wireless-xiaomi-redmi-buds-8-lite
00:41:05 [INFO]    🔹 [8/160] Thu thập: https://www.thegioididong.com/tai-nghe/tai-nghe-bluetooth-true-wireless-xiaomi-redmi-buds-8-lite
00:41:15 [INFO]     Đã lấy được 16 thuộc tính
00:41:16 [INFO]    🔹 [9/160] Thu thập: https://www.thegioididong.com/tai-nghe/tai-nghe-bluetooth-tws-xiaomi-redmi-buds-6-active
00:41:23 [INFO]     Đã lấy được 16 thuộc tính
00:41:25 [INFO]    🔹 [10/160] Thu thập: https://www.thegioididong.com/tai-nghe/tai-nghe-bluetooth-true-wireless-oppo-enco-buds-3-pro-etek1
00:41:32 [INFO]     Đã lấy được 16 thuộc tính
00:41:32 [INFO]       💾 Đã lưu batch 10 items.
00:41:33 [INFO]    🔹 [11/160] Thu thập: https://www.thegioididong.com/tai-nghe/tai-nghe-bluetooth-true-wireless-ava-buds-life-air-3
00:41:41 [INFO]     Đã lấy được 15 thuộc tính
00:41:43 [INFO]    🔹 [12/160] Thu thập: https://www.thegioididong.com/tai-nghe/tai-nghe-bluetooth-true-wireless-oppo-enco-buds-3-eteg1
00:41:49 [INFO]     Đã lấy được 16 thuộc tính
00:41:51 [INFO]    🔹 [13/160] Thu thập: https://www.thegioididong.com/tai-nghe/tai-nghe-bluetooth-true-wireless-ava-freego-y70
00:42:00 [INFO]     Đã lấy được 15 thuộc tính
00:42:01 [INFO]    🔹 [14/160] Thu thập: https://www.thegioididong.com/tai-nghe/tai-nghe-co-day-apple-mtjy3
00:42:35 [INFO] 🚀 Hệ thống khởi tạo thành công. Lưu kết quả tại: D:\Hoctap_Code_PrivateProject\PythonProject\craw_tgdd\tgdd_metadata_output
00:42:39 [INFO] patching driver executable C:\Users\CONG\appdata\roaming\undetected_chromedriver\undetected_chromedriver.exe
00:42:44 [INFO] 📂 ĐANG XỬ LÝ FILE: bluetoothheadphone_products.csv
00:42:44 [INFO]    🔹 [1/160] Thu thập: https://www.thegioididong.com/tai-nghe/tai-nghe-bluetooth-true-wireless-ava-freego-pt52
00:42:44 [ERROR] ❌ Lỗi xử lý tại https://www.thegioididong.com/tai-nghe/tai-nghe-bluetooth-true-wireless-ava-freego-pt52: Message: no such window: target window already closed
from unknown error: web view not found
  (Session info: chrome=147.0.7727.102)
Stacktrace:
	undetected_chromedriver!GetHandleVerifier [0x74c733+10b73]
	undetected_chromedriver!GetHandleVerifier [0x74c864+10ca4]
	undetected_chromedriver!(No symbol) [0x522100]
	undetected_chromedriver!(No symbol) [0x500c23]
	undetected_chromedriver!(No symbol) [0x59445b]
	undetected_chromedriver!(No symbol) [0x5aac29]
	undetected_chromedriver!(No symbol) [0x58d9b6]
	undetected_chromedriver!(No symbol) [0x560339]
	undetected_chromedriver!(No symbol) [0x5610f4]
	undetected_chromedriver!GetHandleVerifier [0x9afe04+274244]
	undetected_chromedriver!GetHandleVerifier [0x9ab459+26f899]
	undetected_chromedriver!GetHandleVerifier [0x9c9bd5+28e015]
	undetected_chromedriver!GetHandleVerifier [0x767188+2b5c8]
	undetected_chromedriver!GetHandleVerifier [0x76f23d+3367d]
	undetected_chromedriver!GetHandleVerifier [0x755138+19578]
	undetected_chromedriver!GetHandleVerifier [0x755302+19742]
	undetected_chromedriver!GetHandleVerifier [0x73e48f+28cf]
	KERNEL32!BaseThreadInitThunk [0x763b5d49+19]
	ntdll!RtlInitializeExceptionChain [0x77ced83b+6b]
	ntdll!RtlGetAppContainerNamedObjectPath [0x77ced7c1+231]

00:42:53 [INFO] patching driver executable C:\Users\CONG\appdata\roaming\undetected_chromedriver\undetected_chromedriver.exe
00:42:58 [INFO]    🔹 [1/160] Thu thập: https://www.thegioididong.com/tai-nghe/tai-nghe-bluetooth-true-wireless-ava-freego-pt52
00:43:06 [INFO] 🚀 Hệ thống khởi tạo thành công. Lưu kết quả tại: D:\Hoctap_Code_PrivateProject\PythonProject\craw_tgdd\tgdd_metadata_output
00:43:10 [INFO] patching driver executable C:\Users\CONG\appdata\roaming\undetected_chromedriver\undetected_chromedriver.exe
00:43:15 [INFO] 📂 ĐANG XỬ LÝ FILE: bluetoothheadphone_products.csv
00:43:15 [INFO]    🔹 [1/160] Thu thập: https://www.thegioididong.com/tai-nghe/tai-nghe-bluetooth-true-wireless-ava-freego-pt52
00:43:25 [INFO]     Đã lấy được 14 thuộc tính
00:43:25 [INFO]       Đã lấy được Thông tin mô tả sản phẩm
00:43:26 [INFO]    🔹 [2/160] Thu thập: https://www.thegioididong.com/tai-nghe/tai-nghe-bluetooth-true-wireless-ava-freego-w30
00:43:33 [INFO]     Đã lấy được 15 thuộc tính
00:43:34 [INFO]    🔹 [3/160] Thu thập: https://www.thegioididong.com/tai-nghe/tai-nghe-bluetooth-true-wireless-xiaomi-redmi-buds-6-play
00:43:41 [INFO]     Đã lấy được 16 thuộc tính
00:43:41 [INFO]       Đã lấy được Thông tin mô tả sản phẩm
00:43:43 [INFO]    🔹 [4/160] Thu thập: https://www.thegioididong.com/tai-nghe/tai-nghe-bluetooth-true-wireless-ava-buds-life-air-2-pro
00:43:49 [INFO]     Đã lấy được 14 thuộc tính
00:43:49 [INFO]       Đã lấy được Thông tin mô tả sản phẩm
00:43:50 [INFO]    🔹 [5/160] Thu thập: https://www.thegioididong.com/tai-nghe/tai-nghe-bluetooth-true-wireless-ava-freego-y60
00:43:57 [INFO]     Đã lấy được 15 thuộc tính
00:43:57 [INFO]       Đã lấy được Thông tin mô tả sản phẩm
00:43:59 [INFO]    🔹 [6/160] Thu thập: https://www.thegioididong.com/tai-nghe/tai-nghe-bluetooth-true-wireless-ava-freego-w28?utm_flashsale=1
00:44:06 [INFO]     Đã lấy được 14 thuộc tính
00:44:06 [INFO]       Đã lấy được Thông tin mô tả sản phẩm
00:44:07 [INFO]    🔹 [7/160] Thu thập: https://www.thegioididong.com/tai-nghe/tai-nghe-co-day-ep-ava-livebass-e1
00:44:13 [INFO]     Đã lấy được 11 thuộc tính
00:44:13 [INFO]       Đã lấy được Thông tin mô tả sản phẩm
00:44:15 [INFO]    🔹 [8/160] Thu thập: https://www.thegioididong.com/tai-nghe/tai-nghe-bluetooth-true-wireless-xiaomi-redmi-buds-8-lite
00:44:22 [INFO]     Đã lấy được 16 thuộc tính
00:44:23 [INFO]    🔹 [9/160] Thu thập: https://www.thegioididong.com/tai-nghe/tai-nghe-bluetooth-tws-xiaomi-redmi-buds-6-active
00:44:30 [INFO]     Đã lấy được 16 thuộc tính
00:44:30 [INFO]       Đã lấy được Thông tin mô tả sản phẩm
00:44:31 [INFO]    🔹 [10/160] Thu thập: https://www.thegioididong.com/tai-nghe/tai-nghe-bluetooth-true-wireless-oppo-enco-buds-3-pro-etek1
00:44:39 [INFO]     Đã lấy được 16 thuộc tính
00:44:39 [INFO]       Đã lấy được Thông tin mô tả sản phẩm
00:44:39 [INFO]       💾 Đã lưu batch 10 items.
00:44:40 [INFO]    🔹 [11/160] Thu thập: https://www.thegioididong.com/tai-nghe/tai-nghe-bluetooth-true-wireless-ava-buds-life-air-3
00:44:48 [INFO]     Đã lấy được 15 thuộc tính
00:44:48 [INFO]       Đã lấy được Thông tin mô tả sản phẩm
00:44:50 [INFO]    🔹 [12/160] Thu thập: https://www.thegioididong.com/tai-nghe/tai-nghe-bluetooth-true-wireless-oppo-enco-buds-3-eteg1
00:44:57 [INFO]     Đã lấy được 16 thuộc tính
00:44:57 [INFO]       Đã lấy được Thông tin mô tả sản phẩm
00:44:59 [INFO]    🔹 [13/160] Thu thập: https://www.thegioididong.com/tai-nghe/tai-nghe-bluetooth-true-wireless-ava-freego-y70
00:45:05 [INFO]     Đã lấy được 15 thuộc tính
00:45:05 [INFO]       Đã lấy được Thông tin mô tả sản phẩm
00:45:06 [INFO]    🔹 [14/160] Thu thập: https://www.thegioididong.com/tai-nghe/tai-nghe-co-day-apple-mtjy3
00:45:12 [INFO]     Đã lấy được 10 thuộc tính
00:45:12 [INFO]       Đã lấy được Thông tin mô tả sản phẩm
00:45:13 [INFO] ♻️ Đang làm mới trình duyệt...
00:45:18 [INFO] patching driver executable C:\Users\CONG\appdata\roaming\undetected_chromedriver\undetected_chromedriver.exe
00:45:23 [INFO]    🔹 [15/160] Thu thập: https://www.thegioididong.com/tai-nghe/tai-nghe-bluetooth-true-wireless-ava-go-p310?utm_flashsale=1
00:45:33 [INFO]     Đã lấy được 14 thuộc tính
00:45:33 [INFO]       Đã lấy được Thông tin mô tả sản phẩm
00:45:34 [INFO]    🔹 [16/160] Thu thập: https://www.thegioididong.com/tai-nghe/tai-nghe-bluetooth-true-wireless-samsung-galaxy-buds-core-r410n
00:45:41 [INFO]     Đã lấy được 16 thuộc tính
00:45:41 [INFO]       Đã lấy được Thông tin mô tả sản phẩm
00:45:43 [INFO]    🔹 [17/160] Thu thập: https://www.thegioididong.com/tai-nghe/airpods-4-mxp63
00:45:50 [INFO]     Đã lấy được 15 thuộc tính
00:45:50 [INFO]       Đã lấy được Thông tin mô tả sản phẩm
00:45:52 [INFO]    🔹 [18/160] Thu thập: https://www.thegioididong.com/tai-nghe/tai-nghe-co-day-ep-ava-livebass-e3
00:46:00 [INFO]     Đã lấy được 10 thuộc tính
00:46:00 [INFO]       Đã lấy được Thông tin mô tả sản phẩm
00:46:01 [INFO]    🔹 [19/160] Thu thập: https://www.thegioididong.com/tai-nghe/tai-nghe-co-day-jbl-c200-siu
00:46:10 [INFO]     Đã lấy được 11 thuộc tính
00:46:10 [INFO]       Đã lấy được Thông tin mô tả sản phẩm
00:46:12 [INFO]    🔹 [20/160] Thu thập: https://www.thegioididong.com/tai-nghe/tai-nghe-day-ep-type-c-ava-livebass-e4
00:46:21 [INFO]     Đã lấy được 12 thuộc tính
00:46:21 [INFO]       Đã lấy được Thông tin mô tả sản phẩm
00:46:21 [INFO]       💾 Đã lưu batch 10 items.
00:46:23 [INFO]    🔹 [21/160] Thu thập: https://www.thegioididong.com/tai-nghe/tai-nghe-bluetooth-true-wireless-ava-go-p510
00:46:32 [INFO]     Đã lấy được 14 thuộc tính
00:46:33 [INFO]    🔹 [22/160] Thu thập: https://www.thegioididong.com/tai-nghe/tai-nghe-ep-type-c-ava-livebass-e2
00:46:41 [INFO]     Đã lấy được 11 thuộc tính
00:46:42 [INFO]       Đã lấy được Thông tin mô tả sản phẩm
00:46:43 [INFO]    🔹 [23/160] Thu thập: https://www.thegioididong.com/tai-nghe/tai-nghe-tws-baseus-bass-ep10-nc
00:46:51 [INFO]     Đã lấy được 16 thuộc tính
00:46:52 [INFO]    🔹 [24/160] Thu thập: https://www.thegioididong.com/tai-nghe/tai-nghe-bluetooth-true-wireless-rezo-wave
00:47:00 [INFO]     Đã lấy được 15 thuộc tính
00:47:00 [INFO]       Đã lấy được Thông tin mô tả sản phẩm
00:47:02 [INFO]    🔹 [25/160] Thu thập: https://www.thegioididong.com/tai-nghe/tai-nghe-bluetooth-true-wireless-baseus-bowie-e20
00:47:09 [INFO]     Đã lấy được 15 thuộc tính
00:47:09 [INFO]       Đã lấy được Thông tin mô tả sản phẩm
00:47:10 [INFO]    🔹 [26/160] Thu thập: https://www.thegioididong.com/tai-nghe/tai-nghe-bluetooth-true-wireless-xiaomi-redmi-buds-8-active
00:47:18 [INFO]     Đã lấy được 16 thuộc tính
00:47:19 [INFO]    🔹 [27/160] Thu thập: https://www.thegioididong.com/tai-nghe/tai-nghe-earpods-cong-lightning-apple-mmtn2
00:47:27 [INFO]     Đã lấy được 11 thuộc tính
00:47:27 [INFO]       Đã lấy được Thông tin mô tả sản phẩm
00:47:28 [INFO]    🔹 [28/160] Thu thập: https://www.thegioididong.com/tai-nghe/airpods-4-chong-on-mxp93
00:47:35 [INFO]     Đã lấy được 15 thuộc tính
00:47:35 [INFO]       Đã lấy được Thông tin mô tả sản phẩm
00:47:37 [INFO]    🔹 [29/160] Thu thập: https://www.thegioididong.com/tai-nghe/tai-nghe-co-day-ep-type-c-xiaomi
00:47:45 [INFO]     Đã lấy được 12 thuộc tính
00:47:45 [INFO]       Đã lấy được Thông tin mô tả sản phẩm
00:47:47 [INFO] ♻️ Đang làm mới trình duyệt...
00:47:53 [INFO] patching driver executable C:\Users\CONG\appdata\roaming\undetected_chromedriver\undetected_chromedriver.exe
00:47:58 [INFO]    🔹 [30/160] Thu thập: https://www.thegioididong.com/tai-nghe/tai-nghe-co-day-ep-hydrus-pc-30
00:48:08 [INFO]     Đã lấy được 11 thuộc tính
00:48:08 [INFO]       💾 Đã lưu batch 10 items.
00:48:09 [INFO]    🔹 [31/160] Thu thập: https://www.thegioididong.com/tai-nghe/tai-nghe-bluetooth-open-ear-true-wireless-ava-freego-ows04
00:48:18 [INFO]     Đã lấy được 14 thuộc tính
00:48:18 [INFO]       Đã lấy được Thông tin mô tả sản phẩm
00:48:20 [INFO]    🔹 [32/160] Thu thập: https://www.thegioididong.com/tai-nghe/tai-nghe-bluetooth-apple-airpods-pro-3-trang-mfhp4
00:48:28 [INFO]     Đã lấy được 15 thuộc tính
00:48:28 [INFO]       Đã lấy được Thông tin mô tả sản phẩm
00:48:30 [INFO]    🔹 [33/160] Thu thập: https://www.thegioididong.com/tai-nghe/tai-nghe-bluetooth-true-wireless-rezo-k50?utm_flashsale=1
00:48:37 [INFO]     Đã lấy được 15 thuộc tính
00:48:37 [INFO]       Đã lấy được Thông tin mô tả sản phẩm
00:48:38 [INFO]    🔹 [34/160] Thu thập: https://www.thegioididong.com/tai-nghe/tai-nghe-bluetooth-true-wireless-soundcore-r50i-a3959
00:48:46 [INFO]     Đã lấy được 16 thuộc tính
00:48:46 [INFO]       Đã lấy được Thông tin mô tả sản phẩm
00:48:47 [INFO]    🔹 [35/160] Thu thập: https://www.thegioididong.com/tai-nghe/tai-nghe-ep-oppo-mh135
00:48:55 [INFO]     Đã lấy được 11 thuộc tính
00:48:55 [INFO]       Đã lấy được Thông tin mô tả sản phẩm
00:48:56 [INFO]    🔹 [36/160] Thu thập: https://www.thegioididong.com/tai-nghe/tai-nghe-bluetooth-true-wireless-soundcore-r60i-nc-d1202
00:49:04 [INFO]     Đã lấy được 16 thuộc tính
00:49:05 [INFO]    🔹 [37/160] Thu thập: https://www.thegioididong.com/tai-nghe/tai-nghe-bluetooth-true-wireless-rezo-wave-pro-anc
00:49:13 [INFO]     Đã lấy được 15 thuộc tính
00:49:13 [INFO]       Đã lấy được Thông tin mô tả sản phẩm
00:49:15 [INFO]    🔹 [38/160] Thu thập: https://www.thegioididong.com/tai-nghe/tai-nghe-tws-jbl-wave-beam-2
00:49:24 [INFO]     Đã lấy được 16 thuộc tính
00:49:24 [INFO]       Đã lấy được Thông tin mô tả sản phẩm
00:49:25 [INFO]    🔹 [39/160] Thu thập: https://www.thegioididong.com/tai-nghe/tai-nghe-bluetooth-chup-tai-baseus-bass-bh1-lite
00:49:33 [INFO]     Đã lấy được 14 thuộc tính
00:49:33 [INFO]       Đã lấy được Thông tin mô tả sản phẩm
00:49:34 [INFO]    🔹 [40/160] Thu thập: https://www.thegioididong.com/tai-nghe/tai-nghe-bluetooth-true-wireless-havit-life-04t
00:49:42 [INFO]     Đã lấy được 15 thuộc tính
00:49:42 [INFO]       Đã lấy được Thông tin mô tả sản phẩm
00:49:42 [INFO]       💾 Đã lưu batch 10 items.
00:49:44 [INFO]    🔹 [41/160] Thu thập: https://www.thegioididong.com/tai-nghe/tai-nghe-bluetooth-true-wireless-ava-go-f25?utm_flashsale=1
00:49:51 [INFO]     Đã lấy được 14 thuộc tính
00:49:51 [INFO]       Đã lấy được Thông tin mô tả sản phẩm
00:49:53 [INFO]    🔹 [42/160] Thu thập: https://www.thegioididong.com/tai-nghe/tai-nghe-co-day-ep-ava-pc-25?utm_flashsale=1
00:50:00 [INFO]     Đã lấy được 12 thuộc tính
00:50:00 [INFO]       Đã lấy được Thông tin mô tả sản phẩm
00:50:02 [INFO]    🔹 [43/160] Thu thập: https://www.thegioididong.com/tai-nghe/tai-nghe-bluetooth-true-wireless-soundcore-k20i-a3994
00:50:09 [INFO]     Đã lấy được 16 thuộc tính
00:50:09 [INFO]       Đã lấy được Thông tin mô tả sản phẩm
00:50:11 [INFO]    🔹 [44/160] Thu thập: https://www.thegioididong.com/tai-nghe/tai-nghe-co-day-type-c-samsung-eo-ic100
00:50:29 [INFO]     Đã lấy được 11 thuộc tính
00:50:30 [INFO] ♻️ Đang làm mới trình duyệt...
00:50:36 [INFO] patching driver executable C:\Users\CONG\appdata\roaming\undetected_chromedriver\undetected_chromedriver.exe
00:50:41 [INFO]    🔹 [45/160] Thu thập: https://www.thegioididong.com/tai-nghe/tai-nghe-tws-xiaomi-redmi-buds-6
00:50:41 [ERROR] ❌ Lỗi xử lý tại https://www.thegioididong.com/tai-nghe/tai-nghe-tws-xiaomi-redmi-buds-6: Message: no such window: target window already closed
from unknown error: web view not found
  (Session info: chrome=147.0.7727.102)
Stacktrace:
	undetected_chromedriver!GetHandleVerifier [0x117c733+10b73]
	undetected_chromedriver!GetHandleVerifier [0x117c864+10ca4]
	undetected_chromedriver!(No symbol) [0xf52100]
	undetected_chromedriver!(No symbol) [0xf30c23]
	undetected_chromedriver!(No symbol) [0xfc445b]
	undetected_chromedriver!(No symbol) [0xfdac29]
	undetected_chromedriver!(No symbol) [0xfbd9b6]
	undetected_chromedriver!(No symbol) [0xf90339]
	undetected_chromedriver!(No symbol) [0xf910f4]
	undetected_chromedriver!GetHandleVerifier [0x13dfe04+274244]
	undetected_chromedriver!GetHandleVerifier [0x13db459+26f899]
	undetected_chromedriver!GetHandleVerifier [0x13f9bd5+28e015]
	undetected_chromedriver!GetHandleVerifier [0x1197188+2b5c8]
	undetected_chromedriver!GetHandleVerifier [0x119f23d+3367d]
	undetected_chromedriver!GetHandleVerifier [0x1185138+19578]
	undetected_chromedriver!GetHandleVerifier [0x1185302+19742]
	undetected_chromedriver!GetHandleVerifier [0x116e48f+28cf]
	KERNEL32!BaseThreadInitThunk [0x763b5d49+19]
	ntdll!RtlInitializeExceptionChain [0x77ced83b+6b]
	ntdll!RtlGetAppContainerNamedObjectPath [0x77ced7c1+231]

00:50:51 [INFO] patching driver executable C:\Users\CONG\appdata\roaming\undetected_chromedriver\undetected_chromedriver.exe
00:50:55 [INFO]    🔹 [45/160] Thu thập: https://www.thegioididong.com/tai-nghe/tai-nghe-tws-xiaomi-redmi-buds-6
00:51:04 [INFO]     Đã lấy được 16 thuộc tính
00:51:04 [INFO]       Đã lấy được Thông tin mô tả sản phẩm
00:51:06 [INFO]    🔹 [46/160] Thu thập: https://www.thegioididong.com/tai-nghe/tai-nghe-bluetooth-chup-tai-havit-h662bt
00:51:15 [INFO]     Đã lấy được 15 thuộc tính
00:51:15 [INFO]       Đã lấy được Thông tin mô tả sản phẩm
00:51:17 [INFO]    🔹 [47/160] Thu thập: https://www.thegioididong.com/tai-nghe/tai-nghe-co-day-ep-ava-livebass-hifi-s10
00:51:25 [INFO]     Đã lấy được 11 thuộc tính
00:51:26 [INFO]    🔹 [48/160] Thu thập: https://www.thegioididong.com/tai-nghe/tai-nghe-bluetooth-true-wireless-havit-tw996-pro
00:51:37 [INFO]     Đã lấy được 15 thuộc tính
00:51:37 [INFO]       Đã lấy được Thông tin mô tả sản phẩm
00:51:39 [INFO]    🔹 [49/160] Thu thập: https://www.thegioididong.com/tai-nghe/tai-nghe-bluetooth-chup-tai-sony-wh-ch520
00:51:47 [INFO]     Đã lấy được 15 thuộc tính
00:51:47 [INFO]       Đã lấy được Thông tin mô tả sản phẩm
00:51:49 [INFO]    🔹 [50/160] Thu thập: https://www.thegioididong.com/tai-nghe/tai-nghe-bluetooth-true-wireless-baseus-bass-bp1-pro-pm132
00:51:56 [INFO]     Đã lấy được 16 thuộc tính
00:51:56 [INFO]       Đã lấy được Thông tin mô tả sản phẩm
00:51:56 [INFO]       💾 Đã lưu batch 10 items.
00:51:58 [INFO]    🔹 [51/160] Thu thập: https://www.thegioididong.com/tai-nghe/tai-nghe-bluetooth-true-wireless-huawei-t0016-freebuds-se-2
00:52:06 [INFO]     Đã lấy được 16 thuộc tính
00:52:06 [INFO]       Đã lấy được Thông tin mô tả sản phẩm
00:52:07 [INFO]    🔹 [52/160] Thu thập: https://www.thegioididong.com/tai-nghe/tai-nghe-bluetooth-true-wireless-havit-tw943-pro
00:52:17 [INFO]     Đã lấy được 14 thuộc tính
00:52:17 [INFO]       Đã lấy được Thông tin mô tả sản phẩm
00:52:19 [INFO]    🔹 [53/160] Thu thập: https://www.thegioididong.com/tai-nghe/tai-nghe-open-ear-tws-ava-freego-ows800
00:52:25 [INFO]     Đã lấy được 14 thuộc tính
00:52:25 [INFO]       Đã lấy được Thông tin mô tả sản phẩm
00:52:27 [INFO]    🔹 [54/160] Thu thập: https://www.thegioididong.com/tai-nghe/tai-nghe-ep-sony-mdr-ex15aplize
00:52:34 [INFO]     Đã lấy được 11 thuộc tính
00:52:34 [INFO]       Đã lấy được Thông tin mô tả sản phẩm
00:52:36 [INFO]    🔹 [55/160] Thu thập: https://www.thegioididong.com/tai-nghe/tai-nghe-bluetooth-true-wireless-ava-freego-y50?utm_flashsale=1
00:52:43 [INFO]     Đã lấy được 14 thuộc tính
00:52:43 [INFO]       Đã lấy được Thông tin mô tả sản phẩm
00:52:45 [INFO]    🔹 [56/160] Thu thập: https://www.thegioididong.com/tai-nghe/tai-nghe-bluetooth-true-wireless-havit-tw923-pro
00:52:53 [INFO]     Đã lấy được 14 thuộc tính
00:52:53 [INFO]       Đã lấy được Thông tin mô tả sản phẩm
00:52:55 [INFO]    🔹 [57/160] Thu thập: https://www.thegioididong.com/tai-nghe/tai-nghe-bluetooth-chup-tai-jbl-tune-520bt
00:53:03 [INFO]     Đã lấy được 15 thuộc tính
00:53:03 [INFO]       Đã lấy được Thông tin mô tả sản phẩm
00:53:05 [INFO]    🔹 [58/160] Thu thập: https://www.thegioididong.com/tai-nghe/tai-nghe-bluetooth-true-wireless-realme-techlife-buds
00:53:11 [INFO]     Đã lấy được 16 thuộc tính
00:53:11 [INFO]       Đã lấy được Thông tin mô tả sản phẩm
00:53:13 [INFO]    🔹 [59/160] Thu thập: https://www.thegioididong.com/tai-nghe/tai-nghe-bluetooth-true-wireless-samsung-galaxy-buds-3-fe-r420n
00:53:20 [INFO]     Đã lấy được 16 thuộc tính
00:53:20 [INFO]       Đã lấy được Thông tin mô tả sản phẩm
00:53:22 [INFO] ♻️ Đang làm mới trình duyệt...
00:53:27 [INFO] patching driver executable C:\Users\CONG\appdata\roaming\undetected_chromedriver\undetected_chromedriver.exe
00:53:31 [INFO]    🔹 [60/160] Thu thập: https://www.thegioididong.com/tai-nghe/tai-nghe-bluetooth-airpods-pro-gen-2-magsafe-charge-usb-c-apple-mtjv3
00:53:41 [INFO]     Đã lấy được 15 thuộc tính
00:53:41 [INFO]       Đã lấy được Thông tin mô tả sản phẩm
00:53:41 [INFO]       💾 Đã lưu batch 10 items.
00:53:42 [INFO]    🔹 [61/160] Thu thập: https://www.thegioididong.com/tai-nghe/tai-nghe-bluetooth-true-wireless-realme-buds-t200-lite
00:53:51 [INFO]     Đã lấy được 16 thuộc tính
00:53:51 [INFO]       Đã lấy được Thông tin mô tả sản phẩm
00:53:53 [INFO]    🔹 [62/160] Thu thập: https://www.thegioididong.com/tai-nghe/tai-nghe-bluetooth-true-wireless-havit-tw982-life-01t
00:54:02 [INFO]     Đã lấy được 15 thuộc tính
00:54:02 [INFO]       Đã lấy được Thông tin mô tả sản phẩm
00:54:04 [INFO]    🔹 [63/160] Thu thập: https://www.thegioididong.com/tai-nghe/tai-nghe-bluetooth-chup-tai-havit-h612bt-pro
00:54:12 [INFO]     Đã lấy được 16 thuộc tính
00:54:13 [INFO]    🔹 [64/160] Thu thập: https://www.thegioididong.com/tai-nghe/tai-nghe-bluetooth-true-wireless-havit-tw976
00:54:21 [INFO]     Đã lấy được 15 thuộc tính
00:54:21 [INFO]       Đã lấy được Thông tin mô tả sản phẩm
00:54:23 [INFO]    🔹 [65/160] Thu thập: https://www.thegioididong.com/tai-nghe/tai-nghe-tws-realme-buds-t200
00:54:30 [INFO]     Đã lấy được 16 thuộc tính
00:54:30 [INFO]       Đã lấy được Thông tin mô tả sản phẩm
00:54:31 [INFO]    🔹 [66/160] Thu thập: https://www.thegioididong.com/tai-nghe/tai-nghe-bluetooth-true-wireless-samsung-galaxy-buds4-pro-r640n
00:54:38 [INFO]     Đã lấy được 15 thuộc tính
00:54:38 [INFO]       Đã lấy được Thông tin mô tả sản phẩm
00:54:40 [INFO]    🔹 [67/160] Thu thập: https://www.thegioididong.com/tai-nghe/tai-nghe-bluetooth-true-wireless-rezo-rz09-anc
00:54:48 [INFO]     Đã lấy được 15 thuộc tính
00:54:48 [INFO]       Đã lấy được Thông tin mô tả sản phẩm
00:54:50 [INFO]    🔹 [68/160] Thu thập: https://www.thegioididong.com/tai-nghe/tai-nghe-bluetooth-sony-wi-c100
00:54:58 [INFO]     Đã lấy được 15 thuộc tính
00:54:58 [INFO]       Đã lấy được Thông tin mô tả sản phẩm
00:55:00 [INFO]    🔹 [69/160] Thu thập: https://www.thegioididong.com/tai-nghe/tai-nghe-bluetooth-tws-xiaomi-redmi-buds-6-lite
00:55:08 [INFO]     Đã lấy được 16 thuộc tính
00:55:08 [INFO]       Đã lấy được Thông tin mô tả sản phẩm
00:55:10 [INFO]    🔹 [70/160] Thu thập: https://www.thegioididong.com/tai-nghe/tai-nghe-bluetooth-chup-tai-baseus-bass-bh1
00:55:18 [INFO]     Đã lấy được 15 thuộc tính
00:55:18 [INFO]       💾 Đã lưu batch 10 items.
00:55:19 [INFO]    🔹 [71/160] Thu thập: https://www.thegioididong.com/tai-nghe/tai-nghe-nhet-tai-ep-sony-mdr-ex155ap
00:55:27 [INFO]     Đã lấy được 11 thuộc tính
00:55:27 [INFO]       Đã lấy được Thông tin mô tả sản phẩm
00:55:28 [INFO]    🔹 [72/160] Thu thập: https://www.thegioididong.com/tai-nghe/tai-nghe-bluetooth-true-wireless-sony-wf-c510-imei
00:55:35 [INFO]     Đã lấy được 16 thuộc tính
00:55:36 [INFO]    🔹 [73/160] Thu thập: https://www.thegioididong.com/tai-nghe/tai-nghe-bluetooth-true-wireless-soundpeats-q3-pro
00:55:43 [INFO]     Đã lấy được 16 thuộc tính
00:55:45 [INFO]    🔹 [74/160] Thu thập: https://www.thegioididong.com/tai-nghe/tai-nghe-sony-mdr-zx110ap
00:55:53 [INFO]     Đã lấy được 13 thuộc tính
00:55:53 [INFO]       Đã lấy được Thông tin mô tả sản phẩm
00:55:54 [INFO] ♻️ Đang làm mới trình duyệt...
00:55:59 [INFO] patching driver executable C:\Users\CONG\appdata\roaming\undetected_chromedriver\undetected_chromedriver.exe
00:56:04 [INFO]    🔹 [75/160] Thu thập: https://www.thegioididong.com/tai-nghe/tai-nghe-co-day-ep-baseus-encok-hz20
00:56:14 [INFO]     Đã lấy được 11 thuộc tính
00:56:14 [INFO]       Đã lấy được Thông tin mô tả sản phẩm
00:56:16 [INFO]    🔹 [76/160] Thu thập: https://www.thegioididong.com/tai-nghe/tai-nghe-bluetooth-open-ear-ows-rezo-pulsego
00:56:25 [INFO]     Đã lấy được 15 thuộc tính
00:56:27 [INFO]    🔹 [77/160] Thu thập: https://www.thegioididong.com/tai-nghe/tai-nghe-bluetooth-tws-ava-freego-y913?utm_flashsale=1
00:56:35 [INFO]     Đã lấy được 14 thuộc tính
00:56:35 [INFO]       Đã lấy được Thông tin mô tả sản phẩm
00:56:36 [INFO]    🔹 [78/160] Thu thập: https://www.thegioididong.com/tai-nghe/tai-nghe-bluetooth-true-wireless-havit-tw992
00:56:44 [INFO]     Đã lấy được 17 thuộc tính
00:56:46 [INFO]    🔹 [79/160] Thu thập: https://www.thegioididong.com/tai-nghe/tai-nghe-bluetooth-chup-tai-baseus-bass-35-max?utm_flashsale=1
00:56:54 [INFO]     Đã lấy được 16 thuộc tính
00:56:54 [INFO]       Đã lấy được Thông tin mô tả sản phẩm
00:56:56 [INFO]    🔹 [80/160] Thu thập: https://www.thegioididong.com/tai-nghe/tai-nghe-tws-jbl-tune-beam-2
00:57:05 [INFO]     Đã lấy được 16 thuộc tính
00:57:05 [INFO]       Đã lấy được Thông tin mô tả sản phẩm
00:57:05 [INFO]       💾 Đã lưu batch 10 items.
00:57:06 [INFO]    🔹 [81/160] Thu thập: https://www.thegioididong.com/tai-nghe/tai-nghe-bluetooth-chup-tai-havit-h667bt
00:57:15 [INFO]     Đã lấy được 15 thuộc tính
00:57:15 [INFO]       Đã lấy được Thông tin mô tả sản phẩm
00:57:17 [INFO]    🔹 [82/160] Thu thập: https://www.thegioididong.com/tai-nghe/tai-nghe-bluetooth-true-wireless-havit-tw907-se
00:57:25 [INFO]     Đã lấy được 14 thuộc tính
00:57:26 [INFO]    🔹 [83/160] Thu thập: https://www.thegioididong.com/tai-nghe/tai-nghe-bluetooth-chup-tai-havit-h603bt
00:57:35 [INFO]     Đã lấy được 14 thuộc tính
00:57:37 [INFO]    🔹 [84/160] Thu thập: https://www.thegioididong.com/tai-nghe/tai-nghe-bluetooth-chup-tai-ugreen-hitune-max5c-hp203?utm_flashsale=1
00:57:43 [INFO]     Đã lấy được 15 thuộc tính
00:57:45 [INFO]    🔹 [85/160] Thu thập: https://www.thegioididong.com/tai-nghe/tai-nghe-bluetooth-chup-tai-sony-wh-ch720n?utm_flashsale=1
00:57:54 [INFO]     Đã lấy được 17 thuộc tính
00:57:54 [INFO]       Đã lấy được Thông tin mô tả sản phẩm
00:57:55 [INFO]    🔹 [86/160] Thu thập: https://www.thegioididong.com/tai-nghe/tai-nghe-chup-tai-logitech-h111
00:58:03 [INFO]     Đã lấy được 12 thuộc tính
00:58:04 [INFO]       Đã lấy được Thông tin mô tả sản phẩm
00:58:05 [INFO]    🔹 [87/160] Thu thập: https://www.thegioididong.com/tai-nghe/tai-nghe-bluetooth-open-ear-true-wireless-havit-owfit-02a
00:58:13 [INFO]     Đã lấy được 14 thuộc tính
00:58:15 [INFO]    🔹 [88/160] Thu thập: https://www.thegioididong.com/tai-nghe/tai-nghe-chup-tai-havit-h652bt
00:58:23 [INFO]     Đã lấy được 16 thuộc tính
00:58:25 [INFO]    🔹 [89/160] Thu thập: https://www.thegioididong.com/tai-nghe/tai-nghe-co-day-type-c-jbl-t310cblk
00:58:32 [INFO]     Đã lấy được 12 thuộc tính
00:58:32 [INFO]       Đã lấy được Thông tin mô tả sản phẩm
00:58:34 [INFO] ♻️ Đang làm mới trình duyệt...
00:58:39 [INFO] patching driver executable C:\Users\CONG\appdata\roaming\undetected_chromedriver\undetected_chromedriver.exe
00:58:43 [INFO]    🔹 [90/160] Thu thập: https://www.thegioididong.com/tai-nghe/tai-nghe-bluetooth-open-ear-ows-rezo-musego-2
00:58:52 [INFO]     Đã lấy được 15 thuộc tính
00:58:52 [INFO]       💾 Đã lưu batch 10 items.
00:58:53 [INFO]    🔹 [91/160] Thu thập: https://www.thegioididong.com/tai-nghe/tai-nghe-bluetooth-true-wireless-xiaomi-redmi-buds-8-pro
00:59:02 [INFO]     Đã lấy được 16 thuộc tính
00:59:04 [INFO]    🔹 [92/160] Thu thập: https://www.thegioididong.com/tai-nghe/tai-nghe-bluetooth-tws-oppo-enco-buds-2-ete41-trang?utm_flashsale=1
00:59:11 [INFO]     Đã lấy được 16 thuộc tính
00:59:11 [INFO]       Đã lấy được Thông tin mô tả sản phẩm
00:59:13 [INFO]    🔹 [93/160] Thu thập: https://www.thegioididong.com/tai-nghe/tai-nghe-tws-alpha-works-aw-curve-200
00:59:22 [INFO]     Đã lấy được 15 thuộc tính
00:59:22 [INFO]       Đã lấy được Thông tin mô tả sản phẩm
00:59:24 [INFO]    🔹 [94/160] Thu thập: https://www.thegioididong.com/tai-nghe/tai-nghe-bluetooth-true-wireless-soul-s-live-30
00:59:32 [INFO]     Đã lấy được 15 thuộc tính
00:59:32 [INFO]       Đã lấy được Thông tin mô tả sản phẩm
00:59:34 [INFO]    🔹 [95/160] Thu thập: https://www.thegioididong.com/tai-nghe/tai-nghe-bluetooth-true-wireless-alpha-works-aw-curve-100?utm_flashsale=1
00:59:41 [INFO]     Đã lấy được 15 thuộc tính
00:59:41 [INFO]       Đã lấy được Thông tin mô tả sản phẩm
00:59:42 [INFO]    🔹 [96/160] Thu thập: https://www.thegioididong.com/tai-nghe/tai-nghe-bluetooth-true-wireless-sony-wf-c710n
00:59:49 [INFO]     Đã lấy được 16 thuộc tính
00:59:49 [INFO]       Đã lấy được Thông tin mô tả sản phẩm
00:59:51 [INFO]    🔹 [97/160] Thu thập: https://www.thegioididong.com/tai-nghe/tai-nghe-co-day-gaming-hp-hyperx-cloud-stinger-core-ii
00:59:59 [INFO]     Đã lấy được 12 thuộc tính
00:59:59 [INFO]       Đã lấy được Thông tin mô tả sản phẩm
01:00:00 [INFO]    🔹 [98/160] Thu thập: https://www.thegioididong.com/tai-nghe/tai-nghe-bluetooth-chup-tai-alpha-works-aw-lite-600
01:00:06 [INFO]     Đã lấy được 16 thuộc tính
01:00:06 [INFO]       Đã lấy được Thông tin mô tả sản phẩm
01:00:08 [INFO]    🔹 [99/160] Thu thập: https://www.thegioididong.com/tai-nghe/tai-nghe-bluetooth-true-wireless-samsung-galaxy-buds-3-r530n?utm_flashsale=1
01:00:15 [INFO]     Đã lấy được 16 thuộc tính
01:00:15 [INFO]       Đã lấy được Thông tin mô tả sản phẩm
01:00:17 [INFO]    🔹 [100/160] Thu thập: https://www.thegioididong.com/tai-nghe/tai-nghe-bluetooth-true-wireless-ugreen-hitune-p3-ws207-45110
01:00:25 [INFO]     Đã lấy được 17 thuộc tính
01:00:25 [INFO]       💾 Đã lưu batch 10 items.
01:00:27 [INFO]    🔹 [101/160] Thu thập: https://www.thegioididong.com/tai-nghe/tai-nghe-tws-havit-tw941
01:00:45 [INFO]     Đã lấy được 15 thuộc tính
01:00:45 [INFO]       Đã lấy được Thông tin mô tả sản phẩm
01:00:46 [INFO]    🔹 [102/160] Thu thập: https://www.thegioididong.com/tai-nghe/tai-nghe-bluetooth-true-wireless-samsung-galaxy-buds4-r540n
01:00:54 [INFO]     Đã lấy được 16 thuộc tính
01:00:54 [INFO]       Đã lấy được Thông tin mô tả sản phẩm
01:00:56 [INFO]    🔹 [103/160] Thu thập: https://www.thegioididong.com/tai-nghe/tai-nghe-bluetooth-chup-tai-baseus-bass-bh1-nc
01:01:04 [INFO]     Đã lấy được 15 thuộc tính
01:01:04 [INFO]       Đã lấy được Thông tin mô tả sản phẩm
01:01:05 [INFO]    🔹 [104/160] Thu thập: https://www.thegioididong.com/tai-nghe/tai-nghe-bluetooth-true-wireless-marshall-minor-iv
01:01:13 [INFO]     Đã lấy được 16 thuộc tính
01:01:13 [INFO]       Đã lấy được Thông tin mô tả sản phẩm
01:01:14 [INFO] ♻️ Đang làm mới trình duyệt...
01:01:20 [INFO] patching driver executable C:\Users\CONG\appdata\roaming\undetected_chromedriver\undetected_chromedriver.exe
01:01:24 [INFO]    🔹 [105/160] Thu thập: https://www.thegioididong.com/tai-nghe/tai-nghe-bluetooth-true-wireless-havit-tw947
01:01:24 [ERROR] ❌ Lỗi xử lý tại https://www.thegioididong.com/tai-nghe/tai-nghe-bluetooth-true-wireless-havit-tw947: Message: no such window: target window already closed
from unknown error: web view not found
  (Session info: chrome=147.0.7727.102)
Stacktrace:
	undetected_chromedriver!GetHandleVerifier [0x46c733+10b73]
	undetected_chromedriver!GetHandleVerifier [0x46c864+10ca4]
	undetected_chromedriver!(No symbol) [0x242100]
	undetected_chromedriver!(No symbol) [0x220c23]
	undetected_chromedriver!(No symbol) [0x2b445b]
	undetected_chromedriver!(No symbol) [0x2cac29]
	undetected_chromedriver!(No symbol) [0x2ad9b6]
	undetected_chromedriver!(No symbol) [0x280339]
	undetected_chromedriver!(No symbol) [0x2810f4]
	undetected_chromedriver!GetHandleVerifier [0x6cfe04+274244]
	undetected_chromedriver!GetHandleVerifier [0x6cb459+26f899]
	undetected_chromedriver!GetHandleVerifier [0x6e9bd5+28e015]
	undetected_chromedriver!GetHandleVerifier [0x487188+2b5c8]
	undetected_chromedriver!GetHandleVerifier [0x48f23d+3367d]
	undetected_chromedriver!GetHandleVerifier [0x475138+19578]
	undetected_chromedriver!GetHandleVerifier [0x475302+19742]
	undetected_chromedriver!GetHandleVerifier [0x45e48f+28cf]
	KERNEL32!BaseThreadInitThunk [0x763b5d49+19]
	ntdll!RtlInitializeExceptionChain [0x77ced83b+6b]
	ntdll!RtlGetAppContainerNamedObjectPath [0x77ced7c1+231]

01:01:35 [INFO] patching driver executable C:\Users\CONG\appdata\roaming\undetected_chromedriver\undetected_chromedriver.exe
01:01:40 [INFO]    🔹 [105/160] Thu thập: https://www.thegioididong.com/tai-nghe/tai-nghe-bluetooth-true-wireless-havit-tw947
01:01:50 [INFO]     Đã lấy được 15 thuộc tính
01:01:50 [INFO]       Đã lấy được Thông tin mô tả sản phẩm
01:01:51 [INFO]    🔹 [106/160] Thu thập: https://www.thegioididong.com/tai-nghe/tai-nghe-bluetooth-chup-tai-zadez-gp-803b
01:02:01 [INFO]     Đã lấy được 15 thuộc tính
01:02:01 [INFO]       Đã lấy được Thông tin mô tả sản phẩm
01:02:03 [INFO]    🔹 [107/160] Thu thập: https://www.thegioididong.com/tai-nghe/tai-nghe-bluetooth-true-wireless-havit-life-nc01t-tw984
01:02:11 [INFO]     Đã lấy được 16 thuộc tính
01:02:13 [INFO]    🔹 [108/160] Thu thập: https://www.thegioididong.com/tai-nghe/tai-nghe-bluetooth-chup-tai-havit-h661bt?utm_flashsale=1
01:02:22 [INFO]     Đã lấy được 15 thuộc tính
01:02:22 [INFO]       Đã lấy được Thông tin mô tả sản phẩm
01:02:23 [INFO]    🔹 [109/160] Thu thập: https://www.thegioididong.com/tai-nghe/tai-nghe-chup-tai-gaming-asus-tuf-h3-den-do?utm_flashsale=1
01:02:30 [INFO]     Đã lấy được 13 thuộc tính
01:02:30 [INFO]       Đã lấy được Thông tin mô tả sản phẩm
01:02:31 [INFO]    🔹 [110/160] Thu thập: https://www.thegioididong.com/tai-nghe/tai-nghe-tws-havit-tw986
01:02:39 [INFO]     Đã lấy được 15 thuộc tính
01:02:39 [INFO]       Đã lấy được Thông tin mô tả sản phẩm
01:02:39 [INFO]       💾 Đã lưu batch 10 items.
01:02:41 [INFO]    🔹 [111/160] Thu thập: https://www.thegioididong.com/tai-nghe/tai-nghe-bluetooth-chup-tai-alpha-works-lite-660
01:02:48 [INFO]     Đã lấy được 16 thuộc tính
01:02:50 [INFO]    🔹 [112/160] Thu thập: https://www.thegioididong.com/tai-nghe/tai-nghe-bluetooth-true-wireless-huawei-t0019-freebuds-6i
01:03:18 [INFO]     Đã lấy được 16 thuộc tính
01:03:19 [INFO]    🔹 [113/160] Thu thập: https://www.thegioididong.com/tai-nghe/tai-nghe-co-day-ep-type-c-sony-ier-ex15c
01:03:27 [INFO]     Đã lấy được 13 thuộc tính
01:03:28 [INFO]    🔹 [114/160] Thu thập: https://www.thegioididong.com/tai-nghe/tai-nghe-bluetooth-chup-tai-alpha-works-flex-680
01:03:36 [INFO]     Đã lấy được 16 thuộc tính
01:03:36 [INFO]       Đã lấy được Thông tin mô tả sản phẩm
01:03:38 [INFO]    🔹 [115/160] Thu thập: https://www.thegioididong.com/tai-nghe/tai-nghe-co-day-hp-hyperx-cloud-earbuds-ii
01:03:47 [INFO]     Đã lấy được 12 thuộc tính
01:03:47 [INFO]       Đã lấy được Thông tin mô tả sản phẩm
01:03:49 [INFO]    🔹 [116/160] Thu thập: https://www.thegioididong.com/tai-nghe/tai-nghe-bluetooth-true-wireless-samsung-galaxy-buds-3-pro-r630n?utm_flashsale=1
01:03:58 [INFO]     Đã lấy được 16 thuộc tính
01:03:58 [INFO]       Đã lấy được Thông tin mô tả sản phẩm
01:03:59 [INFO]    🔹 [117/160] Thu thập: https://www.thegioididong.com/tai-nghe/tai-nghe-co-day-ep-type-c-ava-livebass-s870?utm_flashsale=1
01:04:06 [INFO]     Đã lấy được 11 thuộc tính
01:04:06 [INFO]       Đã lấy được Thông tin mô tả sản phẩm
01:04:07 [INFO]    🔹 [118/160] Thu thập: https://www.thegioididong.com/tai-nghe/tai-nghe-bluetooth-open-ear-true-wireless-havit-ows929
01:04:16 [INFO]     Đã lấy được 14 thuộc tính
01:04:17 [INFO]    🔹 [119/160] Thu thập: https://www.thegioididong.com/tai-nghe/tai-nghe-bluetooth-chup-tai-ugreen-studio-max2-hp205?utm_flashsale=1
01:04:26 [INFO]     Đã lấy được 14 thuộc tính
01:04:28 [INFO] ♻️ Đang làm mới trình duyệt...
01:04:34 [INFO] patching driver executable C:\Users\CONG\appdata\roaming\undetected_chromedriver\undetected_chromedriver.exe
01:04:38 [INFO]    🔹 [120/160] Thu thập: https://www.thegioididong.com/tai-nghe/tai-nghe-bluetooth-chup-tai-sony-wh1000xm5
01:04:38 [ERROR] ❌ Lỗi xử lý tại https://www.thegioididong.com/tai-nghe/tai-nghe-bluetooth-chup-tai-sony-wh1000xm5: Message: no such window: target window already closed
from unknown error: web view not found
  (Session info: chrome=147.0.7727.102)
Stacktrace:
	undetected_chromedriver!GetHandleVerifier [0xe7c733+10b73]
	undetected_chromedriver!GetHandleVerifier [0xe7c864+10ca4]
	undetected_chromedriver!(No symbol) [0xc52100]
	undetected_chromedriver!(No symbol) [0xc30c23]
	undetected_chromedriver!(No symbol) [0xcc445b]
	undetected_chromedriver!(No symbol) [0xcdac29]
	undetected_chromedriver!(No symbol) [0xcbd9b6]
	undetected_chromedriver!(No symbol) [0xc90339]
	undetected_chromedriver!(No symbol) [0xc910f4]
	undetected_chromedriver!GetHandleVerifier [0x10dfe04+274244]
	undetected_chromedriver!GetHandleVerifier [0x10db459+26f899]
	undetected_chromedriver!GetHandleVerifier [0x10f9bd5+28e015]
	undetected_chromedriver!GetHandleVerifier [0xe97188+2b5c8]
	undetected_chromedriver!GetHandleVerifier [0xe9f23d+3367d]
	undetected_chromedriver!GetHandleVerifier [0xe85138+19578]
	undetected_chromedriver!GetHandleVerifier [0xe85302+19742]
	undetected_chromedriver!GetHandleVerifier [0xe6e48f+28cf]
	KERNEL32!BaseThreadInitThunk [0x763b5d49+19]
	ntdll!RtlInitializeExceptionChain [0x77ced83b+6b]
	ntdll!RtlGetAppContainerNamedObjectPath [0x77ced7c1+231]

01:04:49 [INFO] patching driver executable C:\Users\CONG\appdata\roaming\undetected_chromedriver\undetected_chromedriver.exe
01:04:54 [INFO]    🔹 [120/160] Thu thập: https://www.thegioididong.com/tai-nghe/tai-nghe-bluetooth-chup-tai-sony-wh1000xm5
01:05:02 [INFO]     Đã lấy được 17 thuộc tính
01:05:02 [INFO]       Đã lấy được Thông tin mô tả sản phẩm
01:05:02 [INFO]       💾 Đã lưu batch 10 items.
01:05:03 [INFO]    🔹 [121/160] Thu thập: https://www.thegioididong.com/tai-nghe/tai-nghe-bluetooth-chup-tai-alpha-works-flex-688
01:05:12 [INFO]     Đã lấy được 16 thuộc tính
01:05:13 [INFO]    🔹 [122/160] Thu thập: https://www.thegioididong.com/tai-nghe/tai-nghe-tws-xiaomi-redmi-buds-6-pro
01:05:21 [INFO]     Đã lấy được 16 thuộc tính
01:05:21 [INFO]       Đã lấy được Thông tin mô tả sản phẩm
01:05:22 [INFO]    🔹 [123/160] Thu thập: https://www.thegioididong.com/tai-nghe/tai-nghe-chup-tai-logitech-h340
01:05:29 [INFO]     Đã lấy được 12 thuộc tính
01:05:29 [INFO]       Đã lấy được Thông tin mô tả sản phẩm
01:05:31 [INFO]    🔹 [124/160] Thu thập: https://www.thegioididong.com/tai-nghe/tai-nghe-bluetooth-open-ear-true-wireless-jbl-sense-lite
01:05:39 [INFO]     Đã lấy được 16 thuộc tính
01:05:41 [INFO]    🔹 [125/160] Thu thập: https://www.thegioididong.com/tai-nghe/tai-nghe-bluetooth-true-wireless-soundpeats-air-6-hs
01:05:48 [INFO]     Đã lấy được 16 thuộc tính
01:05:50 [INFO]    🔹 [126/160] Thu thập: https://www.thegioididong.com/tai-nghe/airpods-max-2
01:05:57 [INFO]     Đã lấy được 14 thuộc tính
01:05:59 [INFO]    🔹 [127/160] Thu thập: https://www.thegioididong.com/tai-nghe/tai-nghe-bluetooth-true-wireless-marshall-motif-ii-a-n-c
01:06:07 [INFO]     Đã lấy được 16 thuộc tính
01:06:07 [INFO]       Đã lấy được Thông tin mô tả sản phẩm
01:06:09 [INFO]    🔹 [128/160] Thu thập: https://www.thegioididong.com/tai-nghe/tai-nghe-bluetooth-true-wireless-jbl-live-beam-3
01:06:17 [INFO]     Đã lấy được 16 thuộc tính
01:06:17 [INFO]       Đã lấy được Thông tin mô tả sản phẩm
01:06:18 [INFO]    🔹 [129/160] Thu thập: https://www.thegioididong.com/tai-nghe/tai-nghe-bluetooth-the-thao-soundpeats-runfree-lite-2
01:06:27 [INFO]     Đã lấy được 14 thuộc tính
01:06:27 [INFO]       Đã lấy được Thông tin mô tả sản phẩm
01:06:29 [INFO]    🔹 [130/160] Thu thập: https://www.thegioididong.com/tai-nghe/tai-nghe-bluetooth-true-wireless-sony-wf1000xm5
01:06:36 [INFO]     Đã lấy được 16 thuộc tính
01:06:36 [INFO]       Đã lấy được Thông tin mô tả sản phẩm
01:06:36 [INFO]       💾 Đã lưu batch 10 items.
01:06:38 [INFO]    🔹 [131/160] Thu thập: https://www.thegioididong.com/tai-nghe/tai-nghe-bluetooth-chup-tai-havit-h663bt
01:06:46 [INFO]     Đã lấy được 15 thuộc tính
01:06:46 [INFO]       Đã lấy được Thông tin mô tả sản phẩm
01:06:47 [INFO]    🔹 [132/160] Thu thập: https://www.thegioididong.com/tai-nghe/tai-nghe-bluetooth-true-wireless-rezo-air-5-deluxe-anc?utm_flashsale=1
01:06:56 [INFO]     Đã lấy được 15 thuộc tính
01:06:56 [INFO]       Đã lấy được Thông tin mô tả sản phẩm
01:06:57 [INFO]    🔹 [133/160] Thu thập: https://www.thegioididong.com/tai-nghe/tai-nghe-bluetooth-chup-tai-sony-wh1000xm6
01:07:04 [INFO]     Đã lấy được 17 thuộc tính
01:07:04 [INFO]       Đã lấy được Thông tin mô tả sản phẩm
01:07:05 [INFO]    🔹 [134/160] Thu thập: https://www.thegioididong.com/tai-nghe/tai-nghe-beats-solo-buds
01:07:13 [INFO]     Đã lấy được 12 thuộc tính
01:07:13 [INFO]       Đã lấy được Thông tin mô tả sản phẩm
01:07:15 [INFO] ♻️ Đang làm mới trình duyệt...
01:07:17 [INFO] patching driver executable C:\Users\CONG\appdata\roaming\undetected_chromedriver\undetected_chromedriver.exe
01:07:22 [INFO]    🔹 [135/160] Thu thập: https://www.thegioididong.com/tai-nghe/tai-nghe-bluetooth-true-wireless-baseus-bass-bd1
01:07:32 [INFO]     Đã lấy được 16 thuộc tính
01:07:32 [INFO]       Đã lấy được Thông tin mô tả sản phẩm
01:07:34 [INFO]    🔹 [136/160] Thu thập: https://www.thegioididong.com/tai-nghe/ep-gaming-asus-rog-cetra-ii-core-den?utm_flashsale=1
01:07:42 [INFO]     Đã lấy được 12 thuộc tính
01:07:42 [INFO]       Đã lấy được Thông tin mô tả sản phẩm
01:07:44 [INFO]    🔹 [137/160] Thu thập: https://www.thegioididong.com/tai-nghe/tai-nghe-chup-tai-logitech-h390
01:07:52 [INFO]     Đã lấy được 12 thuộc tính
01:07:52 [INFO]       Đã lấy được Thông tin mô tả sản phẩm
01:07:54 [INFO]    🔹 [138/160] Thu thập: https://www.thegioididong.com/tai-nghe/tai-nghe-tws-huawei-t0014-freebuds-5i
01:08:02 [INFO]     Đã lấy được 16 thuộc tính
01:08:02 [INFO]       Đã lấy được Thông tin mô tả sản phẩm
01:08:03 [INFO]    🔹 [139/160] Thu thập: https://www.thegioididong.com/tai-nghe/tai-nghe-bluetooth-open-ear-ows-soundcore-c50i-d1101
01:08:11 [INFO]     Đã lấy được 15 thuộc tính
01:08:12 [INFO]    🔹 [140/160] Thu thập: https://www.thegioididong.com/tai-nghe/tai-nghe-co-day-gaming-jbl-quantum-qtum50cblk
01:08:20 [INFO]     Đã lấy được 12 thuộc tính
01:08:20 [INFO]       Đã lấy được Thông tin mô tả sản phẩm
01:08:20 [INFO]       💾 Đã lưu batch 10 items.
01:08:21 [INFO]    🔹 [141/160] Thu thập: https://www.thegioididong.com/tai-nghe/tai-nghe-chup-tai-gaming-jbl-quantum-qtum100m2blk
01:08:30 [INFO]     Đã lấy được 13 thuộc tính
01:08:30 [INFO]       Đã lấy được Thông tin mô tả sản phẩm
01:08:31 [INFO]    🔹 [142/160] Thu thập: https://www.thegioididong.com/tai-nghe/tai-nghe-bluetooth-open-ear-ows-baseus-bowie-mc1
01:08:38 [INFO]     Đã lấy được 16 thuộc tính
01:08:38 [INFO]       Đã lấy được Thông tin mô tả sản phẩm
01:08:40 [INFO]    🔹 [143/160] Thu thập: https://www.thegioididong.com/tai-nghe/tai-nghe-bluetooth-true-wireless-ugreen-hitune-t3-pro-ws206-35725
01:08:48 [INFO]     Đã lấy được 17 thuộc tính
01:08:49 [INFO]    🔹 [144/160] Thu thập: https://www.thegioididong.com/tai-nghe/tai-nghe-bluetooth-true-wireless-sony-wf1000xm6
01:08:57 [INFO]     Đã lấy được 16 thuộc tính
01:08:58 [INFO]    🔹 [145/160] Thu thập: https://www.thegioididong.com/tai-nghe/tai-nghe-chup-tai-logitech-h151
01:09:06 [INFO]     Đã lấy được 12 thuộc tính
01:09:06 [INFO]       Đã lấy được Thông tin mô tả sản phẩm
01:09:07 [INFO]    🔹 [146/160] Thu thập: https://www.thegioididong.com/tai-nghe/tai-nghe-bluetooth-true-wireless-havit-tw967-pro
01:09:15 [INFO]     Đã lấy được 12 thuộc tính
01:09:15 [INFO]       Đã lấy được Thông tin mô tả sản phẩm
01:09:17 [INFO]    🔹 [147/160] Thu thập: https://www.thegioididong.com/tai-nghe/tai-nghe-truyen-xuong-shokz-openrun-pro-2-mini-s821
01:09:24 [INFO]     Đã lấy được 15 thuộc tính
01:09:25 [INFO]       Đã lấy được Thông tin mô tả sản phẩm
01:09:26 [INFO]    🔹 [148/160] Thu thập: https://www.thegioididong.com/tai-nghe/tai-nghe-bluetooth-true-wireless-soundcore-liberty-5-a3957
01:09:34 [INFO]     Đã lấy được 16 thuộc tính
01:09:34 [INFO]       Đã lấy được Thông tin mô tả sản phẩm
01:09:35 [INFO]    🔹 [149/160] Thu thập: https://www.thegioididong.com/tai-nghe/tai-nghe-bluetooth-open-ear-tws-baseus-eli-sport-2
01:09:42 [INFO]     Đã lấy được 16 thuộc tính
01:09:42 [INFO]       Đã lấy được Thông tin mô tả sản phẩm
01:09:44 [INFO] ♻️ Đang làm mới trình duyệt...
01:09:47 [INFO] patching driver executable C:\Users\CONG\appdata\roaming\undetected_chromedriver\undetected_chromedriver.exe
01:09:52 [INFO]    🔹 [150/160] Thu thập: https://www.thegioididong.com/tai-nghe/tai-nghe-bluetooth-true-wireless-oppo-enco-x3s-eted1
01:10:00 [INFO]     Đã lấy được 16 thuộc tính
01:10:00 [INFO]       💾 Đã lưu batch 10 items.
01:10:02 [INFO]    🔹 [151/160] Thu thập: https://www.thegioididong.com/tai-nghe/tai-nghe-chup-tai-gaming-usb-razer-kraken-v3-x
01:10:10 [INFO]     Đã lấy được 15 thuộc tính
01:10:12 [INFO]    🔹 [152/160] Thu thập: https://www.thegioididong.com/tai-nghe/tai-nghe-blutetooth-true-wireless-aukey-ep-m3a-xanh-duong?utm_flashsale=1
01:10:20 [INFO]     Đã lấy được 16 thuộc tính
01:10:20 [INFO]       Đã lấy được Thông tin mô tả sản phẩm
01:10:21 [INFO]    🔹 [153/160] Thu thập: https://www.thegioididong.com/tai-nghe/tai-nghe-blutetooth-true-wireless-aukey-ep-m3a-trang?utm_flashsale=1
01:10:29 [INFO]     Đã lấy được 16 thuộc tính
01:10:30 [INFO]       Đã lấy được Thông tin mô tả sản phẩm
01:10:31 [INFO]    🔹 [154/160] Thu thập: https://www.thegioididong.com/tai-nghe/tai-nghe-bluetooth-open-ear-ows-truyen-khi-havit-freego-pro
01:10:39 [INFO]     Đã lấy được 14 thuộc tính
01:10:40 [INFO]    🔹 [155/160] Thu thập: https://www.thegioididong.com/tai-nghe/tai-nghe-bluetooth-true-wireless-sony-clip-wf-lc900
01:10:47 [INFO]     Đã lấy được 16 thuộc tính
01:10:49 [INFO]    🔹 [156/160] Thu thập: https://www.thegioididong.com/tai-nghe/tai-nghe-bluetooth-soundpeats-free-2-classic
01:10:57 [INFO]     Đã lấy được 15 thuộc tính
01:10:57 [INFO]       Đã lấy được Thông tin mô tả sản phẩm
01:10:58 [INFO]    🔹 [157/160] Thu thập: https://www.thegioididong.com/tai-nghe/tai-nghe-bluetooth-chup-tai-marshall-major-v?utm_flashsale=1
01:11:06 [INFO]     Đã lấy được 16 thuộc tính
01:11:06 [INFO]       Đã lấy được Thông tin mô tả sản phẩm
01:11:08 [INFO]    🔹 [158/160] Thu thập: https://www.thegioididong.com/tai-nghe/tai-nghe-tws-jbl-tour-pro-3
01:11:16 [INFO]     Đã lấy được 16 thuộc tính
01:11:16 [INFO]       Đã lấy được Thông tin mô tả sản phẩm
01:11:18 [INFO]    🔹 [159/160] Thu thập: https://www.thegioididong.com/tai-nghe/tai-nghe-tws-soundcore-liberty-4-pro-a3954
01:11:25 [INFO]     Đã lấy được 16 thuộc tính
01:11:25 [INFO]       Đã lấy được Thông tin mô tả sản phẩm
01:11:27 [INFO]    🔹 [160/160] Thu thập: https://www.thegioididong.com/tai-nghe/tai-nghe-bluetooth-jbl-endurance-pace
01:11:34 [INFO]     Đã lấy được 15 thuộc tính
01:11:34 [INFO]       💾 Đã lưu batch 10 items.
01:11:35 [INFO] ✅ Hoàn tất file: bluetoothheadphone_products.csv
01:11:35 [INFO] 📂 ĐANG XỬ LÝ FILE: desktop_products.csv
01:11:35 [INFO]    🔹 [1/40] Thu thập: https://www.thegioididong.com/may-tinh-de-ban/singpc-r54m495sf-w-r5-4650g
01:11:43 [INFO]     Đã lấy được 7 thuộc tính
01:11:43 [INFO]       Đã lấy được Thông tin mô tả sản phẩm
01:11:45 [INFO]    🔹 [2/40] Thu thập: https://www.thegioididong.com/may-tinh-de-ban/singpc-i713h695sf-w-i7-13620h
01:11:53 [INFO]     Đã lấy được 5 thuộc tính
01:11:53 [INFO]       Đã lấy được Thông tin mô tả sản phẩm
01:11:55 [INFO]    🔹 [3/40] Thu thập: https://www.thegioididong.com/may-tinh-de-ban/singpc-i512h682sf-w-i5-12450h
01:12:03 [INFO]     Đã lấy được 5 thuộc tính
01:12:03 [INFO]       Đã lấy được Thông tin mô tả sản phẩm
01:12:04 [INFO]    🔹 [4/40] Thu thập: https://www.thegioididong.com/may-tinh-de-ban/singpc-r33b482sf-w-r3-3200g
01:12:14 [INFO]     Đã lấy được 7 thuộc tính
01:12:14 [INFO]       Đã lấy được Thông tin mô tả sản phẩm
01:12:16 [INFO] ♻️ Đang làm mới trình duyệt...
01:12:19 [INFO] patching driver executable C:\Users\CONG\appdata\roaming\undetected_chromedriver\undetected_chromedriver.exe
01:12:23 [INFO]    🔹 [5/40] Thu thập: https://www.thegioididong.com/may-tinh-de-ban/minipc-singpc-i12450h682-w-i5-12450h
01:12:23 [ERROR] ❌ Lỗi xử lý tại https://www.thegioididong.com/may-tinh-de-ban/minipc-singpc-i12450h682-w-i5-12450h: Message: no such window: target window already closed
from unknown error: web view not found
  (Session info: chrome=147.0.7727.102)
Stacktrace:
	undetected_chromedriver!GetHandleVerifier [0xe1c733+10b73]
	undetected_chromedriver!GetHandleVerifier [0xe1c864+10ca4]
	undetected_chromedriver!(No symbol) [0xbf2100]
	undetected_chromedriver!(No symbol) [0xbd0c23]
	undetected_chromedriver!(No symbol) [0xc6445b]
	undetected_chromedriver!(No symbol) [0xc7ac29]
	undetected_chromedriver!(No symbol) [0xc5d9b6]
	undetected_chromedriver!(No symbol) [0xc30339]
	undetected_chromedriver!(No symbol) [0xc310f4]
	undetected_chromedriver!GetHandleVerifier [0x107fe04+274244]
	undetected_chromedriver!GetHandleVerifier [0x107b459+26f899]
	undetected_chromedriver!GetHandleVerifier [0x1099bd5+28e015]
	undetected_chromedriver!GetHandleVerifier [0xe37188+2b5c8]
	undetected_chromedriver!GetHandleVerifier [0xe3f23d+3367d]
	undetected_chromedriver!GetHandleVerifier [0xe25138+19578]
	undetected_chromedriver!GetHandleVerifier [0xe25302+19742]
	undetected_chromedriver!GetHandleVerifier [0xe0e48f+28cf]
	KERNEL32!BaseThreadInitThunk [0x763b5d49+19]
	ntdll!RtlInitializeExceptionChain [0x77ced83b+6b]
	ntdll!RtlGetAppContainerNamedObjectPath [0x77ced7c1+231]

01:12:31 [INFO] patching driver executable C:\Users\CONG\appdata\roaming\undetected_chromedriver\undetected_chromedriver.exe
01:12:36 [INFO]    🔹 [5/40] Thu thập: https://www.thegioididong.com/may-tinh-de-ban/minipc-singpc-i12450h682-w-i5-12450h
01:12:36 [ERROR] ❌ Lỗi xử lý tại https://www.thegioididong.com/may-tinh-de-ban/minipc-singpc-i12450h682-w-i5-12450h: Message: no such window: target window already closed
from unknown error: web view not found
  (Session info: chrome=147.0.7727.102)
Stacktrace:
	undetected_chromedriver!GetHandleVerifier [0xddc733+10b73]
	undetected_chromedriver!GetHandleVerifier [0xddc864+10ca4]
	undetected_chromedriver!(No symbol) [0xbb2100]
	undetected_chromedriver!(No symbol) [0xb90c23]
	undetected_chromedriver!(No symbol) [0xc2445b]
	undetected_chromedriver!(No symbol) [0xc3ac29]
	undetected_chromedriver!(No symbol) [0xc1d9b6]
	undetected_chromedriver!(No symbol) [0xbf0339]
	undetected_chromedriver!(No symbol) [0xbf10f4]
	undetected_chromedriver!GetHandleVerifier [0x103fe04+274244]
	undetected_chromedriver!GetHandleVerifier [0x103b459+26f899]
	undetected_chromedriver!GetHandleVerifier [0x1059bd5+28e015]
	undetected_chromedriver!GetHandleVerifier [0xdf7188+2b5c8]
	undetected_chromedriver!GetHandleVerifier [0xdff23d+3367d]
	undetected_chromedriver!GetHandleVerifier [0xde5138+19578]
	undetected_chromedriver!GetHandleVerifier [0xde5302+19742]
	undetected_chromedriver!GetHandleVerifier [0xdce48f+28cf]
	KERNEL32!BaseThreadInitThunk [0x763b5d49+19]
	ntdll!RtlInitializeExceptionChain [0x77ced83b+6b]
	ntdll!RtlGetAppContainerNamedObjectPath [0x77ced7c1+231]

01:12:43 [INFO] patching driver executable C:\Users\CONG\appdata\roaming\undetected_chromedriver\undetected_chromedriver.exe
01:12:48 [INFO]    🔹 [5/40] Thu thập: https://www.thegioididong.com/may-tinh-de-ban/minipc-singpc-i12450h682-w-i5-12450h
01:12:48 [ERROR] ❌ Lỗi xử lý tại https://www.thegioididong.com/may-tinh-de-ban/minipc-singpc-i12450h682-w-i5-12450h: Message: no such window: target window already closed
from unknown error: web view not found
  (Session info: chrome=147.0.7727.102)
Stacktrace:
	undetected_chromedriver!GetHandleVerifier [0x78c733+10b73]
	undetected_chromedriver!GetHandleVerifier [0x78c864+10ca4]
	undetected_chromedriver!(No symbol) [0x562100]
	undetected_chromedriver!(No symbol) [0x540c23]
	undetected_chromedriver!(No symbol) [0x5d445b]
	undetected_chromedriver!(No symbol) [0x5eac29]
	undetected_chromedriver!(No symbol) [0x5cd9b6]
	undetected_chromedriver!(No symbol) [0x5a0339]
	undetected_chromedriver!(No symbol) [0x5a10f4]
	undetected_chromedriver!GetHandleVerifier [0x9efe04+274244]
	undetected_chromedriver!GetHandleVerifier [0x9eb459+26f899]
	undetected_chromedriver!GetHandleVerifier [0xa09bd5+28e015]
	undetected_chromedriver!GetHandleVerifier [0x7a7188+2b5c8]
	undetected_chromedriver!GetHandleVerifier [0x7af23d+3367d]
	undetected_chromedriver!GetHandleVerifier [0x795138+19578]
	undetected_chromedriver!GetHandleVerifier [0x795302+19742]
	undetected_chromedriver!GetHandleVerifier [0x77e48f+28cf]
	KERNEL32!BaseThreadInitThunk [0x763b5d49+19]
	ntdll!RtlInitializeExceptionChain [0x77ced83b+6b]
	ntdll!RtlGetAppContainerNamedObjectPath [0x77ced7c1+231]

01:12:56 [INFO] patching driver executable C:\Users\CONG\appdata\roaming\undetected_chromedriver\undetected_chromedriver.exe
01:13:02 [INFO]    🔹 [6/40] Thu thập: https://www.thegioididong.com/may-tinh-de-ban/aio-asus-v440vak-i3-1315u-8gb-512gb
01:13:02 [ERROR] ❌ Lỗi xử lý tại https://www.thegioididong.com/may-tinh-de-ban/aio-asus-v440vak-i3-1315u-8gb-512gb: Message: no such window: target window already closed
from unknown error: web view not found
  (Session info: chrome=147.0.7727.102)
Stacktrace:
	undetected_chromedriver!GetHandleVerifier [0xb6c733+10b73]
	undetected_chromedriver!GetHandleVerifier [0xb6c864+10ca4]
	undetected_chromedriver!(No symbol) [0x942100]
	undetected_chromedriver!(No symbol) [0x920c23]
	undetected_chromedriver!(No symbol) [0x9b445b]
	undetected_chromedriver!(No symbol) [0x9cac29]
	undetected_chromedriver!(No symbol) [0x9ad9b6]
	undetected_chromedriver!(No symbol) [0x980339]
	undetected_chromedriver!(No symbol) [0x9810f4]
	undetected_chromedriver!GetHandleVerifier [0xdcfe04+274244]
	undetected_chromedriver!GetHandleVerifier [0xdcb459+26f899]
	undetected_chromedriver!GetHandleVerifier [0xde9bd5+28e015]
	undetected_chromedriver!GetHandleVerifier [0xb87188+2b5c8]
	undetected_chromedriver!GetHandleVerifier [0xb8f23d+3367d]
	undetected_chromedriver!GetHandleVerifier [0xb75138+19578]
	undetected_chromedriver!GetHandleVerifier [0xb75302+19742]
	undetected_chromedriver!GetHandleVerifier [0xb5e48f+28cf]
	KERNEL32!BaseThreadInitThunk [0x763b5d49+19]
	ntdll!RtlInitializeExceptionChain [0x77ced83b+6b]
	ntdll!RtlGetAppContainerNamedObjectPath [0x77ced7c1+231]

01:13:10 [INFO] patching driver executable C:\Users\CONG\appdata\roaming\undetected_chromedriver\undetected_chromedriver.exe
01:13:15 [INFO]    🔹 [6/40] Thu thập: https://www.thegioididong.com/may-tinh-de-ban/aio-asus-v440vak-i3-1315u-8gb-512gb
01:13:15 [ERROR] ❌ Lỗi xử lý tại https://www.thegioididong.com/may-tinh-de-ban/aio-asus-v440vak-i3-1315u-8gb-512gb: Message: no such window: target window already closed
from unknown error: web view not found
  (Session info: chrome=147.0.7727.102)
Stacktrace:
	undetected_chromedriver!GetHandleVerifier [0x42c733+10b73]
	undetected_chromedriver!GetHandleVerifier [0x42c864+10ca4]
	undetected_chromedriver!(No symbol) [0x202100]
	undetected_chromedriver!(No symbol) [0x1e0c23]
	undetected_chromedriver!(No symbol) [0x27445b]
	undetected_chromedriver!(No symbol) [0x28ac29]
	undetected_chromedriver!(No symbol) [0x26d9b6]
	undetected_chromedriver!(No symbol) [0x240339]
	undetected_chromedriver!(No symbol) [0x2410f4]
	undetected_chromedriver!GetHandleVerifier [0x68fe04+274244]
	undetected_chromedriver!GetHandleVerifier [0x68b459+26f899]
	undetected_chromedriver!GetHandleVerifier [0x6a9bd5+28e015]
	undetected_chromedriver!GetHandleVerifier [0x447188+2b5c8]
	undetected_chromedriver!GetHandleVerifier [0x44f23d+3367d]
	undetected_chromedriver!GetHandleVerifier [0x435138+19578]
	undetected_chromedriver!GetHandleVerifier [0x435302+19742]
	undetected_chromedriver!GetHandleVerifier [0x41e48f+28cf]
	KERNEL32!BaseThreadInitThunk [0x763b5d49+19]
	ntdll!RtlInitializeExceptionChain [0x77ced83b+6b]
	ntdll!RtlGetAppContainerNamedObjectPath [0x77ced7c1+231]

01:13:22 [INFO] patching driver executable C:\Users\CONG\appdata\roaming\undetected_chromedriver\undetected_chromedriver.exe
01:13:27 [INFO]    🔹 [6/40] Thu thập: https://www.thegioididong.com/may-tinh-de-ban/aio-asus-v440vak-i3-1315u-8gb-512gb
01:13:37 [INFO]     Đã lấy được 5 thuộc tính
01:13:37 [INFO]       Đã lấy được Thông tin mô tả sản phẩm
01:13:38 [INFO]    🔹 [7/40] Thu thập: https://www.thegioididong.com/may-tinh-de-ban/rosa-x-asus-rezo-i121-core-i5-12400f-16gb-500gb-rtx-5060-8gb-win11pro
01:13:47 [INFO]     Đã lấy được 8 thuộc tính
01:13:47 [INFO]       Đã lấy được Thông tin mô tả sản phẩm
01:13:48 [INFO]    🔹 [8/40] Thu thập: https://www.thegioididong.com/may-tinh-de-ban/rosa-crystal-a10-ryzen-3-3200g-8gb-256gb-win11
01:13:57 [INFO]     Đã lấy được 8 thuộc tính
01:13:57 [INFO]       Đã lấy được Thông tin mô tả sản phẩm
01:13:58 [INFO]    🔹 [9/40] Thu thập: https://www.thegioididong.com/may-tinh-de-ban/asus-aio-v440vak-i5-13420h-16gb-512g
01:14:06 [INFO]     Đã lấy được 5 thuộc tính
01:14:06 [INFO]       Đã lấy được Thông tin mô tả sản phẩm
01:14:07 [INFO]    🔹 [10/40] Thu thập: https://www.thegioididong.com/may-tinh-de-ban/singpc-aio-m24n19m5-w-n100-23-8-inch
01:14:15 [INFO]     Đã lấy được 7 thuộc tính
01:14:15 [INFO]       Đã lấy được Thông tin mô tả sản phẩm
01:14:17 [INFO]    🔹 [11/40] Thu thập: https://www.thegioididong.com/may-tinh-de-ban/minipc-msi-cubi-n-adl-235xvn-n100
01:14:25 [INFO]     Đã lấy được 8 thuộc tính
01:14:25 [INFO]       Đã lấy được Thông tin mô tả sản phẩm
01:14:25 [INFO]       💾 Đã lưu batch 10 items.
01:14:26 [INFO]    🔹 [12/40] Thu thập: https://www.thegioididong.com/may-tinh-de-ban/singpc-aio-m24ai512h9m5-w-i5-12450h-23-8-inch
01:14:34 [INFO]     Đã lấy được 8 thuộc tính
01:14:34 [INFO]       Đã lấy được Thông tin mô tả sản phẩm
01:14:36 [INFO]    🔹 [13/40] Thu thập: https://www.thegioididong.com/may-tinh-de-ban/singpc-aio-m24n18m2-w-n100-23-8-inch
01:14:45 [INFO]     Đã lấy được 7 thuộc tính
01:14:45 [INFO]       Đã lấy được Thông tin mô tả sản phẩm
01:14:47 [INFO]    🔹 [14/40] Thu thập: https://www.thegioididong.com/may-tinh-de-ban/msi-aio-modern-am242-12m-i5-1235u-8gb-512gb-23-8-full-hd-ban-phim-chuot
01:14:55 [INFO]     Đã lấy được 5 thuộc tính
01:14:55 [INFO]       Đã lấy được Thông tin mô tả sản phẩm
01:14:57 [INFO]    🔹 [15/40] Thu thập: https://www.thegioididong.com/may-tinh-de-ban/imac-24-inch-m4-16gb-256gb
01:15:05 [INFO]     Đã lấy được 5 thuộc tính
01:15:05 [INFO]       Đã lấy được Thông tin mô tả sản phẩm
01:15:07 [INFO]    🔹 [16/40] Thu thập: https://www.thegioididong.com/may-tinh-de-ban/asus-v501sv-core-5-210h-v501sv-05210h040w
01:15:15 [INFO]     Đã lấy được 7 thuộc tính
01:15:15 [INFO]       Đã lấy được Thông tin mô tả sản phẩm
01:15:17 [INFO]    🔹 [17/40] Thu thập: https://www.thegioididong.com/may-tinh-de-ban/imac-24-inch-m4-16gb-512gb
01:15:25 [INFO]     Đã lấy được 5 thuộc tính
01:15:25 [INFO]       Đã lấy được Thông tin mô tả sản phẩm
01:15:26 [INFO]    🔹 [18/40] Thu thập: https://www.thegioididong.com/may-tinh-de-ban/imac-24-inch-m4-24gb-512gb
01:15:34 [INFO]     Đã lấy được 5 thuộc tính
01:15:34 [INFO]       Đã lấy được Thông tin mô tả sản phẩm
01:15:36 [INFO]    🔹 [19/40] Thu thập: https://www.thegioididong.com/may-tinh-de-ban/rosa-rezo-i110-core-i3-12100f-8gb-ssd-256gb-rtx3050-6gb-win11
01:15:44 [INFO]     Đã lấy được 8 thuộc tính
01:15:44 [INFO]       Đã lấy được Thông tin mô tả sản phẩm
01:15:45 [INFO] ♻️ Đang làm mới trình duyệt...
01:15:51 [INFO] patching driver executable C:\Users\CONG\appdata\roaming\undetected_chromedriver\undetected_chromedriver.exe
01:15:55 [INFO]    🔹 [20/40] Thu thập: https://www.thegioididong.com/may-tinh-de-ban/rosa-rezo-i120-core-i5-12400f-16gb-ssd-500gb-rtx3050-6gb-win11
01:16:05 [INFO]     Đã lấy được 8 thuộc tính
01:16:05 [INFO]       Đã lấy được Thông tin mô tả sản phẩm
01:16:06 [INFO]    🔹 [21/40] Thu thập: https://www.thegioididong.com/may-tinh-de-ban/asus-aio-v440vat-i5-13420h-16gb-512gb
01:16:14 [INFO]     Đã lấy được 5 thuộc tính
01:16:14 [INFO]       Đã lấy được Thông tin mô tả sản phẩm
01:16:14 [INFO]       💾 Đã lưu batch 10 items.
01:16:16 [INFO]    🔹 [22/40] Thu thập: https://www.thegioididong.com/may-tinh-de-ban/minipc-singpc-nuc-u715u695-w-ultra-7-155u
01:16:25 [INFO]     Đã lấy được 6 thuộc tính
01:16:25 [INFO]       Đã lấy được Thông tin mô tả sản phẩm
01:16:26 [INFO]    🔹 [23/40] Thu thập: https://www.thegioididong.com/may-tinh-de-ban/asus-v501mv-core-5-210h-v501mv-05210h048w
01:16:34 [INFO]     Đã lấy được 7 thuộc tính
01:16:34 [INFO]       Đã lấy được Thông tin mô tả sản phẩm
01:16:36 [INFO]    🔹 [24/40] Thu thập: https://www.thegioididong.com/may-tinh-de-ban/asus-v500mv-i5-13420h-8gb-512gb
01:16:44 [INFO]     Đã lấy được 5 thuộc tính
01:16:44 [INFO]       Đã lấy được Thông tin mô tả sản phẩm
01:16:45 [INFO]    🔹 [25/40] Thu thập: https://www.thegioididong.com/may-tinh-de-ban/msi-pro-dp180-i5-14400-9s6-b0a761-1220
01:16:53 [INFO]     Đã lấy được 8 thuộc tính
01:16:53 [INFO]       Đã lấy được Thông tin mô tả sản phẩm
01:16:55 [INFO]    🔹 [26/40] Thu thập: https://www.thegioididong.com/may-tinh-de-ban/asus-aio-v440va-core-7-240h-23-8-inch-v440vak-wpc408w
01:17:03 [INFO]     Đã lấy được 8 thuộc tính
01:17:03 [INFO]       Đã lấy được Thông tin mô tả sản phẩm
01:17:05 [INFO]    🔹 [27/40] Thu thập: https://www.thegioididong.com/may-tinh-de-ban/imac-24-inch-m4-16gb-256gb-10gpu
01:17:13 [INFO]     Đã lấy được 5 thuộc tính
01:17:13 [INFO]       Đã lấy được Thông tin mô tả sản phẩm
01:17:14 [INFO]    🔹 [28/40] Thu thập: https://www.thegioididong.com/may-tinh-de-ban/singpc-aio-m24ei5129m5-w-i5-12400
01:17:23 [INFO]     Đã lấy được 5 thuộc tính
01:17:23 [INFO]       Đã lấy được Thông tin mô tả sản phẩm
01:17:24 [INFO]    🔹 [29/40] Thu thập: https://www.thegioididong.com/may-tinh-de-ban/minipc-singpc-nuc-u512u695-w-ultra-5-125u
01:17:33 [INFO]     Đã lấy được 6 thuộc tính
01:17:33 [INFO]       Đã lấy được Thông tin mô tả sản phẩm
01:17:35 [INFO]    🔹 [30/40] Thu thập: https://www.thegioididong.com/may-tinh-de-ban/rosa-rezo-i131-core-i7-12700f-16gb-500gb-rtx-3050-6gb-win11pro
01:17:44 [INFO]     Đã lấy được 8 thuộc tính
01:17:44 [INFO]       Đã lấy được Thông tin mô tả sản phẩm
01:17:45 [INFO]    🔹 [31/40] Thu thập: https://www.thegioididong.com/may-tinh-de-ban/rosa-x-asus-rezo-i120-core-i5-12400f-16gb-500gb-rtx-5050-8gb-win11pro
01:17:53 [INFO]     Đã lấy được 8 thuộc tính
01:17:53 [INFO]       Đã lấy được Thông tin mô tả sản phẩm
01:17:53 [INFO]       💾 Đã lưu batch 10 items.
01:17:54 [INFO]    🔹 [32/40] Thu thập: https://www.thegioididong.com/may-tinh-de-ban/msi-pro-dp180-i3-14100-9s6-b0a761-1221
01:18:04 [INFO]     Đã lấy được 8 thuộc tính
01:18:04 [INFO]       Đã lấy được Thông tin mô tả sản phẩm
01:18:05 [INFO]    🔹 [33/40] Thu thập: https://www.thegioididong.com/may-tinh-de-ban/mac-mini-m4-16gb-256gb
01:18:14 [INFO]     Đã lấy được 5 thuộc tính
01:18:14 [INFO]       Đã lấy được Thông tin mô tả sản phẩm
01:18:16 [INFO]    🔹 [34/40] Thu thập: https://www.thegioididong.com/may-tinh-de-ban/mac-mini-m4-pro-24gb-1tb
01:18:23 [INFO]     Đã lấy được 5 thuộc tính
01:18:23 [INFO]       Đã lấy được Thông tin mô tả sản phẩm
01:18:25 [INFO] ♻️ Đang làm mới trình duyệt...
01:18:27 [INFO] patching driver executable C:\Users\CONG\appdata\roaming\undetected_chromedriver\undetected_chromedriver.exe
01:18:32 [INFO]    🔹 [35/40] Thu thập: https://www.thegioididong.com/may-tinh-de-ban/imac-24-inch-m4-24gb-256gb
01:18:41 [INFO]     Đã lấy được 5 thuộc tính
01:18:41 [INFO]       Đã lấy được Thông tin mô tả sản phẩm
01:18:43 [INFO]    🔹 [36/40] Thu thập: https://www.thegioididong.com/may-tinh-de-ban/asus-v501mv-core-3-100u-v501mv-03100u014w
01:18:52 [INFO]     Đã lấy được 8 thuộc tính
01:18:52 [INFO]       Đã lấy được Thông tin mô tả sản phẩm
01:18:54 [INFO]    🔹 [37/40] Thu thập: https://www.thegioididong.com/may-tinh-de-ban/asus-aio-v440va-core-5-210h-23-8-inch-v440vak-wpc407w
01:19:02 [INFO]     Đã lấy được 8 thuộc tính
01:19:02 [INFO]       Đã lấy được Thông tin mô tả sản phẩm
01:19:04 [INFO]    🔹 [38/40] Thu thập: https://www.thegioididong.com/may-tinh-de-ban/asus-aio-v440va-core-5-210h-23-8-inch-v440vat-wpd089w
01:19:12 [INFO]     Đã lấy được 7 thuộc tính
01:19:12 [INFO]       Đã lấy được Thông tin mô tả sản phẩm
01:19:14 [INFO]    🔹 [39/40] Thu thập: https://www.thegioididong.com/may-tinh-de-ban/asus-aio-v440va-core-3-100u-23-8-inch-v440vak-wpc406w
01:19:22 [INFO]     Đã lấy được 7 thuộc tính
01:19:22 [INFO]       Đã lấy được Thông tin mô tả sản phẩm
01:19:24 [INFO]    🔹 [40/40] Thu thập: https://www.thegioididong.com/may-tinh-de-ban/asus-v501mv-core-7-240h-v501mv-07240h073w
01:19:32 [INFO]     Đã lấy được 7 thuộc tính
01:19:32 [INFO]       Đã lấy được Thông tin mô tả sản phẩm
01:19:34 [INFO] ✅ Hoàn tất file: desktop_products.csv
01:19:34 [INFO] 📂 ĐANG XỬ LÝ FILE: headphone_products.csv
01:19:34 [INFO]    🔹 [1/160] Thu thập: https://www.thegioididong.com/tai-nghe/tai-nghe-bluetooth-true-wireless-ava-freego-pt52
01:19:42 [INFO]     Đã lấy được 14 thuộc tính
01:19:42 [INFO]       Đã lấy được Thông tin mô tả sản phẩm
01:19:43 [INFO]    🔹 [2/160] Thu thập: https://www.thegioididong.com/tai-nghe/tai-nghe-bluetooth-true-wireless-ava-freego-w30
01:19:50 [INFO]     Đã lấy được 15 thuộc tính
01:19:52 [INFO]    🔹 [3/160] Thu thập: https://www.thegioididong.com/tai-nghe/tai-nghe-bluetooth-true-wireless-xiaomi-redmi-buds-6-play
01:20:00 [INFO]     Đã lấy được 16 thuộc tính
01:20:00 [INFO]       Đã lấy được Thông tin mô tả sản phẩm
01:20:01 [INFO]    🔹 [4/160] Thu thập: https://www.thegioididong.com/tai-nghe/tai-nghe-bluetooth-true-wireless-ava-buds-life-air-2-pro
01:20:09 [INFO]     Đã lấy được 14 thuộc tính
01:20:09 [INFO]       Đã lấy được Thông tin mô tả sản phẩm
01:20:10 [INFO]    🔹 [5/160] Thu thập: https://www.thegioididong.com/tai-nghe/tai-nghe-bluetooth-true-wireless-ava-freego-y60
01:20:19 [INFO]     Đã lấy được 15 thuộc tính
01:20:19 [INFO]       Đã lấy được Thông tin mô tả sản phẩm
01:20:20 [INFO]    🔹 [6/160] Thu thập: https://www.thegioididong.com/tai-nghe/tai-nghe-bluetooth-true-wireless-ava-freego-w28?utm_flashsale=1
01:20:28 [INFO]     Đã lấy được 14 thuộc tính
01:20:28 [INFO]       Đã lấy được Thông tin mô tả sản phẩm
01:20:29 [INFO]    🔹 [7/160] Thu thập: https://www.thegioididong.com/tai-nghe/tai-nghe-co-day-ep-ava-livebass-e1
01:20:38 [INFO]     Đã lấy được 11 thuộc tính
01:20:38 [INFO]       Đã lấy được Thông tin mô tả sản phẩm
01:20:39 [INFO]    🔹 [8/160] Thu thập: https://www.thegioididong.com/tai-nghe/tai-nghe-bluetooth-true-wireless-xiaomi-redmi-buds-8-lite
01:20:47 [INFO]     Đã lấy được 16 thuộc tính
01:20:48 [INFO]    🔹 [9/160] Thu thập: https://www.thegioididong.com/tai-nghe/tai-nghe-bluetooth-tws-xiaomi-redmi-buds-6-active
01:20:56 [INFO]     Đã lấy được 16 thuộc tính
01:20:56 [INFO]       Đã lấy được Thông tin mô tả sản phẩm
01:20:57 [INFO] ♻️ Đang làm mới trình duyệt...
01:20:59 [INFO] patching driver executable C:\Users\CONG\appdata\roaming\undetected_chromedriver\undetected_chromedriver.exe
01:21:04 [INFO]    🔹 [10/160] Thu thập: https://www.thegioididong.com/tai-nghe/tai-nghe-bluetooth-true-wireless-oppo-enco-buds-3-pro-etek1
01:21:14 [INFO]     Đã lấy được 16 thuộc tính
01:21:14 [INFO]       Đã lấy được Thông tin mô tả sản phẩm
01:21:14 [INFO]       💾 Đã lưu batch 10 items.
01:21:16 [INFO]    🔹 [11/160] Thu thập: https://www.thegioididong.com/tai-nghe/tai-nghe-bluetooth-true-wireless-ava-buds-life-air-3
01:21:27 [INFO]     Đã lấy được 15 thuộc tính
01:21:27 [INFO]       Đã lấy được Thông tin mô tả sản phẩm
01:21:28 [INFO]    🔹 [12/160] Thu thập: https://www.thegioididong.com/tai-nghe/tai-nghe-bluetooth-true-wireless-oppo-enco-buds-3-eteg1
01:21:37 [INFO]     Đã lấy được 16 thuộc tính
01:21:37 [INFO]       Đã lấy được Thông tin mô tả sản phẩm
01:21:39 [INFO]    🔹 [13/160] Thu thập: https://www.thegioididong.com/tai-nghe/tai-nghe-bluetooth-true-wireless-ava-freego-y70
01:21:47 [INFO]     Đã lấy được 15 thuộc tính
01:21:47 [INFO]       Đã lấy được Thông tin mô tả sản phẩm
01:21:49 [INFO]    🔹 [14/160] Thu thập: https://www.thegioididong.com/tai-nghe/tai-nghe-co-day-apple-mtjy3
01:21:58 [INFO]     Đã lấy được 10 thuộc tính
01:21:58 [INFO]       Đã lấy được Thông tin mô tả sản phẩm
01:21:59 [INFO]    🔹 [15/160] Thu thập: https://www.thegioididong.com/tai-nghe/tai-nghe-bluetooth-true-wireless-ava-go-p310?utm_flashsale=1
01:22:07 [INFO]     Đã lấy được 14 thuộc tính
01:22:07 [INFO]       Đã lấy được Thông tin mô tả sản phẩm
01:22:08 [INFO]    🔹 [16/160] Thu thập: https://www.thegioididong.com/tai-nghe/tai-nghe-bluetooth-true-wireless-samsung-galaxy-buds-core-r410n
01:22:15 [INFO]     Đã lấy được 16 thuộc tính
01:22:15 [INFO]       Đã lấy được Thông tin mô tả sản phẩm
01:22:16 [INFO]    🔹 [17/160] Thu thập: https://www.thegioididong.com/tai-nghe/airpods-4-mxp63
01:22:24 [INFO]     Đã lấy được 15 thuộc tính
01:22:24 [INFO]       Đã lấy được Thông tin mô tả sản phẩm
01:22:26 [INFO]    🔹 [18/160] Thu thập: https://www.thegioididong.com/tai-nghe/tai-nghe-co-day-ep-ava-livebass-e3
01:22:34 [INFO]     Đã lấy được 10 thuộc tính
01:22:34 [INFO]       Đã lấy được Thông tin mô tả sản phẩm
01:22:35 [INFO]    🔹 [19/160] Thu thập: https://www.thegioididong.com/tai-nghe/tai-nghe-co-day-jbl-c200-siu
01:22:43 [INFO]     Đã lấy được 11 thuộc tính
01:22:43 [INFO]       Đã lấy được Thông tin mô tả sản phẩm
01:22:45 [INFO]    🔹 [20/160] Thu thập: https://www.thegioididong.com/tai-nghe/tai-nghe-day-ep-type-c-ava-livebass-e4
01:22:53 [INFO]     Đã lấy được 12 thuộc tính
01:22:53 [INFO]       Đã lấy được Thông tin mô tả sản phẩm
01:22:53 [INFO]       💾 Đã lưu batch 10 items.
01:22:55 [INFO]    🔹 [21/160] Thu thập: https://www.thegioididong.com/tai-nghe/tai-nghe-bluetooth-true-wireless-ava-go-p510
01:23:03 [INFO]     Đã lấy được 14 thuộc tính
01:23:04 [INFO]    🔹 [22/160] Thu thập: https://www.thegioididong.com/tai-nghe/tai-nghe-ep-type-c-ava-livebass-e2
01:23:12 [INFO]     Đã lấy được 11 thuộc tính
01:23:12 [INFO]       Đã lấy được Thông tin mô tả sản phẩm
01:23:14 [INFO]    🔹 [23/160] Thu thập: https://www.thegioididong.com/tai-nghe/tai-nghe-tws-baseus-bass-ep10-nc
01:23:26 [INFO]     Đã lấy được 16 thuộc tính
01:23:27 [INFO]    🔹 [24/160] Thu thập: https://www.thegioididong.com/tai-nghe/tai-nghe-bluetooth-true-wireless-rezo-wave
01:23:35 [INFO]     Đã lấy được 15 thuộc tính
01:23:35 [INFO]       Đã lấy được Thông tin mô tả sản phẩm
01:23:36 [INFO] ♻️ Đang làm mới trình duyệt...
01:23:41 [INFO] patching driver executable C:\Users\CONG\appdata\roaming\undetected_chromedriver\undetected_chromedriver.exe
01:23:46 [INFO]    🔹 [25/160] Thu thập: https://www.thegioididong.com/tai-nghe/tai-nghe-bluetooth-true-wireless-baseus-bowie-e20
01:23:46 [ERROR] ❌ Lỗi xử lý tại https://www.thegioididong.com/tai-nghe/tai-nghe-bluetooth-true-wireless-baseus-bowie-e20: Message: no such window: target window already closed
from unknown error: web view not found
  (Session info: chrome=147.0.7727.102)
Stacktrace:
	undetected_chromedriver!GetHandleVerifier [0x6ec733+10b73]
	undetected_chromedriver!GetHandleVerifier [0x6ec864+10ca4]
	undetected_chromedriver!(No symbol) [0x4c2100]
	undetected_chromedriver!(No symbol) [0x4a0c23]
	undetected_chromedriver!(No symbol) [0x53445b]
	undetected_chromedriver!(No symbol) [0x54ac29]
	undetected_chromedriver!(No symbol) [0x52d9b6]
	undetected_chromedriver!(No symbol) [0x500339]
	undetected_chromedriver!(No symbol) [0x5010f4]
	undetected_chromedriver!GetHandleVerifier [0x94fe04+274244]
	undetected_chromedriver!GetHandleVerifier [0x94b459+26f899]
	undetected_chromedriver!GetHandleVerifier [0x969bd5+28e015]
	undetected_chromedriver!GetHandleVerifier [0x707188+2b5c8]
	undetected_chromedriver!GetHandleVerifier [0x70f23d+3367d]
	undetected_chromedriver!GetHandleVerifier [0x6f5138+19578]
	undetected_chromedriver!GetHandleVerifier [0x6f5302+19742]
	undetected_chromedriver!GetHandleVerifier [0x6de48f+28cf]
	KERNEL32!BaseThreadInitThunk [0x763b5d49+19]
	ntdll!RtlInitializeExceptionChain [0x77ced83b+6b]
	ntdll!RtlGetAppContainerNamedObjectPath [0x77ced7c1+231]

01:23:56 [INFO] patching driver executable C:\Users\CONG\appdata\roaming\undetected_chromedriver\undetected_chromedriver.exe
01:24:01 [INFO]    🔹 [25/160] Thu thập: https://www.thegioididong.com/tai-nghe/tai-nghe-bluetooth-true-wireless-baseus-bowie-e20
01:24:09 [INFO]     Đã lấy được 15 thuộc tính
01:24:10 [INFO]       Đã lấy được Thông tin mô tả sản phẩm
01:24:11 [INFO]    🔹 [26/160] Thu thập: https://www.thegioididong.com/tai-nghe/tai-nghe-bluetooth-true-wireless-xiaomi-redmi-buds-8-active
01:24:19 [INFO]     Đã lấy được 16 thuộc tính
01:24:20 [INFO]    🔹 [27/160] Thu thập: https://www.thegioididong.com/tai-nghe/tai-nghe-earpods-cong-lightning-apple-mmtn2
01:24:28 [INFO]     Đã lấy được 11 thuộc tính
01:24:28 [INFO]       Đã lấy được Thông tin mô tả sản phẩm
01:24:30 [INFO]    🔹 [28/160] Thu thập: https://www.thegioididong.com/tai-nghe/airpods-4-chong-on-mxp93
01:24:38 [INFO]     Đã lấy được 15 thuộc tính
01:24:38 [INFO]       Đã lấy được Thông tin mô tả sản phẩm
01:24:40 [INFO]    🔹 [29/160] Thu thập: https://www.thegioididong.com/tai-nghe/tai-nghe-co-day-ep-type-c-xiaomi
01:24:48 [INFO]     Đã lấy được 12 thuộc tính
01:24:48 [INFO]       Đã lấy được Thông tin mô tả sản phẩm
01:24:49 [INFO]    🔹 [30/160] Thu thập: https://www.thegioididong.com/tai-nghe/tai-nghe-co-day-ep-hydrus-pc-30
01:24:57 [INFO]     Đã lấy được 11 thuộc tính
01:24:57 [INFO]       💾 Đã lưu batch 10 items.
01:24:59 [INFO]    🔹 [31/160] Thu thập: https://www.thegioididong.com/tai-nghe/tai-nghe-bluetooth-open-ear-true-wireless-ava-freego-ows04
01:25:07 [INFO]     Đã lấy được 14 thuộc tính
01:25:07 [INFO]       Đã lấy được Thông tin mô tả sản phẩm
01:25:09 [INFO]    🔹 [32/160] Thu thập: https://www.thegioididong.com/tai-nghe/tai-nghe-bluetooth-apple-airpods-pro-3-trang-mfhp4
01:25:16 [INFO]     Đã lấy được 15 thuộc tính
01:25:16 [INFO]       Đã lấy được Thông tin mô tả sản phẩm
01:25:18 [INFO]    🔹 [33/160] Thu thập: https://www.thegioididong.com/tai-nghe/tai-nghe-bluetooth-true-wireless-rezo-k50?utm_flashsale=1
01:25:27 [INFO]     Đã lấy được 15 thuộc tính
01:25:27 [INFO]       Đã lấy được Thông tin mô tả sản phẩm
01:25:28 [INFO]    🔹 [34/160] Thu thập: https://www.thegioididong.com/tai-nghe/tai-nghe-bluetooth-true-wireless-soundcore-r50i-a3959
01:25:37 [INFO]     Đã lấy được 16 thuộc tính
01:25:37 [INFO]       Đã lấy được Thông tin mô tả sản phẩm
01:25:38 [INFO]    🔹 [35/160] Thu thập: https://www.thegioididong.com/tai-nghe/tai-nghe-ep-oppo-mh135
01:25:46 [INFO]     Đã lấy được 11 thuộc tính
01:25:46 [INFO]       Đã lấy được Thông tin mô tả sản phẩm
01:25:48 [INFO]    🔹 [36/160] Thu thập: https://www.thegioididong.com/tai-nghe/tai-nghe-bluetooth-true-wireless-soundcore-r60i-nc-d1202
01:25:56 [INFO]     Đã lấy được 16 thuộc tính
01:25:58 [INFO]    🔹 [37/160] Thu thập: https://www.thegioididong.com/tai-nghe/tai-nghe-bluetooth-true-wireless-rezo-wave-pro-anc
01:26:06 [INFO]     Đã lấy được 15 thuộc tính
01:26:06 [INFO]       Đã lấy được Thông tin mô tả sản phẩm
01:26:07 [INFO]    🔹 [38/160] Thu thập: https://www.thegioididong.com/tai-nghe/tai-nghe-tws-jbl-wave-beam-2
01:26:15 [INFO]     Đã lấy được 16 thuộc tính
01:26:15 [INFO]       Đã lấy được Thông tin mô tả sản phẩm
01:26:16 [INFO]    🔹 [39/160] Thu thập: https://www.thegioididong.com/tai-nghe/tai-nghe-bluetooth-chup-tai-baseus-bass-bh1-lite
01:26:24 [INFO]     Đã lấy được 14 thuộc tính
01:26:24 [INFO]       Đã lấy được Thông tin mô tả sản phẩm
01:26:25 [INFO] ♻️ Đang làm mới trình duyệt...
01:26:28 [INFO] patching driver executable C:\Users\CONG\appdata\roaming\undetected_chromedriver\undetected_chromedriver.exe
01:26:32 [INFO]    🔹 [40/160] Thu thập: https://www.thegioididong.com/tai-nghe/tai-nghe-bluetooth-true-wireless-havit-life-04t
01:26:32 [ERROR] ❌ Lỗi xử lý tại https://www.thegioididong.com/tai-nghe/tai-nghe-bluetooth-true-wireless-havit-life-04t: Message: no such window: target window already closed
from unknown error: web view not found
  (Session info: chrome=147.0.7727.102)
Stacktrace:
	undetected_chromedriver!GetHandleVerifier [0x31c733+10b73]
	undetected_chromedriver!GetHandleVerifier [0x31c864+10ca4]
	undetected_chromedriver!(No symbol) [0xf2100]
	undetected_chromedriver!(No symbol) [0xd0c23]
	undetected_chromedriver!(No symbol) [0x16445b]
	undetected_chromedriver!(No symbol) [0x17ac29]
	undetected_chromedriver!(No symbol) [0x15d9b6]
	undetected_chromedriver!(No symbol) [0x130339]
	undetected_chromedriver!(No symbol) [0x1310f4]
	undetected_chromedriver!GetHandleVerifier [0x57fe04+274244]
	undetected_chromedriver!GetHandleVerifier [0x57b459+26f899]
	undetected_chromedriver!GetHandleVerifier [0x599bd5+28e015]
	undetected_chromedriver!GetHandleVerifier [0x337188+2b5c8]
	undetected_chromedriver!GetHandleVerifier [0x33f23d+3367d]
	undetected_chromedriver!GetHandleVerifier [0x325138+19578]
	undetected_chromedriver!GetHandleVerifier [0x325302+19742]
	undetected_chromedriver!GetHandleVerifier [0x30e48f+28cf]
	KERNEL32!BaseThreadInitThunk [0x763b5d49+19]
	ntdll!RtlInitializeExceptionChain [0x77ced83b+6b]
	ntdll!RtlGetAppContainerNamedObjectPath [0x77ced7c1+231]
	(No symbol) [(nil)]

01:26:39 [INFO] patching driver executable C:\Users\CONG\appdata\roaming\undetected_chromedriver\undetected_chromedriver.exe
01:26:44 [INFO]    🔹 [40/160] Thu thập: https://www.thegioididong.com/tai-nghe/tai-nghe-bluetooth-true-wireless-havit-life-04t
01:26:53 [INFO]     Đã lấy được 15 thuộc tính
01:26:53 [INFO]       Đã lấy được Thông tin mô tả sản phẩm
01:26:53 [INFO]       💾 Đã lưu batch 10 items.
01:26:54 [INFO]    🔹 [41/160] Thu thập: https://www.thegioididong.com/tai-nghe/tai-nghe-bluetooth-true-wireless-ava-go-f25?utm_flashsale=1
01:27:03 [INFO]     Đã lấy được 14 thuộc tính
01:27:03 [INFO]       Đã lấy được Thông tin mô tả sản phẩm
01:27:04 [INFO]    🔹 [42/160] Thu thập: https://www.thegioididong.com/tai-nghe/tai-nghe-co-day-ep-ava-pc-25?utm_flashsale=1
01:27:11 [INFO]     Đã lấy được 12 thuộc tính
01:27:12 [INFO]       Đã lấy được Thông tin mô tả sản phẩm
01:27:13 [INFO]    🔹 [43/160] Thu thập: https://www.thegioididong.com/tai-nghe/tai-nghe-bluetooth-true-wireless-soundcore-k20i-a3994
01:27:20 [INFO]     Đã lấy được 16 thuộc tính
01:27:20 [INFO]       Đã lấy được Thông tin mô tả sản phẩm
01:27:22 [INFO]    🔹 [44/160] Thu thập: https://www.thegioididong.com/tai-nghe/tai-nghe-co-day-type-c-samsung-eo-ic100
01:27:31 [INFO]     Đã lấy được 11 thuộc tính
01:27:33 [INFO]    🔹 [45/160] Thu thập: https://www.thegioididong.com/tai-nghe/tai-nghe-tws-xiaomi-redmi-buds-6
01:27:41 [INFO]     Đã lấy được 16 thuộc tính
01:27:41 [INFO]       Đã lấy được Thông tin mô tả sản phẩm
01:27:42 [INFO]    🔹 [46/160] Thu thập: https://www.thegioididong.com/tai-nghe/tai-nghe-bluetooth-chup-tai-havit-h662bt
01:27:50 [INFO]     Đã lấy được 15 thuộc tính
01:27:50 [INFO]       Đã lấy được Thông tin mô tả sản phẩm
01:27:51 [INFO]    🔹 [47/160] Thu thập: https://www.thegioididong.com/tai-nghe/tai-nghe-co-day-ep-ava-livebass-hifi-s10
01:27:58 [INFO]     Đã lấy được 11 thuộc tính
01:28:00 [INFO]    🔹 [48/160] Thu thập: https://www.thegioididong.com/tai-nghe/tai-nghe-bluetooth-true-wireless-havit-tw996-pro
01:28:09 [INFO]     Đã lấy được 15 thuộc tính
01:28:09 [INFO]       Đã lấy được Thông tin mô tả sản phẩm
01:28:10 [INFO]    🔹 [49/160] Thu thập: https://www.thegioididong.com/tai-nghe/tai-nghe-bluetooth-chup-tai-sony-wh-ch520
01:28:17 [INFO]     Đã lấy được 15 thuộc tính
01:28:17 [INFO]       Đã lấy được Thông tin mô tả sản phẩm
01:28:18 [INFO]    🔹 [50/160] Thu thập: https://www.thegioididong.com/tai-nghe/tai-nghe-bluetooth-true-wireless-baseus-bass-bp1-pro-pm132
01:28:25 [INFO]     Đã lấy được 16 thuộc tính
01:28:25 [INFO]       Đã lấy được Thông tin mô tả sản phẩm
01:28:25 [INFO]       💾 Đã lưu batch 10 items.
01:28:27 [INFO]    🔹 [51/160] Thu thập: https://www.thegioididong.com/tai-nghe/tai-nghe-bluetooth-true-wireless-huawei-t0016-freebuds-se-2
01:28:35 [INFO]     Đã lấy được 16 thuộc tính
01:28:35 [INFO]       Đã lấy được Thông tin mô tả sản phẩm
01:28:37 [INFO]    🔹 [52/160] Thu thập: https://www.thegioididong.com/tai-nghe/tai-nghe-bluetooth-true-wireless-havit-tw943-pro
01:28:46 [INFO]     Đã lấy được 14 thuộc tính
01:28:46 [INFO]       Đã lấy được Thông tin mô tả sản phẩm
01:28:47 [INFO]    🔹 [53/160] Thu thập: https://www.thegioididong.com/tai-nghe/tai-nghe-open-ear-tws-ava-freego-ows800
01:28:56 [INFO]     Đã lấy được 14 thuộc tính
01:28:56 [INFO]       Đã lấy được Thông tin mô tả sản phẩm
01:28:57 [INFO]    🔹 [54/160] Thu thập: https://www.thegioididong.com/tai-nghe/tai-nghe-ep-sony-mdr-ex15aplize
01:29:05 [INFO]     Đã lấy được 11 thuộc tính
01:29:05 [INFO]       Đã lấy được Thông tin mô tả sản phẩm
01:29:07 [INFO] ♻️ Đang làm mới trình duyệt...
01:29:12 [INFO] patching driver executable C:\Users\CONG\appdata\roaming\undetected_chromedriver\undetected_chromedriver.exe
01:29:16 [INFO]    🔹 [55/160] Thu thập: https://www.thegioididong.com/tai-nghe/tai-nghe-bluetooth-true-wireless-ava-freego-y50?utm_flashsale=1
01:29:26 [INFO]     Đã lấy được 14 thuộc tính
01:29:26 [INFO]       Đã lấy được Thông tin mô tả sản phẩm
01:29:27 [INFO]    🔹 [56/160] Thu thập: https://www.thegioididong.com/tai-nghe/tai-nghe-bluetooth-true-wireless-havit-tw923-pro
01:29:36 [INFO]     Đã lấy được 14 thuộc tính
01:29:36 [INFO]       Đã lấy được Thông tin mô tả sản phẩm
01:29:37 [INFO]    🔹 [57/160] Thu thập: https://www.thegioididong.com/tai-nghe/tai-nghe-bluetooth-chup-tai-jbl-tune-520bt
01:29:46 [INFO]     Đã lấy được 15 thuộc tính
01:29:46 [INFO]       Đã lấy được Thông tin mô tả sản phẩm
01:29:48 [INFO]    🔹 [58/160] Thu thập: https://www.thegioididong.com/tai-nghe/tai-nghe-bluetooth-true-wireless-realme-techlife-buds
01:29:56 [INFO]     Đã lấy được 16 thuộc tính
01:29:56 [INFO]       Đã lấy được Thông tin mô tả sản phẩm
01:29:58 [INFO]    🔹 [59/160] Thu thập: https://www.thegioididong.com/tai-nghe/tai-nghe-bluetooth-true-wireless-samsung-galaxy-buds-3-fe-r420n
01:30:06 [INFO]     Đã lấy được 16 thuộc tính
01:30:06 [INFO]       Đã lấy được Thông tin mô tả sản phẩm
01:30:07 [INFO]    🔹 [60/160] Thu thập: https://www.thegioididong.com/tai-nghe/tai-nghe-bluetooth-airpods-pro-gen-2-magsafe-charge-usb-c-apple-mtjv3
01:30:14 [INFO]     Đã lấy được 15 thuộc tính
01:30:14 [INFO]       Đã lấy được Thông tin mô tả sản phẩm
01:30:14 [INFO]       💾 Đã lưu batch 10 items.
01:30:16 [INFO]    🔹 [61/160] Thu thập: https://www.thegioididong.com/tai-nghe/tai-nghe-bluetooth-true-wireless-realme-buds-t200-lite
01:30:24 [INFO]     Đã lấy được 16 thuộc tính
01:30:24 [INFO]       Đã lấy được Thông tin mô tả sản phẩm
01:30:26 [INFO]    🔹 [62/160] Thu thập: https://www.thegioididong.com/tai-nghe/tai-nghe-bluetooth-true-wireless-havit-tw982-life-01t
01:30:33 [INFO]     Đã lấy được 15 thuộc tính
01:30:33 [INFO]       Đã lấy được Thông tin mô tả sản phẩm
01:30:35 [INFO]    🔹 [63/160] Thu thập: https://www.thegioididong.com/tai-nghe/tai-nghe-bluetooth-chup-tai-havit-h612bt-pro
01:31:03 [INFO]     Đã lấy được 16 thuộc tính
01:31:04 [INFO]    🔹 [64/160] Thu thập: https://www.thegioididong.com/tai-nghe/tai-nghe-bluetooth-true-wireless-havit-tw976
01:31:12 [INFO]     Đã lấy được 15 thuộc tính
01:31:12 [INFO]       Đã lấy được Thông tin mô tả sản phẩm
01:31:14 [INFO]    🔹 [65/160] Thu thập: https://www.thegioididong.com/tai-nghe/tai-nghe-tws-realme-buds-t200
01:31:22 [INFO]     Đã lấy được 16 thuộc tính
01:31:22 [INFO]       Đã lấy được Thông tin mô tả sản phẩm
01:31:23 [INFO]    🔹 [66/160] Thu thập: https://www.thegioididong.com/tai-nghe/tai-nghe-bluetooth-true-wireless-samsung-galaxy-buds4-pro-r640n
01:31:31 [INFO]     Đã lấy được 15 thuộc tính
01:31:31 [INFO]       Đã lấy được Thông tin mô tả sản phẩm
01:31:32 [INFO]    🔹 [67/160] Thu thập: https://www.thegioididong.com/tai-nghe/tai-nghe-bluetooth-true-wireless-rezo-rz09-anc
01:31:41 [INFO]     Đã lấy được 15 thuộc tính
01:31:41 [INFO]       Đã lấy được Thông tin mô tả sản phẩm
01:31:43 [INFO]    🔹 [68/160] Thu thập: https://www.thegioididong.com/tai-nghe/tai-nghe-bluetooth-sony-wi-c100
01:31:51 [INFO]     Đã lấy được 15 thuộc tính
01:31:51 [INFO]       Đã lấy được Thông tin mô tả sản phẩm
01:31:52 [INFO]    🔹 [69/160] Thu thập: https://www.thegioididong.com/tai-nghe/tai-nghe-bluetooth-tws-xiaomi-redmi-buds-6-lite
01:32:00 [INFO]     Đã lấy được 16 thuộc tính
01:32:00 [INFO]       Đã lấy được Thông tin mô tả sản phẩm
01:32:01 [INFO] ♻️ Đang làm mới trình duyệt...
01:32:06 [INFO] patching driver executable C:\Users\CONG\appdata\roaming\undetected_chromedriver\undetected_chromedriver.exe
01:32:10 [INFO]    🔹 [70/160] Thu thập: https://www.thegioididong.com/tai-nghe/tai-nghe-bluetooth-chup-tai-baseus-bass-bh1
01:32:21 [INFO]     Đã lấy được 15 thuộc tính
01:32:21 [INFO]       💾 Đã lưu batch 10 items.
01:32:22 [INFO]    🔹 [71/160] Thu thập: https://www.thegioididong.com/tai-nghe/tai-nghe-nhet-tai-ep-sony-mdr-ex155ap
01:32:31 [INFO]     Đã lấy được 11 thuộc tính
01:32:31 [INFO]       Đã lấy được Thông tin mô tả sản phẩm
01:32:33 [INFO]    🔹 [72/160] Thu thập: https://www.thegioididong.com/tai-nghe/tai-nghe-bluetooth-true-wireless-sony-wf-c510-imei
01:32:40 [INFO]     Đã lấy được 16 thuộc tính
01:32:42 [INFO]    🔹 [73/160] Thu thập: https://www.thegioididong.com/tai-nghe/tai-nghe-bluetooth-true-wireless-soundpeats-q3-pro
01:32:50 [INFO]     Đã lấy được 16 thuộc tính
01:32:51 [INFO]    🔹 [74/160] Thu thập: https://www.thegioididong.com/tai-nghe/tai-nghe-sony-mdr-zx110ap
01:33:00 [INFO]     Đã lấy được 13 thuộc tính
01:33:00 [INFO]       Đã lấy được Thông tin mô tả sản phẩm
01:33:01 [INFO]    🔹 [75/160] Thu thập: https://www.thegioididong.com/tai-nghe/tai-nghe-co-day-ep-baseus-encok-hz20
01:33:08 [INFO]     Đã lấy được 11 thuộc tính
01:33:08 [INFO]       Đã lấy được Thông tin mô tả sản phẩm
01:33:10 [INFO]    🔹 [76/160] Thu thập: https://www.thegioididong.com/tai-nghe/tai-nghe-bluetooth-open-ear-ows-rezo-pulsego
01:33:19 [INFO]     Đã lấy được 15 thuộc tính
01:33:20 [INFO]    🔹 [77/160] Thu thập: https://www.thegioididong.com/tai-nghe/tai-nghe-bluetooth-tws-ava-freego-y913?utm_flashsale=1
01:33:28 [INFO]     Đã lấy được 14 thuộc tính
01:33:28 [INFO]       Đã lấy được Thông tin mô tả sản phẩm
01:33:29 [INFO]    🔹 [78/160] Thu thập: https://www.thegioididong.com/tai-nghe/tai-nghe-bluetooth-true-wireless-havit-tw992
01:33:42 [INFO]     Đã lấy được 17 thuộc tính
01:33:43 [INFO]    🔹 [79/160] Thu thập: https://www.thegioididong.com/tai-nghe/tai-nghe-bluetooth-chup-tai-baseus-bass-35-max?utm_flashsale=1
01:33:51 [INFO]     Đã lấy được 16 thuộc tính
01:33:51 [INFO]       Đã lấy được Thông tin mô tả sản phẩm
01:33:52 [INFO]    🔹 [80/160] Thu thập: https://www.thegioididong.com/tai-nghe/tai-nghe-tws-jbl-tune-beam-2
01:34:00 [INFO]     Đã lấy được 16 thuộc tính
01:34:00 [INFO]       Đã lấy được Thông tin mô tả sản phẩm
01:34:00 [INFO]       💾 Đã lưu batch 10 items.
01:34:02 [INFO]    🔹 [81/160] Thu thập: https://www.thegioididong.com/tai-nghe/tai-nghe-bluetooth-chup-tai-havit-h667bt
01:34:09 [INFO]     Đã lấy được 15 thuộc tính
01:34:09 [INFO]       Đã lấy được Thông tin mô tả sản phẩm
01:34:11 [INFO]    🔹 [82/160] Thu thập: https://www.thegioididong.com/tai-nghe/tai-nghe-bluetooth-true-wireless-havit-tw907-se
01:34:21 [INFO]     Đã lấy được 14 thuộc tính
01:34:23 [INFO]    🔹 [83/160] Thu thập: https://www.thegioididong.com/tai-nghe/tai-nghe-bluetooth-chup-tai-havit-h603bt
01:34:32 [INFO]     Đã lấy được 14 thuộc tính
01:34:34 [INFO]    🔹 [84/160] Thu thập: https://www.thegioididong.com/tai-nghe/tai-nghe-bluetooth-chup-tai-ugreen-hitune-max5c-hp203?utm_flashsale=1
01:34:42 [INFO]     Đã lấy được 15 thuộc tính
01:34:44 [INFO] ♻️ Đang làm mới trình duyệt...
01:34:46 [INFO] patching driver executable C:\Users\CONG\appdata\roaming\undetected_chromedriver\undetected_chromedriver.exe
01:34:51 [INFO]    🔹 [85/160] Thu thập: https://www.thegioididong.com/tai-nghe/tai-nghe-bluetooth-chup-tai-sony-wh-ch720n?utm_flashsale=1
01:34:51 [ERROR] ❌ Lỗi xử lý tại https://www.thegioididong.com/tai-nghe/tai-nghe-bluetooth-chup-tai-sony-wh-ch720n?utm_flashsale=1: Message: no such window: target window already closed
from unknown error: web view not found
  (Session info: chrome=147.0.7727.102)
Stacktrace:
	undetected_chromedriver!GetHandleVerifier [0x86c733+10b73]
	undetected_chromedriver!GetHandleVerifier [0x86c864+10ca4]
	undetected_chromedriver!(No symbol) [0x642100]
	undetected_chromedriver!(No symbol) [0x620c23]
	undetected_chromedriver!(No symbol) [0x6b445b]
	undetected_chromedriver!(No symbol) [0x6cac29]
	undetected_chromedriver!(No symbol) [0x6ad9b6]
	undetected_chromedriver!(No symbol) [0x680339]
	undetected_chromedriver!(No symbol) [0x6810f4]
	undetected_chromedriver!GetHandleVerifier [0xacfe04+274244]
	undetected_chromedriver!GetHandleVerifier [0xacb459+26f899]
	undetected_chromedriver!GetHandleVerifier [0xae9bd5+28e015]
	undetected_chromedriver!GetHandleVerifier [0x887188+2b5c8]
	undetected_chromedriver!GetHandleVerifier [0x88f23d+3367d]
	undetected_chromedriver!GetHandleVerifier [0x875138+19578]
	undetected_chromedriver!GetHandleVerifier [0x875302+19742]
	undetected_chromedriver!GetHandleVerifier [0x85e48f+28cf]
	KERNEL32!BaseThreadInitThunk [0x763b5d49+19]
	ntdll!RtlInitializeExceptionChain [0x77ced83b+6b]
	ntdll!RtlGetAppContainerNamedObjectPath [0x77ced7c1+231]

01:35:02 [INFO] patching driver executable C:\Users\CONG\appdata\roaming\undetected_chromedriver\undetected_chromedriver.exe
01:35:06 [INFO]    🔹 [85/160] Thu thập: https://www.thegioididong.com/tai-nghe/tai-nghe-bluetooth-chup-tai-sony-wh-ch720n?utm_flashsale=1
01:35:17 [INFO]     Đã lấy được 17 thuộc tính
01:35:17 [INFO]       Đã lấy được Thông tin mô tả sản phẩm
01:35:19 [INFO]    🔹 [86/160] Thu thập: https://www.thegioididong.com/tai-nghe/tai-nghe-chup-tai-logitech-h111
01:35:28 [INFO]     Đã lấy được 12 thuộc tính
01:35:28 [INFO]       Đã lấy được Thông tin mô tả sản phẩm
01:35:29 [INFO]    🔹 [87/160] Thu thập: https://www.thegioididong.com/tai-nghe/tai-nghe-bluetooth-open-ear-true-wireless-havit-owfit-02a
01:35:39 [INFO]     Đã lấy được 14 thuộc tính
01:35:40 [INFO]    🔹 [88/160] Thu thập: https://www.thegioididong.com/tai-nghe/tai-nghe-chup-tai-havit-h652bt
01:35:49 [INFO]     Đã lấy được 16 thuộc tính
01:35:50 [INFO]    🔹 [89/160] Thu thập: https://www.thegioididong.com/tai-nghe/tai-nghe-co-day-type-c-jbl-t310cblk
01:35:58 [INFO]     Đã lấy được 12 thuộc tính
01:35:58 [INFO]       Đã lấy được Thông tin mô tả sản phẩm
01:36:00 [INFO]    🔹 [90/160] Thu thập: https://www.thegioididong.com/tai-nghe/tai-nghe-bluetooth-open-ear-ows-rezo-musego-2
01:36:07 [INFO]     Đã lấy được 15 thuộc tính
01:36:07 [INFO]       💾 Đã lưu batch 10 items.
01:36:09 [INFO]    🔹 [91/160] Thu thập: https://www.thegioididong.com/tai-nghe/tai-nghe-bluetooth-true-wireless-xiaomi-redmi-buds-8-pro
01:36:18 [INFO]     Đã lấy được 16 thuộc tính
01:36:20 [INFO]    🔹 [92/160] Thu thập: https://www.thegioididong.com/tai-nghe/tai-nghe-bluetooth-tws-oppo-enco-buds-2-ete41-trang?utm_flashsale=1
01:36:29 [INFO]     Đã lấy được 16 thuộc tính
01:36:29 [INFO]       Đã lấy được Thông tin mô tả sản phẩm
01:36:30 [INFO]    🔹 [93/160] Thu thập: https://www.thegioididong.com/tai-nghe/tai-nghe-tws-alpha-works-aw-curve-200
01:36:41 [INFO]     Đã lấy được 15 thuộc tính
01:36:41 [INFO]       Đã lấy được Thông tin mô tả sản phẩm
01:36:42 [INFO]    🔹 [94/160] Thu thập: https://www.thegioididong.com/tai-nghe/tai-nghe-bluetooth-true-wireless-soul-s-live-30
01:36:51 [INFO]     Đã lấy được 15 thuộc tính
01:36:51 [INFO]       Đã lấy được Thông tin mô tả sản phẩm
01:36:52 [INFO]    🔹 [95/160] Thu thập: https://www.thegioididong.com/tai-nghe/tai-nghe-bluetooth-true-wireless-alpha-works-aw-curve-100?utm_flashsale=1
01:37:00 [INFO]     Đã lấy được 15 thuộc tính
01:37:00 [INFO]       Đã lấy được Thông tin mô tả sản phẩm
01:37:02 [INFO]    🔹 [96/160] Thu thập: https://www.thegioididong.com/tai-nghe/tai-nghe-bluetooth-true-wireless-sony-wf-c710n
01:37:11 [INFO]     Đã lấy được 16 thuộc tính
01:37:11 [INFO]       Đã lấy được Thông tin mô tả sản phẩm
01:37:12 [INFO]    🔹 [97/160] Thu thập: https://www.thegioididong.com/tai-nghe/tai-nghe-co-day-gaming-hp-hyperx-cloud-stinger-core-ii
01:37:20 [INFO]     Đã lấy được 12 thuộc tính
01:37:20 [INFO]       Đã lấy được Thông tin mô tả sản phẩm
01:37:22 [INFO]    🔹 [98/160] Thu thập: https://www.thegioididong.com/tai-nghe/tai-nghe-bluetooth-chup-tai-alpha-works-aw-lite-600
01:37:29 [INFO]     Đã lấy được 16 thuộc tính
01:37:29 [INFO]       Đã lấy được Thông tin mô tả sản phẩm
01:37:31 [INFO]    🔹 [99/160] Thu thập: https://www.thegioididong.com/tai-nghe/tai-nghe-bluetooth-true-wireless-samsung-galaxy-buds-3-r530n?utm_flashsale=1
01:37:40 [INFO]     Đã lấy được 16 thuộc tính
01:37:40 [INFO]       Đã lấy được Thông tin mô tả sản phẩm
01:37:41 [INFO] ♻️ Đang làm mới trình duyệt...
01:37:43 [INFO] patching driver executable C:\Users\CONG\appdata\roaming\undetected_chromedriver\undetected_chromedriver.exe
01:37:47 [INFO]    🔹 [100/160] Thu thập: https://www.thegioididong.com/tai-nghe/tai-nghe-bluetooth-true-wireless-ugreen-hitune-p3-ws207-45110
01:37:57 [INFO]     Đã lấy được 17 thuộc tính
01:37:57 [INFO]       💾 Đã lưu batch 10 items.
01:37:59 [INFO]    🔹 [101/160] Thu thập: https://www.thegioididong.com/tai-nghe/tai-nghe-tws-havit-tw941
01:38:13 [INFO]     Đã lấy được 15 thuộc tính
01:38:13 [INFO]       Đã lấy được Thông tin mô tả sản phẩm
01:38:15 [INFO]    🔹 [102/160] Thu thập: https://www.thegioididong.com/tai-nghe/tai-nghe-bluetooth-true-wireless-samsung-galaxy-buds4-r540n
01:38:23 [INFO]     Đã lấy được 16 thuộc tính
01:38:23 [INFO]       Đã lấy được Thông tin mô tả sản phẩm
01:38:24 [INFO]    🔹 [103/160] Thu thập: https://www.thegioididong.com/tai-nghe/tai-nghe-bluetooth-chup-tai-baseus-bass-bh1-nc
01:38:32 [INFO]     Đã lấy được 15 thuộc tính
01:38:32 [INFO]       Đã lấy được Thông tin mô tả sản phẩm
01:38:33 [INFO]    🔹 [104/160] Thu thập: https://www.thegioididong.com/tai-nghe/tai-nghe-bluetooth-true-wireless-marshall-minor-iv
01:38:41 [INFO]     Đã lấy được 16 thuộc tính
01:38:41 [INFO]       Đã lấy được Thông tin mô tả sản phẩm
01:38:42 [INFO]    🔹 [105/160] Thu thập: https://www.thegioididong.com/tai-nghe/tai-nghe-bluetooth-true-wireless-havit-tw947
01:38:50 [INFO]     Đã lấy được 15 thuộc tính
01:38:50 [INFO]       Đã lấy được Thông tin mô tả sản phẩm
01:38:52 [INFO]    🔹 [106/160] Thu thập: https://www.thegioididong.com/tai-nghe/tai-nghe-bluetooth-chup-tai-zadez-gp-803b
01:39:01 [INFO]     Đã lấy được 15 thuộc tính
01:39:01 [INFO]       Đã lấy được Thông tin mô tả sản phẩm
01:39:02 [INFO]    🔹 [107/160] Thu thập: https://www.thegioididong.com/tai-nghe/tai-nghe-bluetooth-true-wireless-havit-life-nc01t-tw984
01:39:11 [INFO]     Đã lấy được 16 thuộc tính
01:39:13 [INFO]    🔹 [108/160] Thu thập: https://www.thegioididong.com/tai-nghe/tai-nghe-bluetooth-chup-tai-havit-h661bt?utm_flashsale=1
01:39:22 [INFO]     Đã lấy được 15 thuộc tính
01:39:22 [INFO]       Đã lấy được Thông tin mô tả sản phẩm
01:39:23 [INFO]    🔹 [109/160] Thu thập: https://www.thegioididong.com/tai-nghe/tai-nghe-chup-tai-gaming-asus-tuf-h3-den-do?utm_flashsale=1
01:39:31 [INFO]     Đã lấy được 13 thuộc tính
01:39:31 [INFO]       Đã lấy được Thông tin mô tả sản phẩm
01:39:32 [INFO]    🔹 [110/160] Thu thập: https://www.thegioididong.com/tai-nghe/tai-nghe-tws-havit-tw986
01:39:39 [INFO]     Đã lấy được 15 thuộc tính
01:39:40 [INFO]       Đã lấy được Thông tin mô tả sản phẩm
01:39:40 [INFO]       💾 Đã lưu batch 10 items.
01:39:41 [INFO]    🔹 [111/160] Thu thập: https://www.thegioididong.com/tai-nghe/tai-nghe-bluetooth-chup-tai-alpha-works-lite-660
01:39:49 [INFO]     Đã lấy được 16 thuộc tính
01:39:50 [INFO]    🔹 [112/160] Thu thập: https://www.thegioididong.com/tai-nghe/tai-nghe-bluetooth-true-wireless-huawei-t0019-freebuds-6i
01:39:58 [INFO]     Đã lấy được 16 thuộc tính
01:39:59 [INFO]    🔹 [113/160] Thu thập: https://www.thegioididong.com/tai-nghe/tai-nghe-co-day-ep-type-c-sony-ier-ex15c
01:40:07 [INFO]     Đã lấy được 13 thuộc tính
01:40:09 [INFO]    🔹 [114/160] Thu thập: https://www.thegioididong.com/tai-nghe/tai-nghe-bluetooth-chup-tai-alpha-works-flex-680
01:40:17 [INFO]     Đã lấy được 16 thuộc tính
01:40:17 [INFO]       Đã lấy được Thông tin mô tả sản phẩm
01:40:19 [INFO] ♻️ Đang làm mới trình duyệt...
01:40:22 [INFO] patching driver executable C:\Users\CONG\appdata\roaming\undetected_chromedriver\undetected_chromedriver.exe
01:40:26 [INFO]    🔹 [115/160] Thu thập: https://www.thegioididong.com/tai-nghe/tai-nghe-co-day-hp-hyperx-cloud-earbuds-ii
01:40:26 [ERROR] ❌ Lỗi xử lý tại https://www.thegioididong.com/tai-nghe/tai-nghe-co-day-hp-hyperx-cloud-earbuds-ii: Message: no such window: target window already closed
from unknown error: web view not found
  (Session info: chrome=147.0.7727.102)
Stacktrace:
	undetected_chromedriver!GetHandleVerifier [0x3ec733+10b73]
	undetected_chromedriver!GetHandleVerifier [0x3ec864+10ca4]
	undetected_chromedriver!(No symbol) [0x1c2100]
	undetected_chromedriver!(No symbol) [0x1a0c23]
	undetected_chromedriver!(No symbol) [0x23445b]
	undetected_chromedriver!(No symbol) [0x24ac29]
	undetected_chromedriver!(No symbol) [0x22d9b6]
	undetected_chromedriver!(No symbol) [0x200339]
	undetected_chromedriver!(No symbol) [0x2010f4]
	undetected_chromedriver!GetHandleVerifier [0x64fe04+274244]
	undetected_chromedriver!GetHandleVerifier [0x64b459+26f899]
	undetected_chromedriver!GetHandleVerifier [0x669bd5+28e015]
	undetected_chromedriver!GetHandleVerifier [0x407188+2b5c8]
	undetected_chromedriver!GetHandleVerifier [0x40f23d+3367d]
	undetected_chromedriver!GetHandleVerifier [0x3f5138+19578]
	undetected_chromedriver!GetHandleVerifier [0x3f5302+19742]
	undetected_chromedriver!GetHandleVerifier [0x3de48f+28cf]
	KERNEL32!BaseThreadInitThunk [0x763b5d49+19]
	ntdll!RtlInitializeExceptionChain [0x77ced83b+6b]
	ntdll!RtlGetAppContainerNamedObjectPath [0x77ced7c1+231]

01:40:36 [INFO] patching driver executable C:\Users\CONG\appdata\roaming\undetected_chromedriver\undetected_chromedriver.exe
01:40:40 [INFO]    🔹 [115/160] Thu thập: https://www.thegioididong.com/tai-nghe/tai-nghe-co-day-hp-hyperx-cloud-earbuds-ii
01:40:40 [ERROR] ❌ Lỗi xử lý tại https://www.thegioididong.com/tai-nghe/tai-nghe-co-day-hp-hyperx-cloud-earbuds-ii: Message: no such window: target window already closed
from unknown error: web view not found
  (Session info: chrome=147.0.7727.102)
Stacktrace:
	undetected_chromedriver!GetHandleVerifier [0xe6c733+10b73]
	undetected_chromedriver!GetHandleVerifier [0xe6c864+10ca4]
	undetected_chromedriver!(No symbol) [0xc42100]
	undetected_chromedriver!(No symbol) [0xc20c23]
	undetected_chromedriver!(No symbol) [0xcb445b]
	undetected_chromedriver!(No symbol) [0xccac29]
	undetected_chromedriver!(No symbol) [0xcad9b6]
	undetected_chromedriver!(No symbol) [0xc80339]
	undetected_chromedriver!(No symbol) [0xc810f4]
	undetected_chromedriver!GetHandleVerifier [0x10cfe04+274244]
	undetected_chromedriver!GetHandleVerifier [0x10cb459+26f899]
	undetected_chromedriver!GetHandleVerifier [0x10e9bd5+28e015]
	undetected_chromedriver!GetHandleVerifier [0xe87188+2b5c8]
	undetected_chromedriver!GetHandleVerifier [0xe8f23d+3367d]
	undetected_chromedriver!GetHandleVerifier [0xe75138+19578]
	undetected_chromedriver!GetHandleVerifier [0xe75302+19742]
	undetected_chromedriver!GetHandleVerifier [0xe5e48f+28cf]
	KERNEL32!BaseThreadInitThunk [0x763b5d49+19]
	ntdll!RtlInitializeExceptionChain [0x77ced83b+6b]
	ntdll!RtlGetAppContainerNamedObjectPath [0x77ced7c1+231]

01:40:50 [INFO] patching driver executable C:\Users\CONG\appdata\roaming\undetected_chromedriver\undetected_chromedriver.exe
01:40:55 [INFO]    🔹 [115/160] Thu thập: https://www.thegioididong.com/tai-nghe/tai-nghe-co-day-hp-hyperx-cloud-earbuds-ii
01:40:55 [ERROR] ❌ Lỗi xử lý tại https://www.thegioididong.com/tai-nghe/tai-nghe-co-day-hp-hyperx-cloud-earbuds-ii: Message: no such window: target window already closed
from unknown error: web view not found
  (Session info: chrome=147.0.7727.102)
Stacktrace:
	undetected_chromedriver!GetHandleVerifier [0x68c733+10b73]
	undetected_chromedriver!GetHandleVerifier [0x68c864+10ca4]
	undetected_chromedriver!(No symbol) [0x462100]
	undetected_chromedriver!(No symbol) [0x440c23]
	undetected_chromedriver!(No symbol) [0x4d445b]
	undetected_chromedriver!(No symbol) [0x4eac29]
	undetected_chromedriver!(No symbol) [0x4cd9b6]
	undetected_chromedriver!(No symbol) [0x4a0339]
	undetected_chromedriver!(No symbol) [0x4a10f4]
	undetected_chromedriver!GetHandleVerifier [0x8efe04+274244]
	undetected_chromedriver!GetHandleVerifier [0x8eb459+26f899]
	undetected_chromedriver!GetHandleVerifier [0x909bd5+28e015]
	undetected_chromedriver!GetHandleVerifier [0x6a7188+2b5c8]
	undetected_chromedriver!GetHandleVerifier [0x6af23d+3367d]
	undetected_chromedriver!GetHandleVerifier [0x695138+19578]
	undetected_chromedriver!GetHandleVerifier [0x695302+19742]
	undetected_chromedriver!GetHandleVerifier [0x67e48f+28cf]
	KERNEL32!BaseThreadInitThunk [0x763b5d49+19]
	ntdll!RtlInitializeExceptionChain [0x77ced83b+6b]
	ntdll!RtlGetAppContainerNamedObjectPath [0x77ced7c1+231]

01:41:05 [INFO] patching driver executable C:\Users\CONG\appdata\roaming\undetected_chromedriver\undetected_chromedriver.exe
01:41:12 [INFO]    🔹 [116/160] Thu thập: https://www.thegioididong.com/tai-nghe/tai-nghe-bluetooth-true-wireless-samsung-galaxy-buds-3-pro-r630n?utm_flashsale=1
01:41:12 [ERROR] ❌ Lỗi xử lý tại https://www.thegioididong.com/tai-nghe/tai-nghe-bluetooth-true-wireless-samsung-galaxy-buds-3-pro-r630n?utm_flashsale=1: Message: no such window: target window already closed
from unknown error: web view not found
  (Session info: chrome=147.0.7727.102)
Stacktrace:
	undetected_chromedriver!GetHandleVerifier [0x126c733+10b73]
	undetected_chromedriver!GetHandleVerifier [0x126c864+10ca4]
	undetected_chromedriver!(No symbol) [0x1042100]
	undetected_chromedriver!(No symbol) [0x1020c23]
	undetected_chromedriver!(No symbol) [0x10b445b]
	undetected_chromedriver!(No symbol) [0x10cac29]
	undetected_chromedriver!(No symbol) [0x10ad9b6]
	undetected_chromedriver!(No symbol) [0x1080339]
	undetected_chromedriver!(No symbol) [0x10810f4]
	undetected_chromedriver!GetHandleVerifier [0x14cfe04+274244]
	undetected_chromedriver!GetHandleVerifier [0x14cb459+26f899]
	undetected_chromedriver!GetHandleVerifier [0x14e9bd5+28e015]
	undetected_chromedriver!GetHandleVerifier [0x1287188+2b5c8]
	undetected_chromedriver!GetHandleVerifier [0x128f23d+3367d]
	undetected_chromedriver!GetHandleVerifier [0x1275138+19578]
	undetected_chromedriver!GetHandleVerifier [0x1275302+19742]
	undetected_chromedriver!GetHandleVerifier [0x125e48f+28cf]
	KERNEL32!BaseThreadInitThunk [0x763b5d49+19]
	ntdll!RtlInitializeExceptionChain [0x77ced83b+6b]
	ntdll!RtlGetAppContainerNamedObjectPath [0x77ced7c1+231]

01:41:22 [INFO] patching driver executable C:\Users\CONG\appdata\roaming\undetected_chromedriver\undetected_chromedriver.exe
01:41:27 [INFO]    🔹 [116/160] Thu thập: https://www.thegioididong.com/tai-nghe/tai-nghe-bluetooth-true-wireless-samsung-galaxy-buds-3-pro-r630n?utm_flashsale=1
01:41:37 [INFO]     Đã lấy được 16 thuộc tính
01:41:37 [INFO]       Đã lấy được Thông tin mô tả sản phẩm
01:41:38 [INFO]    🔹 [117/160] Thu thập: https://www.thegioididong.com/tai-nghe/tai-nghe-co-day-ep-type-c-ava-livebass-s870?utm_flashsale=1
01:41:45 [INFO]     Đã lấy được 11 thuộc tính
01:41:45 [INFO]       Đã lấy được Thông tin mô tả sản phẩm
01:41:47 [INFO]    🔹 [118/160] Thu thập: https://www.thegioididong.com/tai-nghe/tai-nghe-bluetooth-open-ear-true-wireless-havit-ows929
01:41:57 [INFO]     Đã lấy được 14 thuộc tính
01:41:59 [INFO]    🔹 [119/160] Thu thập: https://www.thegioididong.com/tai-nghe/tai-nghe-bluetooth-chup-tai-ugreen-studio-max2-hp205?utm_flashsale=1
01:42:08 [INFO]     Đã lấy được 14 thuộc tính
01:42:09 [INFO]    🔹 [120/160] Thu thập: https://www.thegioididong.com/tai-nghe/tai-nghe-bluetooth-chup-tai-sony-wh1000xm5
01:42:17 [INFO]     Đã lấy được 17 thuộc tính
01:42:17 [INFO]       Đã lấy được Thông tin mô tả sản phẩm
01:42:19 [INFO]    🔹 [121/160] Thu thập: https://www.thegioididong.com/tai-nghe/tai-nghe-bluetooth-chup-tai-alpha-works-flex-688
01:42:26 [INFO]     Đã lấy được 16 thuộc tính
01:42:27 [INFO]       💾 Đã lưu batch 10 items.
01:42:28 [INFO]    🔹 [122/160] Thu thập: https://www.thegioididong.com/tai-nghe/tai-nghe-tws-xiaomi-redmi-buds-6-pro
01:42:36 [INFO]     Đã lấy được 16 thuộc tính
01:42:36 [INFO]       Đã lấy được Thông tin mô tả sản phẩm
01:42:37 [INFO]    🔹 [123/160] Thu thập: https://www.thegioididong.com/tai-nghe/tai-nghe-chup-tai-logitech-h340
01:42:45 [INFO]     Đã lấy được 12 thuộc tính
01:42:45 [INFO]       Đã lấy được Thông tin mô tả sản phẩm
01:42:47 [INFO]    🔹 [124/160] Thu thập: https://www.thegioididong.com/tai-nghe/tai-nghe-bluetooth-open-ear-true-wireless-jbl-sense-lite
01:42:56 [INFO]     Đã lấy được 16 thuộc tính
01:42:57 [INFO]    🔹 [125/160] Thu thập: https://www.thegioididong.com/tai-nghe/tai-nghe-bluetooth-true-wireless-soundpeats-air-6-hs
01:43:04 [INFO]     Đã lấy được 16 thuộc tính
01:43:06 [INFO]    🔹 [126/160] Thu thập: https://www.thegioididong.com/tai-nghe/airpods-max-2
01:43:15 [INFO]     Đã lấy được 14 thuộc tính
01:43:17 [INFO]    🔹 [127/160] Thu thập: https://www.thegioididong.com/tai-nghe/tai-nghe-bluetooth-true-wireless-marshall-motif-ii-a-n-c
01:43:25 [INFO]     Đã lấy được 16 thuộc tính
01:43:25 [INFO]       Đã lấy được Thông tin mô tả sản phẩm
01:43:27 [INFO]    🔹 [128/160] Thu thập: https://www.thegioididong.com/tai-nghe/tai-nghe-bluetooth-true-wireless-jbl-live-beam-3
01:43:35 [INFO]     Đã lấy được 16 thuộc tính
01:43:35 [INFO]       Đã lấy được Thông tin mô tả sản phẩm
01:43:37 [INFO]    🔹 [129/160] Thu thập: https://www.thegioididong.com/tai-nghe/tai-nghe-bluetooth-the-thao-soundpeats-runfree-lite-2
01:43:46 [INFO]     Đã lấy được 14 thuộc tính
01:43:46 [INFO]       Đã lấy được Thông tin mô tả sản phẩm
01:43:48 [INFO] ♻️ Đang làm mới trình duyệt...
01:43:54 [INFO] patching driver executable C:\Users\CONG\appdata\roaming\undetected_chromedriver\undetected_chromedriver.exe
01:43:58 [INFO]    🔹 [130/160] Thu thập: https://www.thegioididong.com/tai-nghe/tai-nghe-bluetooth-true-wireless-sony-wf1000xm5
01:44:08 [INFO]     Đã lấy được 16 thuộc tính
01:44:08 [INFO]       Đã lấy được Thông tin mô tả sản phẩm
01:44:10 [INFO]    🔹 [131/160] Thu thập: https://www.thegioididong.com/tai-nghe/tai-nghe-bluetooth-chup-tai-havit-h663bt
01:44:18 [INFO]     Đã lấy được 15 thuộc tính
01:44:18 [INFO]       Đã lấy được Thông tin mô tả sản phẩm
01:44:18 [INFO]       💾 Đã lưu batch 10 items.
01:44:20 [INFO]    🔹 [132/160] Thu thập: https://www.thegioididong.com/tai-nghe/tai-nghe-bluetooth-true-wireless-rezo-air-5-deluxe-anc?utm_flashsale=1
01:44:28 [INFO]     Đã lấy được 15 thuộc tính
01:44:28 [INFO]       Đã lấy được Thông tin mô tả sản phẩm
01:44:30 [INFO]    🔹 [133/160] Thu thập: https://www.thegioididong.com/tai-nghe/tai-nghe-bluetooth-chup-tai-sony-wh1000xm6
01:44:38 [INFO]     Đã lấy được 17 thuộc tính
01:44:38 [INFO]       Đã lấy được Thông tin mô tả sản phẩm
01:44:39 [INFO]    🔹 [134/160] Thu thập: https://www.thegioididong.com/tai-nghe/tai-nghe-beats-solo-buds
01:44:48 [INFO]     Đã lấy được 12 thuộc tính
01:44:48 [INFO]       Đã lấy được Thông tin mô tả sản phẩm
01:44:49 [INFO]    🔹 [135/160] Thu thập: https://www.thegioididong.com/tai-nghe/tai-nghe-bluetooth-true-wireless-baseus-bass-bd1
01:44:59 [INFO]     Đã lấy được 16 thuộc tính
01:44:59 [INFO]       Đã lấy được Thông tin mô tả sản phẩm
01:45:00 [INFO]    🔹 [136/160] Thu thập: https://www.thegioididong.com/tai-nghe/ep-gaming-asus-rog-cetra-ii-core-den?utm_flashsale=1
01:45:10 [INFO]     Đã lấy được 12 thuộc tính
01:45:10 [INFO]       Đã lấy được Thông tin mô tả sản phẩm
01:45:11 [INFO]    🔹 [137/160] Thu thập: https://www.thegioididong.com/tai-nghe/tai-nghe-chup-tai-logitech-h390
01:45:19 [INFO]     Đã lấy được 12 thuộc tính
01:45:19 [INFO]       Đã lấy được Thông tin mô tả sản phẩm
01:45:20 [INFO]    🔹 [138/160] Thu thập: https://www.thegioididong.com/tai-nghe/tai-nghe-tws-huawei-t0014-freebuds-5i
01:45:28 [INFO]     Đã lấy được 16 thuộc tính
01:45:28 [INFO]       Đã lấy được Thông tin mô tả sản phẩm
01:45:30 [INFO]    🔹 [139/160] Thu thập: https://www.thegioididong.com/tai-nghe/tai-nghe-bluetooth-open-ear-ows-soundcore-c50i-d1101
01:45:37 [INFO]     Đã lấy được 15 thuộc tính
01:45:39 [INFO]    🔹 [140/160] Thu thập: https://www.thegioididong.com/tai-nghe/tai-nghe-co-day-gaming-jbl-quantum-qtum50cblk
01:45:46 [INFO]     Đã lấy được 12 thuộc tính
01:45:46 [INFO]       Đã lấy được Thông tin mô tả sản phẩm
01:45:48 [INFO]    🔹 [141/160] Thu thập: https://www.thegioididong.com/tai-nghe/tai-nghe-chup-tai-gaming-jbl-quantum-qtum100m2blk
01:45:56 [INFO]     Đã lấy được 13 thuộc tính
01:45:56 [INFO]       Đã lấy được Thông tin mô tả sản phẩm
01:45:56 [INFO]       💾 Đã lưu batch 10 items.
01:45:58 [INFO]    🔹 [142/160] Thu thập: https://www.thegioididong.com/tai-nghe/tai-nghe-bluetooth-open-ear-ows-baseus-bowie-mc1
01:46:05 [INFO]     Đã lấy được 16 thuộc tính
01:46:06 [INFO]       Đã lấy được Thông tin mô tả sản phẩm
01:46:07 [INFO]    🔹 [143/160] Thu thập: https://www.thegioididong.com/tai-nghe/tai-nghe-bluetooth-true-wireless-ugreen-hitune-t3-pro-ws206-35725
01:46:14 [INFO]     Đã lấy được 17 thuộc tính
01:46:15 [INFO]    🔹 [144/160] Thu thập: https://www.thegioididong.com/tai-nghe/tai-nghe-bluetooth-true-wireless-sony-wf1000xm6
01:46:23 [INFO]     Đã lấy được 16 thuộc tính
01:46:24 [INFO] ♻️ Đang làm mới trình duyệt...
01:46:30 [INFO] patching driver executable C:\Users\CONG\appdata\roaming\undetected_chromedriver\undetected_chromedriver.exe
01:46:35 [INFO]    🔹 [145/160] Thu thập: https://www.thegioididong.com/tai-nghe/tai-nghe-chup-tai-logitech-h151
01:46:35 [ERROR] ❌ Lỗi xử lý tại https://www.thegioididong.com/tai-nghe/tai-nghe-chup-tai-logitech-h151: Message: no such window: target window already closed
from unknown error: web view not found
  (Session info: chrome=147.0.7727.102)
Stacktrace:
	undetected_chromedriver!GetHandleVerifier [0xb4c733+10b73]
	undetected_chromedriver!GetHandleVerifier [0xb4c864+10ca4]
	undetected_chromedriver!(No symbol) [0x922100]
	undetected_chromedriver!(No symbol) [0x900c23]
	undetected_chromedriver!(No symbol) [0x99445b]
	undetected_chromedriver!(No symbol) [0x9aac29]
	undetected_chromedriver!(No symbol) [0x98d9b6]
	undetected_chromedriver!(No symbol) [0x960339]
	undetected_chromedriver!(No symbol) [0x9610f4]
	undetected_chromedriver!GetHandleVerifier [0xdafe04+274244]
	undetected_chromedriver!GetHandleVerifier [0xdab459+26f899]
	undetected_chromedriver!GetHandleVerifier [0xdc9bd5+28e015]
	undetected_chromedriver!GetHandleVerifier [0xb67188+2b5c8]
	undetected_chromedriver!GetHandleVerifier [0xb6f23d+3367d]
	undetected_chromedriver!GetHandleVerifier [0xb55138+19578]
	undetected_chromedriver!GetHandleVerifier [0xb55302+19742]
	undetected_chromedriver!GetHandleVerifier [0xb3e48f+28cf]
	KERNEL32!BaseThreadInitThunk [0x763b5d49+19]
	ntdll!RtlInitializeExceptionChain [0x77ced83b+6b]
	ntdll!RtlGetAppContainerNamedObjectPath [0x77ced7c1+231]

01:46:45 [INFO] patching driver executable C:\Users\CONG\appdata\roaming\undetected_chromedriver\undetected_chromedriver.exe
01:46:50 [INFO]    🔹 [145/160] Thu thập: https://www.thegioididong.com/tai-nghe/tai-nghe-chup-tai-logitech-h151
01:46:50 [ERROR] ❌ Lỗi xử lý tại https://www.thegioididong.com/tai-nghe/tai-nghe-chup-tai-logitech-h151: Message: no such window: target window already closed
from unknown error: web view not found
  (Session info: chrome=147.0.7727.102)
Stacktrace:
	undetected_chromedriver!GetHandleVerifier [0xe1c733+10b73]
	undetected_chromedriver!GetHandleVerifier [0xe1c864+10ca4]
	undetected_chromedriver!(No symbol) [0xbf2100]
	undetected_chromedriver!(No symbol) [0xbd0c23]
	undetected_chromedriver!(No symbol) [0xc6445b]
	undetected_chromedriver!(No symbol) [0xc7ac29]
	undetected_chromedriver!(No symbol) [0xc5d9b6]
	undetected_chromedriver!(No symbol) [0xc30339]
	undetected_chromedriver!(No symbol) [0xc310f4]
	undetected_chromedriver!GetHandleVerifier [0x107fe04+274244]
	undetected_chromedriver!GetHandleVerifier [0x107b459+26f899]
	undetected_chromedriver!GetHandleVerifier [0x1099bd5+28e015]
	undetected_chromedriver!GetHandleVerifier [0xe37188+2b5c8]
	undetected_chromedriver!GetHandleVerifier [0xe3f23d+3367d]
	undetected_chromedriver!GetHandleVerifier [0xe25138+19578]
	undetected_chromedriver!GetHandleVerifier [0xe25302+19742]
	undetected_chromedriver!GetHandleVerifier [0xe0e48f+28cf]
	KERNEL32!BaseThreadInitThunk [0x763b5d49+19]
	ntdll!RtlInitializeExceptionChain [0x77ced83b+6b]
	ntdll!RtlGetAppContainerNamedObjectPath [0x77ced7c1+231]

01:47:00 [INFO] patching driver executable C:\Users\CONG\appdata\roaming\undetected_chromedriver\undetected_chromedriver.exe
01:47:05 [INFO]    🔹 [145/160] Thu thập: https://www.thegioididong.com/tai-nghe/tai-nghe-chup-tai-logitech-h151
01:47:22 [INFO]     Đã lấy được 12 thuộc tính
01:47:22 [INFO]       Đã lấy được Thông tin mô tả sản phẩm
01:47:23 [INFO]    🔹 [146/160] Thu thập: https://www.thegioididong.com/tai-nghe/tai-nghe-bluetooth-true-wireless-havit-tw967-pro
01:47:33 [INFO]     Đã lấy được 12 thuộc tính
01:47:33 [INFO]       Đã lấy được Thông tin mô tả sản phẩm
01:47:35 [INFO]    🔹 [147/160] Thu thập: https://www.thegioididong.com/tai-nghe/tai-nghe-truyen-xuong-shokz-openrun-pro-2-mini-s821
01:47:42 [INFO]     Đã lấy được 15 thuộc tính
01:47:42 [INFO]       Đã lấy được Thông tin mô tả sản phẩm
01:47:44 [INFO]    🔹 [148/160] Thu thập: https://www.thegioididong.com/tai-nghe/tai-nghe-bluetooth-true-wireless-soundcore-liberty-5-a3957
01:47:52 [INFO]     Đã lấy được 16 thuộc tính
01:47:52 [INFO]       Đã lấy được Thông tin mô tả sản phẩm
01:47:53 [INFO]    🔹 [149/160] Thu thập: https://www.thegioididong.com/tai-nghe/tai-nghe-bluetooth-open-ear-tws-baseus-eli-sport-2
01:48:01 [INFO]     Đã lấy được 16 thuộc tính
01:48:01 [INFO]       Đã lấy được Thông tin mô tả sản phẩm
01:48:03 [INFO]    🔹 [150/160] Thu thập: https://www.thegioididong.com/tai-nghe/tai-nghe-bluetooth-true-wireless-oppo-enco-x3s-eted1
01:48:14 [INFO]     Đã lấy được 16 thuộc tính
01:48:15 [INFO]    🔹 [151/160] Thu thập: https://www.thegioididong.com/tai-nghe/tai-nghe-chup-tai-gaming-usb-razer-kraken-v3-x
01:48:23 [INFO]     Đã lấy được 15 thuộc tính
01:48:23 [INFO]       💾 Đã lưu batch 10 items.
01:48:24 [INFO]    🔹 [152/160] Thu thập: https://www.thegioididong.com/tai-nghe/tai-nghe-blutetooth-true-wireless-aukey-ep-m3a-xanh-duong?utm_flashsale=1
01:48:35 [INFO]     Đã lấy được 16 thuộc tính
01:48:35 [INFO]       Đã lấy được Thông tin mô tả sản phẩm
01:48:36 [INFO]    🔹 [153/160] Thu thập: https://www.thegioididong.com/tai-nghe/tai-nghe-blutetooth-true-wireless-aukey-ep-m3a-trang?utm_flashsale=1
01:48:43 [INFO]     Đã lấy được 16 thuộc tính
01:48:43 [INFO]       Đã lấy được Thông tin mô tả sản phẩm
01:48:45 [INFO]    🔹 [154/160] Thu thập: https://www.thegioididong.com/tai-nghe/tai-nghe-bluetooth-open-ear-ows-truyen-khi-havit-freego-pro
01:48:54 [INFO]     Đã lấy được 14 thuộc tính
01:48:55 [INFO]    🔹 [155/160] Thu thập: https://www.thegioididong.com/tai-nghe/tai-nghe-bluetooth-true-wireless-sony-clip-wf-lc900
01:49:02 [INFO]     Đã lấy được 16 thuộc tính
01:49:03 [INFO]    🔹 [156/160] Thu thập: https://www.thegioididong.com/tai-nghe/tai-nghe-bluetooth-soundpeats-free-2-classic
01:49:12 [INFO]     Đã lấy được 15 thuộc tính
01:49:12 [INFO]       Đã lấy được Thông tin mô tả sản phẩm
01:49:14 [INFO]    🔹 [157/160] Thu thập: https://www.thegioididong.com/tai-nghe/tai-nghe-bluetooth-chup-tai-marshall-major-v?utm_flashsale=1
01:49:21 [INFO]     Đã lấy được 16 thuộc tính
01:49:21 [INFO]       Đã lấy được Thông tin mô tả sản phẩm
01:49:23 [INFO]    🔹 [158/160] Thu thập: https://www.thegioididong.com/tai-nghe/tai-nghe-tws-jbl-tour-pro-3
01:49:31 [INFO]     Đã lấy được 16 thuộc tính
01:49:31 [INFO]       Đã lấy được Thông tin mô tả sản phẩm
01:49:33 [INFO]    🔹 [159/160] Thu thập: https://www.thegioididong.com/tai-nghe/tai-nghe-tws-soundcore-liberty-4-pro-a3954
01:49:41 [INFO]     Đã lấy được 16 thuộc tính
01:49:41 [INFO]       Đã lấy được Thông tin mô tả sản phẩm
01:49:43 [INFO] ♻️ Đang làm mới trình duyệt...
01:49:46 [INFO] patching driver executable C:\Users\CONG\appdata\roaming\undetected_chromedriver\undetected_chromedriver.exe
01:49:50 [INFO]    🔹 [160/160] Thu thập: https://www.thegioididong.com/tai-nghe/tai-nghe-bluetooth-jbl-endurance-pace
01:49:50 [ERROR] ❌ Lỗi xử lý tại https://www.thegioididong.com/tai-nghe/tai-nghe-bluetooth-jbl-endurance-pace: Message: no such window: target window already closed
from unknown error: web view not found
  (Session info: chrome=147.0.7727.102)
Stacktrace:
	undetected_chromedriver!GetHandleVerifier [0x74c733+10b73]
	undetected_chromedriver!GetHandleVerifier [0x74c864+10ca4]
	undetected_chromedriver!(No symbol) [0x522100]
	undetected_chromedriver!(No symbol) [0x500c23]
	undetected_chromedriver!(No symbol) [0x59445b]
	undetected_chromedriver!(No symbol) [0x5aac29]
	undetected_chromedriver!(No symbol) [0x58d9b6]
	undetected_chromedriver!(No symbol) [0x560339]
	undetected_chromedriver!(No symbol) [0x5610f4]
	undetected_chromedriver!GetHandleVerifier [0x9afe04+274244]
	undetected_chromedriver!GetHandleVerifier [0x9ab459+26f899]
	undetected_chromedriver!GetHandleVerifier [0x9c9bd5+28e015]
	undetected_chromedriver!GetHandleVerifier [0x767188+2b5c8]
	undetected_chromedriver!GetHandleVerifier [0x76f23d+3367d]
	undetected_chromedriver!GetHandleVerifier [0x755138+19578]
	undetected_chromedriver!GetHandleVerifier [0x755302+19742]
	undetected_chromedriver!GetHandleVerifier [0x73e48f+28cf]
	KERNEL32!BaseThreadInitThunk [0x763b5d49+19]
	ntdll!RtlInitializeExceptionChain [0x77ced83b+6b]
	ntdll!RtlGetAppContainerNamedObjectPath [0x77ced7c1+231]

01:50:01 [INFO] patching driver executable C:\Users\CONG\appdata\roaming\undetected_chromedriver\undetected_chromedriver.exe
01:50:05 [INFO]    🔹 [160/160] Thu thập: https://www.thegioididong.com/tai-nghe/tai-nghe-bluetooth-jbl-endurance-pace
01:50:17 [INFO]     Đã lấy được 15 thuộc tính
01:50:19 [INFO] ✅ Hoàn tất file: headphone_products.csv
01:50:19 [INFO] 📂 ĐANG XỬ LÝ FILE: laptop_products.csv
01:50:19 [INFO]    🔹 [1/180] Thu thập: https://www.thegioididong.com/laptop/asus-vivobook-go-e1504fa-r5-7520u-bq1160w
01:50:28 [INFO]     Đã lấy được 4 thuộc tính
01:50:28 [INFO]       Đã lấy được Thông tin mô tả sản phẩm
01:50:29 [INFO]    🔹 [2/180] Thu thập: https://www.thegioididong.com/laptop/macbook-air-13-inch-m4-16gb-256gb-sac-70w
01:50:37 [INFO]     Đã lấy được 4 thuộc tính
01:50:37 [INFO]       Đã lấy được Thông tin mô tả sản phẩm
01:50:38 [INFO]    🔹 [3/180] Thu thập: https://www.thegioididong.com/laptop/hp-15-fc0023au-r5-7520u-d0bh1pa
01:50:45 [INFO]     Đã lấy được 4 thuộc tính
01:50:45 [INFO]       Đã lấy được Thông tin mô tả sản phẩm
01:50:47 [INFO]    🔹 [4/180] Thu thập: https://www.thegioididong.com/laptop/hp-245-g10-r5-b8pf9at
01:50:55 [INFO]     Đã lấy được 4 thuộc tính
01:50:55 [INFO]       Đã lấy được Thông tin mô tả sản phẩm
01:50:56 [INFO]    🔹 [5/180] Thu thập: https://www.thegioididong.com/laptop/macbook-neo-13-inch-a18-pro-8gb-256gb
01:51:03 [INFO]     Đã lấy được 4 thuộc tính
01:51:03 [INFO]       Đã lấy được Thông tin mô tả sản phẩm
01:51:04 [INFO]    🔹 [6/180] Thu thập: https://www.thegioididong.com/laptop/macbook-air-13-inch-m4-16gb-256gb
01:51:13 [INFO]     Đã lấy được 4 thuộc tính
01:51:13 [INFO]       Đã lấy được Thông tin mô tả sản phẩm
01:51:15 [INFO]    🔹 [7/180] Thu thập: https://www.thegioididong.com/laptop/acer-aspire-lite-14-al14-71m-52gq-i5-12500h-nx-j4asv-001
01:51:24 [INFO]     Đã lấy được 4 thuộc tính
01:51:24 [INFO]       Đã lấy được Thông tin mô tả sản phẩm
01:51:26 [INFO]    🔹 [8/180] Thu thập: https://www.thegioididong.com/laptop/dell-15-dc15250-i5-1334u-dc5i5897w1
01:51:33 [INFO]     Đã lấy được 4 thuộc tính
01:51:33 [INFO]       Đã lấy được Thông tin mô tả sản phẩm
01:51:34 [INFO]    🔹 [9/180] Thu thập: https://www.thegioididong.com/laptop/asus-x1504va-core-5-bq185ws
01:51:43 [INFO]     Đã lấy được 4 thuộc tính
01:51:43 [INFO]       Đã lấy được Thông tin mô tả sản phẩm
01:51:45 [INFO]    🔹 [10/180] Thu thập: https://www.thegioididong.com/laptop/hp-probook-455-g10-r5-b8pg7at
01:51:52 [INFO]     Đã lấy được 4 thuộc tính
01:51:52 [INFO]       Đã lấy được Thông tin mô tả sản phẩm
01:51:52 [INFO]       💾 Đã lưu batch 10 items.
01:51:54 [INFO]    🔹 [11/180] Thu thập: https://www.thegioididong.com/laptop/dell-15-dc15250-i5-dc5i5357w1
01:52:02 [INFO]     Đã lấy được 4 thuộc tính
01:52:02 [INFO]       Đã lấy được Thông tin mô tả sản phẩm
01:52:04 [INFO]    🔹 [12/180] Thu thập: https://www.thegioididong.com/laptop/lenovo-loq-15iax9e-i5-83lk0079vn
01:52:12 [INFO]     Đã lấy được 4 thuộc tính
01:52:12 [INFO]       Đã lấy được Thông tin mô tả sản phẩm
01:52:14 [INFO]    🔹 [13/180] Thu thập: https://www.thegioididong.com/laptop/dell-15-dc15255-r5-7530u-dc5r5802w1
01:52:22 [INFO]     Đã lấy được 4 thuộc tính
01:52:22 [INFO]       Đã lấy được Thông tin mô tả sản phẩm
01:52:24 [INFO]    🔹 [14/180] Thu thập: https://www.thegioididong.com/laptop/dell-15-dc15250-i7-dc5i7748w1
01:52:34 [INFO]     Đã lấy được 4 thuộc tính
01:52:34 [INFO]       Đã lấy được Thông tin mô tả sản phẩm
01:52:35 [INFO] ♻️ Đang làm mới trình duyệt...
01:52:41 [INFO] patching driver executable C:\Users\CONG\appdata\roaming\undetected_chromedriver\undetected_chromedriver.exe
01:52:46 [INFO]    🔹 [15/180] Thu thập: https://www.thegioididong.com/laptop/acer-aspire-lite-15-al15-42p-r50r-r5-7430u-nxd34sv004
01:52:59 [INFO]     Đã lấy được 4 thuộc tính
01:52:59 [INFO]       Đã lấy được Thông tin mô tả sản phẩm
01:53:01 [INFO]    🔹 [16/180] Thu thập: https://www.thegioididong.com/laptop/lenovo-ideapad-slim-3-15irh10-i5-83k1000hvn
01:53:09 [INFO]     Đã lấy được 4 thuộc tính
01:53:09 [INFO]       Đã lấy được Thông tin mô tả sản phẩm
01:53:11 [INFO]    🔹 [17/180] Thu thập: https://www.thegioididong.com/laptop/acer-aspire-lite-15-al15-33p-38ba-core-3-n355-nx-d2ksv-001
01:53:19 [INFO]     Đã lấy được 4 thuộc tính
01:53:19 [INFO]       Đã lấy được Thông tin mô tả sản phẩm
01:53:21 [INFO]    🔹 [18/180] Thu thập: https://www.thegioididong.com/laptop/dell-14-dc14250-core-5-120u-dc4c5386w
01:53:29 [INFO]     Đã lấy được 4 thuộc tính
01:53:29 [INFO]       Đã lấy được Thông tin mô tả sản phẩm
01:53:30 [INFO]    🔹 [19/180] Thu thập: https://www.thegioididong.com/laptop/dell-15-dc15250-i5-1334u-71084746
01:53:39 [INFO]     Đã lấy được 4 thuộc tính
01:53:39 [INFO]       Đã lấy được Thông tin mô tả sản phẩm
01:53:41 [INFO]    🔹 [20/180] Thu thập: https://www.thegioididong.com/laptop/acer-aspire-lite-15-al15-41p-r3ql-r7-nxj54sv001
01:53:50 [INFO]     Đã lấy được 4 thuộc tính
01:53:50 [INFO]       Đã lấy được Thông tin mô tả sản phẩm
01:53:50 [INFO]       💾 Đã lưu batch 10 items.
01:53:51 [INFO]    🔹 [21/180] Thu thập: https://www.thegioididong.com/laptop/asus-vivobook-15-x1504va-i3-nj1634w
01:54:00 [INFO]     Đã lấy được 4 thuộc tính
01:54:00 [INFO]       Đã lấy được Thông tin mô tả sản phẩm
01:54:01 [INFO]    🔹 [22/180] Thu thập: https://www.thegioididong.com/laptop/hp-15-fc0655au-r5-7430u-c81ngpa
01:54:10 [INFO]     Đã lấy được 4 thuộc tính
01:54:10 [INFO]       Đã lấy được Thông tin mô tả sản phẩm
01:54:11 [INFO]    🔹 [23/180] Thu thập: https://www.thegioididong.com/laptop/hp-15-fd0234tu-core-5-120u-9q969pa-120u
01:54:18 [INFO]     Đã lấy được 4 thuộc tính
01:54:18 [INFO]       Đã lấy được Thông tin mô tả sản phẩm
01:54:19 [INFO]    🔹 [24/180] Thu thập: https://www.thegioididong.com/laptop/dell-15-dc15250-i5-1334u-cph99
01:54:27 [INFO]     Đã lấy được 4 thuộc tính
01:54:27 [INFO]       Đã lấy được Thông tin mô tả sản phẩm
01:54:28 [INFO]    🔹 [25/180] Thu thập: https://www.thegioididong.com/laptop/hp-pavilion-16-af0055tu-ultra-5-ay8c4pa
01:54:36 [INFO]     Đã lấy được 6 thuộc tính
01:54:36 [INFO]       Đã lấy được Thông tin mô tả sản phẩm
01:54:38 [INFO]    🔹 [26/180] Thu thập: https://www.thegioididong.com/laptop/hp-240r-g10-core-3-100u-c3ru6at
01:54:46 [INFO]     Đã lấy được 4 thuộc tính
01:54:46 [INFO]       Đã lấy được Thông tin mô tả sản phẩm
01:54:47 [INFO]    🔹 [27/180] Thu thập: https://www.thegioididong.com/laptop/asus-vivobook-14-x1404va-core-5-eb155ws
01:54:53 [INFO]    🔹 [27/180] Thu thập: https://www.thegioididong.com/laptop/asus-vivobook-14-x1404va-core-5-eb155ws
01:54:58 [INFO]    🔹 [27/180] Thu thập: https://www.thegioididong.com/laptop/asus-vivobook-14-x1404va-core-5-eb155ws
01:55:03 [INFO]    🔹 [28/180] Thu thập: https://www.thegioididong.com/laptop/hp-240r-g10-core-5-120u-c3ru7at
01:55:11 [INFO]     Đã lấy được 4 thuộc tính
01:55:11 [INFO]       Đã lấy được Thông tin mô tả sản phẩm
01:55:12 [INFO]    🔹 [29/180] Thu thập: https://www.thegioididong.com/laptop/dell-15-dc15250-i5-1334u-dc15250-i5u165w11slu
01:55:21 [INFO]     Đã lấy được 4 thuộc tính
01:55:21 [INFO]       Đã lấy được Thông tin mô tả sản phẩm
01:55:22 [INFO] ♻️ Đang làm mới trình duyệt...
01:55:25 [INFO] patching driver executable C:\Users\CONG\appdata\roaming\undetected_chromedriver\undetected_chromedriver.exe
01:55:29 [INFO]    🔹 [30/180] Thu thập: https://www.thegioididong.com/laptop/asus-vivobook-15-x1504va-i3-1315u-bq3394w
01:55:54 [INFO]     Đã lấy được 4 thuộc tính
01:55:54 [INFO]       Đã lấy được Thông tin mô tả sản phẩm
01:55:55 [INFO]    🔹 [31/180] Thu thập: https://www.thegioididong.com/laptop/acer-aspire-lite-al14-52m-54cj-i5-nxj39sv002
01:56:04 [INFO]     Đã lấy được 4 thuộc tính
01:56:04 [INFO]       Đã lấy được Thông tin mô tả sản phẩm
01:56:04 [INFO]       💾 Đã lưu batch 10 items.
01:56:06 [INFO]    🔹 [32/180] Thu thập: https://www.thegioididong.com/laptop/asus-vivobook-s16-s3607va-core-5-210h-rp155ws
01:56:15 [INFO]     Đã lấy được 4 thuộc tính
01:56:15 [INFO]       Đã lấy được Thông tin mô tả sản phẩm
01:56:17 [INFO]    🔹 [33/180] Thu thập: https://www.thegioididong.com/laptop/dell-pro-14-essential-pv14250-core-5-120u-pv14250-120u-16512w-bl
01:56:26 [INFO]     Đã lấy được 4 thuộc tính
01:56:26 [INFO]       Đã lấy được Thông tin mô tả sản phẩm
01:56:28 [INFO]    🔹 [34/180] Thu thập: https://www.thegioididong.com/laptop/asus-k3605vc-i5-rp364w
01:56:38 [INFO]     Đã lấy được 4 thuộc tính
01:56:38 [INFO]       Đã lấy được Thông tin mô tả sản phẩm
01:56:40 [INFO]    🔹 [35/180] Thu thập: https://www.thegioididong.com/laptop/dell-15-dc15250-i7-1355u-dc15250-i7u161w11slu
01:56:47 [INFO]     Đã lấy được 4 thuộc tính
01:56:47 [INFO]       Đã lấy được Thông tin mô tả sản phẩm
01:56:49 [INFO]    🔹 [36/180] Thu thập: https://www.thegioididong.com/laptop/msi-gaming-thin-15-b13uc-i5-13420h-3247vn-16gb
01:57:06 [INFO]     Đã lấy được 4 thuộc tính
01:57:06 [INFO]       Đã lấy được Thông tin mô tả sản phẩm
01:57:08 [INFO]    🔹 [37/180] Thu thập: https://www.thegioididong.com/laptop/asus-vivobook-s14-s3407va-core-5-210h-ly146w
01:57:18 [INFO]     Đã lấy được 4 thuộc tính
01:57:18 [INFO]       Đã lấy được Thông tin mô tả sản phẩm
01:57:19 [INFO]    🔹 [38/180] Thu thập: https://www.thegioididong.com/laptop/dell-15-dc15250-i7-1355u-dc15250-i7u161w11slu-5
01:57:27 [INFO]     Đã lấy được 4 thuộc tính
01:57:27 [INFO]       Đã lấy được Thông tin mô tả sản phẩm
01:57:29 [INFO]    🔹 [39/180] Thu thập: https://www.thegioididong.com/laptop/lenovo-ideapad-slim-3-16irh10-i5-83k20003vn
01:57:42 [INFO]     Đã lấy được 4 thuộc tính
01:57:42 [INFO]       Đã lấy được Thông tin mô tả sản phẩm
01:57:43 [INFO]    🔹 [40/180] Thu thập: https://www.thegioididong.com/laptop/dell-15-dc15250-i5-1334u-71071928
01:57:58 [INFO]     Đã lấy được 4 thuộc tính
01:57:58 [INFO]       Đã lấy được Thông tin mô tả sản phẩm
01:57:59 [INFO]    🔹 [41/180] Thu thập: https://www.thegioididong.com/laptop/asus-vivobook-go-e1404fa-r5-7520u-eb482w
01:58:04 [INFO]    🔹 [41/180] Thu thập: https://www.thegioididong.com/laptop/asus-vivobook-go-e1404fa-r5-7520u-eb482w
01:58:10 [INFO]    🔹 [41/180] Thu thập: https://www.thegioididong.com/laptop/asus-vivobook-go-e1404fa-r5-7520u-eb482w
01:58:16 [INFO]    🔹 [42/180] Thu thập: https://www.thegioididong.com/laptop/acer-nitro-v-15-anv15-41-r1jy-r5-nhqpfsv001
01:58:24 [INFO]     Đã lấy được 4 thuộc tính
01:58:24 [INFO]       Đã lấy được Thông tin mô tả sản phẩm
01:58:24 [INFO]       💾 Đã lưu batch 10 items.
01:58:25 [INFO]    🔹 [43/180] Thu thập: https://www.thegioididong.com/laptop/acer-nitro-v-15-anv15-41-r2up-r5-nhqpgsv004
01:58:39 [INFO]     Đã lấy được 4 thuộc tính
01:58:39 [INFO]       Đã lấy được Thông tin mô tả sản phẩm
01:58:41 [INFO]    🔹 [44/180] Thu thập: https://www.thegioididong.com/laptop/macbook-air-13-inch-m5-16gb-512gb
01:58:50 [INFO]     Đã lấy được 4 thuộc tính
01:58:50 [INFO]       Đã lấy được Thông tin mô tả sản phẩm
01:58:51 [INFO] ♻️ Đang làm mới trình duyệt...
01:58:56 [INFO] patching driver executable C:\Users\CONG\appdata\roaming\undetected_chromedriver\undetected_chromedriver.exe
01:59:01 [INFO]    🔹 [45/180] Thu thập: https://www.thegioididong.com/laptop/hp-15-fd0303tu-i3-a2nl4pa
01:59:11 [INFO]     Đã lấy được 4 thuộc tính
01:59:11 [INFO]       Đã lấy được Thông tin mô tả sản phẩm
01:59:13 [INFO]    🔹 [46/180] Thu thập: https://www.thegioididong.com/laptop/acer-aspire-lite-15-al15-71p-517d-i5-nxj7ksv001
01:59:22 [INFO]     Đã lấy được 4 thuộc tính
01:59:22 [INFO]       Đã lấy được Thông tin mô tả sản phẩm
01:59:23 [INFO]    🔹 [47/180] Thu thập: https://www.thegioididong.com/laptop/dell-15-dc15250-i5-1334u-dc15250-i5u165w11slu-5
01:59:52 [INFO]     Đã lấy được 4 thuộc tính
01:59:52 [INFO]       Đã lấy được Thông tin mô tả sản phẩm
01:59:53 [INFO]    🔹 [48/180] Thu thập: https://www.thegioididong.com/laptop/dell-latitude-3450-i5-l34501335u16512wn
02:00:02 [INFO]     Đã lấy được 4 thuộc tính
02:00:02 [INFO]       Đã lấy được Thông tin mô tả sản phẩm
02:00:04 [INFO]    🔹 [49/180] Thu thập: https://www.thegioididong.com/laptop/hp-15-fd0015tu-i7-a19c5pa
02:00:12 [INFO]     Đã lấy được 4 thuộc tính
02:00:12 [INFO]       Đã lấy được Thông tin mô tả sản phẩm
02:00:14 [INFO]    🔹 [50/180] Thu thập: https://www.thegioididong.com/laptop/hp-15-fd0235tu-core-5-120u-9q970pa-120u
02:00:24 [INFO]     Đã lấy được 4 thuộc tính
02:00:24 [INFO]       Đã lấy được Thông tin mô tả sản phẩm
02:00:26 [INFO]    🔹 [51/180] Thu thập: https://www.thegioididong.com/laptop/dell-15-dc15250-i7-1355u-cph991
02:00:34 [INFO]     Đã lấy được 4 thuộc tính
02:00:34 [INFO]       Đã lấy được Thông tin mô tả sản phẩm
02:00:35 [INFO]    🔹 [52/180] Thu thập: https://www.thegioididong.com/laptop/asus-x1502va-i7-bq986ws
02:00:43 [INFO]     Đã lấy được 4 thuộc tính
02:00:44 [INFO]       Đã lấy được Thông tin mô tả sản phẩm
02:00:44 [INFO]       💾 Đã lưu batch 10 items.
02:00:45 [INFO]    🔹 [53/180] Thu thập: https://www.thegioididong.com/laptop/asus-s3407ca-ultra-5-ly095ws
02:00:53 [INFO]     Đã lấy được 6 thuộc tính
02:00:53 [INFO]       Đã lấy được Thông tin mô tả sản phẩm
02:00:54 [INFO]    🔹 [54/180] Thu thập: https://www.thegioididong.com/laptop/hp-240-g10-i3-b73tjat
02:01:05 [INFO]     Đã lấy được 4 thuộc tính
02:01:05 [INFO]       Đã lấy được Thông tin mô tả sản phẩm
02:01:06 [INFO]    🔹 [55/180] Thu thập: https://www.thegioididong.com/laptop/asus-s3607va-i5-rp055ws
02:01:14 [INFO]     Đã lấy được 4 thuộc tính
02:01:14 [INFO]       Đã lấy được Thông tin mô tả sản phẩm
02:01:16 [INFO]    🔹 [56/180] Thu thập: https://www.thegioididong.com/laptop/acer-aspire-lite-15-al15-72p-581v-i5-13500h-nx-d4csv-001
02:01:24 [INFO]     Đã lấy được 4 thuộc tính
02:01:24 [INFO]       Đã lấy được Thông tin mô tả sản phẩm
02:01:25 [INFO]    🔹 [57/180] Thu thập: https://www.thegioididong.com/laptop/dell-inspiron-15-3530-i5-71070372
02:01:33 [INFO]     Đã lấy được 4 thuộc tính
02:01:33 [INFO]       Đã lấy được Thông tin mô tả sản phẩm
02:01:35 [INFO]    🔹 [58/180] Thu thập: https://www.thegioididong.com/laptop/asus-tuf-gaming-f16-fx607vj-core-5-rl034w
02:01:42 [INFO]     Đã lấy được 4 thuộc tính
02:01:42 [INFO]       Đã lấy được Thông tin mô tả sản phẩm
02:01:43 [INFO]    🔹 [59/180] Thu thập: https://www.thegioididong.com/laptop/dell-inspiron-15-3530-i5-n5i5530w1
02:01:51 [INFO]     Đã lấy được 4 thuộc tính
02:01:52 [INFO]       Đã lấy được Thông tin mô tả sản phẩm
02:01:53 [INFO] ♻️ Đang làm mới trình duyệt...
02:01:59 [INFO] patching driver executable C:\Users\CONG\appdata\roaming\undetected_chromedriver\undetected_chromedriver.exe
02:02:03 [INFO]    🔹 [60/180] Thu thập: https://www.thegioididong.com/laptop/hp-omnibook-5-flip-14-fp0057tu-core-5-120u-bz7q6pa
02:02:13 [INFO]     Đã lấy được 4 thuộc tính
02:02:13 [INFO]       Đã lấy được Thông tin mô tả sản phẩm
02:02:15 [INFO]    🔹 [61/180] Thu thập: https://www.thegioididong.com/laptop/lenovo-v14-g4-i3-1315u-83a000s4vn
02:02:24 [INFO]     Đã lấy được 4 thuộc tính
02:02:24 [INFO]       Đã lấy được Thông tin mô tả sản phẩm
02:02:25 [INFO]    🔹 [62/180] Thu thập: https://www.thegioididong.com/laptop/asus-vivobook-14-x1404va-core-5-120u-eb155w
02:02:31 [INFO]    🔹 [62/180] Thu thập: https://www.thegioididong.com/laptop/asus-vivobook-14-x1404va-core-5-120u-eb155w
02:02:36 [INFO]    🔹 [62/180] Thu thập: https://www.thegioididong.com/laptop/asus-vivobook-14-x1404va-core-5-120u-eb155w
02:02:42 [INFO]    🔹 [63/180] Thu thập: https://www.thegioididong.com/laptop/dell-15-dc15255-r7-7730u-x9ym41
02:02:51 [INFO]     Đã lấy được 4 thuộc tính
02:02:51 [INFO]       Đã lấy được Thông tin mô tả sản phẩm
02:02:51 [INFO]       💾 Đã lưu batch 10 items.
02:02:52 [INFO]    🔹 [64/180] Thu thập: https://www.thegioididong.com/laptop/asus-vivobook-15-x1504va-core-7-150u-bq295w
02:03:00 [INFO]     Đã lấy được 4 thuộc tính
02:03:00 [INFO]       Đã lấy được Thông tin mô tả sản phẩm
02:03:01 [INFO]    🔹 [65/180] Thu thập: https://www.thegioididong.com/laptop/hp-pavilion-x360-14-ek2024tu-core-5-9z2v6pa?utm_flashsale=1
02:03:10 [INFO]     Đã lấy được 4 thuộc tính
02:03:10 [INFO]       Đã lấy được Thông tin mô tả sản phẩm
02:03:12 [INFO]    🔹 [66/180] Thu thập: https://www.thegioididong.com/laptop/lenovo-ideapad-slim-3-15amn8-r5-82xq00j0vn
02:03:20 [INFO]     Đã lấy được 4 thuộc tính
02:03:20 [INFO]       Đã lấy được Thông tin mô tả sản phẩm
02:03:22 [INFO]    🔹 [67/180] Thu thập: https://www.thegioididong.com/laptop/hp-245-g10-r5-a20tdpt
02:03:30 [INFO]     Đã lấy được 4 thuộc tính
02:03:30 [INFO]       Đã lấy được Thông tin mô tả sản phẩm
02:03:32 [INFO]    🔹 [68/180] Thu thập: https://www.thegioididong.com/laptop/hp-15-fr0036tu-i5-13420h-bz7u2pa
02:03:40 [INFO]     Đã lấy được 4 thuộc tính
02:03:40 [INFO]       Đã lấy được Thông tin mô tả sản phẩm
02:03:42 [INFO]    🔹 [69/180] Thu thập: https://www.thegioididong.com/laptop/asus-vivobook-15-x1504va-core-5-120u-bq185w
02:03:50 [INFO]     Đã lấy được 4 thuộc tính
02:03:50 [INFO]       Đã lấy được Thông tin mô tả sản phẩm
02:03:52 [INFO]    🔹 [70/180] Thu thập: https://www.thegioididong.com/laptop/lenovo-ideapad-slim-3-15arp10-r5-7535hs-83k700epvn
02:04:00 [INFO]     Đã lấy được 4 thuộc tính
02:04:00 [INFO]       Đã lấy được Thông tin mô tả sản phẩm
02:04:01 [INFO]    🔹 [71/180] Thu thập: https://www.thegioididong.com/laptop/macbook-air-15-inch-m5-32gb-512gb
02:04:09 [INFO]     Đã lấy được 4 thuộc tính
02:04:09 [INFO]       Đã lấy được Thông tin mô tả sản phẩm
02:04:10 [INFO]    🔹 [72/180] Thu thập: https://www.thegioididong.com/laptop/acer-aspire-go-ag15-31p-30m4-i3-nxkrpsv004
02:04:18 [INFO]     Đã lấy được 4 thuộc tính
02:04:18 [INFO]       Đã lấy được Thông tin mô tả sản phẩm
02:04:19 [INFO]    🔹 [73/180] Thu thập: https://www.thegioididong.com/laptop/macbook-pro-14-inch-m5-16gb-512gb-sac-96w
02:04:28 [INFO]     Đã lấy được 4 thuộc tính
02:04:28 [INFO]       Đã lấy được Thông tin mô tả sản phẩm
02:04:28 [INFO]       💾 Đã lưu batch 10 items.
02:04:30 [INFO]    🔹 [74/180] Thu thập: https://www.thegioididong.com/laptop/acer-aspire-lite-16-g2-al16-52p-572a-i5-nxj2ssv004
02:04:39 [INFO]     Đã lấy được 4 thuộc tính
02:04:39 [INFO]       Đã lấy được Thông tin mô tả sản phẩm
02:04:40 [INFO] ♻️ Đang làm mới trình duyệt...
02:04:45 [INFO] patching driver executable C:\Users\CONG\appdata\roaming\undetected_chromedriver\undetected_chromedriver.exe
02:04:50 [INFO]    🔹 [75/180] Thu thập: https://www.thegioididong.com/laptop/lenovo-ideapad-slim-3-15irh10-i7-83k1000fvn
02:05:02 [INFO]     Đã lấy được 4 thuộc tính
02:05:02 [INFO]       Đã lấy được Thông tin mô tả sản phẩm
02:05:04 [INFO]    🔹 [76/180] Thu thập: https://www.thegioididong.com/laptop/dell-inspiron-15-3530-i5-p16wd22
02:05:13 [INFO]     Đã lấy được 4 thuộc tính
02:05:13 [INFO]       Đã lấy được Thông tin mô tả sản phẩm
02:05:15 [INFO]    🔹 [77/180] Thu thập: https://www.thegioididong.com/laptop/hp-15-fd1288tu-ultra-7-155h-c2cv7pa
02:05:24 [INFO]     Đã lấy được 6 thuộc tính
02:05:24 [INFO]       Đã lấy được Thông tin mô tả sản phẩm
02:05:26 [INFO]    🔹 [78/180] Thu thập: https://www.thegioididong.com/laptop/dell-15-dc15250-i7-1355u-dc5i7952w1
02:05:35 [INFO]     Đã lấy được 4 thuộc tính
02:05:35 [INFO]       Đã lấy được Thông tin mô tả sản phẩm
02:05:36 [INFO]    🔹 [79/180] Thu thập: https://www.thegioididong.com/laptop/dell-inspiron-15-3530-i5-n3530-i5u165w11slu-hs24
02:05:45 [INFO]     Đã lấy được 4 thuộc tính
02:05:45 [INFO]       Đã lấy được Thông tin mô tả sản phẩm
02:05:46 [INFO]    🔹 [80/180] Thu thập: https://www.thegioididong.com/laptop/hp-15-fc0085au-r5-a6vv8pa
02:05:55 [INFO]     Đã lấy được 4 thuộc tính
02:05:55 [INFO]       Đã lấy được Thông tin mô tả sản phẩm
02:05:56 [INFO]    🔹 [81/180] Thu thập: https://www.thegioididong.com/laptop/dell-inspiron-14-5440-i5-ndy5v1
02:06:05 [INFO]     Đã lấy được 4 thuộc tính
02:06:05 [INFO]       Đã lấy được Thông tin mô tả sản phẩm
02:06:06 [INFO]    🔹 [82/180] Thu thập: https://www.thegioididong.com/laptop/dell-15-dc15250-i7-1355u-71084747
02:06:14 [INFO]     Đã lấy được 4 thuộc tính
02:06:14 [INFO]       Đã lấy được Thông tin mô tả sản phẩm
02:06:16 [INFO]    🔹 [83/180] Thu thập: https://www.thegioididong.com/laptop/msi-katana-15-b13vfk-i7-676vn
02:06:25 [INFO]     Đã lấy được 4 thuộc tính
02:06:25 [INFO]       Đã lấy được Thông tin mô tả sản phẩm
02:06:25 [INFO]       💾 Đã lưu batch 10 items.
02:06:27 [INFO]    🔹 [84/180] Thu thập: https://www.thegioididong.com/laptop/dell-inspiron-15-3530-i5-n3530-i5u165w11slu-bl
02:06:36 [INFO]     Đã lấy được 4 thuộc tính
02:06:36 [INFO]       Đã lấy được Thông tin mô tả sản phẩm
02:06:37 [INFO]    🔹 [85/180] Thu thập: https://www.thegioididong.com/laptop/acer-aspire-lite-15-al15-42p-r86y-r7-7730u-nxd3qsv003
02:06:46 [INFO]     Đã lấy được 4 thuộc tính
02:06:46 [INFO]       Đã lấy được Thông tin mô tả sản phẩm
02:06:47 [INFO]    🔹 [86/180] Thu thập: https://www.thegioididong.com/laptop/acer-aspire-a515-58gm-53pz-i5-nxkq4sv008
02:06:55 [INFO]     Đã lấy được 4 thuộc tính
02:06:55 [INFO]       Đã lấy được Thông tin mô tả sản phẩm
02:06:57 [INFO]    🔹 [87/180] Thu thập: https://www.thegioididong.com/laptop/hp-15-fd1486tu-ultra-5-125h-d0bh3pa
02:07:05 [INFO]     Đã lấy được 6 thuộc tính
02:07:05 [INFO]       Đã lấy được Thông tin mô tả sản phẩm
02:07:07 [INFO]    🔹 [88/180] Thu thập: https://www.thegioididong.com/laptop/macbook-pro-14-inch-m5-16gb-512gb
02:07:16 [INFO]     Đã lấy được 4 thuộc tính
02:07:16 [INFO]       Đã lấy được Thông tin mô tả sản phẩm
02:07:17 [INFO]    🔹 [89/180] Thu thập: https://www.thegioididong.com/laptop/lenovo-ideapad-slim-5-oled-15arp10-r7-83j3001dvn
02:07:25 [INFO]     Đã lấy được 4 thuộc tính
02:07:25 [INFO]       Đã lấy được Thông tin mô tả sản phẩm
02:07:27 [INFO] ♻️ Đang làm mới trình duyệt...
02:07:32 [INFO] patching driver executable C:\Users\CONG\appdata\roaming\undetected_chromedriver\undetected_chromedriver.exe
02:07:37 [INFO]    🔹 [90/180] Thu thập: https://www.thegioididong.com/laptop/hp-15-fd0234tu-i5-9q969pa?utm_flashsale=1
02:07:47 [INFO]     Đã lấy được 4 thuộc tính
02:07:47 [INFO]       Đã lấy được Thông tin mô tả sản phẩm
02:07:48 [INFO]    🔹 [91/180] Thu thập: https://www.thegioididong.com/laptop/hp-envy-x360-14-fa0047au-r7-a19bppa?utm_flashsale=1
02:07:58 [INFO]     Đã lấy được 6 thuộc tính
02:07:58 [INFO]       Đã lấy được Thông tin mô tả sản phẩm
02:08:00 [INFO]    🔹 [92/180] Thu thập: https://www.thegioididong.com/laptop/asus-s3407ca-ultra-7-ly096ws
02:08:08 [INFO]     Đã lấy được 6 thuộc tính
02:08:08 [INFO]       Đã lấy được Thông tin mô tả sản phẩm
02:08:10 [INFO]    🔹 [93/180] Thu thập: https://www.thegioididong.com/laptop/asus-gaming-v16-v3607vu-core-5-rp192w
02:08:18 [INFO]     Đã lấy được 4 thuộc tính
02:08:18 [INFO]       Đã lấy được Thông tin mô tả sản phẩm
02:08:18 [INFO]       💾 Đã lưu batch 10 items.
02:08:19 [INFO]    🔹 [94/180] Thu thập: https://www.thegioididong.com/laptop/asus-vivobook-a1505va-i5-ma515ws
02:08:27 [INFO]     Đã lấy được 4 thuộc tính
02:08:28 [INFO]       Đã lấy được Thông tin mô tả sản phẩm
02:08:29 [INFO]    🔹 [95/180] Thu thập: https://www.thegioididong.com/laptop/hp-pavilion-16-af0054tu-ultra-5-ay8c3pa
02:08:39 [INFO]     Đã lấy được 6 thuộc tính
02:08:39 [INFO]       Đã lấy được Thông tin mô tả sản phẩm
02:08:40 [INFO]    🔹 [96/180] Thu thập: https://www.thegioididong.com/laptop/dell-15-dc15250-i5-1334u-71092479
02:08:49 [INFO]     Đã lấy được 4 thuộc tính
02:08:51 [INFO]    🔹 [97/180] Thu thập: https://www.thegioididong.com/laptop/acer-aspire-lite-16-ai-al16-71p-5674-ultra-5-125h-nx-d4xsv-001
02:08:59 [INFO]     Đã lấy được 4 thuộc tính
02:08:59 [INFO]       Đã lấy được Thông tin mô tả sản phẩm
02:09:01 [INFO]    🔹 [98/180] Thu thập: https://www.thegioididong.com/laptop/msi-katana-15-b13vek-i7-13620h-2256vn
02:09:10 [INFO]     Đã lấy được 4 thuộc tính
02:09:10 [INFO]       Đã lấy được Thông tin mô tả sản phẩm
02:09:11 [INFO]    🔹 [99/180] Thu thập: https://www.thegioididong.com/laptop/msi-modern-15-f13mg-i5-1334u-667vn-16gb
02:09:20 [INFO]     Đã lấy được 4 thuộc tính
02:09:20 [INFO]       Đã lấy được Thông tin mô tả sản phẩm
02:09:22 [INFO]    🔹 [100/180] Thu thập: https://www.thegioididong.com/laptop/samsung-galaxy-chromebook-go-xe340xda-ka1vn-n4500
02:09:30 [INFO]     Đã lấy được 4 thuộc tính
02:09:30 [INFO]       Đã lấy được Thông tin mô tả sản phẩm
02:09:32 [INFO]    🔹 [101/180] Thu thập: https://www.thegioididong.com/laptop/hp-15-fd0235tu-i5-9q970pa?utm_flashsale=1
02:09:41 [INFO]     Đã lấy được 4 thuộc tính
02:09:41 [INFO]       Đã lấy được Thông tin mô tả sản phẩm
02:09:42 [INFO]    🔹 [102/180] Thu thập: https://www.thegioididong.com/laptop/hp-victus-15-fb3116ax-r7-7445hs-bx8u4pa
02:09:51 [INFO]     Đã lấy được 4 thuộc tính
02:09:51 [INFO]       Đã lấy được Thông tin mô tả sản phẩm
02:09:52 [INFO]    🔹 [103/180] Thu thập: https://www.thegioididong.com/laptop/asus-gaming-v16-v3607vh-core-5-210h-rp084w
02:10:01 [INFO]     Đã lấy được 4 thuộc tính
02:10:01 [INFO]       Đã lấy được Thông tin mô tả sản phẩm
02:10:01 [INFO]       💾 Đã lưu batch 10 items.
02:10:03 [INFO]    🔹 [104/180] Thu thập: https://www.thegioididong.com/laptop/macbook-pro-14-inch-nano-m5-16gb-512gb?utm_flashsale=1
02:10:10 [INFO]     Đã lấy được 4 thuộc tính
02:10:10 [INFO]       Đã lấy được Thông tin mô tả sản phẩm
02:10:11 [INFO] ♻️ Đang làm mới trình duyệt...
02:10:16 [INFO] patching driver executable C:\Users\CONG\appdata\roaming\undetected_chromedriver\undetected_chromedriver.exe
02:10:21 [INFO]    🔹 [105/180] Thu thập: https://www.thegioididong.com/laptop/lenovo-ideapad-slim-5-oled-14akp10-r7-ai-350-83hx0066vn
02:10:31 [INFO]     Đã lấy được 6 thuộc tính
02:10:31 [INFO]       Đã lấy được Thông tin mô tả sản phẩm
02:10:33 [INFO]    🔹 [106/180] Thu thập: https://www.thegioididong.com/laptop/hp-pavilion-x360-14-ek2017tu-core-5-9z2v5pa
02:10:41 [INFO]     Đã lấy được 4 thuộc tính
02:10:41 [INFO]       Đã lấy được Thông tin mô tả sản phẩm
02:10:42 [INFO]    🔹 [107/180] Thu thập: https://www.thegioididong.com/laptop/dell-alienware-16-aurora-ac16250-core-5-210h-71072939
02:10:49 [INFO]     Đã lấy được 4 thuộc tính
02:10:49 [INFO]       Đã lấy được Thông tin mô tả sản phẩm
02:10:51 [INFO]    🔹 [108/180] Thu thập: https://www.thegioididong.com/laptop/asus-vivobook-14-x1404va-core-5-120u-eb260w
02:10:58 [INFO]    🔹 [108/180] Thu thập: https://www.thegioididong.com/laptop/asus-vivobook-14-x1404va-core-5-120u-eb260w
02:11:03 [INFO]    🔹 [108/180] Thu thập: https://www.thegioididong.com/laptop/asus-vivobook-14-x1404va-core-5-120u-eb260w
02:11:10 [INFO]    🔹 [109/180] Thu thập: https://www.thegioididong.com/laptop/acer-nitro-v-anv15-51-55ca-i5-nhqn8sv004
02:11:17 [INFO]     Đã lấy được 4 thuộc tính
02:11:17 [INFO]       Đã lấy được Thông tin mô tả sản phẩm
02:11:18 [INFO]    🔹 [110/180] Thu thập: https://www.thegioididong.com/laptop/acer-aspire-7-a715-59g-73lb-i7-12650h-nh-qx6sv-002
02:11:26 [INFO]     Đã lấy được 4 thuộc tính
02:11:26 [INFO]       Đã lấy được Thông tin mô tả sản phẩm
02:11:28 [INFO]    🔹 [111/180] Thu thập: https://www.thegioididong.com/laptop/hp-probook-4-g1i-16-ultra-5-225u-bq5d4pt
02:11:36 [INFO]     Đã lấy được 6 thuộc tính
02:11:36 [INFO]       Đã lấy được Thông tin mô tả sản phẩm
02:11:37 [INFO]    🔹 [112/180] Thu thập: https://www.thegioididong.com/laptop/samsung-galaxy-chromebook-go-xe310xda-ka1vn-n4500
02:11:46 [INFO]     Đã lấy được 4 thuộc tính
02:11:46 [INFO]       Đã lấy được Thông tin mô tả sản phẩm
02:11:48 [INFO]    🔹 [113/180] Thu thập: https://www.thegioididong.com/laptop/dell-15-dc15250-i7-1355u-cph997
02:11:57 [INFO]     Đã lấy được 4 thuộc tính
02:11:57 [INFO]       Đã lấy được Thông tin mô tả sản phẩm
02:11:59 [INFO]    🔹 [114/180] Thu thập: https://www.thegioididong.com/laptop/hp-14-ep1137tu-ultra-7-155h-c2cy8pa
02:12:07 [INFO]     Đã lấy được 6 thuộc tính
02:12:07 [INFO]       Đã lấy được Thông tin mô tả sản phẩm
02:12:07 [INFO]       💾 Đã lưu batch 10 items.
02:12:08 [INFO]    🔹 [115/180] Thu thập: https://www.thegioididong.com/laptop/asus-vivobook-go-14-e1404fa-r5-40-eb945w
02:12:13 [INFO]    🔹 [115/180] Thu thập: https://www.thegioididong.com/laptop/asus-vivobook-go-14-e1404fa-r5-40-eb945w
02:12:19 [INFO]    🔹 [115/180] Thu thập: https://www.thegioididong.com/laptop/asus-vivobook-go-14-e1404fa-r5-40-eb945w
02:12:25 [INFO]    🔹 [116/180] Thu thập: https://www.thegioididong.com/laptop/dell-inspiron-14-5440-core-7-n4i7204w1
02:12:33 [INFO]     Đã lấy được 4 thuộc tính
02:12:33 [INFO]       Đã lấy được Thông tin mô tả sản phẩm
02:12:35 [INFO]    🔹 [117/180] Thu thập: https://www.thegioididong.com/laptop/msi-gf63-thin-12ve-i5-460vn
02:12:45 [INFO]     Đã lấy được 4 thuộc tính
02:12:45 [INFO]       Đã lấy được Thông tin mô tả sản phẩm
02:12:47 [INFO]    🔹 [118/180] Thu thập: https://www.thegioididong.com/laptop/lenovo-loq-15arp9-r7-83jc00j0vn
02:12:56 [INFO]     Đã lấy được 4 thuộc tính
02:12:56 [INFO]       Đã lấy được Thông tin mô tả sản phẩm
02:12:58 [INFO]    🔹 [119/180] Thu thập: https://www.thegioididong.com/laptop/lenovo-loq-15arp9-r5-83jc00kuvn
02:13:06 [INFO]     Đã lấy được 4 thuộc tính
02:13:06 [INFO]       Đã lấy được Thông tin mô tả sản phẩm
02:13:07 [INFO] ♻️ Đang làm mới trình duyệt...
02:13:12 [INFO] patching driver executable C:\Users\CONG\appdata\roaming\undetected_chromedriver\undetected_chromedriver.exe
02:13:17 [INFO]    🔹 [120/180] Thu thập: https://www.thegioididong.com/laptop/acer-nitro-v-15-propanel-anv15-41-r9m1-r5-7535hs-nh-qpfsv-004
02:13:27 [INFO]     Đã lấy được 4 thuộc tính
02:13:27 [INFO]       Đã lấy được Thông tin mô tả sản phẩm
02:13:28 [INFO]    🔹 [121/180] Thu thập: https://www.thegioididong.com/laptop/asus-vivobook-s14-s3407va-i7-13620h-ly053w
02:13:38 [INFO]     Đã lấy được 4 thuộc tính
02:13:38 [INFO]       Đã lấy được Thông tin mô tả sản phẩm
02:13:39 [INFO]    🔹 [122/180] Thu thập: https://www.thegioididong.com/laptop/macbook-pro-14-inch-m5-16gb-1tb
02:13:47 [INFO]     Đã lấy được 4 thuộc tính
02:13:47 [INFO]       Đã lấy được Thông tin mô tả sản phẩm
02:13:48 [INFO]    🔹 [123/180] Thu thập: https://www.thegioididong.com/laptop/dell-14-dc1425-core-7-150u-71083580
02:13:57 [INFO]     Đã lấy được 4 thuộc tính
02:13:57 [INFO]       Đã lấy được Thông tin mô tả sản phẩm
02:13:58 [INFO]    🔹 [124/180] Thu thập: https://www.thegioididong.com/laptop/dell-14-dc14250-core-5-120u-f0ftk5
02:14:07 [INFO]     Đã lấy được 4 thuộc tính
02:14:07 [INFO]       Đã lấy được Thông tin mô tả sản phẩm
02:14:08 [INFO]    🔹 [125/180] Thu thập: https://www.thegioididong.com/laptop/asus-vivobook-14-x1407ca-ultra-5-225h-ly008w
02:14:17 [INFO]     Đã lấy được 6 thuộc tính
02:14:17 [INFO]       Đã lấy được Thông tin mô tả sản phẩm
02:14:17 [INFO]       💾 Đã lưu batch 10 items.
02:14:19 [INFO]    🔹 [126/180] Thu thập: https://www.thegioididong.com/laptop/lenovo-thinkbook-14-gen-8-ultra-5-135h-21sj00eavn
02:14:28 [INFO]     Đã lấy được 6 thuộc tính
02:14:28 [INFO]       Đã lấy được Thông tin mô tả sản phẩm
02:14:29 [INFO]    🔹 [127/180] Thu thập: https://www.thegioididong.com/laptop/asus-zenbook-14-ux3405ca-ultra-9-pz204ws
02:14:39 [INFO]     Đã lấy được 6 thuộc tính
02:14:39 [INFO]       Đã lấy được Thông tin mô tả sản phẩm
02:14:40 [INFO]    🔹 [128/180] Thu thập: https://www.thegioididong.com/laptop/hp-pavilion-15-eg3091tu-i7-8c5l2pa
02:14:49 [INFO]     Đã lấy được 4 thuộc tính
02:14:49 [INFO]       Đã lấy được Thông tin mô tả sản phẩm
02:14:50 [INFO]    🔹 [129/180] Thu thập: https://www.thegioididong.com/laptop/lenovo-ideapad-slim-3-oled-14irh10-i5-83k0000cvn
02:14:59 [INFO]     Đã lấy được 4 thuộc tính
02:14:59 [INFO]       Đã lấy được Thông tin mô tả sản phẩm
02:15:00 [INFO]    🔹 [130/180] Thu thập: https://www.thegioididong.com/laptop/msi-katana-15-b13vek-i5-2416vn
02:15:09 [INFO]     Đã lấy được 4 thuộc tính
02:15:09 [INFO]       Đã lấy được Thông tin mô tả sản phẩm
02:15:10 [INFO]    🔹 [131/180] Thu thập: https://www.thegioididong.com/laptop/lenovo-gaming-loq-15irx9-i7-13650hx-83dv01alvn
02:15:18 [INFO]     Đã lấy được 4 thuộc tính
02:15:18 [INFO]       Đã lấy được Thông tin mô tả sản phẩm
02:15:20 [INFO]    🔹 [132/180] Thu thập: https://www.thegioididong.com/laptop/lenovo-ideapad-slim-5-oled-14akp10-r5-330-83hx00b2vn
02:15:29 [INFO]     Đã lấy được 6 thuộc tính
02:15:29 [INFO]       Đã lấy được Thông tin mô tả sản phẩm
02:15:31 [INFO]    🔹 [133/180] Thu thập: https://www.thegioididong.com/laptop/hp-pavilion-15-eg3093tu-i5-8c5l4pa
02:15:40 [INFO]     Đã lấy được 4 thuộc tính
02:15:40 [INFO]       Đã lấy được Thông tin mô tả sản phẩm
02:15:42 [INFO]    🔹 [134/180] Thu thập: https://www.thegioididong.com/laptop/acer-aspire-lite-14-al14-51p-35qd-i3-nxj84sv001
02:15:50 [INFO]     Đã lấy được 4 thuộc tính
02:15:50 [INFO]       Đã lấy được Thông tin mô tả sản phẩm
02:15:51 [INFO] ♻️ Đang làm mới trình duyệt...
02:15:56 [INFO] patching driver executable C:\Users\CONG\appdata\roaming\undetected_chromedriver\undetected_chromedriver.exe
02:16:01 [INFO]    🔹 [135/180] Thu thập: https://www.thegioididong.com/laptop/asus-vivobook-s16-s3607ca-ultra-7-255h-sh083ws
02:16:11 [INFO]     Đã lấy được 6 thuộc tính
02:16:11 [INFO]       Đã lấy được Thông tin mô tả sản phẩm
02:16:11 [INFO]       💾 Đã lưu batch 10 items.
02:16:12 [INFO]    🔹 [136/180] Thu thập: https://www.thegioididong.com/laptop/asus-tuf-gaming-f16-fx607vjb-core-5-210h-rl151w
02:16:22 [INFO]     Đã lấy được 6 thuộc tính
02:16:22 [INFO]       Đã lấy được Thông tin mô tả sản phẩm
02:16:24 [INFO]    🔹 [137/180] Thu thập: https://www.thegioididong.com/laptop/asus-vivobook-15-x1504va-core-5-120u-bq285w
02:16:32 [INFO]     Đã lấy được 4 thuộc tính
02:16:32 [INFO]       Đã lấy được Thông tin mô tả sản phẩm
02:16:33 [INFO]    🔹 [138/180] Thu thập: https://www.thegioididong.com/laptop/asus-tuf-gaming-fx607vu-core-5-210h-rl045w
02:16:42 [INFO]     Đã lấy được 4 thuộc tính
02:16:43 [INFO]       Đã lấy được Thông tin mô tả sản phẩm
02:16:44 [INFO]    🔹 [139/180] Thu thập: https://www.thegioididong.com/laptop/asus-tuf-gaming-fa506ncq-r7-170-hn005w
02:16:53 [INFO]     Đã lấy được 4 thuộc tính
02:16:53 [INFO]       Đã lấy được Thông tin mô tả sản phẩm
02:16:54 [INFO]    🔹 [140/180] Thu thập: https://www.thegioididong.com/laptop/acer-aspire-3-a314-42p-r3b3-r7-nxksfsv001
02:17:02 [INFO]     Đã lấy được 4 thuộc tính
02:17:02 [INFO]       Đã lấy được Thông tin mô tả sản phẩm
02:17:03 [INFO]    🔹 [141/180] Thu thập: https://www.thegioididong.com/laptop/msi-katana-15-b13udxk-i7-2077vn
02:17:13 [INFO]     Đã lấy được 4 thuộc tính
02:17:13 [INFO]       Đã lấy được Thông tin mô tả sản phẩm
02:17:14 [INFO]    🔹 [142/180] Thu thập: https://www.thegioididong.com/laptop/hp-probook-450-g10-i5-9h1n5pt
02:17:23 [INFO]     Đã lấy được 4 thuộc tính
02:17:23 [INFO]       Đã lấy được Thông tin mô tả sản phẩm
02:17:25 [INFO]    🔹 [143/180] Thu thập: https://www.thegioididong.com/laptop/asus-zenbook-14-ux3405ca-ultra-5-pz187ws
02:17:35 [INFO]     Đã lấy được 6 thuộc tính
02:17:35 [INFO]       Đã lấy được Thông tin mô tả sản phẩm
02:17:36 [INFO]    🔹 [144/180] Thu thập: https://www.thegioididong.com/laptop/asus-vivobook-16-a1607ca-ultra-5-mb038ws
02:17:45 [INFO]     Đã lấy được 6 thuộc tính
02:17:45 [INFO]       Đã lấy được Thông tin mô tả sản phẩm
02:17:46 [INFO]    🔹 [145/180] Thu thập: https://www.thegioididong.com/laptop/macbook-air-15-inch-m4-16gb-256gb
02:17:55 [INFO]     Đã lấy được 4 thuộc tính
02:17:55 [INFO]       Đã lấy được Thông tin mô tả sản phẩm
02:17:55 [INFO]       💾 Đã lưu batch 10 items.
02:17:56 [INFO]    🔹 [146/180] Thu thập: https://www.thegioididong.com/laptop/dell-inspiron-15-3530-i5-71053696
02:18:05 [INFO]     Đã lấy được 4 thuộc tính
02:18:05 [INFO]       Đã lấy được Thông tin mô tả sản phẩm
02:18:07 [INFO]    🔹 [147/180] Thu thập: https://www.thegioididong.com/laptop/dell-inspiron-15-3530-i7-1355u-n5i7421w1
02:18:15 [INFO]     Đã lấy được 4 thuộc tính
02:18:15 [INFO]       Đã lấy được Thông tin mô tả sản phẩm
02:18:17 [INFO]    🔹 [148/180] Thu thập: https://www.thegioididong.com/laptop/lenovo-thinkbook-14-core-7-240h-21sg007vvn
02:18:24 [INFO]     Đã lấy được 4 thuộc tính
02:18:24 [INFO]       Đã lấy được Thông tin mô tả sản phẩm
02:18:25 [INFO]    🔹 [149/180] Thu thập: https://www.thegioididong.com/laptop/asus-zenbook-ux3405ca-ultra-7-255h-pz188ws
02:18:34 [INFO]     Đã lấy được 6 thuộc tính
02:18:34 [INFO]       Đã lấy được Thông tin mô tả sản phẩm
02:18:35 [INFO] ♻️ Đang làm mới trình duyệt...
02:18:42 [INFO] patching driver executable C:\Users\CONG\appdata\roaming\undetected_chromedriver\undetected_chromedriver.exe
02:18:46 [INFO]    🔹 [150/180] Thu thập: https://www.thegioididong.com/laptop/hp-omnibook-5-ai-16-af1054tu-ultra-7-255u-c1mn8pa
02:19:12 [INFO]     Đã lấy được 6 thuộc tính
02:19:12 [INFO]       Đã lấy được Thông tin mô tả sản phẩm
02:19:14 [INFO]    🔹 [151/180] Thu thập: https://www.thegioididong.com/laptop/hp-omnibook-5-flip-14-fp0055tu-core-7-150u-bz7q4pa
02:19:23 [INFO]     Đã lấy được 4 thuộc tính
02:19:23 [INFO]       Đã lấy được Thông tin mô tả sản phẩm
02:19:24 [INFO]    🔹 [152/180] Thu thập: https://www.thegioididong.com/laptop/dell-inspiron-15-3520-i7-n3520i7u165w11blufp
02:19:33 [INFO]     Đã lấy được 4 thuộc tính
02:19:33 [INFO]       Đã lấy được Thông tin mô tả sản phẩm
02:19:35 [INFO]    🔹 [153/180] Thu thập: https://www.thegioididong.com/laptop/asus-x1607ca-ultra-5-225h-mb980w
02:19:43 [INFO]     Đã lấy được 6 thuộc tính
02:19:43 [INFO]       Đã lấy được Thông tin mô tả sản phẩm
02:19:44 [INFO]    🔹 [154/180] Thu thập: https://www.thegioididong.com/laptop/acer-nitro-v-anv15-51-57b2-i5-nhqn8sv001
02:19:52 [INFO]     Đã lấy được 4 thuộc tính
02:19:52 [INFO]       Đã lấy được Thông tin mô tả sản phẩm
02:19:54 [INFO]    🔹 [155/180] Thu thập: https://www.thegioididong.com/laptop/acer-aspire-16-ai-a16-71m-71u7-ultra-7-nxj4ysv002
02:20:03 [INFO]     Đã lấy được 5 thuộc tính
02:20:03 [INFO]       Đã lấy được Thông tin mô tả sản phẩm
02:20:03 [INFO]       💾 Đã lưu batch 10 items.
02:20:04 [INFO]    🔹 [156/180] Thu thập: https://www.thegioididong.com/laptop/lenovo-loq-15irx9-i5-83dv003cvn
02:20:14 [INFO]     Đã lấy được 4 thuộc tính
02:20:14 [INFO]       Đã lấy được Thông tin mô tả sản phẩm
02:20:16 [INFO]    🔹 [157/180] Thu thập: https://www.thegioididong.com/laptop/hp-240-g10-i5-b93gzat
02:20:26 [INFO]     Đã lấy được 4 thuộc tính
02:20:26 [INFO]       Đã lấy được Thông tin mô tả sản phẩm
02:20:28 [INFO]    🔹 [158/180] Thu thập: https://www.thegioididong.com/laptop/hp-pavilion-15-eg3095tu-i5-8c5l6pa-16g
02:20:36 [INFO]     Đã lấy được 4 thuộc tính
02:20:36 [INFO]       Đã lấy được Thông tin mô tả sản phẩm
02:20:37 [INFO]    🔹 [159/180] Thu thập: https://www.thegioididong.com/laptop/dell-inspiron-15-3530-i7-n3530-i7u161w11slu
02:20:46 [INFO]     Đã lấy được 4 thuộc tính
02:20:46 [INFO]       Đã lấy được Thông tin mô tả sản phẩm
02:20:48 [INFO]    🔹 [160/180] Thu thập: https://www.thegioididong.com/laptop/hp-omnibook-5-ai-16-af1048tu-ultra-5-225u-bz7q9pa
02:20:56 [INFO]     Đã lấy được 5 thuộc tính
02:20:56 [INFO]       Đã lấy được Thông tin mô tả sản phẩm
02:20:57 [INFO]    🔹 [161/180] Thu thập: https://www.thegioididong.com/laptop/hp-victus-15-fb3115ax-r7-7445hs-bx9c9pa
02:21:06 [INFO]     Đã lấy được 4 thuộc tính
02:21:06 [INFO]       Đã lấy được Thông tin mô tả sản phẩm
02:21:07 [INFO]    🔹 [162/180] Thu thập: https://www.thegioididong.com/laptop/dell-inspiron-15-3530-i5-1334u-p16wd21
02:21:14 [INFO]     Đã lấy được 4 thuộc tính
02:21:14 [INFO]       Đã lấy được Thông tin mô tả sản phẩm
02:21:16 [INFO]    🔹 [163/180] Thu thập: https://www.thegioididong.com/laptop/hp-omnibook-x-flip-14-fm0076tu-ultra-7-258v-bz7p6pa
02:21:24 [INFO]     Đã lấy được 6 thuộc tính
02:21:24 [INFO]       Đã lấy được Thông tin mô tả sản phẩm
02:21:26 [INFO]    🔹 [164/180] Thu thập: https://www.thegioididong.com/laptop/dell-15-dc15250-i7-1355u-71073959
02:21:34 [INFO]     Đã lấy được 4 thuộc tính
02:21:34 [INFO]       Đã lấy được Thông tin mô tả sản phẩm
02:21:35 [INFO] ♻️ Đang làm mới trình duyệt...
02:21:41 [INFO] patching driver executable C:\Users\CONG\appdata\roaming\undetected_chromedriver\undetected_chromedriver.exe
02:21:46 [INFO]    🔹 [165/180] Thu thập: https://www.thegioididong.com/laptop/lenovo-gaming-loq-15arp10e-r7-7735hs-83s0000evn
02:21:46 [ERROR] ❌ Lỗi xử lý tại https://www.thegioididong.com/laptop/lenovo-gaming-loq-15arp10e-r7-7735hs-83s0000evn: Message: no such window: target window already closed
from unknown error: web view not found
  (Session info: chrome=147.0.7727.102)
Stacktrace:
	undetected_chromedriver!GetHandleVerifier [0x6cc733+10b73]
	undetected_chromedriver!GetHandleVerifier [0x6cc864+10ca4]
	undetected_chromedriver!(No symbol) [0x4a2100]
	undetected_chromedriver!(No symbol) [0x480c23]
	undetected_chromedriver!(No symbol) [0x51445b]
	undetected_chromedriver!(No symbol) [0x52ac29]
	undetected_chromedriver!(No symbol) [0x50d9b6]
	undetected_chromedriver!(No symbol) [0x4e0339]
	undetected_chromedriver!(No symbol) [0x4e10f4]
	undetected_chromedriver!GetHandleVerifier [0x92fe04+274244]
	undetected_chromedriver!GetHandleVerifier [0x92b459+26f899]
	undetected_chromedriver!GetHandleVerifier [0x949bd5+28e015]
	undetected_chromedriver!GetHandleVerifier [0x6e7188+2b5c8]
	undetected_chromedriver!GetHandleVerifier [0x6ef23d+3367d]
	undetected_chromedriver!GetHandleVerifier [0x6d5138+19578]
	undetected_chromedriver!GetHandleVerifier [0x6d5302+19742]
	undetected_chromedriver!GetHandleVerifier [0x6be48f+28cf]
	KERNEL32!BaseThreadInitThunk [0x763b5d49+19]
	ntdll!RtlInitializeExceptionChain [0x77ced83b+6b]
	ntdll!RtlGetAppContainerNamedObjectPath [0x77ced7c1+231]

02:21:53 [INFO] patching driver executable C:\Users\CONG\appdata\roaming\undetected_chromedriver\undetected_chromedriver.exe
02:21:58 [INFO]    🔹 [165/180] Thu thập: https://www.thegioididong.com/laptop/lenovo-gaming-loq-15arp10e-r7-7735hs-83s0000evn
02:21:58 [ERROR] ❌ Lỗi xử lý tại https://www.thegioididong.com/laptop/lenovo-gaming-loq-15arp10e-r7-7735hs-83s0000evn: Message: no such window: target window already closed
from unknown error: web view not found
  (Session info: chrome=147.0.7727.102)
Stacktrace:
	undetected_chromedriver!GetHandleVerifier [0xbdc733+10b73]
	undetected_chromedriver!GetHandleVerifier [0xbdc864+10ca4]
	undetected_chromedriver!(No symbol) [0x9b2100]
	undetected_chromedriver!(No symbol) [0x990c23]
	undetected_chromedriver!(No symbol) [0xa2445b]
	undetected_chromedriver!(No symbol) [0xa3ac29]
	undetected_chromedriver!(No symbol) [0xa1d9b6]
	undetected_chromedriver!(No symbol) [0x9f0339]
	undetected_chromedriver!(No symbol) [0x9f10f4]
	undetected_chromedriver!GetHandleVerifier [0xe3fe04+274244]
	undetected_chromedriver!GetHandleVerifier [0xe3b459+26f899]
	undetected_chromedriver!GetHandleVerifier [0xe59bd5+28e015]
	undetected_chromedriver!GetHandleVerifier [0xbf7188+2b5c8]
	undetected_chromedriver!GetHandleVerifier [0xbff23d+3367d]
	undetected_chromedriver!GetHandleVerifier [0xbe5138+19578]
	undetected_chromedriver!GetHandleVerifier [0xbe5302+19742]
	undetected_chromedriver!GetHandleVerifier [0xbce48f+28cf]
	KERNEL32!BaseThreadInitThunk [0x763b5d49+19]
	ntdll!RtlInitializeExceptionChain [0x77ced83b+6b]
	ntdll!RtlGetAppContainerNamedObjectPath [0x77ced7c1+231]

02:22:07 [INFO] patching driver executable C:\Users\CONG\appdata\roaming\undetected_chromedriver\undetected_chromedriver.exe
02:22:11 [INFO]    🔹 [165/180] Thu thập: https://www.thegioididong.com/laptop/lenovo-gaming-loq-15arp10e-r7-7735hs-83s0000evn
02:22:21 [INFO]     Đã lấy được 4 thuộc tính
02:22:21 [INFO]       Đã lấy được Thông tin mô tả sản phẩm
02:22:21 [INFO]       💾 Đã lưu batch 10 items.
02:22:23 [INFO]    🔹 [166/180] Thu thập: https://www.thegioididong.com/laptop/dell-inspiron-15-3530-i7-p16wd
02:22:31 [INFO]     Đã lấy được 4 thuộc tính
02:22:31 [INFO]       Đã lấy được Thông tin mô tả sản phẩm
02:22:33 [INFO]    🔹 [167/180] Thu thập: https://www.thegioididong.com/laptop/lenovo-ideapad-slim-5-oled-14irh10r-core-5-83j0006dvn
02:22:41 [INFO]     Đã lấy được 4 thuộc tính
02:22:41 [INFO]       Đã lấy được Thông tin mô tả sản phẩm
02:22:43 [INFO]    🔹 [168/180] Thu thập: https://www.thegioididong.com/laptop/macbook-pro-14-inch-m5-24gb-1tb
02:22:51 [INFO]     Đã lấy được 4 thuộc tính
02:22:51 [INFO]       Đã lấy được Thông tin mô tả sản phẩm
02:22:53 [INFO]    🔹 [169/180] Thu thập: https://www.thegioididong.com/laptop/lenovo-thinkbook-16-g9-irl-i5-13420h-21us008fvn
02:23:02 [INFO]     Đã lấy được 4 thuộc tính
02:23:04 [INFO]    🔹 [170/180] Thu thập: https://www.thegioididong.com/laptop/lenovo-v15-g5-irl-i5-13420h-83hf00bvvn
02:23:13 [INFO]     Đã lấy được 4 thuộc tính
02:23:15 [INFO]    🔹 [171/180] Thu thập: https://www.thegioididong.com/laptop/acer-aspire-5-a515-58gm-51lb-i5-nxkq4sv002
02:23:25 [INFO]     Đã lấy được 4 thuộc tính
02:23:25 [INFO]       Đã lấy được Thông tin mô tả sản phẩm
02:23:26 [INFO]    🔹 [172/180] Thu thập: https://www.thegioididong.com/laptop/lenovo-ideapad-slim-3-15irh10-i5-83k1000gvn
02:23:34 [INFO]     Đã lấy được 4 thuộc tính
02:23:34 [INFO]       Đã lấy được Thông tin mô tả sản phẩm
02:23:36 [INFO]    🔹 [173/180] Thu thập: https://www.thegioididong.com/laptop/acer-aspire-5-a515-58gm-598j-i5-nxkw1sv002
02:23:45 [INFO]     Đã lấy được 4 thuộc tính
02:23:45 [INFO]       Đã lấy được Thông tin mô tả sản phẩm
02:23:47 [INFO]    🔹 [174/180] Thu thập: https://www.thegioididong.com/laptop/hp-elitebook-635-aero-g11-r7-b91d3pt
02:23:54 [INFO]     Đã lấy được 6 thuộc tính
02:23:54 [INFO]       Đã lấy được Thông tin mô tả sản phẩm
02:23:55 [INFO]    🔹 [175/180] Thu thập: https://www.thegioididong.com/laptop/lenovo-ideapad-slim-5-oled-14akp10-r5-ai-350-83hx0065vn
02:24:04 [INFO]     Đã lấy được 6 thuộc tính
02:24:04 [INFO]       Đã lấy được Thông tin mô tả sản phẩm
02:24:04 [INFO]       💾 Đã lưu batch 10 items.
02:24:06 [INFO]    🔹 [176/180] Thu thập: https://www.thegioididong.com/laptop/msi-modern-14-f1mg-core-5-432vn
02:24:16 [INFO]     Đã lấy được 4 thuộc tính
02:24:16 [INFO]       Đã lấy được Thông tin mô tả sản phẩm
02:24:17 [INFO]    🔹 [177/180] Thu thập: https://www.thegioididong.com/laptop/hp-omnibook-5-ai-16-af1046tu-ultra-5-225u-bz7q8pa
02:24:25 [INFO]     Đã lấy được 5 thuộc tính
02:24:25 [INFO]       Đã lấy được Thông tin mô tả sản phẩm
02:24:27 [INFO]    🔹 [178/180] Thu thập: https://www.thegioididong.com/laptop/hp-omnibook-x-flip-14-fm0088tu-ultra-5-226v-bz7q2pa
02:24:35 [INFO]     Đã lấy được 6 thuộc tính
02:24:35 [INFO]       Đã lấy được Thông tin mô tả sản phẩm
02:24:37 [INFO]    🔹 [179/180] Thu thập: https://www.thegioididong.com/laptop/hp-omnibook-5-16-ag1069au-r5-ai-340-bz7t1pa
02:24:45 [INFO]     Đã lấy được 6 thuộc tính
02:24:45 [INFO]       Đã lấy được Thông tin mô tả sản phẩm
02:24:46 [INFO] ♻️ Đang làm mới trình duyệt...
02:24:53 [INFO] patching driver executable C:\Users\CONG\appdata\roaming\undetected_chromedriver\undetected_chromedriver.exe
02:24:57 [INFO]    🔹 [180/180] Thu thập: https://www.thegioididong.com/laptop/lenovo-yoga-slim-7-oled-14imh9-ultra-5-125h-83cv00d8vn
02:25:08 [INFO]     Đã lấy được 6 thuộc tính
02:25:08 [INFO]       Đã lấy được Thông tin mô tả sản phẩm
02:25:09 [INFO] ✅ Hoàn tất file: laptop_products.csv
02:25:09 [INFO] 📂 ĐANG XỬ LÝ FILE: monitor_products.csv
02:25:09 [INFO]    🔹 [1/86] Thu thập: https://www.thegioididong.com/man-hinh-may-tinh/msi-pro-mp252l-24-5-inch-fhd-ips-100hz-1ms
02:25:18 [INFO]     Đã lấy được 13 thuộc tính
02:25:18 [INFO]       Đã lấy được Thông tin mô tả sản phẩm
02:25:20 [INFO]    🔹 [2/86] Thu thập: https://www.thegioididong.com/man-hinh-may-tinh/samsung-ls24d300gaexxv-23-8-inch-fhd-ips-100hz-1ms
02:25:27 [INFO]     Đã lấy được 13 thuộc tính
02:25:27 [INFO]       Đã lấy được Thông tin mô tả sản phẩm
02:25:28 [INFO]    🔹 [3/86] Thu thập: https://www.thegioididong.com/man-hinh-may-tinh/asus-gaming-27-inch-full-hd-vg279q3r
02:25:35 [INFO]     Đã lấy được 13 thuộc tính
02:25:35 [INFO]       Đã lấy được Thông tin mô tả sản phẩm
02:25:37 [INFO]    🔹 [4/86] Thu thập: https://www.thegioididong.com/man-hinh-may-tinh/singpc-p22f100-ips-21-5-inch-fhd-ips-100hz-5ms
02:25:45 [INFO]     Đã lấy được 13 thuộc tính
02:25:45 [INFO]       Đã lấy được Thông tin mô tả sản phẩm
02:25:46 [INFO]    🔹 [5/86] Thu thập: https://www.thegioididong.com/man-hinh-may-tinh/singpc-24-5-inch-full-hd-q25f100-ips
02:25:55 [INFO]     Đã lấy được 13 thuộc tính
02:25:55 [INFO]       Đã lấy được Thông tin mô tả sản phẩm
02:25:56 [INFO]    🔹 [6/86] Thu thập: https://www.thegioididong.com/man-hinh-may-tinh/asus-gaming-tuf-27-inch-qhd-vg27aqe5a
02:26:04 [INFO]     Đã lấy được 13 thuộc tính
02:26:04 [INFO]       Đã lấy được Thông tin mô tả sản phẩm
02:26:06 [INFO]    🔹 [7/86] Thu thập: https://www.thegioididong.com/man-hinh-may-tinh/msi-pro-mp223-e2-21-45-inch-fhd-va-100hz-1ms
02:26:13 [INFO]     Đã lấy được 13 thuộc tính
02:26:13 [INFO]       Đã lấy được Thông tin mô tả sản phẩm
02:26:14 [INFO]    🔹 [8/86] Thu thập: https://www.thegioididong.com/man-hinh-may-tinh/msi-pro-mp251-e2-24-5-inch-fhd
02:26:24 [INFO]     Đã lấy được 13 thuộc tính
02:26:24 [INFO]       Đã lấy được Thông tin mô tả sản phẩm
02:26:25 [INFO]    🔹 [9/86] Thu thập: https://www.thegioididong.com/man-hinh-may-tinh/gigabyte-gaming-23-8-inch-full-hd-gs24f14a
02:26:34 [INFO]     Đã lấy được 13 thuộc tính
02:26:34 [INFO]       Đã lấy được Thông tin mô tả sản phẩm
02:26:35 [INFO]    🔹 [10/86] Thu thập: https://www.thegioididong.com/man-hinh-may-tinh/asus-va249hg-r-23-8-inch-fhd-ips-120hz-1ms
02:26:44 [INFO]     Đã lấy được 13 thuộc tính
02:26:44 [INFO]       Đã lấy được Thông tin mô tả sản phẩm
02:26:44 [INFO]       💾 Đã lưu batch 10 items.
02:26:46 [INFO]    🔹 [11/86] Thu thập: https://www.thegioididong.com/man-hinh-may-tinh/samsung-s3-s30gd-ls27d300gaexxv-27-inch-fhd-ips-100hz-5ms
02:26:55 [INFO]     Đã lấy được 13 thuộc tính
02:26:55 [INFO]       Đã lấy được Thông tin mô tả sản phẩm
02:26:57 [INFO]    🔹 [12/86] Thu thập: https://www.thegioididong.com/man-hinh-may-tinh/samsung-odyssey-ls27dg302eexxv-27-inch-full-hd
02:27:04 [INFO]     Đã lấy được 13 thuộc tính
02:27:04 [INFO]       Đã lấy được Thông tin mô tả sản phẩm
02:27:06 [INFO]    🔹 [13/86] Thu thập: https://www.thegioididong.com/man-hinh-may-tinh/gigabyte-gs27fa-27fhd-ips-180hz-1ms
02:27:13 [INFO]     Đã lấy được 13 thuộc tính
02:27:13 [INFO]       Đã lấy được Thông tin mô tả sản phẩm
02:27:14 [INFO]    🔹 [14/86] Thu thập: https://www.thegioididong.com/man-hinh-may-tinh/msi-pro-21-45-inch-full-hd-mp225-e12vl
02:27:22 [INFO]     Đã lấy được 13 thuộc tính
02:27:22 [INFO]       Đã lấy được Thông tin mô tả sản phẩm
02:27:24 [INFO] ♻️ Đang làm mới trình duyệt...
02:27:29 [INFO] patching driver executable C:\Users\CONG\appdata\roaming\undetected_chromedriver\undetected_chromedriver.exe
02:27:34 [INFO]    🔹 [15/86] Thu thập: https://www.thegioididong.com/man-hinh-may-tinh/singpc-23-8-inch-full-hd-p24f100-ips
02:27:44 [INFO]     Đã lấy được 13 thuộc tính
02:27:44 [INFO]       Đã lấy được Thông tin mô tả sản phẩm
02:27:46 [INFO]    🔹 [16/86] Thu thập: https://www.thegioididong.com/man-hinh-may-tinh/msi-gaming-pro-27-inch-full-hd-mp273l-e14
02:27:54 [INFO]     Đã lấy được 13 thuộc tính
02:27:54 [INFO]       Đã lấy được Thông tin mô tả sản phẩm
02:27:55 [INFO]    🔹 [17/86] Thu thập: https://www.thegioididong.com/man-hinh-may-tinh/philips-gaming-evnia-23-8-inch-qhd-24m2n2500nf
02:28:04 [INFO]     Đã lấy được 13 thuộc tính
02:28:04 [INFO]       Đã lấy được Thông tin mô tả sản phẩm
02:28:06 [INFO]    🔹 [18/86] Thu thập: https://www.thegioididong.com/man-hinh-may-tinh/asus-vg249qe5a-23-8-inch-fhd-ips-146hz-1ms
02:28:14 [INFO]     Đã lấy được 13 thuộc tính
02:28:14 [INFO]       Đã lấy được Thông tin mô tả sản phẩm
02:28:15 [INFO]    🔹 [19/86] Thu thập: https://www.thegioididong.com/man-hinh-may-tinh/acer-gaming-nitro-27-inch-full-hd-ed270-x
02:28:23 [INFO]     Đã lấy được 13 thuộc tính
02:28:23 [INFO]       Đã lấy được Thông tin mô tả sản phẩm
02:28:25 [INFO]    🔹 [20/86] Thu thập: https://www.thegioididong.com/man-hinh-may-tinh/asus-tuf-vg279qe5a-27fhd-ips-146hz-1ms
02:28:33 [INFO]     Đã lấy được 13 thuộc tính
02:28:33 [INFO]       Đã lấy được Thông tin mô tả sản phẩm
02:28:33 [INFO]       💾 Đã lưu batch 10 items.
02:28:35 [INFO]    🔹 [21/86] Thu thập: https://www.thegioididong.com/man-hinh-may-tinh/man-hinh-msi-pro-mp272lkl-27-inch-fhd-ips-100hz-1ms
02:28:43 [INFO]     Đã lấy được 13 thuộc tính
02:28:43 [INFO]       Đã lấy được Thông tin mô tả sản phẩm
02:28:44 [INFO]    🔹 [22/86] Thu thập: https://www.thegioididong.com/man-hinh-may-tinh/xiaomi-27-inch-qhd-a27qi-2026
02:28:54 [INFO]     Đã lấy được 13 thuộc tính
02:28:54 [INFO]       Đã lấy được Thông tin mô tả sản phẩm
02:28:56 [INFO]    🔹 [23/86] Thu thập: https://www.thegioididong.com/man-hinh-may-tinh/msi-gaming-27-inch-full-hd-g275l-e14
02:29:04 [INFO]     Đã lấy được 13 thuộc tính
02:29:04 [INFO]       Đã lấy được Thông tin mô tả sản phẩm
02:29:06 [INFO]    🔹 [24/86] Thu thập: https://www.thegioididong.com/man-hinh-may-tinh/asus-tuf-vg259q5a-24-5-inch-fhd-ips-200hz-1ms
02:29:13 [INFO]     Đã lấy được 13 thuộc tính
02:29:13 [INFO]       Đã lấy được Thông tin mô tả sản phẩm
02:29:14 [INFO]    🔹 [25/86] Thu thập: https://www.thegioididong.com/man-hinh-may-tinh/msi-gaming-23-8-inch-full-hd-mp243l-e14
02:29:24 [INFO]     Đã lấy được 13 thuộc tính
02:29:24 [INFO]       Đã lấy được Thông tin mô tả sản phẩm
02:29:25 [INFO]    🔹 [26/86] Thu thập: https://www.thegioididong.com/man-hinh-may-tinh/acer-gaming-nitro-27-inch-full-hd-vg270-s
02:29:34 [INFO]     Đã lấy được 13 thuộc tính
02:29:34 [INFO]       Đã lấy được Thông tin mô tả sản phẩm
02:29:35 [INFO]    🔹 [27/86] Thu thập: https://www.thegioididong.com/man-hinh-may-tinh/samsung-odyssey-g5-g55c-ls27cg552eexxv-27-inch-2k
02:29:43 [INFO]     Đã lấy được 13 thuộc tính
02:29:43 [INFO]       Đã lấy được Thông tin mô tả sản phẩm
02:29:44 [INFO]    🔹 [28/86] Thu thập: https://www.thegioididong.com/man-hinh-may-tinh/vasus-gaming-tuf-27-inch-2k-vg27aq5a
02:29:52 [INFO]     Đã lấy được 13 thuộc tính
02:29:52 [INFO]       Đã lấy được Thông tin mô tả sản phẩm
02:29:53 [INFO]    🔹 [29/86] Thu thập: https://www.thegioididong.com/man-hinh-may-tinh/philips-gaming-evnia-27-inch-qhd-27m2n2500nf
02:30:02 [INFO]     Đã lấy được 13 thuộc tính
02:30:02 [INFO]       Đã lấy được Thông tin mô tả sản phẩm
02:30:04 [INFO] ♻️ Đang làm mới trình duyệt...
02:30:09 [INFO] patching driver executable C:\Users\CONG\appdata\roaming\undetected_chromedriver\undetected_chromedriver.exe
02:30:14 [INFO]    🔹 [30/86] Thu thập: https://www.thegioididong.com/man-hinh-may-tinh/gigabyte-gs25f2-24-5-inch-fhd-ips-200hz-1ms
02:30:14 [ERROR] ❌ Lỗi xử lý tại https://www.thegioididong.com/man-hinh-may-tinh/gigabyte-gs25f2-24-5-inch-fhd-ips-200hz-1ms: Message: no such window: target window already closed
from unknown error: web view not found
  (Session info: chrome=147.0.7727.102)
Stacktrace:
	undetected_chromedriver!GetHandleVerifier [0xc6c733+10b73]
	undetected_chromedriver!GetHandleVerifier [0xc6c864+10ca4]
	undetected_chromedriver!(No symbol) [0xa42100]
	undetected_chromedriver!(No symbol) [0xa20c23]
	undetected_chromedriver!(No symbol) [0xab445b]
	undetected_chromedriver!(No symbol) [0xacac29]
	undetected_chromedriver!(No symbol) [0xaad9b6]
	undetected_chromedriver!(No symbol) [0xa80339]
	undetected_chromedriver!(No symbol) [0xa810f4]
	undetected_chromedriver!GetHandleVerifier [0xecfe04+274244]
	undetected_chromedriver!GetHandleVerifier [0xecb459+26f899]
	undetected_chromedriver!GetHandleVerifier [0xee9bd5+28e015]
	undetected_chromedriver!GetHandleVerifier [0xc87188+2b5c8]
	undetected_chromedriver!GetHandleVerifier [0xc8f23d+3367d]
	undetected_chromedriver!GetHandleVerifier [0xc75138+19578]
	undetected_chromedriver!GetHandleVerifier [0xc75302+19742]
	undetected_chromedriver!GetHandleVerifier [0xc5e48f+28cf]
	KERNEL32!BaseThreadInitThunk [0x763b5d49+19]
	ntdll!RtlInitializeExceptionChain [0x77ced83b+6b]
	ntdll!RtlGetAppContainerNamedObjectPath [0x77ced7c1+231]

02:30:24 [INFO] patching driver executable C:\Users\CONG\appdata\roaming\undetected_chromedriver\undetected_chromedriver.exe
02:30:29 [INFO]    🔹 [30/86] Thu thập: https://www.thegioididong.com/man-hinh-may-tinh/gigabyte-gs25f2-24-5-inch-fhd-ips-200hz-1ms
02:30:39 [INFO]     Đã lấy được 13 thuộc tính
02:30:39 [INFO]       Đã lấy được Thông tin mô tả sản phẩm
02:30:39 [INFO]       💾 Đã lưu batch 10 items.
02:30:40 [INFO]    🔹 [31/86] Thu thập: https://www.thegioididong.com/man-hinh-may-tinh/singpc-p27f100-ips-27-inch-fhd-ips-100hz-5ms
02:30:48 [INFO]     Đã lấy được 13 thuộc tính
02:30:48 [INFO]       Đã lấy được Thông tin mô tả sản phẩm
02:30:49 [INFO]    🔹 [32/86] Thu thập: https://www.thegioididong.com/man-hinh-may-tinh/xiaomi-23-8-inch-full-hd-a24i-2026
02:30:57 [INFO]     Đã lấy được 13 thuộc tính
02:30:57 [INFO]       Đã lấy được Thông tin mô tả sản phẩm
02:30:58 [INFO]    🔹 [33/86] Thu thập: https://www.thegioididong.com/man-hinh-may-tinh/asus-gaming-tuf-27-inch-full-hd-vg279qm5a
02:31:06 [INFO]     Đã lấy được 13 thuộc tính
02:31:06 [INFO]       Đã lấy được Thông tin mô tả sản phẩm
02:31:07 [INFO]    🔹 [34/86] Thu thập: https://www.thegioididong.com/man-hinh-may-tinh/asus-vy249hgr-23-8-inch-fhd-ips-120hz-1ms
02:31:14 [INFO]     Đã lấy được 13 thuộc tính
02:31:14 [INFO]       Đã lấy được Thông tin mô tả sản phẩm
02:31:16 [INFO]    🔹 [35/86] Thu thập: https://www.thegioididong.com/man-hinh-may-tinh/msi-pro-mp275q-27-inch-2k-ips-100hz-1ms
02:31:24 [INFO]     Đã lấy được 13 thuộc tính
02:31:24 [INFO]       Đã lấy được Thông tin mô tả sản phẩm
02:31:26 [INFO]    🔹 [36/86] Thu thập: https://www.thegioididong.com/man-hinh-may-tinh/xiaomi-a27ui-27-inch-4k-ips-60hz-6ms
02:31:33 [INFO]     Đã lấy được 13 thuộc tính
02:31:33 [INFO]       Đã lấy được Thông tin mô tả sản phẩm
02:31:35 [INFO]    🔹 [37/86] Thu thập: https://www.thegioididong.com/man-hinh-may-tinh/samsung-ls27b800pxexxv-27-inch-4k
02:31:42 [INFO]     Đã lấy được 13 thuộc tính
02:31:42 [INFO]       Đã lấy được Thông tin mô tả sản phẩm
02:31:44 [INFO]    🔹 [38/86] Thu thập: https://www.thegioididong.com/man-hinh-may-tinh/dell-p2725h-27-inch-fhd-ips-100hz-5ms
02:31:51 [INFO]     Đã lấy được 13 thuộc tính
02:31:51 [INFO]       Đã lấy được Thông tin mô tả sản phẩm
02:31:53 [INFO]    🔹 [39/86] Thu thập: https://www.thegioididong.com/man-hinh-may-tinh/asus-gaming-tuf-23-8-inch-full-hd-vg249qm5a
02:32:01 [INFO]     Đã lấy được 13 thuộc tính
02:32:01 [INFO]       Đã lấy được Thông tin mô tả sản phẩm
02:32:02 [INFO]    🔹 [40/86] Thu thập: https://www.thegioididong.com/man-hinh-may-tinh/singpc-gaming-27-inch-full-hd-q27cf120-vag
02:32:12 [INFO]     Đã lấy được 13 thuộc tính
02:32:12 [INFO]       Đã lấy được Thông tin mô tả sản phẩm
02:32:12 [INFO]       💾 Đã lưu batch 10 items.
02:32:14 [INFO]    🔹 [41/86] Thu thập: https://www.thegioididong.com/man-hinh-may-tinh/samsung-viewfinity-s5-s50gc-ls34c500gaexxv-34-inch-3k
02:32:21 [INFO]     Đã lấy được 13 thuộc tính
02:32:21 [INFO]       Đã lấy được Thông tin mô tả sản phẩm
02:32:22 [INFO]    🔹 [42/86] Thu thập: https://www.thegioididong.com/man-hinh-may-tinh/msi-pro-15-6-inch-full-hd-mp165-e6
02:32:30 [INFO]     Đã lấy được 13 thuộc tính
02:32:30 [INFO]       Đã lấy được Thông tin mô tả sản phẩm
02:32:32 [INFO]    🔹 [43/86] Thu thập: https://www.thegioididong.com/man-hinh-may-tinh/samsung-gaming-odyssey-g5-g50f-27-inch-qhd-ls27fg502eexxv
02:32:40 [INFO]     Đã lấy được 13 thuộc tính
02:32:40 [INFO]       Đã lấy được Thông tin mô tả sản phẩm
02:32:42 [INFO]    🔹 [44/86] Thu thập: https://www.thegioididong.com/man-hinh-may-tinh/dell-p2425h-23-8-inch-fhd-ips-100hz-5ms
02:32:51 [INFO]     Đã lấy được 13 thuộc tính
02:32:51 [INFO]       Đã lấy được Thông tin mô tả sản phẩm
02:32:52 [INFO] ♻️ Đang làm mới trình duyệt...
02:32:57 [INFO] patching driver executable C:\Users\CONG\appdata\roaming\undetected_chromedriver\undetected_chromedriver.exe
02:33:02 [INFO]    🔹 [45/86] Thu thập: https://www.thegioididong.com/man-hinh-may-tinh/man-hinh-dell-ultrasharp-u2725qe-27-inch-4k-ips-120hz-5ms
02:33:11 [INFO]     Đã lấy được 13 thuộc tính
02:33:11 [INFO]       Đã lấy được Thông tin mô tả sản phẩm
02:33:13 [INFO]    🔹 [46/86] Thu thập: https://www.thegioididong.com/man-hinh-may-tinh/msi-gaming-mag-27-inch-2k-275cqf-e18
02:33:23 [INFO]     Đã lấy được 13 thuộc tính
02:33:23 [INFO]       Đã lấy được Thông tin mô tả sản phẩm
02:33:24 [INFO]    🔹 [47/86] Thu thập: https://www.thegioididong.com/man-hinh-may-tinh/asus-va279hg-r-27-inch-fhd-ips-120hz-1ms
02:33:33 [INFO]     Đã lấy được 13 thuộc tính
02:33:33 [INFO]       Đã lấy được Thông tin mô tả sản phẩm
02:33:34 [INFO]    🔹 [48/86] Thu thập: https://www.thegioididong.com/man-hinh-may-tinh/msi-mag-255f-e20-24-5-inch-fhd-rapid-ips-200hz-0-5ms
02:33:44 [INFO]     Đã lấy được 13 thuộc tính
02:33:44 [INFO]       Đã lấy được Thông tin mô tả sản phẩm
02:33:45 [INFO]    🔹 [49/86] Thu thập: https://www.thegioididong.com/man-hinh-may-tinh/msi-gaming-mag-27-inch-full-hd-276cxf
02:33:53 [INFO]     Đã lấy được 13 thuộc tính
02:33:53 [INFO]       Đã lấy được Thông tin mô tả sản phẩm
02:33:54 [INFO]    🔹 [50/86] Thu thập: https://www.thegioididong.com/man-hinh-may-tinh/msi-gaming-mag-27-inch-full-hd-272f-x24
02:34:03 [INFO]     Đã lấy được 13 thuộc tính
02:34:03 [INFO]       Đã lấy được Thông tin mô tả sản phẩm
02:34:03 [INFO]       💾 Đã lưu batch 10 items.
02:34:04 [INFO]    🔹 [51/86] Thu thập: https://www.thegioididong.com/man-hinh-may-tinh/asus-vy279hgr-27-inch-fhd-ips-120hz-1ms
02:34:13 [INFO]     Đã lấy được 13 thuộc tính
02:34:13 [INFO]       Đã lấy được Thông tin mô tả sản phẩm
02:34:14 [INFO]    🔹 [52/86] Thu thập: https://www.thegioididong.com/man-hinh-may-tinh/msi-pro-mp275-e2-27-inch-fhd-ips-120hz-1ms
02:34:23 [INFO]     Đã lấy được 13 thuộc tính
02:34:23 [INFO]       Đã lấy được Thông tin mô tả sản phẩm
02:34:24 [INFO]    🔹 [53/86] Thu thập: https://www.thegioididong.com/man-hinh-may-tinh/msi-gaming-mag-27-inch-full-hd-274cxf
02:34:32 [INFO]     Đã lấy được 13 thuộc tính
02:34:32 [INFO]       Đã lấy được Thông tin mô tả sản phẩm
02:34:34 [INFO]    🔹 [54/86] Thu thập: https://www.thegioididong.com/man-hinh-may-tinh/msi-gaming-pro-27-inch-wqhd-mp275q-e14
02:34:42 [INFO]     Đã lấy được 13 thuộc tính
02:34:42 [INFO]       Đã lấy được Thông tin mô tả sản phẩm
02:34:44 [INFO]    🔹 [55/86] Thu thập: https://www.thegioididong.com/man-hinh-may-tinh/samsung-odyssey-g9-g93sc-ls49cg934sexxv-49-inch-5k-oled
02:34:54 [INFO]     Đã lấy được 13 thuộc tính
02:34:54 [INFO]       Đã lấy được Thông tin mô tả sản phẩm
02:34:55 [INFO]    🔹 [56/86] Thu thập: https://www.thegioididong.com/man-hinh-may-tinh/dell-alienware-aw2725dm-27-inch-2k
02:35:03 [INFO]     Đã lấy được 13 thuộc tính
02:35:03 [INFO]       Đã lấy được Thông tin mô tả sản phẩm
02:35:05 [INFO]    🔹 [57/86] Thu thập: https://www.thegioididong.com/man-hinh-may-tinh/msi-27-inch-full-hd-mag-275cf-x24
02:35:12 [INFO]     Đã lấy được 13 thuộc tính
02:35:12 [INFO]       Đã lấy được Thông tin mô tả sản phẩm
02:35:13 [INFO]    🔹 [58/86] Thu thập: https://www.thegioididong.com/man-hinh-may-tinh/msi-gaming-mag-23-8-inch-full-hd-245f-x24
02:35:21 [INFO]     Đã lấy được 13 thuộc tính
02:35:21 [INFO]       Đã lấy được Thông tin mô tả sản phẩm
02:35:22 [INFO]    🔹 [59/86] Thu thập: https://www.thegioididong.com/man-hinh-may-tinh/asus-proart-27-inch-2k-pa278qgv
02:35:29 [INFO]     Đã lấy được 13 thuộc tính
02:35:29 [INFO]       Đã lấy được Thông tin mô tả sản phẩm
02:35:31 [INFO] ♻️ Đang làm mới trình duyệt...
02:35:36 [INFO] patching driver executable C:\Users\CONG\appdata\roaming\undetected_chromedriver\undetected_chromedriver.exe
02:35:41 [INFO]    🔹 [60/86] Thu thập: https://www.thegioididong.com/man-hinh-may-tinh/asus-proart-24-1-inch-full-hd-pa248qfv
02:35:50 [INFO]     Đã lấy được 13 thuộc tính
02:35:50 [INFO]       Đã lấy được Thông tin mô tả sản phẩm
02:35:50 [INFO]       💾 Đã lưu batch 10 items.
02:35:52 [INFO]    🔹 [61/86] Thu thập: https://www.thegioididong.com/man-hinh-may-tinh/samsung-gaming-lcd-odyssey-oled-g8-g80sd-ls32dg802sexxv-32-inch
02:36:02 [INFO]     Đã lấy được 13 thuộc tính
02:36:02 [INFO]       Đã lấy được Thông tin mô tả sản phẩm
02:36:04 [INFO]    🔹 [62/86] Thu thập: https://www.thegioididong.com/man-hinh-may-tinh/msi-pro-mp341cq-34-inch-3k-va-100hz-4ms
02:36:12 [INFO]     Đã lấy được 13 thuộc tính
02:36:12 [INFO]       Đã lấy được Thông tin mô tả sản phẩm
02:36:13 [INFO]    🔹 [63/86] Thu thập: https://www.thegioididong.com/man-hinh-may-tinh/msi-gaming-mag-26-5-inch-2k-272qp-qd-oled-x50
02:36:21 [INFO]     Đã lấy được 13 thuộc tính
02:36:21 [INFO]       Đã lấy được Thông tin mô tả sản phẩm
02:36:23 [INFO]    🔹 [64/86] Thu thập: https://www.thegioididong.com/man-hinh-may-tinh/samsung-gaming-odyssey-oled-g8-34-inch-uwqhd-ls34bg850sexxv
02:36:31 [INFO]     Đã lấy được 13 thuộc tính
02:36:31 [INFO]       Đã lấy được Thông tin mô tả sản phẩm
02:36:32 [INFO]    🔹 [65/86] Thu thập: https://www.thegioididong.com/man-hinh-may-tinh/asus-gaming-rog-strix-26-5-inch-qhd-xg27acdms
02:36:40 [INFO]     Đã lấy được 13 thuộc tính
02:36:40 [INFO]       Đã lấy được Thông tin mô tả sản phẩm
02:36:42 [INFO]    🔹 [66/86] Thu thập: https://www.thegioididong.com/man-hinh-may-tinh/studio-display-27-inch-5k-chan-de-co-dinh-mfey4sa-a
02:36:50 [INFO]     Đã lấy được 13 thuộc tính
02:36:50 [INFO]       Đã lấy được Thông tin mô tả sản phẩm
02:36:52 [INFO]    🔹 [67/86] Thu thập: https://www.thegioididong.com/man-hinh-may-tinh/asus-proart-27-inch-2k-pa278cgrv
02:37:01 [INFO]     Đã lấy được 13 thuộc tính
02:37:01 [INFO]       Đã lấy được Thông tin mô tả sản phẩm
02:37:02 [INFO]    🔹 [68/86] Thu thập: https://www.thegioididong.com/man-hinh-may-tinh/xiaomi-a27i-27-inch-fhd
02:37:11 [INFO]     Đã lấy được 13 thuộc tính
02:37:11 [INFO]       Đã lấy được Thông tin mô tả sản phẩm
02:37:13 [INFO]    🔹 [69/86] Thu thập: https://www.thegioididong.com/man-hinh-may-tinh/msi-mag-273qp-qd-oled-x24-26-5-inch-2k-qd-oled-240hz-0-03ms
02:37:21 [INFO]     Đã lấy được 13 thuộc tính
02:37:21 [INFO]       Đã lấy được Thông tin mô tả sản phẩm
02:37:23 [INFO]    🔹 [70/86] Thu thập: https://www.thegioididong.com/man-hinh-may-tinh/xiaomi-gaming-27-inch-full-hd-g27i-2026
02:37:30 [INFO]     Đã lấy được 13 thuộc tính
02:37:30 [INFO]       Đã lấy được Thông tin mô tả sản phẩm
02:37:30 [INFO]       💾 Đã lưu batch 10 items.
02:37:32 [INFO]    🔹 [71/86] Thu thập: https://www.thegioididong.com/man-hinh-may-tinh/asus-gaming-rog-strix-32-inch-4k-xg32ucwmg
02:37:39 [INFO]     Đã lấy được 13 thuộc tính
02:37:39 [INFO]       Đã lấy được Thông tin mô tả sản phẩm
02:37:41 [INFO]    🔹 [72/86] Thu thập: https://www.thegioididong.com/man-hinh-may-tinh/xiaomi-gaming-27-inch-qhd-g27qi-2026
02:37:49 [INFO]     Đã lấy được 13 thuộc tính
02:37:49 [INFO]       Đã lấy được Thông tin mô tả sản phẩm
02:37:50 [INFO]    🔹 [73/86] Thu thập: https://www.thegioididong.com/man-hinh-may-tinh/studio-display-27-inch-5k-nano-chan-de-dieu-chinh-mff04sa-a
02:37:58 [INFO]     Đã lấy được 13 thuộc tính
02:37:58 [INFO]       Đã lấy được Thông tin mô tả sản phẩm
02:37:59 [INFO]    🔹 [74/86] Thu thập: https://www.thegioididong.com/man-hinh-may-tinh/asus-zenscreen-16-inch-wuxga-mb16fc
02:38:07 [INFO]     Đã lấy được 13 thuộc tính
02:38:07 [INFO]       Đã lấy được Thông tin mô tả sản phẩm
02:38:09 [INFO] ♻️ Đang làm mới trình duyệt...
02:38:14 [INFO] patching driver executable C:\Users\CONG\appdata\roaming\undetected_chromedriver\undetected_chromedriver.exe
02:38:19 [INFO]    🔹 [75/86] Thu thập: https://www.thegioididong.com/man-hinh-may-tinh/asus-proart-27-inch-2k-pa278qev
02:38:19 [ERROR] ❌ Lỗi xử lý tại https://www.thegioididong.com/man-hinh-may-tinh/asus-proart-27-inch-2k-pa278qev: Message: no such window: target window already closed
from unknown error: web view not found
  (Session info: chrome=147.0.7727.102)
Stacktrace:
	undetected_chromedriver!GetHandleVerifier [0xb4c733+10b73]
	undetected_chromedriver!GetHandleVerifier [0xb4c864+10ca4]
	undetected_chromedriver!(No symbol) [0x922100]
	undetected_chromedriver!(No symbol) [0x900c23]
	undetected_chromedriver!(No symbol) [0x99445b]
	undetected_chromedriver!(No symbol) [0x9aac29]
	undetected_chromedriver!(No symbol) [0x98d9b6]
	undetected_chromedriver!(No symbol) [0x960339]
	undetected_chromedriver!(No symbol) [0x9610f4]
	undetected_chromedriver!GetHandleVerifier [0xdafe04+274244]
	undetected_chromedriver!GetHandleVerifier [0xdab459+26f899]
	undetected_chromedriver!GetHandleVerifier [0xdc9bd5+28e015]
	undetected_chromedriver!GetHandleVerifier [0xb67188+2b5c8]
	undetected_chromedriver!GetHandleVerifier [0xb6f23d+3367d]
	undetected_chromedriver!GetHandleVerifier [0xb55138+19578]
	undetected_chromedriver!GetHandleVerifier [0xb55302+19742]
	undetected_chromedriver!GetHandleVerifier [0xb3e48f+28cf]
	KERNEL32!BaseThreadInitThunk [0x763b5d49+19]
	ntdll!RtlInitializeExceptionChain [0x77ced83b+6b]
	ntdll!RtlGetAppContainerNamedObjectPath [0x77ced7c1+231]

02:38:29 [INFO] patching driver executable C:\Users\CONG\appdata\roaming\undetected_chromedriver\undetected_chromedriver.exe
02:38:33 [INFO]    🔹 [75/86] Thu thập: https://www.thegioididong.com/man-hinh-may-tinh/asus-proart-27-inch-2k-pa278qev
02:38:43 [INFO]     Đã lấy được 13 thuộc tính
02:38:43 [INFO]       Đã lấy được Thông tin mô tả sản phẩm
02:38:45 [INFO]    🔹 [76/86] Thu thập: https://www.thegioididong.com/man-hinh-may-tinh/asus-proart-27-inch-4k-pa279crv
02:38:53 [INFO]     Đã lấy được 13 thuộc tính
02:38:53 [INFO]       Đã lấy được Thông tin mô tả sản phẩm
02:38:55 [INFO]    🔹 [77/86] Thu thập: https://www.thegioididong.com/man-hinh-may-tinh/msi-gaming-mag-24-5-inch-full-hd-255f-x24
02:39:03 [INFO]     Đã lấy được 13 thuộc tính
02:39:03 [INFO]       Đã lấy được Thông tin mô tả sản phẩm
02:39:05 [INFO]    🔹 [78/86] Thu thập: https://www.thegioididong.com/man-hinh-may-tinh/msi-gaming-mag-27-inch-wqhd-274qf-x24
02:39:13 [INFO]     Đã lấy được 13 thuộc tính
02:39:13 [INFO]       Đã lấy được Thông tin mô tả sản phẩm
02:39:15 [INFO]    🔹 [79/86] Thu thập: https://www.thegioididong.com/man-hinh-may-tinh/asus-gaming-tuf-27-inch-qhd-vg27aqm5a
02:39:23 [INFO]     Đã lấy được 13 thuộc tính
02:39:23 [INFO]       Đã lấy được Thông tin mô tả sản phẩm
02:39:25 [INFO]    🔹 [80/86] Thu thập: https://www.thegioididong.com/man-hinh-may-tinh/asus-gaming-rog-swift-26-5-inch-qhd-pg27aqwp-w
02:39:33 [INFO]     Đã lấy được 13 thuộc tính
02:39:33 [INFO]       Đã lấy được Thông tin mô tả sản phẩm
02:39:33 [INFO]       💾 Đã lưu batch 10 items.
02:39:34 [INFO]    🔹 [81/86] Thu thập: https://www.thegioididong.com/man-hinh-may-tinh/asus-gaming-rog-strix-27-inch-qhd-xg27acmes
02:39:42 [INFO]     Đã lấy được 13 thuộc tính
02:39:42 [INFO]       Đã lấy được Thông tin mô tả sản phẩm
02:39:43 [INFO]    🔹 [82/86] Thu thập: https://www.thegioididong.com/man-hinh-may-tinh/asus-zenscreen-15-6-inch-full-hd-mb169ck
02:39:50 [INFO]     Đã lấy được 12 thuộc tính
02:39:50 [INFO]       Đã lấy được Thông tin mô tả sản phẩm
02:39:52 [INFO]    🔹 [83/86] Thu thập: https://www.thegioididong.com/man-hinh-may-tinh/asus-proart-27-inch-5k-pa27jcv
02:40:00 [INFO]     Đã lấy được 13 thuộc tính
02:40:00 [INFO]       Đã lấy được Thông tin mô tả sản phẩm
02:40:01 [INFO]    🔹 [84/86] Thu thập: https://www.thegioididong.com/man-hinh-may-tinh/asus-proart-32-inch-8k-pa32kcx
02:40:09 [INFO]     Đã lấy được 13 thuộc tính
02:40:09 [INFO]       Đã lấy được Thông tin mô tả sản phẩm
02:40:10 [INFO]    🔹 [85/86] Thu thập: https://www.thegioididong.com/man-hinh-may-tinh/msi-pro-34-inch-uwqhd-mp341cq-e12
02:40:18 [INFO]     Đã lấy được 13 thuộc tính
02:40:18 [INFO]       Đã lấy được Thông tin mô tả sản phẩm
02:40:19 [INFO]    🔹 [86/86] Thu thập: https://www.thegioididong.com/man-hinh-may-tinh/msi-pro-34-inch-uwqhd-mp341cqw-e12
02:40:27 [INFO]     Đã lấy được 13 thuộc tính
02:40:27 [INFO]       Đã lấy được Thông tin mô tả sản phẩm
02:40:29 [INFO] ✅ Hoàn tất file: monitor_products.csv
02:40:29 [INFO] 📂 ĐANG XỬ LÝ FILE: smartphone_products.csv
02:40:29 [INFO]    🔹 [1/173] Thu thập: https://www.thegioididong.com/dtdd/iphone-17-pro-max
02:40:41 [INFO]     Đã lấy được 8 thuộc tính
02:40:42 [INFO]       Đã lấy được Thông tin mô tả sản phẩm
02:40:43 [INFO]    🔹 [2/173] Thu thập: https://www.thegioididong.com/dtdd/vivo-y04
02:40:51 [INFO]     Đã lấy được 9 thuộc tính
02:40:51 [INFO]       Đã lấy được Thông tin mô tả sản phẩm
02:40:53 [INFO]    🔹 [3/173] Thu thập: https://www.thegioididong.com/dtdd/samsung-galaxy-a17-4gb-128gb?utm_flashsale=1
02:41:02 [INFO]     Đã lấy được 8 thuộc tính
02:41:02 [INFO]       Đã lấy được Thông tin mô tả sản phẩm
02:41:03 [INFO] ♻️ Đang làm mới trình duyệt...
02:41:06 [INFO] patching driver executable C:\Users\CONG\appdata\roaming\undetected_chromedriver\undetected_chromedriver.exe
02:41:10 [INFO]    🔹 [4/173] Thu thập: https://www.thegioididong.com/dtdd/nokia-105-4g-pro
02:41:21 [INFO]     Đã lấy được 8 thuộc tính
02:41:21 [INFO]       Đã lấy được Thông tin mô tả sản phẩm
02:41:23 [INFO]    🔹 [5/173] Thu thập: https://www.thegioididong.com/dtdd/oppo-a6-8gb-128gb
02:41:32 [INFO]     Đã lấy được 9 thuộc tính
02:41:32 [INFO]       Đã lấy được Thông tin mô tả sản phẩm
02:41:34 [INFO]    🔹 [6/173] Thu thập: https://www.thegioididong.com/dtdd/masstel-izi-t6
02:41:44 [INFO]     Đã lấy được 6 thuộc tính
02:41:44 [INFO]       Đã lấy được Thông tin mô tả sản phẩm
02:41:45 [INFO]    🔹 [7/173] Thu thập: https://www.thegioididong.com/dtdd/oppo-a6x-4gb-64gb
02:41:54 [INFO]     Đã lấy được 9 thuộc tính
02:41:54 [INFO]       Đã lấy được Thông tin mô tả sản phẩm
02:41:55 [INFO]    🔹 [8/173] Thu thập: https://www.thegioididong.com/dtdd/xiaomi-redmi-15-8gb-128gb
02:42:04 [INFO]     Đã lấy được 9 thuộc tính
02:42:04 [INFO]       Đã lấy được Thông tin mô tả sản phẩm
02:42:06 [INFO]    🔹 [9/173] Thu thập: https://www.thegioididong.com/dtdd/samsung-galaxy-a07-4gb-64gb
02:42:18 [INFO]     Đã lấy được 8 thuộc tính
02:42:18 [INFO]       Đã lấy được Thông tin mô tả sản phẩm
02:42:19 [INFO]    🔹 [10/173] Thu thập: https://www.thegioididong.com/dtdd/iphone-17
02:42:30 [INFO]     Đã lấy được 8 thuộc tính
02:42:30 [INFO]       Đã lấy được Thông tin mô tả sản phẩm
02:42:30 [INFO]       💾 Đã lưu batch 10 items.
02:42:32 [INFO]    🔹 [11/173] Thu thập: https://www.thegioididong.com/dtdd/motorola-g06-power-4gb-128gb?utm_flashsale=1
02:42:43 [INFO]     Đã lấy được 9 thuộc tính
02:42:43 [INFO]       Đã lấy được Thông tin mô tả sản phẩm
02:42:45 [INFO]    🔹 [12/173] Thu thập: https://www.thegioididong.com/dtdd/xiaomi-15t-12gb-256gb
02:42:54 [INFO]     Đã lấy được 8 thuộc tính
02:42:54 [INFO]       Đã lấy được Thông tin mô tả sản phẩm
02:42:55 [INFO]    🔹 [13/173] Thu thập: https://www.thegioididong.com/dtdd/iphone-16-pro-max
02:43:06 [INFO]     Đã lấy được 8 thuộc tính
02:43:06 [INFO]       Đã lấy được Thông tin mô tả sản phẩm
02:43:08 [INFO]    🔹 [14/173] Thu thập: https://www.thegioididong.com/dtdd/iphone-13
02:43:16 [INFO]     Đã lấy được 8 thuộc tính
02:43:16 [INFO]       Đã lấy được Thông tin mô tả sản phẩm
02:43:17 [INFO]    🔹 [15/173] Thu thập: https://www.thegioididong.com/dtdd/xiaomi-redmi-15c-6gb-128gb
02:43:27 [INFO]     Đã lấy được 9 thuộc tính
02:43:27 [INFO]       Đã lấy được Thông tin mô tả sản phẩm
02:43:28 [INFO]    🔹 [16/173] Thu thập: https://www.thegioididong.com/dtdd/realme-note-80-4gb-64gb
02:43:50 [INFO]     Đã lấy được 0 thuộc tính
02:43:52 [INFO]    🔹 [17/173] Thu thập: https://www.thegioididong.com/dtdd/xiaomi-redmi-note-15-pro-5g-8gb-256gb
02:44:00 [INFO]     Đã lấy được 8 thuộc tính
02:44:00 [INFO]       Đã lấy được Thông tin mô tả sản phẩm
02:44:02 [INFO]    🔹 [18/173] Thu thập: https://www.thegioididong.com/dtdd/oppo-reno15f-5g-8gb-256gb
02:44:12 [INFO]     Đã lấy được 9 thuộc tính
02:44:12 [INFO]       Đã lấy được Thông tin mô tả sản phẩm
02:44:14 [INFO] ♻️ Đang làm mới trình duyệt...
02:44:21 [INFO] patching driver executable C:\Users\CONG\appdata\roaming\undetected_chromedriver\undetected_chromedriver.exe
02:44:25 [INFO]    🔹 [19/173] Thu thập: https://www.thegioididong.com/dtdd/iphone-15-plus
02:44:35 [INFO]     Đã lấy được 8 thuộc tính
02:44:35 [INFO]       Đã lấy được Thông tin mô tả sản phẩm
02:44:37 [INFO]    🔹 [20/173] Thu thập: https://www.thegioididong.com/dtdd/vivo-y21d-6gb-128gb
02:44:47 [INFO]     Đã lấy được 9 thuộc tính
02:44:47 [INFO]       Đã lấy được Thông tin mô tả sản phẩm
02:44:47 [INFO]       💾 Đã lưu batch 10 items.
02:44:49 [INFO]    🔹 [21/173] Thu thập: https://www.thegioididong.com/dtdd/iphone-14
02:44:57 [INFO]     Đã lấy được 8 thuộc tính
02:44:57 [INFO]       Đã lấy được Thông tin mô tả sản phẩm
02:44:59 [INFO]    🔹 [22/173] Thu thập: https://www.thegioididong.com/dtdd/oppo-reno14-f-5g-12gb-256gb
02:45:09 [INFO]     Đã lấy được 9 thuộc tính
02:45:09 [INFO]       Đã lấy được Thông tin mô tả sản phẩm
02:45:11 [INFO]    🔹 [23/173] Thu thập: https://www.thegioididong.com/dtdd/oppo-reno15-5g-8gb-256gb
02:45:18 [INFO]     Đã lấy được 8 thuộc tính
02:45:18 [INFO]       Đã lấy được Thông tin mô tả sản phẩm
02:45:19 [INFO]    🔹 [24/173] Thu thập: https://www.thegioididong.com/dtdd/nokia-hmd-105-4g
02:45:27 [INFO]     Đã lấy được 4 thuộc tính
02:45:27 [INFO]       Đã lấy được Thông tin mô tả sản phẩm
02:45:29 [INFO]    🔹 [25/173] Thu thập: https://www.thegioididong.com/dtdd/nokia-220-4g
02:45:39 [INFO]     Đã lấy được 7 thuộc tính
02:45:40 [INFO]       Đã lấy được Thông tin mô tả sản phẩm
02:45:41 [INFO]    🔹 [26/173] Thu thập: https://www.thegioididong.com/dtdd/samsung-galaxy-a37-6gb-128gb
02:46:05 [INFO]     Đã lấy được 0 thuộc tính
02:46:06 [INFO]    🔹 [27/173] Thu thập: https://www.thegioididong.com/dtdd/xiaomi-redmi-note-15-pro-8gb-256gb
02:46:15 [INFO]     Đã lấy được 9 thuộc tính
02:46:15 [INFO]       Đã lấy được Thông tin mô tả sản phẩm
02:46:17 [INFO]    🔹 [28/173] Thu thập: https://www.thegioididong.com/dtdd/realme-c85-8gb-128gb
02:46:26 [INFO]     Đã lấy được 9 thuộc tính
02:46:26 [INFO]       Đã lấy được Thông tin mô tả sản phẩm
02:46:28 [INFO]    🔹 [29/173] Thu thập: https://www.thegioididong.com/dtdd/oppo-reno15-pro-5g-12gb-256gb
02:46:39 [INFO]     Đã lấy được 8 thuộc tính
02:46:39 [INFO]       Đã lấy được Thông tin mô tả sản phẩm
02:46:41 [INFO]    🔹 [30/173] Thu thập: https://www.thegioididong.com/dtdd/masstel-fami-50
02:46:51 [INFO]     Đã lấy được 6 thuộc tính
02:46:51 [INFO]       Đã lấy được Thông tin mô tả sản phẩm
02:46:51 [INFO]       💾 Đã lưu batch 10 items.
02:46:53 [INFO]    🔹 [31/173] Thu thập: https://www.thegioididong.com/dtdd/vivo-y31d-6gb-128gb
02:47:03 [INFO]     Đã lấy được 8 thuộc tính
02:47:03 [INFO]       Đã lấy được Thông tin mô tả sản phẩm
02:47:04 [INFO]    🔹 [32/173] Thu thập: https://www.thegioididong.com/dtdd/masstel-izi-10-type-c
02:47:14 [INFO]     Đã lấy được 5 thuộc tính
02:47:14 [INFO]       Đã lấy được Thông tin mô tả sản phẩm
02:47:15 [INFO]    🔹 [33/173] Thu thập: https://www.thegioididong.com/dtdd/iphone-15
02:47:24 [INFO]     Đã lấy được 8 thuộc tính
02:47:24 [INFO]       Đã lấy được Thông tin mô tả sản phẩm
02:47:25 [INFO] ♻️ Đang làm mới trình duyệt...
02:47:27 [INFO] patching driver executable C:\Users\CONG\appdata\roaming\undetected_chromedriver\undetected_chromedriver.exe
02:47:32 [INFO]    🔹 [34/173] Thu thập: https://www.thegioididong.com/dtdd/realme-c100-4g-8gb-128gb
02:47:32 [ERROR] ❌ Lỗi xử lý tại https://www.thegioididong.com/dtdd/realme-c100-4g-8gb-128gb: Message: no such window: target window already closed
from unknown error: web view not found
  (Session info: chrome=147.0.7727.102)
Stacktrace:
	undetected_chromedriver!GetHandleVerifier [0xd7c733+10b73]
	undetected_chromedriver!GetHandleVerifier [0xd7c864+10ca4]
	undetected_chromedriver!(No symbol) [0xb52100]
	undetected_chromedriver!(No symbol) [0xb30c23]
	undetected_chromedriver!(No symbol) [0xbc445b]
	undetected_chromedriver!(No symbol) [0xbdac29]
	undetected_chromedriver!(No symbol) [0xbbd9b6]
	undetected_chromedriver!(No symbol) [0xb90339]
	undetected_chromedriver!(No symbol) [0xb910f4]
	undetected_chromedriver!GetHandleVerifier [0xfdfe04+274244]
	undetected_chromedriver!GetHandleVerifier [0xfdb459+26f899]
	undetected_chromedriver!GetHandleVerifier [0xff9bd5+28e015]
	undetected_chromedriver!GetHandleVerifier [0xd97188+2b5c8]
	undetected_chromedriver!GetHandleVerifier [0xd9f23d+3367d]
	undetected_chromedriver!GetHandleVerifier [0xd85138+19578]
	undetected_chromedriver!GetHandleVerifier [0xd85302+19742]
	undetected_chromedriver!GetHandleVerifier [0xd6e48f+28cf]
	KERNEL32!BaseThreadInitThunk [0x763b5d49+19]
	ntdll!RtlInitializeExceptionChain [0x77ced83b+6b]
	ntdll!RtlGetAppContainerNamedObjectPath [0x77ced7c1+231]

02:47:42 [INFO] patching driver executable C:\Users\CONG\appdata\roaming\undetected_chromedriver\undetected_chromedriver.exe
02:47:47 [INFO]    🔹 [34/173] Thu thập: https://www.thegioididong.com/dtdd/realme-c100-4g-8gb-128gb
02:48:11 [INFO]     Đã lấy được 0 thuộc tính
02:48:13 [INFO]    🔹 [35/173] Thu thập: https://www.thegioididong.com/dtdd/iphone-17-pro
02:48:25 [INFO]     Đã lấy được 8 thuộc tính
02:48:25 [INFO]       Đã lấy được Thông tin mô tả sản phẩm
02:48:26 [INFO]    🔹 [36/173] Thu thập: https://www.thegioididong.com/dtdd/vivo-v70-fe-8gb-256gb
02:48:49 [INFO]     Đã lấy được 0 thuộc tính
02:48:51 [INFO]    🔹 [37/173] Thu thập: https://www.thegioididong.com/dtdd/oppo-a5x-4gb-64gb
02:49:01 [INFO]     Đã lấy được 9 thuộc tính
02:49:01 [INFO]       Đã lấy được Thông tin mô tả sản phẩm
02:49:02 [INFO]    🔹 [38/173] Thu thập: https://www.thegioididong.com/dtdd/samsung-galaxy-s26-ultra-12gb-256gb
02:49:27 [INFO]     Đã lấy được 0 thuộc tính
02:49:29 [INFO]    🔹 [39/173] Thu thập: https://www.thegioididong.com/dtdd/mobell-m179
02:49:38 [INFO]     Đã lấy được 8 thuộc tính
02:49:38 [INFO]       Đã lấy được Thông tin mô tả sản phẩm
02:49:39 [INFO]    🔹 [40/173] Thu thập: https://www.thegioididong.com/dtdd/oppo-a6-pro-5g-12gb-256gb
02:49:49 [INFO]     Đã lấy được 9 thuộc tính
02:49:49 [INFO]       Đã lấy được Thông tin mô tả sản phẩm
02:49:49 [INFO]       💾 Đã lưu batch 10 items.
02:49:50 [INFO]    🔹 [41/173] Thu thập: https://www.thegioididong.com/dtdd/vivo-v60-lite-8gb-256gb
02:50:00 [INFO]     Đã lấy được 8 thuộc tính
02:50:00 [INFO]       Đã lấy được Thông tin mô tả sản phẩm
02:50:02 [INFO]    🔹 [42/173] Thu thập: https://www.thegioididong.com/dtdd/oppo-a5-8gb-128gb?utm_flashsale=1
02:50:12 [INFO]     Đã lấy được 9 thuộc tính
02:50:12 [INFO]       Đã lấy được Thông tin mô tả sản phẩm
02:50:14 [INFO]    🔹 [43/173] Thu thập: https://www.thegioididong.com/dtdd/vivo-y39-5g?utm_flashsale=1
02:50:22 [INFO]     Đã lấy được 8 thuộc tính
02:50:22 [INFO]       Đã lấy được Thông tin mô tả sản phẩm
02:50:24 [INFO]    🔹 [44/173] Thu thập: https://www.thegioididong.com/dtdd/oppo-a6-pro-8gb-128gb
02:50:35 [INFO]     Đã lấy được 9 thuộc tính
02:50:35 [INFO]       Đã lấy được Thông tin mô tả sản phẩm
02:50:37 [INFO]    🔹 [45/173] Thu thập: https://www.thegioididong.com/dtdd/realme-note-70-4gb-64gb
02:50:47 [INFO]     Đã lấy được 9 thuộc tính
02:50:47 [INFO]       Đã lấy được Thông tin mô tả sản phẩm
02:50:48 [INFO]    🔹 [46/173] Thu thập: https://www.thegioididong.com/dtdd/realme-c71-6gb
02:50:58 [INFO]     Đã lấy được 9 thuộc tính
02:50:58 [INFO]       Đã lấy được Thông tin mô tả sản phẩm
02:50:59 [INFO]    🔹 [47/173] Thu thập: https://www.thegioididong.com/dtdd/vivo-y19s-pro-8gb
02:51:08 [INFO]     Đã lấy được 9 thuộc tính
02:51:08 [INFO]       Đã lấy được Thông tin mô tả sản phẩm
02:51:10 [INFO]    🔹 [48/173] Thu thập: https://www.thegioididong.com/dtdd/motorola-moto-g35-5g-4gb-128gb?utm_flashsale=1
02:51:19 [INFO]     Đã lấy được 9 thuộc tính
02:51:19 [INFO]       Đã lấy được Thông tin mô tả sản phẩm
02:51:20 [INFO] ♻️ Đang làm mới trình duyệt...
02:51:26 [INFO] patching driver executable C:\Users\CONG\appdata\roaming\undetected_chromedriver\undetected_chromedriver.exe
02:51:30 [INFO]    🔹 [49/173] Thu thập: https://www.thegioididong.com/dtdd/realme-16-5g-8gb-256gb
02:51:41 [INFO]     Đã lấy được 9 thuộc tính
02:51:41 [INFO]       Đã lấy được Thông tin mô tả sản phẩm
02:51:42 [INFO]    🔹 [50/173] Thu thập: https://www.thegioididong.com/dtdd/realme-c85-pro-8gb-128gb
02:51:54 [INFO]     Đã lấy được 9 thuộc tính
02:51:54 [INFO]       Đã lấy được Thông tin mô tả sản phẩm
02:51:54 [INFO]       💾 Đã lưu batch 10 items.
02:51:55 [INFO]    🔹 [51/173] Thu thập: https://www.thegioididong.com/dtdd/nokia-110-4g-pro
02:52:03 [INFO]     Đã lấy được 8 thuộc tính
02:52:03 [INFO]       Đã lấy được Thông tin mô tả sản phẩm
02:52:04 [INFO]    🔹 [52/173] Thu thập: https://www.thegioididong.com/dtdd/samsung-galaxy-a07-5g-4gb-128gb
02:52:14 [INFO]     Đã lấy được 9 thuộc tính
02:52:14 [INFO]       Đã lấy được Thông tin mô tả sản phẩm
02:52:15 [INFO]    🔹 [53/173] Thu thập: https://www.thegioididong.com/dtdd/xiaomi-redmi-15-5g-4gb-128gb
02:52:25 [INFO]     Đã lấy được 9 thuộc tính
02:52:25 [INFO]       Đã lấy được Thông tin mô tả sản phẩm
02:52:27 [INFO]    🔹 [54/173] Thu thập: https://www.thegioididong.com/dtdd/iphone-air
02:52:41 [INFO]     Đã lấy được 8 thuộc tính
02:52:41 [INFO]       Đã lấy được Thông tin mô tả sản phẩm
02:52:42 [INFO]    🔹 [55/173] Thu thập: https://www.thegioididong.com/dtdd/realme-15t-5g-8gb-256gb
02:52:52 [INFO]     Đã lấy được 9 thuộc tính
02:52:52 [INFO]       Đã lấy được Thông tin mô tả sản phẩm
02:52:53 [INFO]    🔹 [56/173] Thu thập: https://www.thegioididong.com/dtdd/samsung-galaxy-s25-ultra
02:53:04 [INFO]     Đã lấy được 8 thuộc tính
02:53:04 [INFO]       Đã lấy được Thông tin mô tả sản phẩm
02:53:05 [INFO]    🔹 [57/173] Thu thập: https://www.thegioididong.com/dtdd/xiaomi-15t-pro-12gb-256gb
02:53:52 [INFO]     Đã lấy được 8 thuộc tính
02:53:52 [INFO]       Đã lấy được Thông tin mô tả sản phẩm
02:53:53 [INFO]    🔹 [58/173] Thu thập: https://www.thegioididong.com/dtdd/xiaomi-15t-12gb-512gb-xam
02:54:03 [INFO]     Đã lấy được 8 thuộc tính
02:54:04 [INFO]       Đã lấy được Thông tin mô tả sản phẩm
02:54:05 [INFO]    🔹 [59/173] Thu thập: https://www.thegioididong.com/dtdd/realme-p4-power-5g-12gb-256gb
02:54:28 [INFO]     Đã lấy được 0 thuộc tính
02:54:30 [INFO]    🔹 [60/173] Thu thập: https://www.thegioididong.com/dtdd/iphone-16
02:54:39 [INFO]     Đã lấy được 8 thuộc tính
02:54:39 [INFO]       Đã lấy được Thông tin mô tả sản phẩm
02:54:39 [INFO]       💾 Đã lưu batch 10 items.
02:54:40 [INFO]    🔹 [61/173] Thu thập: https://www.thegioididong.com/dtdd/masstel-s9
02:54:49 [INFO]     Đã lấy được 9 thuộc tính
02:54:49 [INFO]       Đã lấy được Thông tin mô tả sản phẩm
02:54:50 [INFO]    🔹 [62/173] Thu thập: https://www.thegioididong.com/dtdd/vivo-v70-8gb-256gb
02:55:13 [INFO]     Đã lấy được 0 thuộc tính
02:55:14 [INFO]    🔹 [63/173] Thu thập: https://www.thegioididong.com/dtdd/oppo-reno13-5g
02:55:24 [INFO]     Đã lấy được 8 thuộc tính
02:55:24 [INFO]       Đã lấy được Thông tin mô tả sản phẩm
02:55:26 [INFO] ♻️ Đang làm mới trình duyệt...
02:55:29 [INFO] patching driver executable C:\Users\CONG\appdata\roaming\undetected_chromedriver\undetected_chromedriver.exe
02:55:33 [INFO]    🔹 [64/173] Thu thập: https://www.thegioididong.com/dtdd/xiaomi-redmi-note-14-8gb-128gb
02:55:33 [ERROR] ❌ Lỗi xử lý tại https://www.thegioididong.com/dtdd/xiaomi-redmi-note-14-8gb-128gb: Message: no such window: target window already closed
from unknown error: web view not found
  (Session info: chrome=147.0.7727.102)
Stacktrace:
	undetected_chromedriver!GetHandleVerifier [0x120c733+10b73]
	undetected_chromedriver!GetHandleVerifier [0x120c864+10ca4]
	undetected_chromedriver!(No symbol) [0xfe2100]
	undetected_chromedriver!(No symbol) [0xfc0c23]
	undetected_chromedriver!(No symbol) [0x105445b]
	undetected_chromedriver!(No symbol) [0x106ac29]
	undetected_chromedriver!(No symbol) [0x104d9b6]
	undetected_chromedriver!(No symbol) [0x1020339]
	undetected_chromedriver!(No symbol) [0x10210f4]
	undetected_chromedriver!GetHandleVerifier [0x146fe04+274244]
	undetected_chromedriver!GetHandleVerifier [0x146b459+26f899]
	undetected_chromedriver!GetHandleVerifier [0x1489bd5+28e015]
	undetected_chromedriver!GetHandleVerifier [0x1227188+2b5c8]
	undetected_chromedriver!GetHandleVerifier [0x122f23d+3367d]
	undetected_chromedriver!GetHandleVerifier [0x1215138+19578]
	undetected_chromedriver!GetHandleVerifier [0x1215302+19742]
	undetected_chromedriver!GetHandleVerifier [0x11fe48f+28cf]
	KERNEL32!BaseThreadInitThunk [0x763b5d49+19]
	ntdll!RtlInitializeExceptionChain [0x77ced83b+6b]
	ntdll!RtlGetAppContainerNamedObjectPath [0x77ced7c1+231]

02:55:44 [INFO] patching driver executable C:\Users\CONG\appdata\roaming\undetected_chromedriver\undetected_chromedriver.exe
02:55:49 [INFO]    🔹 [64/173] Thu thập: https://www.thegioididong.com/dtdd/xiaomi-redmi-note-14-8gb-128gb
02:56:02 [INFO]     Đã lấy được 9 thuộc tính
02:56:02 [INFO]       Đã lấy được Thông tin mô tả sản phẩm
02:56:03 [INFO]    🔹 [65/173] Thu thập: https://www.thegioididong.com/dtdd/samsung-galaxy-s25
02:56:29 [INFO]     Đã lấy được 0 thuộc tính
02:56:31 [INFO]    🔹 [66/173] Thu thập: https://www.thegioididong.com/dtdd/tecno-spark-40c-4gb-128gb
02:56:40 [INFO]     Đã lấy được 9 thuộc tính
02:56:40 [INFO]       Đã lấy được Thông tin mô tả sản phẩm
02:56:42 [INFO]    🔹 [67/173] Thu thập: https://www.thegioididong.com/dtdd/mobell-m239
02:57:10 [INFO]     Đã lấy được 7 thuộc tính
02:57:10 [INFO]       Đã lấy được Thông tin mô tả sản phẩm
02:57:12 [INFO]    🔹 [68/173] Thu thập: https://www.thegioididong.com/dtdd/xiaomi-redmi-13x-6gb-128gb?utm_flashsale=1
02:57:19 [INFO]     Đã lấy được 9 thuộc tính
02:57:19 [INFO]       Đã lấy được Thông tin mô tả sản phẩm
02:57:21 [INFO]    🔹 [69/173] Thu thập: https://www.thegioididong.com/dtdd/xiaomi-redmi-note-15-pro-plus-5g-12gb-256gb
02:57:28 [INFO]     Đã lấy được 8 thuộc tính
02:57:28 [INFO]       Đã lấy được Thông tin mô tả sản phẩm
02:57:30 [INFO]    🔹 [70/173] Thu thập: https://www.thegioididong.com/dtdd/samsung-galaxy-a17-5g-8gb-128gb
02:57:38 [INFO]     Đã lấy được 9 thuộc tính
02:57:38 [INFO]       Đã lấy được Thông tin mô tả sản phẩm
02:57:38 [INFO]       💾 Đã lưu batch 10 items.
02:57:39 [INFO]    🔹 [71/173] Thu thập: https://www.thegioididong.com/dtdd/iphone-17e-256gb?utm_flashsale=1
02:57:50 [INFO]     Đã lấy được 8 thuộc tính
02:57:50 [INFO]       Đã lấy được Thông tin mô tả sản phẩm
02:57:51 [INFO]    🔹 [72/173] Thu thập: https://www.thegioididong.com/dtdd/xiaomi-redmi-note-14-pro-5g?utm_flashsale=1
02:58:05 [INFO]     Đã lấy được 8 thuộc tính
02:58:05 [INFO]       Đã lấy được Thông tin mô tả sản phẩm
02:58:07 [INFO]    🔹 [73/173] Thu thập: https://www.thegioididong.com/dtdd/motorola-moto-g86-5g-8gb-128gb?utm_flashsale=1
02:58:16 [INFO]     Đã lấy được 9 thuộc tính
02:58:16 [INFO]       Đã lấy được Thông tin mô tả sản phẩm
02:58:18 [INFO]    🔹 [74/173] Thu thập: https://www.thegioididong.com/dtdd/samsung-galaxy-s26-12gb-256gb
02:58:45 [INFO]     Đã lấy được 0 thuộc tính
02:58:46 [INFO]    🔹 [75/173] Thu thập: https://www.thegioididong.com/dtdd/samsung-galaxy-a56?utm_flashsale=1
02:58:56 [ERROR] ❌ Lỗi xử lý tại https://www.thegioididong.com/dtdd/samsung-galaxy-a56?utm_flashsale=1: cannot access local variable 'e' where it is not associated with a value
10:09:00 [INFO] 🚀 Hệ thống khởi tạo thành công. Lưu kết quả tại: D:\Hoctap_Code_PrivateProject\PythonProject\craw_tgdd\tgdd_metadata_output
10:09:06 [INFO] patching driver executable C:\Users\CONG\appdata\roaming\undetected_chromedriver\undetected_chromedriver.exe
10:09:11 [INFO] 📂 ĐANG XỬ LÝ FILE: smartphone_products.csv
10:09:11 [INFO]    🔹 [1/173] Thu thập: https://www.thegioididong.com/dtdd/iphone-17-pro-max
10:09:11 [ERROR] ❌ Lỗi xử lý tại https://www.thegioididong.com/dtdd/iphone-17-pro-max: Message: no such window: target window already closed
from unknown error: web view not found
  (Session info: chrome=147.0.7727.102)
Stacktrace:
	undetected_chromedriver!GetHandleVerifier [0xa3c733+10b73]
	undetected_chromedriver!GetHandleVerifier [0xa3c864+10ca4]
	undetected_chromedriver!(No symbol) [0x812100]
	undetected_chromedriver!(No symbol) [0x7f0c23]
	undetected_chromedriver!(No symbol) [0x88445b]
	undetected_chromedriver!(No symbol) [0x89ac29]
	undetected_chromedriver!(No symbol) [0x87d9b6]
	undetected_chromedriver!(No symbol) [0x850339]
	undetected_chromedriver!(No symbol) [0x8510f4]
	undetected_chromedriver!GetHandleVerifier [0xc9fe04+274244]
	undetected_chromedriver!GetHandleVerifier [0xc9b459+26f899]
	undetected_chromedriver!GetHandleVerifier [0xcb9bd5+28e015]
	undetected_chromedriver!GetHandleVerifier [0xa57188+2b5c8]
	undetected_chromedriver!GetHandleVerifier [0xa5f23d+3367d]
	undetected_chromedriver!GetHandleVerifier [0xa45138+19578]
	undetected_chromedriver!GetHandleVerifier [0xa45302+19742]
	undetected_chromedriver!GetHandleVerifier [0xa2e48f+28cf]
	KERNEL32!BaseThreadInitThunk [0x76035d49+19]
	ntdll!RtlInitializeExceptionChain [0x774dd83b+6b]
	ntdll!RtlGetAppContainerNamedObjectPath [0x774dd7c1+231]

10:09:21 [INFO] patching driver executable C:\Users\CONG\appdata\roaming\undetected_chromedriver\undetected_chromedriver.exe
10:09:28 [INFO] 🚀 Hệ thống khởi tạo thành công. Lưu kết quả tại: D:\Hoctap_Code_PrivateProject\PythonProject\craw_tgdd\tgdd_metadata_output
10:09:42 [INFO] patching driver executable C:\Users\CONG\appdata\roaming\undetected_chromedriver\undetected_chromedriver.exe
10:09:47 [INFO] 📂 ĐANG XỬ LÝ FILE: smartphone_products.csv
10:09:47 [INFO]    🔹 [1/173] Thu thập: https://www.thegioididong.com/dtdd/iphone-17-pro-max
10:10:37 [WARNING] ⏳ Timeout khi tải trang: https://www.thegioididong.com/dtdd/iphone-17-pro-max
10:10:37 [INFO]    🔹 [1/173] Thu thập: https://www.thegioididong.com/dtdd/iphone-17-pro-max
10:11:27 [WARNING] ⏳ Timeout khi tải trang: https://www.thegioididong.com/dtdd/iphone-17-pro-max
10:11:27 [INFO]    🔹 [1/173] Thu thập: https://www.thegioididong.com/dtdd/iphone-17-pro-max
10:12:17 [WARNING] ⏳ Timeout khi tải trang: https://www.thegioididong.com/dtdd/iphone-17-pro-max
10:12:19 [INFO]    🔹 [2/173] Thu thập: https://www.thegioididong.com/dtdd/vivo-y04
10:12:44 [INFO]     Đã lấy được 9 thuộc tính
10:12:44 [INFO]       Đã lấy được Thông tin mô tả sản phẩm
10:12:46 [INFO]    🔹 [3/173] Thu thập: https://www.thegioididong.com/dtdd/samsung-galaxy-a17-4gb-128gb?utm_flashsale=1
10:13:30 [INFO]     Đã lấy được 8 thuộc tính
10:13:30 [INFO]       Đã lấy được Thông tin mô tả sản phẩm
10:13:32 [INFO]    🔹 [4/173] Thu thập: https://www.thegioididong.com/dtdd/nokia-105-4g-pro
10:13:41 [INFO]     Đã lấy được 8 thuộc tính
10:13:41 [INFO]       Đã lấy được Thông tin mô tả sản phẩm
10:13:43 [INFO]    🔹 [5/173] Thu thập: https://www.thegioididong.com/dtdd/oppo-a6-8gb-128gb
10:13:52 [INFO]     Đã lấy được 9 thuộc tính
10:13:52 [INFO]       Đã lấy được Thông tin mô tả sản phẩm
10:13:54 [INFO]    🔹 [6/173] Thu thập: https://www.thegioididong.com/dtdd/masstel-izi-t6
10:14:44 [WARNING] ⏳ Timeout khi tải trang: https://www.thegioididong.com/dtdd/masstel-izi-t6
10:14:44 [INFO]    🔹 [6/173] Thu thập: https://www.thegioididong.com/dtdd/masstel-izi-t6
10:15:35 [WARNING] ⏳ Timeout khi tải trang: https://www.thegioididong.com/dtdd/masstel-izi-t6
10:15:35 [INFO]    🔹 [6/173] Thu thập: https://www.thegioididong.com/dtdd/masstel-izi-t6
10:16:25 [WARNING] ⏳ Timeout khi tải trang: https://www.thegioididong.com/dtdd/masstel-izi-t6
10:16:26 [INFO]    🔹 [7/173] Thu thập: https://www.thegioididong.com/dtdd/oppo-a6x-4gb-64gb
10:17:16 [WARNING] ⏳ Timeout khi tải trang: https://www.thegioididong.com/dtdd/oppo-a6x-4gb-64gb
10:17:16 [INFO]    🔹 [7/173] Thu thập: https://www.thegioididong.com/dtdd/oppo-a6x-4gb-64gb
10:17:29 [INFO]     Đã lấy được 9 thuộc tính
10:17:30 [INFO]       Đã lấy được Thông tin mô tả sản phẩm
10:17:31 [INFO]    🔹 [8/173] Thu thập: https://www.thegioididong.com/dtdd/xiaomi-redmi-15-8gb-128gb
10:18:21 [WARNING] ⏳ Timeout khi tải trang: https://www.thegioididong.com/dtdd/xiaomi-redmi-15-8gb-128gb
10:18:21 [INFO]    🔹 [8/173] Thu thập: https://www.thegioididong.com/dtdd/xiaomi-redmi-15-8gb-128gb
10:19:11 [WARNING] ⏳ Timeout khi tải trang: https://www.thegioididong.com/dtdd/xiaomi-redmi-15-8gb-128gb
10:19:11 [INFO]    🔹 [8/173] Thu thập: https://www.thegioididong.com/dtdd/xiaomi-redmi-15-8gb-128gb
10:20:01 [WARNING] ⏳ Timeout khi tải trang: https://www.thegioididong.com/dtdd/xiaomi-redmi-15-8gb-128gb
10:20:03 [INFO]    🔹 [9/173] Thu thập: https://www.thegioididong.com/dtdd/samsung-galaxy-a07-4gb-64gb
10:20:53 [WARNING] ⏳ Timeout khi tải trang: https://www.thegioididong.com/dtdd/samsung-galaxy-a07-4gb-64gb
10:20:53 [INFO]    🔹 [9/173] Thu thập: https://www.thegioididong.com/dtdd/samsung-galaxy-a07-4gb-64gb
10:21:43 [WARNING] ⏳ Timeout khi tải trang: https://www.thegioididong.com/dtdd/samsung-galaxy-a07-4gb-64gb
10:21:43 [INFO]    🔹 [9/173] Thu thập: https://www.thegioididong.com/dtdd/samsung-galaxy-a07-4gb-64gb
10:22:33 [WARNING] ⏳ Timeout khi tải trang: https://www.thegioididong.com/dtdd/samsung-galaxy-a07-4gb-64gb
10:22:34 [INFO]    🔹 [10/173] Thu thập: https://www.thegioididong.com/dtdd/iphone-17
10:23:24 [WARNING] ⏳ Timeout khi tải trang: https://www.thegioididong.com/dtdd/iphone-17
10:23:24 [INFO]    🔹 [10/173] Thu thập: https://www.thegioididong.com/dtdd/iphone-17
10:24:14 [WARNING] ⏳ Timeout khi tải trang: https://www.thegioididong.com/dtdd/iphone-17
10:24:14 [INFO]    🔹 [10/173] Thu thập: https://www.thegioididong.com/dtdd/iphone-17
10:25:04 [WARNING] ⏳ Timeout khi tải trang: https://www.thegioididong.com/dtdd/iphone-17
10:25:06 [INFO]    🔹 [11/173] Thu thập: https://www.thegioididong.com/dtdd/motorola-g06-power-4gb-128gb?utm_flashsale=1
10:25:56 [WARNING] ⏳ Timeout khi tải trang: https://www.thegioididong.com/dtdd/motorola-g06-power-4gb-128gb?utm_flashsale=1
10:25:56 [INFO]    🔹 [11/173] Thu thập: https://www.thegioididong.com/dtdd/motorola-g06-power-4gb-128gb?utm_flashsale=1
10:26:46 [WARNING] ⏳ Timeout khi tải trang: https://www.thegioididong.com/dtdd/motorola-g06-power-4gb-128gb?utm_flashsale=1
10:26:46 [INFO]    🔹 [11/173] Thu thập: https://www.thegioididong.com/dtdd/motorola-g06-power-4gb-128gb?utm_flashsale=1
10:27:02 [INFO]     Đã lấy được 9 thuộc tính
10:27:02 [INFO]       Đã lấy được Thông tin mô tả sản phẩm
10:27:04 [INFO]    🔹 [12/173] Thu thập: https://www.thegioididong.com/dtdd/xiaomi-15t-12gb-256gb
10:27:41 [INFO]     Đã lấy được 8 thuộc tính
10:27:41 [INFO]       Đã lấy được Thông tin mô tả sản phẩm
10:27:43 [INFO]    🔹 [13/173] Thu thập: https://www.thegioididong.com/dtdd/iphone-16-pro-max
10:28:21 [INFO]     Đã lấy được 8 thuộc tính
10:28:21 [INFO]       Đã lấy được Thông tin mô tả sản phẩm
10:28:22 [INFO]    🔹 [14/173] Thu thập: https://www.thegioididong.com/dtdd/iphone-13
10:28:32 [INFO]     Đã lấy được 8 thuộc tính
10:28:32 [INFO]       Đã lấy được Thông tin mô tả sản phẩm
10:28:33 [INFO] ♻️ Đang làm mới trình duyệt...
10:30:33 [INFO] patching driver executable C:\Users\CONG\appdata\roaming\undetected_chromedriver\undetected_chromedriver.exe
10:30:37 [INFO]    🔹 [15/173] Thu thập: https://www.thegioididong.com/dtdd/xiaomi-redmi-15c-6gb-128gb
10:31:28 [WARNING] ⏳ Timeout khi tải trang: https://www.thegioididong.com/dtdd/xiaomi-redmi-15c-6gb-128gb
10:31:28 [INFO]    🔹 [15/173] Thu thập: https://www.thegioididong.com/dtdd/xiaomi-redmi-15c-6gb-128gb
10:31:36 [INFO]     Đã lấy được 9 thuộc tính
10:31:36 [INFO]       Đã lấy được Thông tin mô tả sản phẩm
10:31:36 [INFO]       💾 Đã lưu batch 10 items.
10:31:38 [INFO]    🔹 [16/173] Thu thập: https://www.thegioididong.com/dtdd/realme-note-80-4gb-64gb
10:32:22 [INFO]     Đã lấy được 0 thuộc tính
10:32:23 [INFO]    🔹 [17/173] Thu thập: https://www.thegioididong.com/dtdd/xiaomi-redmi-note-15-pro-5g-8gb-256gb
10:33:07 [INFO]     Đã lấy được 8 thuộc tính
10:33:07 [INFO]       Đã lấy được Thông tin mô tả sản phẩm
10:33:09 [INFO]    🔹 [18/173] Thu thập: https://www.thegioididong.com/dtdd/oppo-reno15f-5g-8gb-256gb
10:34:04 [INFO]     Đã lấy được 9 thuộc tính
10:34:04 [INFO]       Đã lấy được Thông tin mô tả sản phẩm
10:34:05 [INFO]    🔹 [19/173] Thu thập: https://www.thegioididong.com/dtdd/iphone-15-plus
10:34:55 [WARNING] ⏳ Timeout khi tải trang: https://www.thegioididong.com/dtdd/iphone-15-plus
10:34:55 [INFO]    🔹 [19/173] Thu thập: https://www.thegioididong.com/dtdd/iphone-15-plus
10:35:07 [INFO]     Đã lấy được 8 thuộc tính
10:35:07 [INFO]       Đã lấy được Thông tin mô tả sản phẩm
10:35:08 [INFO]    🔹 [20/173] Thu thập: https://www.thegioididong.com/dtdd/vivo-y21d-6gb-128gb
10:35:58 [WARNING] ⏳ Timeout khi tải trang: https://www.thegioididong.com/dtdd/vivo-y21d-6gb-128gb
10:35:58 [INFO]    🔹 [20/173] Thu thập: https://www.thegioididong.com/dtdd/vivo-y21d-6gb-128gb
10:36:12 [INFO]     Đã lấy được 9 thuộc tính
10:36:12 [INFO]       Đã lấy được Thông tin mô tả sản phẩm
10:36:13 [INFO]    🔹 [21/173] Thu thập: https://www.thegioididong.com/dtdd/iphone-14
10:36:32 [INFO]     Đã lấy được 8 thuộc tính
10:36:32 [INFO]       Đã lấy được Thông tin mô tả sản phẩm
10:36:33 [INFO]    🔹 [22/173] Thu thập: https://www.thegioididong.com/dtdd/oppo-reno14-f-5g-12gb-256gb
10:37:23 [WARNING] ⏳ Timeout khi tải trang: https://www.thegioididong.com/dtdd/oppo-reno14-f-5g-12gb-256gb
10:37:23 [INFO]    🔹 [22/173] Thu thập: https://www.thegioididong.com/dtdd/oppo-reno14-f-5g-12gb-256gb
10:37:43 [INFO]     Đã lấy được 9 thuộc tính
10:37:43 [INFO]       Đã lấy được Thông tin mô tả sản phẩm
10:37:45 [INFO]    🔹 [23/173] Thu thập: https://www.thegioididong.com/dtdd/oppo-reno15-5g-8gb-256gb
10:37:56 [INFO]     Đã lấy được 8 thuộc tính
10:37:56 [INFO]       Đã lấy được Thông tin mô tả sản phẩm
10:37:57 [INFO]    🔹 [24/173] Thu thập: https://www.thegioididong.com/dtdd/nokia-hmd-105-4g
10:38:08 [INFO]     Đã lấy được 4 thuộc tính
10:38:08 [INFO]       Đã lấy được Thông tin mô tả sản phẩm
10:38:10 [INFO]    🔹 [25/173] Thu thập: https://www.thegioididong.com/dtdd/nokia-220-4g
10:39:00 [WARNING] ⏳ Timeout khi tải trang: https://www.thegioididong.com/dtdd/nokia-220-4g
10:39:00 [INFO]    🔹 [25/173] Thu thập: https://www.thegioididong.com/dtdd/nokia-220-4g
10:39:50 [WARNING] ⏳ Timeout khi tải trang: https://www.thegioididong.com/dtdd/nokia-220-4g
10:39:50 [INFO]    🔹 [25/173] Thu thập: https://www.thegioididong.com/dtdd/nokia-220-4g
10:40:40 [WARNING] ⏳ Timeout khi tải trang: https://www.thegioididong.com/dtdd/nokia-220-4g
10:40:42 [INFO]    🔹 [26/173] Thu thập: https://www.thegioididong.com/dtdd/samsung-galaxy-a37-6gb-128gb
10:41:32 [WARNING] ⏳ Timeout khi tải trang: https://www.thegioididong.com/dtdd/samsung-galaxy-a37-6gb-128gb
10:41:32 [INFO]    🔹 [26/173] Thu thập: https://www.thegioididong.com/dtdd/samsung-galaxy-a37-6gb-128gb
10:42:22 [WARNING] ⏳ Timeout khi tải trang: https://www.thegioididong.com/dtdd/samsung-galaxy-a37-6gb-128gb
10:42:22 [INFO]    🔹 [26/173] Thu thập: https://www.thegioididong.com/dtdd/samsung-galaxy-a37-6gb-128gb
10:43:12 [WARNING] ⏳ Timeout khi tải trang: https://www.thegioididong.com/dtdd/samsung-galaxy-a37-6gb-128gb
10:43:13 [INFO]    🔹 [27/173] Thu thập: https://www.thegioididong.com/dtdd/xiaomi-redmi-note-15-pro-8gb-256gb
10:43:41 [INFO]     Đã lấy được 9 thuộc tính
10:43:41 [INFO]       Đã lấy được Thông tin mô tả sản phẩm
10:43:41 [INFO]       💾 Đã lưu batch 10 items.
10:43:42 [INFO]    🔹 [28/173] Thu thập: https://www.thegioididong.com/dtdd/realme-c85-8gb-128gb
10:44:37 [INFO]     Đã lấy được 9 thuộc tính
10:44:37 [INFO]       Đã lấy được Thông tin mô tả sản phẩm
10:44:39 [INFO]    🔹 [29/173] Thu thập: https://www.thegioididong.com/dtdd/oppo-reno15-pro-5g-12gb-256gb
10:45:29 [WARNING] ⏳ Timeout khi tải trang: https://www.thegioididong.com/dtdd/oppo-reno15-pro-5g-12gb-256gb
10:45:29 [INFO]    🔹 [29/173] Thu thập: https://www.thegioididong.com/dtdd/oppo-reno15-pro-5g-12gb-256gb
10:46:19 [WARNING] ⏳ Timeout khi tải trang: https://www.thegioididong.com/dtdd/oppo-reno15-pro-5g-12gb-256gb
10:46:19 [INFO]    🔹 [29/173] Thu thập: https://www.thegioididong.com/dtdd/oppo-reno15-pro-5g-12gb-256gb
10:47:53 [INFO] 🚀 Hệ thống khởi tạo thành công. Lưu kết quả tại: D:\Hoctap_Code_PrivateProject\PythonProject\craw_tgdd\tgdd_metadata_output
10:48:24 [INFO] 🚀 Hệ thống khởi tạo thành công. Lưu kết quả tại: D:\Hoctap_Code_PrivateProject\PythonProject\craw_tgdd\tgdd_metadata_output
10:50:09 [INFO] patching driver executable C:\Users\CONG\appdata\roaming\undetected_chromedriver\undetected_chromedriver.exe
10:50:14 [INFO] 📂 ĐANG XỬ LÝ FILE: smartphone_products.csv
10:50:14 [INFO]    🔹 [1/173] Thu thập: https://www.thegioididong.com/dtdd/iphone-17-pro-max
10:51:00 [INFO]     Đã lấy được 8 thuộc tính
10:51:00 [INFO]       Đã lấy được Thông tin mô tả sản phẩm
10:51:02 [INFO]    🔹 [2/173] Thu thập: https://www.thegioididong.com/dtdd/vivo-y04
10:51:21 [INFO]     Đã lấy được 9 thuộc tính
10:51:21 [INFO]       Đã lấy được Thông tin mô tả sản phẩm
10:51:22 [INFO]    🔹 [3/173] Thu thập: https://www.thegioididong.com/dtdd/samsung-galaxy-a17-4gb-128gb?utm_flashsale=1
10:52:07 [INFO]     Đã lấy được 8 thuộc tính
10:52:07 [INFO]       Đã lấy được Thông tin mô tả sản phẩm
10:52:08 [INFO]    🔹 [4/173] Thu thập: https://www.thegioididong.com/dtdd/nokia-105-4g-pro
10:52:21 [INFO]     Đã lấy được 8 thuộc tính
10:52:21 [INFO]       Đã lấy được Thông tin mô tả sản phẩm
10:52:22 [INFO]    🔹 [5/173] Thu thập: https://www.thegioididong.com/dtdd/oppo-a6-8gb-128gb
10:52:37 [INFO]     Đã lấy được 9 thuộc tính
10:52:37 [INFO]       Đã lấy được Thông tin mô tả sản phẩm
10:52:39 [INFO]    🔹 [6/173] Thu thập: https://www.thegioididong.com/dtdd/masstel-izi-t6
10:54:02 [INFO]     Đã lấy được 6 thuộc tính
10:54:02 [INFO]       Đã lấy được Thông tin mô tả sản phẩm
10:54:04 [INFO]    🔹 [7/173] Thu thập: https://www.thegioididong.com/dtdd/oppo-a6x-4gb-64gb
10:54:21 [INFO]     Đã lấy được 9 thuộc tính
10:54:21 [INFO]       Đã lấy được Thông tin mô tả sản phẩm
10:54:23 [INFO]    🔹 [8/173] Thu thập: https://www.thegioididong.com/dtdd/xiaomi-redmi-15-8gb-128gb
10:54:41 [INFO]     Đã lấy được 9 thuộc tính
10:54:41 [INFO]       Đã lấy được Thông tin mô tả sản phẩm
10:54:43 [INFO]    🔹 [9/173] Thu thập: https://www.thegioididong.com/dtdd/samsung-galaxy-a07-4gb-64gb
10:55:41 [INFO]     Đã lấy được 8 thuộc tính
10:55:41 [INFO]       Đã lấy được Thông tin mô tả sản phẩm
10:55:42 [INFO]    🔹 [10/173] Thu thập: https://www.thegioididong.com/dtdd/iphone-17
10:56:50 [INFO]     Đã lấy được 8 thuộc tính
10:56:50 [INFO]       Đã lấy được Thông tin mô tả sản phẩm
10:56:50 [INFO]       💾 Đã lưu batch 10 items.
10:56:52 [INFO]    🔹 [11/173] Thu thập: https://www.thegioididong.com/dtdd/motorola-g06-power-4gb-128gb?utm_flashsale=1
10:57:33 [INFO]     Đã lấy được 9 thuộc tính
10:57:34 [INFO]       Đã lấy được Thông tin mô tả sản phẩm
10:57:35 [INFO]    🔹 [12/173] Thu thập: https://www.thegioididong.com/dtdd/xiaomi-15t-12gb-256gb
10:58:05 [INFO]     Đã lấy được 8 thuộc tính
10:58:05 [INFO]       Đã lấy được Thông tin mô tả sản phẩm
10:58:06 [INFO]    🔹 [13/173] Thu thập: https://www.thegioididong.com/dtdd/iphone-16-pro-max
10:58:56 [INFO]     Đã lấy được 8 thuộc tính
10:58:56 [INFO]       Đã lấy được Thông tin mô tả sản phẩm
10:58:58 [INFO]    🔹 [14/173] Thu thập: https://www.thegioididong.com/dtdd/iphone-13
10:59:07 [INFO]     Đã lấy được 8 thuộc tính
10:59:07 [INFO]       Đã lấy được Thông tin mô tả sản phẩm
10:59:09 [INFO] ♻️ Đang làm mới trình duyệt...
11:01:48 [INFO] patching driver executable C:\Users\CONG\appdata\roaming\undetected_chromedriver\undetected_chromedriver.exe
11:01:53 [INFO]    🔹 [15/173] Thu thập: https://www.thegioididong.com/dtdd/xiaomi-redmi-15c-6gb-128gb
11:01:53 [ERROR] ❌ Lỗi xử lý tại https://www.thegioididong.com/dtdd/xiaomi-redmi-15c-6gb-128gb: Message: no such window: target window already closed
from unknown error: web view not found
  (Session info: chrome=147.0.7727.102)
Stacktrace:
	undetected_chromedriver!GetHandleVerifier [0x6ac733+10b73]
	undetected_chromedriver!GetHandleVerifier [0x6ac864+10ca4]
	undetected_chromedriver!(No symbol) [0x482100]
	undetected_chromedriver!(No symbol) [0x460c23]
	undetected_chromedriver!(No symbol) [0x4f445b]
	undetected_chromedriver!(No symbol) [0x50ac29]
	undetected_chromedriver!(No symbol) [0x4ed9b6]
	undetected_chromedriver!(No symbol) [0x4c0339]
	undetected_chromedriver!(No symbol) [0x4c10f4]
	undetected_chromedriver!GetHandleVerifier [0x90fe04+274244]
	undetected_chromedriver!GetHandleVerifier [0x90b459+26f899]
	undetected_chromedriver!GetHandleVerifier [0x929bd5+28e015]
	undetected_chromedriver!GetHandleVerifier [0x6c7188+2b5c8]
	undetected_chromedriver!GetHandleVerifier [0x6cf23d+3367d]
	undetected_chromedriver!GetHandleVerifier [0x6b5138+19578]
	undetected_chromedriver!GetHandleVerifier [0x6b5302+19742]
	undetected_chromedriver!GetHandleVerifier [0x69e48f+28cf]
	KERNEL32!BaseThreadInitThunk [0x76035d49+19]
	ntdll!RtlInitializeExceptionChain [0x774dd83b+6b]
	ntdll!RtlGetAppContainerNamedObjectPath [0x774dd7c1+231]

11:02:02 [INFO] patching driver executable C:\Users\CONG\appdata\roaming\undetected_chromedriver\undetected_chromedriver.exe
11:02:07 [INFO]    🔹 [15/173] Thu thập: https://www.thegioididong.com/dtdd/xiaomi-redmi-15c-6gb-128gb
11:02:07 [ERROR] ❌ Lỗi xử lý tại https://www.thegioididong.com/dtdd/xiaomi-redmi-15c-6gb-128gb: Message: no such window: target window already closed
from unknown error: web view not found
  (Session info: chrome=147.0.7727.102)
Stacktrace:
	undetected_chromedriver!GetHandleVerifier [0x57c733+10b73]
	undetected_chromedriver!GetHandleVerifier [0x57c864+10ca4]
	undetected_chromedriver!(No symbol) [0x352100]
	undetected_chromedriver!(No symbol) [0x330c23]
	undetected_chromedriver!(No symbol) [0x3c445b]
	undetected_chromedriver!(No symbol) [0x3dac29]
	undetected_chromedriver!(No symbol) [0x3bd9b6]
	undetected_chromedriver!(No symbol) [0x390339]
	undetected_chromedriver!(No symbol) [0x3910f4]
	undetected_chromedriver!GetHandleVerifier [0x7dfe04+274244]
	undetected_chromedriver!GetHandleVerifier [0x7db459+26f899]
	undetected_chromedriver!GetHandleVerifier [0x7f9bd5+28e015]
	undetected_chromedriver!GetHandleVerifier [0x597188+2b5c8]
	undetected_chromedriver!GetHandleVerifier [0x59f23d+3367d]
	undetected_chromedriver!GetHandleVerifier [0x585138+19578]
	undetected_chromedriver!GetHandleVerifier [0x585302+19742]
	undetected_chromedriver!GetHandleVerifier [0x56e48f+28cf]
	KERNEL32!BaseThreadInitThunk [0x76035d49+19]
	ntdll!RtlInitializeExceptionChain [0x774dd83b+6b]
	ntdll!RtlGetAppContainerNamedObjectPath [0x774dd7c1+231]

11:02:50 [INFO] patching driver executable C:\Users\CONG\appdata\roaming\undetected_chromedriver\undetected_chromedriver.exe
11:02:55 [INFO]    🔹 [15/173] Thu thập: https://www.thegioididong.com/dtdd/xiaomi-redmi-15c-6gb-128gb
11:03:40 [INFO]     Đã lấy được 9 thuộc tính
11:03:40 [INFO]       Đã lấy được Thông tin mô tả sản phẩm
11:03:41 [INFO]    🔹 [16/173] Thu thập: https://www.thegioididong.com/dtdd/realme-note-80-4gb-64gb
11:05:41 [INFO]     Đã lấy được 0 thuộc tính
11:05:43 [INFO]    🔹 [17/173] Thu thập: https://www.thegioididong.com/dtdd/xiaomi-redmi-note-15-pro-5g-8gb-256gb
11:07:15 [INFO]     Đã lấy được 8 thuộc tính
11:07:15 [INFO]       Đã lấy được Thông tin mô tả sản phẩm
11:07:17 [INFO]    🔹 [18/173] Thu thập: https://www.thegioididong.com/dtdd/oppo-reno15f-5g-8gb-256gb
11:08:57 [WARNING] ⏳ Timeout khi tải trang: https://www.thegioididong.com/dtdd/oppo-reno15f-5g-8gb-256gb
11:08:57 [INFO]    🔹 [18/173] Thu thập: https://www.thegioididong.com/dtdd/oppo-reno15f-5g-8gb-256gb
11:10:00 [INFO]     Đã lấy được 9 thuộc tính
11:10:00 [INFO]       Đã lấy được Thông tin mô tả sản phẩm
11:10:02 [INFO]    🔹 [19/173] Thu thập: https://www.thegioididong.com/dtdd/iphone-15-plus
11:10:25 [INFO]     Đã lấy được 8 thuộc tính
11:10:25 [INFO]       Đã lấy được Thông tin mô tả sản phẩm
11:10:26 [INFO]    🔹 [20/173] Thu thập: https://www.thegioididong.com/dtdd/vivo-y21d-6gb-128gb
11:10:53 [INFO]     Đã lấy được 9 thuộc tính
11:10:53 [INFO]       Đã lấy được Thông tin mô tả sản phẩm
11:10:53 [INFO]       💾 Đã lưu batch 10 items.
11:10:54 [INFO]    🔹 [21/173] Thu thập: https://www.thegioididong.com/dtdd/iphone-14
11:11:17 [INFO]     Đã lấy được 8 thuộc tính
11:11:17 [INFO]       Đã lấy được Thông tin mô tả sản phẩm
11:11:19 [INFO]    🔹 [22/173] Thu thập: https://www.thegioididong.com/dtdd/oppo-reno14-f-5g-12gb-256gb
11:12:59 [WARNING] ⏳ Timeout khi tải trang: https://www.thegioididong.com/dtdd/oppo-reno14-f-5g-12gb-256gb
11:12:59 [INFO]    🔹 [22/173] Thu thập: https://www.thegioididong.com/dtdd/oppo-reno14-f-5g-12gb-256gb
11:13:45 [INFO]     Đã lấy được 9 thuộc tính
11:13:45 [INFO]       Đã lấy được Thông tin mô tả sản phẩm
11:13:47 [INFO]    🔹 [23/173] Thu thập: https://www.thegioididong.com/dtdd/oppo-reno15-5g-8gb-256gb
11:14:08 [INFO]     Đã lấy được 8 thuộc tính
11:14:08 [INFO]       Đã lấy được Thông tin mô tả sản phẩm
11:14:10 [INFO]    🔹 [24/173] Thu thập: https://www.thegioididong.com/dtdd/nokia-hmd-105-4g
11:14:38 [INFO]     Đã lấy được 4 thuộc tính
11:14:38 [INFO]       Đã lấy được Thông tin mô tả sản phẩm
11:14:39 [INFO]    🔹 [25/173] Thu thập: https://www.thegioididong.com/dtdd/nokia-220-4g
11:15:20 [INFO]     Đã lấy được 7 thuộc tính
11:15:20 [INFO]       Đã lấy được Thông tin mô tả sản phẩm
11:15:21 [INFO]    🔹 [26/173] Thu thập: https://www.thegioididong.com/dtdd/samsung-galaxy-a37-6gb-128gb
11:18:12 [INFO]     Đã lấy được 0 thuộc tính
11:18:13 [INFO]    🔹 [27/173] Thu thập: https://www.thegioididong.com/dtdd/xiaomi-redmi-note-15-pro-8gb-256gb
11:19:36 [INFO]     Đã lấy được 9 thuộc tính
11:19:36 [INFO]       Đã lấy được Thông tin mô tả sản phẩm
11:19:38 [INFO]    🔹 [28/173] Thu thập: https://www.thegioididong.com/dtdd/realme-c85-8gb-128gb
11:19:57 [INFO]     Đã lấy được 9 thuộc tính
11:19:57 [INFO]       Đã lấy được Thông tin mô tả sản phẩm
11:19:58 [INFO]    🔹 [29/173] Thu thập: https://www.thegioididong.com/dtdd/oppo-reno15-pro-5g-12gb-256gb
11:21:38 [WARNING] ⏳ Timeout khi tải trang: https://www.thegioididong.com/dtdd/oppo-reno15-pro-5g-12gb-256gb
11:21:38 [INFO]    🔹 [29/173] Thu thập: https://www.thegioididong.com/dtdd/oppo-reno15-pro-5g-12gb-256gb
11:23:18 [WARNING] ⏳ Timeout khi tải trang: https://www.thegioididong.com/dtdd/oppo-reno15-pro-5g-12gb-256gb
11:23:18 [INFO]    🔹 [29/173] Thu thập: https://www.thegioididong.com/dtdd/oppo-reno15-pro-5g-12gb-256gb
11:23:27 [INFO]     Đã lấy được 8 thuộc tính
11:23:27 [INFO]       Đã lấy được Thông tin mô tả sản phẩm
11:23:28 [INFO] ♻️ Đang làm mới trình duyệt...
11:25:07 [INFO] patching driver executable C:\Users\CONG\appdata\roaming\undetected_chromedriver\undetected_chromedriver.exe
11:25:12 [INFO]    🔹 [30/173] Thu thập: https://www.thegioididong.com/dtdd/masstel-fami-50
11:25:53 [INFO]     Đã lấy được 6 thuộc tính
11:25:53 [INFO]       Đã lấy được Thông tin mô tả sản phẩm
11:25:53 [INFO]       💾 Đã lưu batch 10 items.
11:25:54 [INFO]    🔹 [31/173] Thu thập: https://www.thegioididong.com/dtdd/vivo-y31d-6gb-128gb
11:26:49 [INFO]     Đã lấy được 8 thuộc tính
11:26:49 [INFO]       Đã lấy được Thông tin mô tả sản phẩm
11:26:50 [INFO]    🔹 [32/173] Thu thập: https://www.thegioididong.com/dtdd/masstel-izi-10-type-c
11:27:02 [INFO]     Đã lấy được 5 thuộc tính
11:27:02 [INFO]       Đã lấy được Thông tin mô tả sản phẩm
11:27:04 [INFO]    🔹 [33/173] Thu thập: https://www.thegioididong.com/dtdd/iphone-15
11:27:11 [INFO]     Đã lấy được 8 thuộc tính
11:27:11 [INFO]       Đã lấy được Thông tin mô tả sản phẩm
11:27:13 [INFO]    🔹 [34/173] Thu thập: https://www.thegioididong.com/dtdd/realme-c100-4g-8gb-128gb
11:29:03 [INFO]     Đã lấy được 0 thuộc tính
11:29:04 [INFO]    🔹 [35/173] Thu thập: https://www.thegioididong.com/dtdd/iphone-17-pro
11:29:57 [INFO]     Đã lấy được 8 thuộc tính
11:29:57 [INFO]       Đã lấy được Thông tin mô tả sản phẩm
11:29:59 [INFO]    🔹 [36/173] Thu thập: https://www.thegioididong.com/dtdd/vivo-v70-fe-8gb-256gb
11:32:10 [INFO]     Đã lấy được 0 thuộc tính
11:32:12 [INFO]    🔹 [37/173] Thu thập: https://www.thegioididong.com/dtdd/oppo-a5x-4gb-64gb
11:32:48 [INFO]     Đã lấy được 9 thuộc tính
11:32:48 [INFO]       Đã lấy được Thông tin mô tả sản phẩm
11:32:50 [INFO]    🔹 [38/173] Thu thập: https://www.thegioididong.com/dtdd/samsung-galaxy-s26-ultra-12gb-256gb
11:35:22 [INFO]     Đã lấy được 0 thuộc tính
11:35:23 [INFO]    🔹 [39/173] Thu thập: https://www.thegioididong.com/dtdd/mobell-m179
11:36:01 [INFO]     Đã lấy được 8 thuộc tính
11:36:01 [INFO]       Đã lấy được Thông tin mô tả sản phẩm
11:36:02 [INFO]    🔹 [40/173] Thu thập: https://www.thegioididong.com/dtdd/oppo-a6-pro-5g-12gb-256gb
11:36:12 [INFO]     Đã lấy được 9 thuộc tính
11:36:12 [INFO]       Đã lấy được Thông tin mô tả sản phẩm
11:36:12 [INFO]       💾 Đã lưu batch 10 items.
11:36:13 [INFO]    🔹 [41/173] Thu thập: https://www.thegioididong.com/dtdd/vivo-v60-lite-8gb-256gb
11:37:14 [INFO]     Đã lấy được 8 thuộc tính
11:37:14 [INFO]       Đã lấy được Thông tin mô tả sản phẩm
11:37:15 [INFO]    🔹 [42/173] Thu thập: https://www.thegioididong.com/dtdd/oppo-a5-8gb-128gb?utm_flashsale=1
11:37:36 [INFO]     Đã lấy được 9 thuộc tính
11:37:36 [INFO]       Đã lấy được Thông tin mô tả sản phẩm
11:37:37 [INFO]    🔹 [43/173] Thu thập: https://www.thegioididong.com/dtdd/vivo-y39-5g?utm_flashsale=1
11:38:12 [INFO]     Đã lấy được 8 thuộc tính
11:38:12 [INFO]       Đã lấy được Thông tin mô tả sản phẩm
11:38:14 [INFO]    🔹 [44/173] Thu thập: https://www.thegioididong.com/dtdd/oppo-a6-pro-8gb-128gb
11:38:38 [INFO]     Đã lấy được 9 thuộc tính
11:38:38 [INFO]       Đã lấy được Thông tin mô tả sản phẩm
11:38:40 [INFO] ♻️ Đang làm mới trình duyệt...
11:39:20 [INFO] patching driver executable C:\Users\CONG\appdata\roaming\undetected_chromedriver\undetected_chromedriver.exe
11:39:25 [INFO]    🔹 [45/173] Thu thập: https://www.thegioididong.com/dtdd/realme-note-70-4gb-64gb
11:39:59 [INFO]     Đã lấy được 9 thuộc tính
11:39:59 [INFO]       Đã lấy được Thông tin mô tả sản phẩm
11:40:01 [INFO]    🔹 [46/173] Thu thập: https://www.thegioididong.com/dtdd/realme-c71-6gb
11:40:14 [INFO]     Đã lấy được 9 thuộc tính
11:40:14 [INFO]       Đã lấy được Thông tin mô tả sản phẩm
11:40:15 [INFO]    🔹 [47/173] Thu thập: https://www.thegioididong.com/dtdd/vivo-y19s-pro-8gb
11:40:34 [INFO]     Đã lấy được 9 thuộc tính
11:40:34 [INFO]       Đã lấy được Thông tin mô tả sản phẩm
11:40:36 [INFO]    🔹 [48/173] Thu thập: https://www.thegioididong.com/dtdd/motorola-moto-g35-5g-4gb-128gb?utm_flashsale=1
11:40:54 [INFO]     Đã lấy được 9 thuộc tính
11:40:54 [INFO]       Đã lấy được Thông tin mô tả sản phẩm
11:40:55 [INFO]    🔹 [49/173] Thu thập: https://www.thegioididong.com/dtdd/realme-16-5g-8gb-256gb
11:41:05 [INFO]     Đã lấy được 9 thuộc tính
11:41:05 [INFO]       Đã lấy được Thông tin mô tả sản phẩm
11:41:06 [INFO]    🔹 [50/173] Thu thập: https://www.thegioididong.com/dtdd/realme-c85-pro-8gb-128gb
11:41:15 [INFO]     Đã lấy được 9 thuộc tính
11:41:15 [INFO]       Đã lấy được Thông tin mô tả sản phẩm
11:41:15 [INFO]       💾 Đã lưu batch 10 items.
11:41:16 [INFO]    🔹 [51/173] Thu thập: https://www.thegioididong.com/dtdd/nokia-110-4g-pro
11:41:46 [INFO]     Đã lấy được 8 thuộc tính
11:41:46 [INFO]       Đã lấy được Thông tin mô tả sản phẩm
11:41:48 [INFO]    🔹 [52/173] Thu thập: https://www.thegioididong.com/dtdd/samsung-galaxy-a07-5g-4gb-128gb
11:41:56 [INFO]     Đã lấy được 9 thuộc tính
11:41:56 [INFO]       Đã lấy được Thông tin mô tả sản phẩm
11:41:58 [INFO]    🔹 [53/173] Thu thập: https://www.thegioididong.com/dtdd/xiaomi-redmi-15-5g-4gb-128gb
11:42:11 [INFO]     Đã lấy được 9 thuộc tính
11:42:11 [INFO]       Đã lấy được Thông tin mô tả sản phẩm
11:42:13 [INFO]    🔹 [54/173] Thu thập: https://www.thegioididong.com/dtdd/iphone-air
11:42:34 [INFO]     Đã lấy được 8 thuộc tính
11:42:34 [INFO]       Đã lấy được Thông tin mô tả sản phẩm
11:42:35 [INFO]    🔹 [55/173] Thu thập: https://www.thegioididong.com/dtdd/realme-15t-5g-8gb-256gb
11:42:47 [INFO]     Đã lấy được 9 thuộc tính
11:42:47 [INFO]       Đã lấy được Thông tin mô tả sản phẩm
11:42:49 [INFO]    🔹 [56/173] Thu thập: https://www.thegioididong.com/dtdd/samsung-galaxy-s25-ultra
11:43:05 [INFO]     Đã lấy được 8 thuộc tính
11:43:05 [INFO]       Đã lấy được Thông tin mô tả sản phẩm
11:43:07 [INFO]    🔹 [57/173] Thu thập: https://www.thegioididong.com/dtdd/xiaomi-15t-pro-12gb-256gb
11:43:22 [INFO]     Đã lấy được 8 thuộc tính
11:43:22 [INFO]       Đã lấy được Thông tin mô tả sản phẩm
11:43:24 [INFO]    🔹 [58/173] Thu thập: https://www.thegioididong.com/dtdd/xiaomi-15t-12gb-512gb-xam
11:44:19 [INFO]     Đã lấy được 8 thuộc tính
11:44:20 [INFO]       Đã lấy được Thông tin mô tả sản phẩm
11:44:21 [INFO]    🔹 [59/173] Thu thập: https://www.thegioididong.com/dtdd/realme-p4-power-5g-12gb-256gb
11:46:13 [INFO]     Đã lấy được 0 thuộc tính
11:46:14 [INFO] ♻️ Đang làm mới trình duyệt...
11:46:33 [INFO] patching driver executable C:\Users\CONG\appdata\roaming\undetected_chromedriver\undetected_chromedriver.exe
11:46:37 [INFO]    🔹 [60/173] Thu thập: https://www.thegioididong.com/dtdd/iphone-16
11:46:50 [INFO]     Đã lấy được 8 thuộc tính
11:46:50 [INFO]       Đã lấy được Thông tin mô tả sản phẩm
11:46:50 [INFO]       💾 Đã lưu batch 10 items.
11:46:52 [INFO]    🔹 [61/173] Thu thập: https://www.thegioididong.com/dtdd/masstel-s9
11:47:03 [INFO]     Đã lấy được 9 thuộc tính
11:47:03 [INFO]       Đã lấy được Thông tin mô tả sản phẩm
11:47:04 [INFO]    🔹 [62/173] Thu thập: https://www.thegioididong.com/dtdd/vivo-v70-8gb-256gb
11:48:53 [INFO]     Đã lấy được 0 thuộc tính
11:48:54 [INFO]    🔹 [63/173] Thu thập: https://www.thegioididong.com/dtdd/oppo-reno13-5g
11:49:21 [INFO]     Đã lấy được 8 thuộc tính
11:49:21 [INFO]       Đã lấy được Thông tin mô tả sản phẩm
11:49:22 [INFO]    🔹 [64/173] Thu thập: https://www.thegioididong.com/dtdd/xiaomi-redmi-note-14-8gb-128gb
11:49:35 [INFO]     Đã lấy được 9 thuộc tính
11:49:35 [INFO]       Đã lấy được Thông tin mô tả sản phẩm
11:49:37 [INFO]    🔹 [65/173] Thu thập: https://www.thegioididong.com/dtdd/samsung-galaxy-s25
11:51:26 [INFO]     Đã lấy được 0 thuộc tính
11:51:28 [INFO]    🔹 [66/173] Thu thập: https://www.thegioididong.com/dtdd/tecno-spark-40c-4gb-128gb
11:51:52 [INFO]     Đã lấy được 9 thuộc tính
11:51:52 [INFO]       Đã lấy được Thông tin mô tả sản phẩm
11:51:54 [INFO]    🔹 [67/173] Thu thập: https://www.thegioididong.com/dtdd/mobell-m239
11:52:10 [INFO]     Đã lấy được 7 thuộc tính
11:52:10 [INFO]       Đã lấy được Thông tin mô tả sản phẩm
11:52:11 [INFO]    🔹 [68/173] Thu thập: https://www.thegioididong.com/dtdd/xiaomi-redmi-13x-6gb-128gb?utm_flashsale=1
11:52:23 [INFO]     Đã lấy được 9 thuộc tính
11:52:23 [INFO]       Đã lấy được Thông tin mô tả sản phẩm
11:52:25 [INFO]    🔹 [69/173] Thu thập: https://www.thegioididong.com/dtdd/xiaomi-redmi-note-15-pro-plus-5g-12gb-256gb
11:52:36 [INFO]     Đã lấy được 8 thuộc tính
11:52:36 [INFO]       Đã lấy được Thông tin mô tả sản phẩm
11:52:38 [INFO]    🔹 [70/173] Thu thập: https://www.thegioididong.com/dtdd/samsung-galaxy-a17-5g-8gb-128gb
11:52:50 [INFO]     Đã lấy được 9 thuộc tính
11:52:50 [INFO]       Đã lấy được Thông tin mô tả sản phẩm
11:52:50 [INFO]       💾 Đã lưu batch 10 items.
11:52:51 [INFO]    🔹 [71/173] Thu thập: https://www.thegioididong.com/dtdd/iphone-17e-256gb?utm_flashsale=1
11:53:04 [INFO]     Đã lấy được 8 thuộc tính
11:53:04 [INFO]       Đã lấy được Thông tin mô tả sản phẩm
11:53:06 [INFO]    🔹 [72/173] Thu thập: https://www.thegioididong.com/dtdd/xiaomi-redmi-note-14-pro-5g?utm_flashsale=1
11:54:46 [WARNING] ⏳ Timeout khi tải trang: https://www.thegioididong.com/dtdd/xiaomi-redmi-note-14-pro-5g?utm_flashsale=1
11:54:46 [INFO]    🔹 [72/173] Thu thập: https://www.thegioididong.com/dtdd/xiaomi-redmi-note-14-pro-5g?utm_flashsale=1
11:55:04 [INFO]     Đã lấy được 8 thuộc tính
11:55:04 [INFO]       Đã lấy được Thông tin mô tả sản phẩm
11:55:06 [INFO]    🔹 [73/173] Thu thập: https://www.thegioididong.com/dtdd/motorola-moto-g86-5g-8gb-128gb?utm_flashsale=1
11:56:09 [INFO]     Đã lấy được 9 thuộc tính
11:56:09 [INFO]       Đã lấy được Thông tin mô tả sản phẩm
11:56:10 [INFO]    🔹 [74/173] Thu thập: https://www.thegioididong.com/dtdd/samsung-galaxy-s26-12gb-256gb
11:58:25 [INFO]     Đã lấy được 0 thuộc tính
11:58:27 [INFO] ♻️ Đang làm mới trình duyệt...
11:58:31 [INFO] patching driver executable C:\Users\CONG\appdata\roaming\undetected_chromedriver\undetected_chromedriver.exe
11:58:36 [INFO]    🔹 [75/173] Thu thập: https://www.thegioididong.com/dtdd/samsung-galaxy-a56?utm_flashsale=1
11:59:30 [INFO]     Đã lấy được 8 thuộc tính
11:59:30 [INFO]       Đã lấy được Thông tin mô tả sản phẩm
11:59:31 [INFO]    🔹 [76/173] Thu thập: https://www.thegioididong.com/dtdd/samsung-galaxy-a16-5g?utm_flashsale=1
11:59:40 [INFO]     Đã lấy được 9 thuộc tính
11:59:40 [INFO]       Đã lấy được Thông tin mô tả sản phẩm
11:59:42 [INFO]    🔹 [77/173] Thu thập: https://www.thegioididong.com/dtdd/oppo-find-x9-12gb-256gb
11:59:54 [INFO]     Đã lấy được 8 thuộc tính
11:59:54 [INFO]       Đã lấy được Thông tin mô tả sản phẩm
11:59:56 [INFO]    🔹 [78/173] Thu thập: https://www.thegioididong.com/dtdd/honor-x5c-plus-4gb-64gb
12:00:07 [INFO]     Đã lấy được 9 thuộc tính
12:00:07 [INFO]       Đã lấy được Thông tin mô tả sản phẩm
12:00:08 [INFO]    🔹 [79/173] Thu thập: https://www.thegioididong.com/dtdd/mobell-m539
12:00:23 [INFO]     Đã lấy được 7 thuộc tính
12:00:23 [INFO]       Đã lấy được Thông tin mô tả sản phẩm
12:00:24 [INFO]    🔹 [80/173] Thu thập: https://www.thegioididong.com/dtdd/samsung-galaxy-s25-fe-5g-8gb-128gb
12:00:35 [INFO]     Đã lấy được 8 thuộc tính
12:00:35 [INFO]       Đã lấy được Thông tin mô tả sản phẩm
12:00:35 [INFO]       💾 Đã lưu batch 10 items.
12:00:36 [INFO]    🔹 [81/173] Thu thập: https://www.thegioididong.com/dtdd/samsung-galaxy-s26-plus-12gb-256gb
12:02:37 [INFO]     Đã lấy được 0 thuộc tính
12:02:39 [INFO]    🔹 [82/173] Thu thập: https://www.thegioididong.com/dtdd/samsung-galaxy-a26-6gb-128gb
12:02:53 [INFO]     Đã lấy được 9 thuộc tính
12:02:53 [INFO]       Đã lấy được Thông tin mô tả sản phẩm
12:02:55 [INFO]    🔹 [83/173] Thu thập: https://www.thegioididong.com/dtdd/realme-16-pro-5g-12gb-256gb
12:03:08 [INFO]     Đã lấy được 8 thuộc tính
12:03:08 [INFO]       Đã lấy được Thông tin mô tả sản phẩm
12:03:10 [INFO]    🔹 [84/173] Thu thập: https://www.thegioididong.com/dtdd/xiaomi-17
12:03:20 [INFO]     Đã lấy được 8 thuộc tính
12:03:20 [INFO]       Đã lấy được Thông tin mô tả sản phẩm
12:03:21 [INFO]    🔹 [85/173] Thu thập: https://www.thegioididong.com/dtdd/mobell-m331
12:03:28 [INFO]     Đã lấy được 7 thuộc tính
12:03:28 [INFO]       Đã lấy được Thông tin mô tả sản phẩm
12:03:29 [INFO]    🔹 [86/173] Thu thập: https://www.thegioididong.com/dtdd/iphone-16-plus
12:03:46 [INFO]     Đã lấy được 8 thuộc tính
12:03:46 [INFO]       Đã lấy được Thông tin mô tả sản phẩm
12:03:47 [INFO]    🔹 [87/173] Thu thập: https://www.thegioididong.com/dtdd/xiaomi-redmi-note-15-6gb-128gb
12:03:58 [INFO]     Đã lấy được 9 thuộc tính
12:03:58 [INFO]       Đã lấy được Thông tin mô tả sản phẩm
12:03:59 [INFO]    🔹 [88/173] Thu thập: https://www.thegioididong.com/dtdd/motorola-g57-power-5g-8gb-128gb
12:04:08 [INFO]     Đã lấy được 8 thuộc tính
12:04:08 [INFO]       Đã lấy được Thông tin mô tả sản phẩm
12:04:09 [INFO]    🔹 [89/173] Thu thập: https://www.thegioididong.com/dtdd/xiaomi-redmi-a5-3gb-64gb
12:04:24 [INFO]     Đã lấy được 9 thuộc tính
12:04:24 [INFO]       Đã lấy được Thông tin mô tả sản phẩm
12:04:26 [INFO] ♻️ Đang làm mới trình duyệt...
12:04:28 [INFO] patching driver executable C:\Users\CONG\appdata\roaming\undetected_chromedriver\undetected_chromedriver.exe
12:04:33 [INFO]    🔹 [90/173] Thu thập: https://www.thegioididong.com/dtdd/nubia-a36-4gb-64gb
12:04:52 [INFO]     Đã lấy được 9 thuộc tính
12:04:52 [INFO]       Đã lấy được Thông tin mô tả sản phẩm
12:04:52 [INFO]       💾 Đã lưu batch 10 items.
12:04:53 [INFO]    🔹 [91/173] Thu thập: https://www.thegioididong.com/dtdd/mobell-f209
12:05:06 [INFO]     Đã lấy được 7 thuộc tính
12:05:06 [INFO]       Đã lấy được Thông tin mô tả sản phẩm
12:05:08 [INFO]    🔹 [92/173] Thu thập: https://www.thegioididong.com/dtdd/xiaomi-15t-pro-5g-12gb-512gb
12:05:27 [INFO]     Đã lấy được 8 thuộc tính
12:05:27 [INFO]       Đã lấy được Thông tin mô tả sản phẩm
12:05:28 [INFO]    🔹 [93/173] Thu thập: https://www.thegioididong.com/dtdd/vivo-v50-lite
12:05:37 [INFO]     Đã lấy được 8 thuộc tính
12:05:37 [INFO]       Đã lấy được Thông tin mô tả sản phẩm
12:05:39 [INFO]    🔹 [94/173] Thu thập: https://www.thegioididong.com/dtdd/xiaomi-redmi-note-15-5g-6gb-128gb
12:05:52 [INFO]     Đã lấy được 9 thuộc tính
12:05:52 [INFO]       Đã lấy được Thông tin mô tả sản phẩm
12:05:54 [INFO]    🔹 [95/173] Thu thập: https://www.thegioididong.com/dtdd/xiaomi-poco-x7-pro-12-256gb
12:06:05 [INFO]     Đã lấy được 7 thuộc tính
12:06:05 [INFO]       Đã lấy được Thông tin mô tả sản phẩm
12:06:06 [INFO]    🔹 [96/173] Thu thập: https://www.thegioididong.com/dtdd/honor-x7d-5g-8gb-256gb?utm_flashsale=1
12:06:14 [INFO]     Đã lấy được 8 thuộc tính
12:06:14 [INFO]       Đã lấy được Thông tin mô tả sản phẩm
12:06:15 [INFO]    🔹 [97/173] Thu thập: https://www.thegioididong.com/dtdd/vivo-v50-lite-5g?utm_flashsale=1
12:06:27 [INFO]     Đã lấy được 8 thuộc tính
12:06:27 [INFO]       Đã lấy được Thông tin mô tả sản phẩm
12:06:29 [INFO]    🔹 [98/173] Thu thập: https://www.thegioididong.com/dtdd/xiaomi-redmi-note-14-pro?utm_flashsale=1
12:06:38 [INFO]     Đã lấy được 9 thuộc tính
12:06:38 [INFO]       Đã lấy được Thông tin mô tả sản phẩm
12:06:40 [INFO]    🔹 [99/173] Thu thập: https://www.thegioididong.com/dtdd/samsung-galaxy-s24-256gb-5g?utm_flashsale=1
12:06:49 [INFO]     Đã lấy được 8 thuộc tính
12:06:49 [INFO]       Đã lấy được Thông tin mô tả sản phẩm
12:06:51 [INFO]    🔹 [100/173] Thu thập: https://www.thegioididong.com/dtdd/motorola-edge-60-fusion-8gb-256gb?utm_flashsale=1
12:06:59 [INFO]     Đã lấy được 9 thuộc tính
12:06:59 [INFO]       Đã lấy được Thông tin mô tả sản phẩm
12:06:59 [INFO]       💾 Đã lưu batch 10 items.
12:07:00 [INFO]    🔹 [101/173] Thu thập: https://www.thegioididong.com/dtdd/oppo-a5-pro
12:07:09 [INFO]     Đã lấy được 9 thuộc tính
12:07:09 [INFO]       Đã lấy được Thông tin mô tả sản phẩm
12:07:11 [INFO]    🔹 [102/173] Thu thập: https://www.thegioididong.com/dtdd/xiaomi-poco-x8-pro-8gb-256gb
12:09:11 [INFO]     Đã lấy được 0 thuộc tính
12:09:13 [INFO]    🔹 [103/173] Thu thập: https://www.thegioididong.com/dtdd/honor-x9c-smart?utm_flashsale=1
12:09:29 [INFO]     Đã lấy được 8 thuộc tính
12:09:29 [INFO]       Đã lấy được Thông tin mô tả sản phẩm
12:09:30 [INFO]    🔹 [104/173] Thu thập: https://www.thegioididong.com/dtdd/samsung-galaxy-a57-8gb-128gb
12:11:23 [INFO]     Đã lấy được 0 thuộc tính
12:11:24 [INFO] ♻️ Đang làm mới trình duyệt...
12:11:27 [INFO] patching driver executable C:\Users\CONG\appdata\roaming\undetected_chromedriver\undetected_chromedriver.exe
12:11:31 [INFO]    🔹 [105/173] Thu thập: https://www.thegioididong.com/dtdd/xiaomi-redmi-a7-pro
12:13:26 [INFO]     Đã lấy được 0 thuộc tính
12:13:27 [INFO]    🔹 [106/173] Thu thập: https://www.thegioididong.com/dtdd/realme-14-5g
12:14:03 [INFO]     Đã lấy được 9 thuộc tính
12:14:03 [INFO]       Đã lấy được Thông tin mô tả sản phẩm
12:14:05 [INFO]    🔹 [107/173] Thu thập: https://www.thegioididong.com/dtdd/motorola-edge-70-8gb-256gb
12:14:15 [INFO]     Đã lấy được 8 thuộc tính
12:14:15 [INFO]       Đã lấy được Thông tin mô tả sản phẩm
12:14:17 [INFO]    🔹 [108/173] Thu thập: https://www.thegioididong.com/dtdd/xiaomi-17-ultra
12:14:26 [INFO]     Đã lấy được 8 thuộc tính
12:14:26 [INFO]       Đã lấy được Thông tin mô tả sản phẩm
12:14:28 [INFO]    🔹 [109/173] Thu thập: https://www.thegioididong.com/dtdd/xiaomi-poco-m8-8gb-256gb
12:14:38 [INFO]     Đã lấy được 9 thuộc tính
12:14:38 [INFO]       Đã lấy được Thông tin mô tả sản phẩm
12:14:39 [INFO]    🔹 [110/173] Thu thập: https://www.thegioididong.com/dtdd/vivo-v60-12gb-256gb?utm_flashsale=1
12:14:52 [INFO]     Đã lấy được 8 thuộc tính
12:14:52 [INFO]       Đã lấy được Thông tin mô tả sản phẩm
12:14:52 [INFO]       💾 Đã lưu batch 10 items.
12:14:54 [INFO]    🔹 [111/173] Thu thập: https://www.thegioididong.com/dtdd/honor-x6c-6gb-128gb
12:15:09 [INFO]     Đã lấy được 9 thuộc tính
12:15:09 [INFO]       Đã lấy được Thông tin mô tả sản phẩm
12:15:10 [INFO]    🔹 [112/173] Thu thập: https://www.thegioididong.com/dtdd/honor-x8d-8gb-128gb
12:15:19 [INFO]     Đã lấy được 7 thuộc tính
12:15:19 [INFO]       Đã lấy được Thông tin mô tả sản phẩm
12:15:20 [INFO]    🔹 [113/173] Thu thập: https://www.thegioididong.com/dtdd/samsung-galaxy-z-flip7
12:15:49 [INFO]     Đã lấy được 8 thuộc tính
12:15:49 [INFO]       Đã lấy được Thông tin mô tả sản phẩm
12:15:51 [INFO]    🔹 [114/173] Thu thập: https://www.thegioididong.com/dtdd/realme-c85-5g-8gb-128gb
12:15:59 [INFO]     Đã lấy được 8 thuộc tính
12:15:59 [INFO]       Đã lấy được Thông tin mô tả sản phẩm
12:16:01 [INFO]    🔹 [115/173] Thu thập: https://www.thegioididong.com/dtdd/tecno-pova-7-8gb-256gb
12:16:09 [INFO]     Đã lấy được 9 thuộc tính
12:16:10 [INFO]       Đã lấy được Thông tin mô tả sản phẩm
12:16:11 [INFO]    🔹 [116/173] Thu thập: https://www.thegioididong.com/dtdd/samsung-galaxy-a06-5g-6gb-128gb?utm_flashsale=1
12:16:52 [INFO]     Đã lấy được 9 thuộc tính
12:16:52 [INFO]       Đã lấy được Thông tin mô tả sản phẩm
12:16:53 [INFO]    🔹 [117/173] Thu thập: https://www.thegioididong.com/dtdd/oppo-find-x9-pro-16gb-512gb
12:17:01 [INFO]     Đã lấy được 8 thuộc tính
12:17:01 [INFO]       Đã lấy được Thông tin mô tả sản phẩm
12:17:02 [INFO]    🔹 [118/173] Thu thập: https://www.thegioididong.com/dtdd/honor-x9d-5g-12gb-256gb?utm_flashsale=1
12:17:13 [INFO]     Đã lấy được 8 thuộc tính
12:17:13 [INFO]       Đã lấy được Thông tin mô tả sản phẩm
12:17:15 [INFO]    🔹 [119/173] Thu thập: https://www.thegioididong.com/dtdd/vivo-x300
12:18:34 [INFO]     Đã lấy được 8 thuộc tính
12:18:34 [INFO]       Đã lấy được Thông tin mô tả sản phẩm
12:18:36 [INFO] ♻️ Đang làm mới trình duyệt...
12:18:41 [INFO] patching driver executable C:\Users\CONG\appdata\roaming\undetected_chromedriver\undetected_chromedriver.exe
12:18:45 [INFO]    🔹 [120/173] Thu thập: https://www.thegioididong.com/dtdd/vivo-y29-8gb-128gb
12:18:55 [INFO]     Đã lấy được 9 thuộc tính
12:18:55 [INFO]       Đã lấy được Thông tin mô tả sản phẩm
12:18:55 [INFO]       💾 Đã lưu batch 10 items.
12:18:56 [INFO]    🔹 [121/173] Thu thập: https://www.thegioididong.com/dtdd/honor-x7d-8gb-128gb
12:19:07 [INFO]     Đã lấy được 7 thuộc tính
12:19:07 [INFO]       Đã lấy được Thông tin mô tả sản phẩm
12:19:09 [INFO]    🔹 [122/173] Thu thập: https://www.thegioididong.com/dtdd/xiaomi-15t-pro-12gb-1tb
12:19:17 [INFO]     Đã lấy được 8 thuộc tính
12:19:17 [INFO]       Đã lấy được Thông tin mô tả sản phẩm
12:19:18 [INFO]    🔹 [123/173] Thu thập: https://www.thegioididong.com/dtdd/samsung-galaxy-a36
12:19:28 [INFO]     Đã lấy được 8 thuộc tính
12:19:28 [INFO]       Đã lấy được Thông tin mô tả sản phẩm
12:19:29 [INFO]    🔹 [124/173] Thu thập: https://www.thegioididong.com/dtdd/honor-400-lite?utm_flashsale=1
12:19:42 [INFO]     Đã lấy được 8 thuộc tính
12:19:42 [INFO]       Đã lấy được Thông tin mô tả sản phẩm
12:19:43 [INFO]    🔹 [125/173] Thu thập: https://www.thegioididong.com/dtdd/realme-15-5g-12gb-256gb?utm_flashsale=1
12:19:52 [INFO]     Đã lấy được 8 thuộc tính
12:19:52 [INFO]       Đã lấy được Thông tin mô tả sản phẩm
12:19:54 [INFO]    🔹 [126/173] Thu thập: https://www.thegioididong.com/dtdd/oppo-a6t-4gb-64gb
12:20:03 [INFO]     Đã lấy được 9 thuộc tính
12:20:03 [INFO]       Đã lấy được Thông tin mô tả sản phẩm
12:20:05 [INFO]    🔹 [127/173] Thu thập: https://www.thegioididong.com/dtdd/mobell-rock-7
12:20:13 [INFO]     Đã lấy được 8 thuộc tính
12:20:14 [INFO]       Đã lấy được Thông tin mô tả sản phẩm
12:20:15 [INFO]    🔹 [128/173] Thu thập: https://www.thegioididong.com/dtdd/masstel-izi-10
12:20:56 [INFO]     Đã lấy được 5 thuộc tính
12:20:56 [INFO]       Đã lấy được Thông tin mô tả sản phẩm
12:20:58 [INFO]    🔹 [129/173] Thu thập: https://www.thegioididong.com/dtdd/realme-note-60x
12:21:06 [INFO]     Đã lấy được 9 thuộc tính
12:21:06 [INFO]       Đã lấy được Thông tin mô tả sản phẩm
12:21:08 [INFO]    🔹 [130/173] Thu thập: https://www.thegioididong.com/dtdd/honor-x5c-4gb-64gb
12:21:15 [INFO]     Đã lấy được 8 thuộc tính
12:21:15 [INFO]       Đã lấy được Thông tin mô tả sản phẩm
12:21:15 [INFO]       💾 Đã lưu batch 10 items.
12:21:16 [INFO]    🔹 [131/173] Thu thập: https://www.thegioididong.com/dtdd/oppo-find-n3-flip-hong
12:21:24 [INFO]     Đã lấy được 8 thuộc tính
12:21:24 [INFO]       Đã lấy được Thông tin mô tả sản phẩm
12:21:26 [INFO]    🔹 [132/173] Thu thập: https://www.thegioididong.com/dtdd/nokia-3210-4g
12:21:53 [INFO]     Đã lấy được 8 thuộc tính
12:21:53 [INFO]       Đã lấy được Thông tin mô tả sản phẩm
12:21:54 [INFO]    🔹 [133/173] Thu thập: https://www.thegioididong.com/dtdd/honor-400-5g-12gb-256gb-den?utm_flashsale=1
12:22:07 [INFO]     Đã lấy được 8 thuộc tính
12:22:07 [INFO]       Đã lấy được Thông tin mô tả sản phẩm
12:22:09 [INFO]    🔹 [134/173] Thu thập: https://www.thegioididong.com/dtdd/iphone-16e
12:22:22 [INFO]     Đã lấy được 8 thuộc tính
12:22:22 [INFO]       Đã lấy được Thông tin mô tả sản phẩm
12:22:24 [INFO] ♻️ Đang làm mới trình duyệt...
12:22:25 [INFO] patching driver executable C:\Users\CONG\appdata\roaming\undetected_chromedriver\undetected_chromedriver.exe
12:22:30 [INFO]    🔹 [135/173] Thu thập: https://www.thegioididong.com/dtdd/masstel-fami-60s
12:22:42 [INFO]     Đã lấy được 6 thuộc tính
12:22:42 [INFO]       Đã lấy được Thông tin mô tả sản phẩm
12:22:43 [INFO]    🔹 [136/173] Thu thập: https://www.thegioididong.com/dtdd/samsung-galaxy-z-flip7-fe
12:22:55 [INFO]     Đã lấy được 8 thuộc tính
12:22:55 [INFO]       Đã lấy được Thông tin mô tả sản phẩm
12:22:56 [INFO]    🔹 [137/173] Thu thập: https://www.thegioididong.com/dtdd/oppo-find-n6
12:24:43 [INFO]     Đã lấy được 0 thuộc tính
12:24:45 [INFO]    🔹 [138/173] Thu thập: https://www.thegioididong.com/dtdd/honor-x5b-plus
12:25:03 [INFO]     Đã lấy được 9 thuộc tính
12:25:03 [INFO]       Đã lấy được Thông tin mô tả sản phẩm
12:25:04 [INFO]    🔹 [139/173] Thu thập: https://www.thegioididong.com/dtdd/oppo-a5i-6gb-128gb
12:25:13 [INFO]     Đã lấy được 9 thuộc tính
12:25:13 [INFO]       Đã lấy được Thông tin mô tả sản phẩm
12:25:15 [INFO]    🔹 [140/173] Thu thập: https://www.thegioididong.com/dtdd/motorola-signature-12gb-256gb
12:25:26 [INFO]     Đã lấy được 8 thuộc tính
12:25:26 [INFO]       Đã lấy được Thông tin mô tả sản phẩm
12:25:26 [INFO]       💾 Đã lưu batch 10 items.
12:25:27 [INFO]    🔹 [141/173] Thu thập: https://www.thegioididong.com/dtdd/oppo-reno13-f-5g-12gb-512gb
12:25:36 [INFO]     Đã lấy được 9 thuộc tính
12:25:36 [INFO]       Đã lấy được Thông tin mô tả sản phẩm
12:25:37 [INFO]    🔹 [142/173] Thu thập: https://www.thegioididong.com/dtdd/oppo-a5i-pro-8gb-128gb
12:25:47 [INFO]     Đã lấy được 9 thuộc tính
12:25:47 [INFO]       Đã lấy được Thông tin mô tả sản phẩm
12:25:49 [INFO]    🔹 [143/173] Thu thập: https://www.thegioididong.com/dtdd/honor-play-10-3gb-64gb
12:26:00 [INFO]     Đã lấy được 9 thuộc tính
12:26:00 [INFO]       Đã lấy được Thông tin mô tả sản phẩm
12:26:01 [INFO]    🔹 [144/173] Thu thập: https://www.thegioididong.com/dtdd/vivo-x300-pro
12:26:11 [INFO]     Đã lấy được 8 thuộc tính
12:26:11 [INFO]       Đã lấy được Thông tin mô tả sản phẩm
12:26:13 [INFO]    🔹 [145/173] Thu thập: https://www.thegioididong.com/dtdd/motorola-razr-60-8gb-256gb?utm_flashsale=1
12:26:26 [INFO]     Đã lấy được 8 thuộc tính
12:26:26 [INFO]       Đã lấy được Thông tin mô tả sản phẩm
12:26:28 [INFO]    🔹 [146/173] Thu thập: https://www.thegioididong.com/dtdd/samsung-galaxy-s25-plus
12:26:59 [INFO]     Đã lấy được 8 thuộc tính
12:26:59 [INFO]       Đã lấy được Thông tin mô tả sản phẩm
12:27:01 [INFO]    🔹 [147/173] Thu thập: https://www.thegioididong.com/dtdd/vivo-v40-5g
12:27:13 [INFO]     Đã lấy được 8 thuộc tính
12:27:13 [INFO]       Đã lấy được Thông tin mô tả sản phẩm
12:27:14 [INFO]    🔹 [148/173] Thu thập: https://www.thegioididong.com/dtdd/realme-c75x?utm_flashsale=1
12:27:28 [INFO]     Đã lấy được 9 thuộc tính
12:27:28 [INFO]       Đã lấy được Thông tin mô tả sản phẩm
12:27:29 [INFO]    🔹 [149/173] Thu thập: https://www.thegioididong.com/dtdd/oppo-reno14-f-5g-8gb-256gb-hong
12:27:52 [INFO]     Đã lấy được 9 thuộc tính
12:27:52 [INFO]       Đã lấy được Thông tin mô tả sản phẩm
12:27:53 [INFO] ♻️ Đang làm mới trình duyệt...
12:28:08 [INFO] patching driver executable C:\Users\CONG\appdata\roaming\undetected_chromedriver\undetected_chromedriver.exe
12:28:13 [INFO]    🔹 [150/173] Thu thập: https://www.thegioididong.com/dtdd/realme-15-pro-5g-12gb-256gb?utm_flashsale=1
12:28:31 [INFO]     Đã lấy được 8 thuộc tính
12:28:31 [INFO]       Đã lấy được Thông tin mô tả sản phẩm
12:28:31 [INFO]       💾 Đã lưu batch 10 items.
12:28:32 [INFO]    🔹 [151/173] Thu thập: https://www.thegioididong.com/dtdd/mobell-f309
12:28:41 [INFO]     Đã lấy được 7 thuộc tính
12:28:41 [INFO]       Đã lấy được Thông tin mô tả sản phẩm
12:28:43 [INFO]    🔹 [152/173] Thu thập: https://www.thegioididong.com/dtdd/masstel-alfa-5
12:28:52 [INFO]     Đã lấy được 7 thuộc tính
12:28:52 [INFO]       Đã lấy được Thông tin mô tả sản phẩm
12:28:53 [INFO]    🔹 [153/173] Thu thập: https://www.thegioididong.com/dtdd/vivo-y03
12:29:06 [INFO]     Đã lấy được 9 thuộc tính
12:29:06 [INFO]       Đã lấy được Thông tin mô tả sản phẩm
12:29:07 [INFO]    🔹 [154/173] Thu thập: https://www.thegioididong.com/dtdd/vivo-v30e-12gb
12:29:17 [INFO]     Đã lấy được 9 thuộc tính
12:29:17 [INFO]       Đã lấy được Thông tin mô tả sản phẩm
12:29:18 [INFO]    🔹 [155/173] Thu thập: https://www.thegioididong.com/dtdd/xiaomi-poco-f8-pro-12-512gb
12:29:26 [INFO]     Đã lấy được 8 thuộc tính
12:29:26 [INFO]       Đã lấy được Thông tin mô tả sản phẩm
12:29:28 [INFO]    🔹 [156/173] Thu thập: https://www.thegioididong.com/dtdd/oppo-find-x8-pro?utm_flashsale=1
12:29:37 [INFO]     Đã lấy được 8 thuộc tính
12:29:37 [INFO]       Đã lấy được Thông tin mô tả sản phẩm
12:29:39 [INFO]    🔹 [157/173] Thu thập: https://www.thegioididong.com/dtdd/honor-x8b
12:29:50 [INFO]     Đã lấy được 8 thuộc tính
12:29:50 [INFO]       Đã lấy được Thông tin mô tả sản phẩm
12:29:52 [INFO]    🔹 [158/173] Thu thập: https://www.thegioididong.com/dtdd/vivo-v40-lite-8gb-256gb
12:30:02 [INFO]     Đã lấy được 9 thuộc tính
12:30:02 [INFO]       Đã lấy được Thông tin mô tả sản phẩm
12:30:04 [INFO]    🔹 [159/173] Thu thập: https://www.thegioididong.com/dtdd/samsung-galaxy-s25-edge-5g-512gb?utm_flashsale=1
12:30:14 [INFO]     Đã lấy được 8 thuộc tính
12:30:14 [INFO]       Đã lấy được Thông tin mô tả sản phẩm
12:30:16 [INFO]    🔹 [160/173] Thu thập: https://www.thegioididong.com/dtdd/oppo-reno14-5g
12:30:27 [INFO]     Đã lấy được 8 thuộc tính
12:30:27 [INFO]       Đã lấy được Thông tin mô tả sản phẩm
12:30:27 [INFO]       💾 Đã lưu batch 10 items.
12:30:28 [INFO]    🔹 [161/173] Thu thập: https://www.thegioididong.com/dtdd/honor-magic-v5-5g-16gb-512gb
12:30:46 [INFO]     Đã lấy được 8 thuộc tính
12:30:46 [INFO]       Đã lấy được Thông tin mô tả sản phẩm
12:30:47 [INFO]    🔹 [162/173] Thu thập: https://www.thegioididong.com/dtdd/realme-c75-8gb-256gb?utm_flashsale=1
12:31:00 [INFO]     Đã lấy được 9 thuộc tính
12:31:00 [INFO]       Đã lấy được Thông tin mô tả sản phẩm
12:31:01 [INFO]    🔹 [163/173] Thu thập: https://www.thegioididong.com/dtdd/iphone-14-plus-512gb?utm_flashsale=1
12:31:11 [INFO]     Đã lấy được 8 thuộc tính
12:31:11 [INFO]       Đã lấy được Thông tin mô tả sản phẩm
12:31:13 [INFO]    🔹 [164/173] Thu thập: https://www.thegioididong.com/dtdd/iphone-15-pro-max-1tb?utm_flashsale=1
12:31:21 [INFO]     Đã lấy được 8 thuộc tính
12:31:21 [INFO]       Đã lấy được Thông tin mô tả sản phẩm
12:31:23 [INFO] ♻️ Đang làm mới trình duyệt...
12:31:29 [INFO] patching driver executable C:\Users\CONG\appdata\roaming\undetected_chromedriver\undetected_chromedriver.exe
12:31:34 [INFO]    🔹 [165/173] Thu thập: https://www.thegioididong.com/dtdd/vivo-y28-256gb
12:31:34 [ERROR] ❌ Lỗi xử lý tại https://www.thegioididong.com/dtdd/vivo-y28-256gb: Message: no such window: target window already closed
from unknown error: web view not found
  (Session info: chrome=147.0.7727.102)
Stacktrace:
	undetected_chromedriver!GetHandleVerifier [0xf7c733+10b73]
	undetected_chromedriver!GetHandleVerifier [0xf7c864+10ca4]
	undetected_chromedriver!(No symbol) [0xd52100]
	undetected_chromedriver!(No symbol) [0xd30c23]
	undetected_chromedriver!(No symbol) [0xdc445b]
	undetected_chromedriver!(No symbol) [0xddac29]
	undetected_chromedriver!(No symbol) [0xdbd9b6]
	undetected_chromedriver!(No symbol) [0xd90339]
	undetected_chromedriver!(No symbol) [0xd910f4]
	undetected_chromedriver!GetHandleVerifier [0x11dfe04+274244]
	undetected_chromedriver!GetHandleVerifier [0x11db459+26f899]
	undetected_chromedriver!GetHandleVerifier [0x11f9bd5+28e015]
	undetected_chromedriver!GetHandleVerifier [0xf97188+2b5c8]
	undetected_chromedriver!GetHandleVerifier [0xf9f23d+3367d]
	undetected_chromedriver!GetHandleVerifier [0xf85138+19578]
	undetected_chromedriver!GetHandleVerifier [0xf85302+19742]
	undetected_chromedriver!GetHandleVerifier [0xf6e48f+28cf]
	KERNEL32!BaseThreadInitThunk [0x76035d49+19]
	ntdll!RtlInitializeExceptionChain [0x774dd83b+6b]
	ntdll!RtlGetAppContainerNamedObjectPath [0x774dd7c1+231]

12:31:42 [INFO] patching driver executable C:\Users\CONG\appdata\roaming\undetected_chromedriver\undetected_chromedriver.exe
12:31:47 [INFO]    🔹 [165/173] Thu thập: https://www.thegioididong.com/dtdd/vivo-y28-256gb
12:31:47 [ERROR] ❌ Lỗi xử lý tại https://www.thegioididong.com/dtdd/vivo-y28-256gb: Message: no such window: target window already closed
from unknown error: web view not found
  (Session info: chrome=147.0.7727.102)
Stacktrace:
	undetected_chromedriver!GetHandleVerifier [0x32c733+10b73]
	undetected_chromedriver!GetHandleVerifier [0x32c864+10ca4]
	undetected_chromedriver!(No symbol) [0x102100]
	undetected_chromedriver!(No symbol) [0xe0c23]
	undetected_chromedriver!(No symbol) [0x17445b]
	undetected_chromedriver!(No symbol) [0x18ac29]
	undetected_chromedriver!(No symbol) [0x16d9b6]
	undetected_chromedriver!(No symbol) [0x140339]
	undetected_chromedriver!(No symbol) [0x1410f4]
	undetected_chromedriver!GetHandleVerifier [0x58fe04+274244]
	undetected_chromedriver!GetHandleVerifier [0x58b459+26f899]
	undetected_chromedriver!GetHandleVerifier [0x5a9bd5+28e015]
	undetected_chromedriver!GetHandleVerifier [0x347188+2b5c8]
	undetected_chromedriver!GetHandleVerifier [0x34f23d+3367d]
	undetected_chromedriver!GetHandleVerifier [0x335138+19578]
	undetected_chromedriver!GetHandleVerifier [0x335302+19742]
	undetected_chromedriver!GetHandleVerifier [0x31e48f+28cf]
	KERNEL32!BaseThreadInitThunk [0x76035d49+19]
	ntdll!RtlInitializeExceptionChain [0x774dd83b+6b]
	ntdll!RtlGetAppContainerNamedObjectPath [0x774dd7c1+231]
	(No symbol) [(nil)]

12:32:06 [INFO] patching driver executable C:\Users\CONG\appdata\roaming\undetected_chromedriver\undetected_chromedriver.exe
12:32:11 [INFO]    🔹 [165/173] Thu thập: https://www.thegioididong.com/dtdd/vivo-y28-256gb
12:32:28 [INFO]     Đã lấy được 9 thuộc tính
12:32:28 [INFO]       Đã lấy được Thông tin mô tả sản phẩm
12:32:29 [INFO]    🔹 [166/173] Thu thập: https://www.thegioididong.com/dtdd/oppo-a3x-6gb-128gb
12:32:46 [INFO]     Đã lấy được 9 thuộc tính
12:32:46 [INFO]       Đã lấy được Thông tin mô tả sản phẩm
12:32:48 [INFO]    🔹 [167/173] Thu thập: https://www.thegioididong.com/dtdd/samsung-galaxy-a16?utm_flashsale=1
12:32:58 [INFO]     Đã lấy được 9 thuộc tính
12:32:58 [INFO]       Đã lấy được Thông tin mô tả sản phẩm
12:32:59 [INFO]    🔹 [168/173] Thu thập: https://www.thegioididong.com/dtdd/tecno-spark-30c
12:33:08 [INFO]     Đã lấy được 9 thuộc tính
12:33:08 [INFO]       Đã lấy được Thông tin mô tả sản phẩm
12:33:10 [INFO]    🔹 [169/173] Thu thập: https://www.thegioididong.com/dtdd/xiaomi-redmi-note-14-pro-plus-5g-12gb-512gb?utm_flashsale=1
12:33:24 [INFO]     Đã lấy được 8 thuộc tính
12:33:24 [INFO]       Đã lấy được Thông tin mô tả sản phẩm
12:33:25 [INFO]    🔹 [170/173] Thu thập: https://www.thegioididong.com/dtdd/samsung-galaxy-z-fold7
12:33:36 [INFO]     Đã lấy được 8 thuộc tính
12:33:36 [INFO]       Đã lấy được Thông tin mô tả sản phẩm
12:33:36 [INFO]       💾 Đã lưu batch 10 items.
12:33:37 [INFO]    🔹 [171/173] Thu thập: https://www.thegioididong.com/dtdd/vivo-x300-ultra
12:35:25 [INFO]     Đã lấy được 0 thuộc tính
12:35:26 [INFO]    🔹 [172/173] Thu thập: https://www.thegioididong.com/dtdd/tecno-spark-go-3-4gb-64gb
12:37:29 [INFO]     Đã lấy được 0 thuộc tính
12:37:31 [INFO]    🔹 [173/173] Thu thập: https://www.thegioididong.com/dtdd/xiaomi-poco-c71-4gb-64gb
12:39:48 [INFO]     Đã lấy được 0 thuộc tính
12:39:49 [INFO] ✅ Hoàn tất file: smartphone_products.csv
12:39:49 [INFO] 📂 ĐANG XỬ LÝ FILE: tablet_products.csv
12:39:49 [INFO]    🔹 [1/49] Thu thập: https://www.thegioididong.com/may-tinh-bang/ipad-11-wifi-128gb
12:40:02 [INFO]     Đã lấy được 3 thuộc tính
12:40:02 [INFO]       Đã lấy được Thông tin mô tả sản phẩm
12:40:03 [INFO]    🔹 [2/49] Thu thập: https://www.thegioididong.com/may-tinh-bang/xiaomi-redmi-pad-2-4g-4gb-128gb
12:40:10 [INFO]     Đã lấy được 3 thuộc tính
12:40:10 [INFO]       Đã lấy được Thông tin mô tả sản phẩm
12:40:12 [INFO]    🔹 [3/49] Thu thập: https://www.thegioididong.com/may-tinh-bang/xiaomi-redmi-pad-2-wifi-4gb-128gb?utm_flashsale=1
12:40:20 [INFO]     Đã lấy được 3 thuộc tính
12:40:20 [INFO]       Đã lấy được Thông tin mô tả sản phẩm
12:40:21 [INFO]    🔹 [4/49] Thu thập: https://www.thegioididong.com/may-tinh-bang/oppo-pad-se-matte-display-edition
12:40:30 [INFO]     Đã lấy được 3 thuộc tính
12:40:30 [INFO]       Đã lấy được Thông tin mô tả sản phẩm
12:40:32 [INFO]    🔹 [5/49] Thu thập: https://www.thegioididong.com/may-tinh-bang/oppo-pad-se-4g-4gb-128gb?utm_flashsale=1
12:40:41 [INFO]     Đã lấy được 3 thuộc tính
12:40:41 [INFO]       Đã lấy được Thông tin mô tả sản phẩm
12:40:42 [INFO]    🔹 [6/49] Thu thập: https://www.thegioididong.com/may-tinh-bang/samsung-galaxy-tab-a11-plus-wifi-6gb-128gb
12:40:52 [INFO]     Đã lấy được 3 thuộc tính
12:40:52 [INFO]       Đã lấy được Thông tin mô tả sản phẩm
12:40:53 [INFO] ♻️ Đang làm mới trình duyệt...
12:40:58 [INFO] patching driver executable C:\Users\CONG\appdata\roaming\undetected_chromedriver\undetected_chromedriver.exe
12:41:02 [INFO]    🔹 [7/49] Thu thập: https://www.thegioididong.com/may-tinh-bang/ipad-air-m3-11-inch-wifi-128gb
12:41:13 [INFO]     Đã lấy được 3 thuộc tính
12:41:13 [INFO]       Đã lấy được Thông tin mô tả sản phẩm
12:41:14 [INFO]    🔹 [8/49] Thu thập: https://www.thegioididong.com/may-tinh-bang/xiaomi-redmi-pad-2-pro-6gb-128gb
12:41:31 [INFO]     Đã lấy được 3 thuộc tính
12:41:31 [INFO]       Đã lấy được Thông tin mô tả sản phẩm
12:41:32 [INFO]    🔹 [9/49] Thu thập: https://www.thegioididong.com/may-tinh-bang/ipad-pro-m5-11-inch-wifi-256gb
12:41:41 [INFO]     Đã lấy được 3 thuộc tính
12:41:41 [INFO]       Đã lấy được Thông tin mô tả sản phẩm
12:41:43 [INFO]    🔹 [10/49] Thu thập: https://www.thegioididong.com/may-tinh-bang/oppo-pad-5-8gb-256gb
12:41:51 [INFO]     Đã lấy được 3 thuộc tính
12:41:51 [INFO]       Đã lấy được Thông tin mô tả sản phẩm
12:41:51 [INFO]       💾 Đã lưu batch 10 items.
12:41:53 [INFO]    🔹 [11/49] Thu thập: https://www.thegioididong.com/may-tinh-bang/redmi-pad-se-8-7-wifi-4gb-64gb
12:42:21 [INFO]     Đã lấy được 3 thuộc tính
12:42:21 [INFO]       Đã lấy được Thông tin mô tả sản phẩm
12:42:22 [INFO]    🔹 [12/49] Thu thập: https://www.thegioididong.com/may-tinh-bang/samsung-galaxy-tab-s10-fe
12:42:31 [INFO]     Đã lấy được 3 thuộc tính
12:42:31 [INFO]       Đã lấy được Thông tin mô tả sản phẩm
12:42:33 [INFO]    🔹 [13/49] Thu thập: https://www.thegioididong.com/may-tinh-bang/samsung-galaxy-tab-s10-fe-plus
12:42:42 [INFO]     Đã lấy được 3 thuộc tính
12:42:42 [INFO]       Đã lấy được Thông tin mô tả sản phẩm
12:42:44 [INFO]    🔹 [14/49] Thu thập: https://www.thegioididong.com/may-tinh-bang/samsung-galaxy-tab-s10-lite-5g-6gb-128gb
12:42:51 [INFO]     Đã lấy được 3 thuộc tính
12:42:51 [INFO]       Đã lấy được Thông tin mô tả sản phẩm
12:42:52 [INFO]    🔹 [15/49] Thu thập: https://www.thegioididong.com/may-tinh-bang/ipad-mini-7-wifi
12:43:01 [INFO]     Đã lấy được 3 thuộc tính
12:43:01 [INFO]       Đã lấy được Thông tin mô tả sản phẩm
12:43:02 [INFO]    🔹 [16/49] Thu thập: https://www.thegioididong.com/may-tinh-bang/samsung-galaxy-tab-a11-wifi-4gb-64gb
12:43:11 [INFO]     Đã lấy được 3 thuộc tính
12:43:11 [INFO]       Đã lấy được Thông tin mô tả sản phẩm
12:43:13 [INFO]    🔹 [17/49] Thu thập: https://www.thegioididong.com/may-tinh-bang/masstel-tab-11-ultra-4gb-128gb
12:43:21 [INFO]     Đã lấy được 3 thuộc tính
12:43:21 [INFO]       Đã lấy được Thông tin mô tả sản phẩm
12:43:23 [INFO]    🔹 [18/49] Thu thập: https://www.thegioididong.com/may-tinh-bang/honor-pad-x7-wifi-4gb-64gb?utm_flashsale=1
12:43:32 [INFO]     Đã lấy được 3 thuộc tính
12:43:32 [INFO]       Đã lấy được Thông tin mô tả sản phẩm
12:43:34 [INFO]    🔹 [19/49] Thu thập: https://www.thegioididong.com/may-tinh-bang/samsung-galaxy-tab-s10-fe-5g
12:43:41 [INFO]     Đã lấy được 3 thuộc tính
12:43:41 [INFO]       Đã lấy được Thông tin mô tả sản phẩm
12:43:42 [INFO]    🔹 [20/49] Thu thập: https://www.thegioididong.com/may-tinh-bang/ipad-air-m3-13-inch-wifi-128gb
12:43:50 [INFO]     Đã lấy được 3 thuộc tính
12:43:50 [INFO]       Đã lấy được Thông tin mô tả sản phẩm
12:43:50 [INFO]       💾 Đã lưu batch 10 items.
12:43:51 [INFO]    🔹 [21/49] Thu thập: https://www.thegioididong.com/may-tinh-bang/ipad-air-m4-11-inch-wifi-128gb
12:43:58 [INFO]     Đã lấy được 3 thuộc tính
12:43:58 [INFO]       Đã lấy được Thông tin mô tả sản phẩm
12:44:00 [INFO] ♻️ Đang làm mới trình duyệt...
12:44:02 [INFO] patching driver executable C:\Users\CONG\appdata\roaming\undetected_chromedriver\undetected_chromedriver.exe
12:44:07 [INFO]    🔹 [22/49] Thu thập: https://www.thegioididong.com/may-tinh-bang/samsung-galaxy-tab-a11-plus-5g-6gb-128gb
12:44:23 [INFO]     Đã lấy được 3 thuộc tính
12:44:23 [INFO]       Đã lấy được Thông tin mô tả sản phẩm
12:44:24 [INFO]    🔹 [23/49] Thu thập: https://www.thegioididong.com/may-tinh-bang/samsung-galaxy-tab-s10-plus
12:44:33 [INFO]     Đã lấy được 3 thuộc tính
12:44:33 [INFO]       Đã lấy được Thông tin mô tả sản phẩm
12:44:34 [INFO]    🔹 [24/49] Thu thập: https://www.thegioididong.com/may-tinh-bang/ipad-11-5g-128gb
12:44:42 [INFO]     Đã lấy được 3 thuộc tính
12:44:42 [INFO]       Đã lấy được Thông tin mô tả sản phẩm
12:44:43 [INFO]    🔹 [25/49] Thu thập: https://www.thegioididong.com/may-tinh-bang/lenovo-idea-tab-5g-8gb-128gb
12:44:50 [INFO]     Đã lấy được 3 thuộc tính
12:44:50 [INFO]       Đã lấy được Thông tin mô tả sản phẩm
12:44:52 [INFO]    🔹 [26/49] Thu thập: https://www.thegioididong.com/may-tinh-bang/ipad-air-m3-11-inch-5g-128gb
12:44:59 [INFO]     Đã lấy được 3 thuộc tính
12:44:59 [INFO]       Đã lấy được Thông tin mô tả sản phẩm
12:45:00 [INFO]    🔹 [27/49] Thu thập: https://www.thegioididong.com/may-tinh-bang/xiaomi-redmi-pad-2-pro-5g-6gb-128gb
12:45:08 [INFO]     Đã lấy được 3 thuộc tính
12:45:08 [INFO]       Đã lấy được Thông tin mô tả sản phẩm
12:45:09 [INFO]    🔹 [28/49] Thu thập: https://www.thegioididong.com/may-tinh-bang/ipad-pro-m5-13-inch-wifi-256gb
12:45:16 [INFO]     Đã lấy được 3 thuộc tính
12:45:16 [INFO]       Đã lấy được Thông tin mô tả sản phẩm
12:45:18 [INFO]    🔹 [29/49] Thu thập: https://www.thegioididong.com/may-tinh-bang/samsung-galaxy-tab-s11-wifi-12gb-128gb
12:45:32 [INFO]     Đã lấy được 3 thuộc tính
12:45:32 [INFO]       Đã lấy được Thông tin mô tả sản phẩm
12:45:34 [INFO]    🔹 [30/49] Thu thập: https://www.thegioididong.com/may-tinh-bang/oppo-pad-neo-6gb
12:45:44 [INFO]     Đã lấy được 3 thuộc tính
12:45:44 [INFO]       Đã lấy được Thông tin mô tả sản phẩm
12:45:44 [INFO]       💾 Đã lưu batch 10 items.
12:45:45 [INFO]    🔹 [31/49] Thu thập: https://www.thegioididong.com/may-tinh-bang/samsung-galaxy-tab-a11-4g-4gb-64gb
12:45:53 [INFO]     Đã lấy được 3 thuộc tính
12:45:53 [INFO]       Đã lấy được Thông tin mô tả sản phẩm
12:45:55 [INFO]    🔹 [32/49] Thu thập: https://www.thegioididong.com/may-tinh-bang/samsung-galaxy-tab-s11-ultra-5g-12gb-256gb
12:46:03 [INFO]     Đã lấy được 3 thuộc tính
12:46:03 [INFO]       Đã lấy được Thông tin mô tả sản phẩm
12:46:04 [INFO]    🔹 [33/49] Thu thập: https://www.thegioididong.com/may-tinh-bang/xiaomi-pad-8-8gb-128gb
12:46:11 [INFO]     Đã lấy được 3 thuộc tính
12:46:11 [INFO]       Đã lấy được Thông tin mô tả sản phẩm
12:46:13 [INFO]    🔹 [34/49] Thu thập: https://www.thegioididong.com/may-tinh-bang/honor-pad-x9a
12:46:22 [INFO]     Đã lấy được 3 thuộc tính
12:46:22 [INFO]       Đã lấy được Thông tin mô tả sản phẩm
12:46:24 [INFO]    🔹 [35/49] Thu thập: https://www.thegioididong.com/may-tinh-bang/ipad-mini-7-5g
12:46:32 [INFO]     Đã lấy được 3 thuộc tính
12:46:32 [INFO]       Đã lấy được Thông tin mô tả sản phẩm
12:46:34 [INFO]    🔹 [36/49] Thu thập: https://www.thegioididong.com/may-tinh-bang/samsung-galaxy-tab-s11-5g-12gb-128gb
12:46:42 [INFO]     Đã lấy được 3 thuộc tính
12:46:42 [INFO]       Đã lấy được Thông tin mô tả sản phẩm
12:46:43 [INFO] ♻️ Đang làm mới trình duyệt...
12:46:46 [INFO] patching driver executable C:\Users\CONG\appdata\roaming\undetected_chromedriver\undetected_chromedriver.exe
12:46:50 [INFO]    🔹 [37/49] Thu thập: https://www.thegioididong.com/may-tinh-bang/ipad-air-m4-13-inch-wifi-128gb
12:46:59 [INFO]     Đã lấy được 3 thuộc tính
12:46:59 [INFO]       Đã lấy được Thông tin mô tả sản phẩm
12:47:01 [INFO]    🔹 [38/49] Thu thập: https://www.thegioididong.com/may-tinh-bang/redmi-pad-se-8-7-4g-4gb-128gb
12:47:11 [INFO]     Đã lấy được 3 thuộc tính
12:47:11 [INFO]       Đã lấy được Thông tin mô tả sản phẩm
12:47:13 [INFO]    🔹 [39/49] Thu thập: https://www.thegioididong.com/may-tinh-bang/ipad-pro-m5-13-inch-wifi-cellular-256gb
12:47:21 [INFO]     Đã lấy được 3 thuộc tính
12:47:21 [INFO]       Đã lấy được Thông tin mô tả sản phẩm
12:47:22 [INFO]    🔹 [40/49] Thu thập: https://www.thegioididong.com/may-tinh-bang/oppo-pad-3?utm_flashsale=1
12:47:30 [INFO]     Đã lấy được 3 thuộc tính
12:47:30 [INFO]       Đã lấy được Thông tin mô tả sản phẩm
12:47:30 [INFO]       💾 Đã lưu batch 10 items.
12:47:31 [INFO]    🔹 [41/49] Thu thập: https://www.thegioididong.com/may-tinh-bang/xiaomi-pad-7-pro-12gb-512gb
12:47:40 [INFO]     Đã lấy được 3 thuộc tính
12:47:40 [INFO]       Đã lấy được Thông tin mô tả sản phẩm
12:47:42 [INFO]    🔹 [42/49] Thu thập: https://www.thegioididong.com/may-tinh-bang/xiaomi-pad-8-pro-8gb-128gb
12:47:50 [INFO]     Đã lấy được 3 thuộc tính
12:47:50 [INFO]       Đã lấy được Thông tin mô tả sản phẩm
12:47:52 [INFO]    🔹 [43/49] Thu thập: https://www.thegioididong.com/may-tinh-bang/ipad-air-m4-13-inch-5g-128gb
12:47:59 [INFO]     Đã lấy được 3 thuộc tính
12:47:59 [INFO]       Đã lấy được Thông tin mô tả sản phẩm
12:48:00 [INFO]    🔹 [44/49] Thu thập: https://www.thegioididong.com/may-tinh-bang/ipad-pro-m4-11-inch-wifi-2tb
12:48:08 [INFO]     Đã lấy được 3 thuộc tính
12:48:09 [INFO]       Đã lấy được Thông tin mô tả sản phẩm
12:48:10 [INFO]    🔹 [45/49] Thu thập: https://www.thegioididong.com/may-tinh-bang/xiaomi-pad-7-8gb-256gb
12:48:18 [INFO]     Đã lấy được 3 thuộc tính
12:48:18 [INFO]       Đã lấy được Thông tin mô tả sản phẩm
12:48:20 [INFO]    🔹 [46/49] Thu thập: https://www.thegioididong.com/may-tinh-bang/ipad-pro-m5-11-inch-wifi-cellular-256gb
12:48:30 [INFO]     Đã lấy được 3 thuộc tính
12:48:30 [INFO]       Đã lấy được Thông tin mô tả sản phẩm
12:48:32 [INFO]    🔹 [47/49] Thu thập: https://www.thegioididong.com/may-tinh-bang/ipad-pro-m5-13-inch-nano-wifi-cellular-1tb
12:48:42 [INFO]     Đã lấy được 3 thuộc tính
12:48:43 [INFO]    🔹 [48/49] Thu thập: https://www.thegioididong.com/may-tinh-bang/ipad-air-m4-11-inch-5g-256gb
12:48:51 [INFO]     Đã lấy được 3 thuộc tính
12:48:51 [INFO]       Đã lấy được Thông tin mô tả sản phẩm
12:48:53 [INFO]    🔹 [49/49] Thu thập: https://www.thegioididong.com/may-tinh-bang/samsung-galaxy-tab-s10-lite-wifi-8gb-256gb
12:49:01 [INFO]     Đã lấy được 3 thuộc tính
12:49:02 [INFO] ✅ Hoàn tất file: tablet_products.csv
12:49:03 [INFO] 🏁 TOÀN BỘ QUY TRÌNH HOÀN TẤT.
