2026-04-14 21:30:08,393 [INFO] 🚀 Hệ thống cào Điện Máy Xanh (Trang gốc + Pages) đã sẵn sàng.
2026-04-14 21:30:08,981 [INFO] ===> ĐANG XỬ LÝ FILE: headphone_integrated.csv
2026-04-14 21:30:09,000 [INFO]  -> [1/180] Lấy Breadcrumb & Review trang gốc: https://www.dienmayxanh.com/tai-nghe/tai-nghe-bluetooth-true-wireless-ava-freego-pt52
2026-04-14 21:30:16,598 [INFO]       ✅ Thu được 9 reviews từ trang gốc.
2026-04-14 21:30:16,598 [INFO]       - Đang quét Page 1: https://www.dienmayxanh.com/tai-nghe/tai-nghe-bluetooth-true-wireless-ava-freego-pt52/danh-gia?page=1
2026-04-14 21:30:19,486 [WARNING]         [!] Không thấy dữ liệu hoặc Trống (Lần lỗi 1/5)
2026-04-14 21:30:50,484 [INFO] 🚀 Hệ thống cào Điện Máy Xanh (Trang gốc + Pages) đã sẵn sàng.
2026-04-14 21:30:51,057 [INFO] ===> ĐANG XỬ LÝ FILE: headphone_integrated.csv
2026-04-14 21:30:51,063 [INFO]  -> [1/180] Lấy Breadcrumb & Review trang gốc: https://www.dienmayxanh.com/tai-nghe/tai-nghe-bluetooth-true-wireless-ava-freego-pt52
2026-04-14 21:30:58,475 [INFO]       ✅ Thu được 9 reviews từ trang gốc.
2026-04-14 21:30:58,475 [INFO]       - Đang quét Page 1: https://www.dienmayxanh.com/tai-nghe/tai-nghe-bluetooth-true-wireless-ava-freego-pt52/danh-gia?page=1
2026-04-14 21:31:03,618 [INFO]         ✅ Thêm 14 reviews mới từ Page 1.
2026-04-14 21:31:05,471 [INFO]       - Đang quét Page 2: https://www.dienmayxanh.com/tai-nghe/tai-nghe-bluetooth-true-wireless-ava-freego-pt52/danh-gia?page=2
2026-04-14 21:31:12,053 [INFO]         ✅ Thêm 18 reviews mới từ Page 2.
2026-04-14 21:31:12,056 [INFO]         💾 Đã lưu 37 reviews.
2026-04-14 21:31:14,685 [INFO]       - Đang quét Page 3: https://www.dienmayxanh.com/tai-nghe/tai-nghe-bluetooth-true-wireless-ava-freego-pt52/danh-gia?page=3
2026-04-14 21:31:20,565 [INFO]         ✅ Thêm 19 reviews mới từ Page 3.
2026-04-14 21:31:22,706 [INFO]       - Đang quét Page 4: https://www.dienmayxanh.com/tai-nghe/tai-nghe-bluetooth-true-wireless-ava-freego-pt52/danh-gia?page=4
2026-04-14 21:31:29,416 [INFO]         ✅ Thêm 20 reviews mới từ Page 4.
2026-04-14 21:31:29,417 [INFO]         💾 Đã lưu 39 reviews.
2026-04-14 21:31:31,549 [INFO]       - Đang quét Page 5: https://www.dienmayxanh.com/tai-nghe/tai-nghe-bluetooth-true-wireless-ava-freego-pt52/danh-gia?page=5
2026-04-14 21:31:37,010 [INFO]         ✅ Thêm 17 reviews mới từ Page 5.
2026-04-14 21:31:38,601 [INFO]       - Đang quét Page 6: https://www.dienmayxanh.com/tai-nghe/tai-nghe-bluetooth-true-wireless-ava-freego-pt52/danh-gia?page=6
2026-04-14 21:31:46,264 [WARNING]         [!] Không thấy dữ liệu hoặc Trống (Lần lỗi 1/5)
2026-04-14 21:31:48,726 [INFO]       - Đang quét Page 7: https://www.dienmayxanh.com/tai-nghe/tai-nghe-bluetooth-true-wireless-ava-freego-pt52/danh-gia?page=7
2026-04-14 21:31:56,419 [WARNING]         [!] Không thấy dữ liệu hoặc Trống (Lần lỗi 2/5)
2026-04-14 21:31:58,209 [INFO]       - Đang quét Page 8: https://www.dienmayxanh.com/tai-nghe/tai-nghe-bluetooth-true-wireless-ava-freego-pt52/danh-gia?page=8
2026-04-14 21:32:05,982 [WARNING]         [!] Không thấy dữ liệu hoặc Trống (Lần lỗi 3/5)
2026-04-14 21:32:08,369 [INFO]       - Đang quét Page 9: https://www.dienmayxanh.com/tai-nghe/tai-nghe-bluetooth-true-wireless-ava-freego-pt52/danh-gia?page=9
2026-04-14 21:32:15,338 [WARNING]         [!] Không thấy dữ liệu hoặc Trống (Lần lỗi 4/5)
2026-04-14 21:32:18,307 [INFO]       - Đang quét Page 10: https://www.dienmayxanh.com/tai-nghe/tai-nghe-bluetooth-true-wireless-ava-freego-pt52/danh-gia?page=10
2026-04-14 21:32:26,161 [WARNING]         [!] Không thấy dữ liệu hoặc Trống (Lần lỗi 5/5)
2026-04-14 21:32:29,122 [INFO]         💾 Đã lưu 17 reviews cuối.
2026-04-14 21:32:29,122 [INFO]  ✅ Hoàn tất cào sản phẩm: 330710
2026-04-14 21:32:29,123 [INFO]  -> [2/180] Lấy Breadcrumb & Review trang gốc: https://www.dienmayxanh.com/tai-nghe/tai-nghe-bluetooth-true-wireless-ava-freego-w30
2026-04-14 21:32:33,631 [INFO]       ✅ Thu được 10 reviews từ trang gốc.
2026-04-14 21:32:33,632 [INFO]       - Đang quét Page 1: https://www.dienmayxanh.com/tai-nghe/tai-nghe-bluetooth-true-wireless-ava-freego-w30/danh-gia?page=1
2026-04-14 21:32:37,995 [INFO]         ✅ Thêm 5 reviews mới từ Page 1.
2026-04-14 21:32:40,719 [INFO]       - Đang quét Page 2: https://www.dienmayxanh.com/tai-nghe/tai-nghe-bluetooth-true-wireless-ava-freego-w30/danh-gia?page=2
2026-04-14 21:32:48,218 [WARNING]         [!] Không thấy dữ liệu hoặc Trống (Lần lỗi 1/5)
2026-04-14 21:32:49,940 [INFO]       - Đang quét Page 3: https://www.dienmayxanh.com/tai-nghe/tai-nghe-bluetooth-true-wireless-ava-freego-w30/danh-gia?page=3
2026-04-14 21:32:57,663 [WARNING]         [!] Không thấy dữ liệu hoặc Trống (Lần lỗi 2/5)
2026-04-14 21:33:00,056 [INFO]       - Đang quét Page 4: https://www.dienmayxanh.com/tai-nghe/tai-nghe-bluetooth-true-wireless-ava-freego-w30/danh-gia?page=4
2026-04-14 21:33:08,040 [WARNING]         [!] Không thấy dữ liệu hoặc Trống (Lần lỗi 3/5)
2026-04-14 21:33:09,630 [INFO]       - Đang quét Page 5: https://www.dienmayxanh.com/tai-nghe/tai-nghe-bluetooth-true-wireless-ava-freego-w30/danh-gia?page=5
2026-04-14 21:33:17,285 [WARNING]         [!] Không thấy dữ liệu hoặc Trống (Lần lỗi 4/5)
2026-04-14 21:33:19,390 [INFO]       - Đang quét Page 6: https://www.dienmayxanh.com/tai-nghe/tai-nghe-bluetooth-true-wireless-ava-freego-w30/danh-gia?page=6
2026-04-14 21:33:27,005 [WARNING]         [!] Không thấy dữ liệu hoặc Trống (Lần lỗi 5/5)
2026-04-14 21:33:28,838 [INFO]         💾 Đã lưu 11 reviews cuối.
2026-04-14 21:33:28,839 [INFO]  ✅ Hoàn tất cào sản phẩm: 344789
2026-04-14 21:33:28,839 [INFO]  -> [3/180] Lấy Breadcrumb & Review trang gốc: https://www.dienmayxanh.com/tai-nghe/tai-nghe-bluetooth-true-wireless-xiaomi-redmi-buds-6-play
2026-04-14 21:33:34,100 [INFO]       ✅ Thu được 10 reviews từ trang gốc.
2026-04-14 21:33:34,101 [INFO]       - Đang quét Page 1: https://www.dienmayxanh.com/tai-nghe/tai-nghe-bluetooth-true-wireless-xiaomi-redmi-buds-6-play/danh-gia?page=1
2026-04-14 21:33:41,364 [INFO]         ✅ Thêm 16 reviews mới từ Page 1.
2026-04-14 21:33:41,368 [INFO]         💾 Đã lưu 22 reviews.
2026-04-14 21:33:44,250 [INFO]       - Đang quét Page 2: https://www.dienmayxanh.com/tai-nghe/tai-nghe-bluetooth-true-wireless-xiaomi-redmi-buds-6-play/danh-gia?page=2
2026-04-14 21:33:53,816 [INFO]         ✅ Thêm 19 reviews mới từ Page 2.
2026-04-14 21:33:56,453 [INFO]       - Đang quét Page 3: https://www.dienmayxanh.com/tai-nghe/tai-nghe-bluetooth-true-wireless-xiaomi-redmi-buds-6-play/danh-gia?page=3
2026-04-14 21:34:04,123 [INFO]         ✅ Thêm 20 reviews mới từ Page 3.
2026-04-14 21:34:04,126 [INFO]         💾 Đã lưu 39 reviews.
2026-04-14 21:34:06,526 [INFO]       - Đang quét Page 4: https://www.dienmayxanh.com/tai-nghe/tai-nghe-bluetooth-true-wireless-xiaomi-redmi-buds-6-play/danh-gia?page=4
2026-04-14 21:34:13,393 [INFO]         ✅ Thêm 20 reviews mới từ Page 4.
2026-04-14 21:34:13,395 [INFO]         💾 Đã lưu 20 reviews.
2026-04-14 21:34:15,028 [INFO]       - Đang quét Page 5: https://www.dienmayxanh.com/tai-nghe/tai-nghe-bluetooth-true-wireless-xiaomi-redmi-buds-6-play/danh-gia?page=5
2026-04-14 21:34:21,910 [INFO]         ✅ Thêm 19 reviews mới từ Page 5.
2026-04-14 21:34:24,425 [INFO]       - Đang quét Page 6: https://www.dienmayxanh.com/tai-nghe/tai-nghe-bluetooth-true-wireless-xiaomi-redmi-buds-6-play/danh-gia?page=6
2026-04-14 21:34:30,882 [INFO]         ✅ Thêm 18 reviews mới từ Page 6.
2026-04-14 21:34:30,884 [INFO]         💾 Đã lưu 37 reviews.
2026-04-14 21:34:33,838 [INFO]       - Đang quét Page 7: https://www.dienmayxanh.com/tai-nghe/tai-nghe-bluetooth-true-wireless-xiaomi-redmi-buds-6-play/danh-gia?page=7
2026-04-14 21:34:42,055 [INFO]         ✅ Thêm 19 reviews mới từ Page 7.
2026-04-14 21:34:44,170 [INFO]       - Đang quét Page 8: https://www.dienmayxanh.com/tai-nghe/tai-nghe-bluetooth-true-wireless-xiaomi-redmi-buds-6-play/danh-gia?page=8
2026-04-14 21:34:51,164 [INFO]         ✅ Thêm 19 reviews mới từ Page 8.
2026-04-14 21:34:51,166 [INFO]         💾 Đã lưu 38 reviews.
2026-04-14 21:34:53,610 [INFO]       - Đang quét Page 9: https://www.dienmayxanh.com/tai-nghe/tai-nghe-bluetooth-true-wireless-xiaomi-redmi-buds-6-play/danh-gia?page=9
2026-04-14 21:35:00,506 [INFO]         ✅ Thêm 19 reviews mới từ Page 9.
2026-04-14 21:35:02,486 [INFO]       - Đang quét Page 10: https://www.dienmayxanh.com/tai-nghe/tai-nghe-bluetooth-true-wireless-xiaomi-redmi-buds-6-play/danh-gia?page=10
2026-04-14 21:35:08,241 [INFO]         ✅ Thêm 12 reviews mới từ Page 10.
2026-04-14 21:35:08,242 [INFO]         💾 Đã lưu 31 reviews.
2026-04-14 21:35:10,474 [INFO]       - Đang quét Page 11: https://www.dienmayxanh.com/tai-nghe/tai-nghe-bluetooth-true-wireless-xiaomi-redmi-buds-6-play/danh-gia?page=11
2026-04-14 21:35:18,632 [WARNING]         [!] Không thấy dữ liệu hoặc Trống (Lần lỗi 1/5)
2026-04-14 21:35:20,494 [INFO]       - Đang quét Page 12: https://www.dienmayxanh.com/tai-nghe/tai-nghe-bluetooth-true-wireless-xiaomi-redmi-buds-6-play/danh-gia?page=12
2026-04-14 21:35:28,265 [WARNING]         [!] Không thấy dữ liệu hoặc Trống (Lần lỗi 2/5)
2026-04-14 21:35:30,259 [INFO]       - Đang quét Page 13: https://www.dienmayxanh.com/tai-nghe/tai-nghe-bluetooth-true-wireless-xiaomi-redmi-buds-6-play/danh-gia?page=13
2026-04-14 21:35:38,546 [WARNING]         [!] Không thấy dữ liệu hoặc Trống (Lần lỗi 3/5)
2026-04-14 21:35:41,132 [INFO]       - Đang quét Page 14: https://www.dienmayxanh.com/tai-nghe/tai-nghe-bluetooth-true-wireless-xiaomi-redmi-buds-6-play/danh-gia?page=14
2026-04-14 21:35:48,978 [WARNING]         [!] Không thấy dữ liệu hoặc Trống (Lần lỗi 4/5)
2026-04-14 21:35:51,309 [INFO]       - Đang quét Page 15: https://www.dienmayxanh.com/tai-nghe/tai-nghe-bluetooth-true-wireless-xiaomi-redmi-buds-6-play/danh-gia?page=15
2026-04-14 21:35:59,270 [WARNING]         [!] Không thấy dữ liệu hoặc Trống (Lần lỗi 5/5)
2026-04-14 21:36:01,893 [INFO]  ✅ Hoàn tất cào sản phẩm: 329993
2026-04-14 21:36:01,894 [INFO]  -> [4/180] Lấy Breadcrumb & Review trang gốc: https://www.dienmayxanh.com/tai-nghe/tai-nghe-bluetooth-true-wireless-ava-freego-y60
2026-04-14 21:36:07,981 [INFO]       ✅ Thu được 5 reviews từ trang gốc.
2026-04-14 21:36:07,982 [INFO]       - Đang quét Page 1: https://www.dienmayxanh.com/tai-nghe/tai-nghe-bluetooth-true-wireless-ava-freego-y60/danh-gia?page=1
2026-04-14 21:36:12,391 [INFO]         ✅ Thêm 0 reviews mới từ Page 1.
2026-04-14 21:36:14,612 [INFO]       - Đang quét Page 2: https://www.dienmayxanh.com/tai-nghe/tai-nghe-bluetooth-true-wireless-ava-freego-y60/danh-gia?page=2
2026-04-14 21:36:22,597 [WARNING]         [!] Không thấy dữ liệu hoặc Trống (Lần lỗi 1/5)
2026-04-14 21:36:24,135 [INFO]       - Đang quét Page 3: https://www.dienmayxanh.com/tai-nghe/tai-nghe-bluetooth-true-wireless-ava-freego-y60/danh-gia?page=3
2026-04-14 21:36:31,980 [WARNING]         [!] Không thấy dữ liệu hoặc Trống (Lần lỗi 2/5)
2026-04-14 21:36:34,311 [INFO]       - Đang quét Page 4: https://www.dienmayxanh.com/tai-nghe/tai-nghe-bluetooth-true-wireless-ava-freego-y60/danh-gia?page=4
2026-04-14 21:36:42,528 [WARNING]         [!] Không thấy dữ liệu hoặc Trống (Lần lỗi 3/5)
2026-04-14 21:36:45,416 [INFO]       - Đang quét Page 5: https://www.dienmayxanh.com/tai-nghe/tai-nghe-bluetooth-true-wireless-ava-freego-y60/danh-gia?page=5
2026-04-14 21:36:53,434 [WARNING]         [!] Không thấy dữ liệu hoặc Trống (Lần lỗi 4/5)
2026-04-14 21:36:55,590 [INFO]       - Đang quét Page 6: https://www.dienmayxanh.com/tai-nghe/tai-nghe-bluetooth-true-wireless-ava-freego-y60/danh-gia?page=6
2026-04-14 21:37:04,012 [WARNING]         [!] Không thấy dữ liệu hoặc Trống (Lần lỗi 5/5)
2026-04-14 21:37:05,933 [INFO]         💾 Đã lưu 5 reviews cuối.
2026-04-14 21:37:05,934 [INFO]  ✅ Hoàn tất cào sản phẩm: 344790
2026-04-14 21:37:05,936 [INFO]  -> [5/180] Lấy Breadcrumb & Review trang gốc: https://www.dienmayxanh.com/tai-nghe/tai-nghe-bluetooth-true-wireless-ava-buds-life-air-2-pro
2026-04-14 21:37:13,265 [INFO]       ✅ Thu được 9 reviews từ trang gốc.
2026-04-14 21:37:13,265 [INFO]       - Đang quét Page 1: https://www.dienmayxanh.com/tai-nghe/tai-nghe-bluetooth-true-wireless-ava-buds-life-air-2-pro/danh-gia?page=1
2026-04-14 21:37:20,996 [INFO]         ✅ Thêm 15 reviews mới từ Page 1.
2026-04-14 21:37:20,998 [INFO]         💾 Đã lưu 20 reviews.
2026-04-14 21:37:23,799 [INFO]       - Đang quét Page 2: https://www.dienmayxanh.com/tai-nghe/tai-nghe-bluetooth-true-wireless-ava-buds-life-air-2-pro/danh-gia?page=2
2026-04-14 21:37:28,773 [INFO]         ✅ Thêm 5 reviews mới từ Page 2.
2026-04-14 21:37:30,382 [INFO]       - Đang quét Page 3: https://www.dienmayxanh.com/tai-nghe/tai-nghe-bluetooth-true-wireless-ava-buds-life-air-2-pro/danh-gia?page=3
2026-04-14 21:37:38,770 [WARNING]         [!] Không thấy dữ liệu hoặc Trống (Lần lỗi 1/5)
2026-04-14 21:37:40,379 [INFO]       - Đang quét Page 4: https://www.dienmayxanh.com/tai-nghe/tai-nghe-bluetooth-true-wireless-ava-buds-life-air-2-pro/danh-gia?page=4
2026-04-14 21:37:50,358 [WARNING]         [!] Không thấy dữ liệu hoặc Trống (Lần lỗi 2/5)
2026-04-14 21:37:53,098 [INFO]       - Đang quét Page 5: https://www.dienmayxanh.com/tai-nghe/tai-nghe-bluetooth-true-wireless-ava-buds-life-air-2-pro/danh-gia?page=5
2026-04-14 21:38:01,503 [WARNING]         [!] Không thấy dữ liệu hoặc Trống (Lần lỗi 3/5)
2026-04-14 21:38:03,254 [INFO]       - Đang quét Page 6: https://www.dienmayxanh.com/tai-nghe/tai-nghe-bluetooth-true-wireless-ava-buds-life-air-2-pro/danh-gia?page=6
2026-04-14 21:38:13,806 [WARNING]         [!] Không thấy dữ liệu hoặc Trống (Lần lỗi 4/5)
2026-04-14 21:38:16,430 [INFO]       - Đang quét Page 7: https://www.dienmayxanh.com/tai-nghe/tai-nghe-bluetooth-true-wireless-ava-buds-life-air-2-pro/danh-gia?page=7
2026-04-14 21:38:24,732 [WARNING]         [!] Không thấy dữ liệu hoặc Trống (Lần lỗi 5/5)
2026-04-14 21:38:27,442 [INFO]         💾 Đã lưu 5 reviews cuối.
2026-04-14 21:38:27,442 [INFO]  ✅ Hoàn tất cào sản phẩm: 327988
2026-04-14 21:38:27,443 [INFO]  -> [6/180] Lấy Breadcrumb & Review trang gốc: https://www.dienmayxanh.com/tai-nghe/tai-nghe-bluetooth-true-wireless-ava-freego-w28?utm_flashsale=1
2026-04-14 21:38:36,959 [INFO]       ✅ Thu được 9 reviews từ trang gốc.
2026-04-14 21:38:36,960 [INFO]       - Đang quét Page 1: https://www.dienmayxanh.com/tai-nghe/tai-nghe-bluetooth-true-wireless-ava-freego-w28/danh-gia?page=1
2026-04-14 21:38:44,644 [INFO]         ✅ Thêm 14 reviews mới từ Page 1.
2026-04-14 21:38:44,645 [INFO]         💾 Đã lưu 20 reviews.
2026-04-14 21:38:46,539 [INFO]       - Đang quét Page 2: https://www.dienmayxanh.com/tai-nghe/tai-nghe-bluetooth-true-wireless-ava-freego-w28/danh-gia?page=2
2026-04-14 21:38:53,554 [INFO]         ✅ Thêm 13 reviews mới từ Page 2.
2026-04-14 21:38:55,892 [INFO]       - Đang quét Page 3: https://www.dienmayxanh.com/tai-nghe/tai-nghe-bluetooth-true-wireless-ava-freego-w28/danh-gia?page=3
2026-04-14 21:39:04,101 [WARNING]         [!] Không thấy dữ liệu hoặc Trống (Lần lỗi 1/5)
2026-04-14 21:39:06,141 [INFO]       - Đang quét Page 4: https://www.dienmayxanh.com/tai-nghe/tai-nghe-bluetooth-true-wireless-ava-freego-w28/danh-gia?page=4
2026-04-14 21:39:14,980 [WARNING]         [!] Không thấy dữ liệu hoặc Trống (Lần lỗi 2/5)
2026-04-14 21:39:17,422 [INFO]       - Đang quét Page 5: https://www.dienmayxanh.com/tai-nghe/tai-nghe-bluetooth-true-wireless-ava-freego-w28/danh-gia?page=5
2026-04-14 21:39:28,483 [WARNING]         [!] Không thấy dữ liệu hoặc Trống (Lần lỗi 3/5)
2026-04-14 21:39:30,257 [INFO]       - Đang quét Page 6: https://www.dienmayxanh.com/tai-nghe/tai-nghe-bluetooth-true-wireless-ava-freego-w28/danh-gia?page=6
2026-04-14 21:39:39,540 [WARNING]         [!] Không thấy dữ liệu hoặc Trống (Lần lỗi 4/5)
2026-04-14 21:39:41,820 [INFO]       - Đang quét Page 7: https://www.dienmayxanh.com/tai-nghe/tai-nghe-bluetooth-true-wireless-ava-freego-w28/danh-gia?page=7
2026-04-14 21:39:50,920 [WARNING]         [!] Không thấy dữ liệu hoặc Trống (Lần lỗi 5/5)
2026-04-14 21:39:53,616 [INFO]         💾 Đã lưu 13 reviews cuối.
2026-04-14 21:39:53,616 [INFO]  ✅ Hoàn tất cào sản phẩm: 330247
2026-04-14 21:39:53,617 [INFO]  -> [7/180] Lấy Breadcrumb & Review trang gốc: https://www.dienmayxanh.com/tai-nghe/tai-nghe-co-day-ep-ava-livebass-e1
2026-04-14 21:40:01,245 [INFO]       ✅ Thu được 10 reviews từ trang gốc.
2026-04-14 21:40:01,245 [INFO]       - Đang quét Page 1: https://www.dienmayxanh.com/tai-nghe/tai-nghe-co-day-ep-ava-livebass-e1/danh-gia?page=1
2026-04-14 21:40:08,714 [INFO]         ✅ Thêm 15 reviews mới từ Page 1.
2026-04-14 21:40:08,716 [INFO]         💾 Đã lưu 21 reviews.
2026-04-14 21:40:11,643 [INFO]       - Đang quét Page 2: https://www.dienmayxanh.com/tai-nghe/tai-nghe-co-day-ep-ava-livebass-e1/danh-gia?page=2
2026-04-14 21:40:17,603 [INFO]         ✅ Thêm 9 reviews mới từ Page 2.
2026-04-14 21:40:20,158 [INFO]       - Đang quét Page 3: https://www.dienmayxanh.com/tai-nghe/tai-nghe-co-day-ep-ava-livebass-e1/danh-gia?page=3
2026-04-14 21:40:29,134 [WARNING]         [!] Không thấy dữ liệu hoặc Trống (Lần lỗi 1/5)
2026-04-14 21:40:30,901 [INFO]       - Đang quét Page 4: https://www.dienmayxanh.com/tai-nghe/tai-nghe-co-day-ep-ava-livebass-e1/danh-gia?page=4
2026-04-14 21:40:39,660 [WARNING]         [!] Không thấy dữ liệu hoặc Trống (Lần lỗi 2/5)
2026-04-14 21:40:41,649 [INFO]       - Đang quét Page 5: https://www.dienmayxanh.com/tai-nghe/tai-nghe-co-day-ep-ava-livebass-e1/danh-gia?page=5
2026-04-14 21:40:50,493 [WARNING]         [!] Không thấy dữ liệu hoặc Trống (Lần lỗi 3/5)
2026-04-14 21:40:53,461 [INFO]       - Đang quét Page 6: https://www.dienmayxanh.com/tai-nghe/tai-nghe-co-day-ep-ava-livebass-e1/danh-gia?page=6
2026-04-14 21:41:01,753 [WARNING]         [!] Không thấy dữ liệu hoặc Trống (Lần lỗi 4/5)
2026-04-14 21:41:04,023 [INFO]       - Đang quét Page 7: https://www.dienmayxanh.com/tai-nghe/tai-nghe-co-day-ep-ava-livebass-e1/danh-gia?page=7
2026-04-14 21:41:12,074 [WARNING]         [!] Không thấy dữ liệu hoặc Trống (Lần lỗi 5/5)
2026-04-14 21:41:13,585 [INFO]         💾 Đã lưu 9 reviews cuối.
2026-04-14 21:41:13,586 [INFO]  ✅ Hoàn tất cào sản phẩm: 326589
2026-04-14 21:41:13,586 [INFO]  -> [8/180] Lấy Breadcrumb & Review trang gốc: https://www.dienmayxanh.com/tai-nghe/tai-nghe-bluetooth-true-wireless-xiaomi-redmi-buds-8-lite
2026-04-14 21:41:22,361 [INFO]       ✅ Thu được 9 reviews từ trang gốc.
2026-04-14 21:41:22,361 [INFO]       - Đang quét Page 1: https://www.dienmayxanh.com/tai-nghe/tai-nghe-bluetooth-true-wireless-xiaomi-redmi-buds-8-lite/danh-gia?page=1
2026-04-14 21:41:28,326 [INFO]         ✅ Thêm 4 reviews mới từ Page 1.
2026-04-14 21:41:31,068 [INFO]       - Đang quét Page 2: https://www.dienmayxanh.com/tai-nghe/tai-nghe-bluetooth-true-wireless-xiaomi-redmi-buds-8-lite/danh-gia?page=2
2026-04-14 21:41:39,949 [WARNING]         [!] Không thấy dữ liệu hoặc Trống (Lần lỗi 1/5)
2026-04-14 21:41:42,106 [INFO]       - Đang quét Page 3: https://www.dienmayxanh.com/tai-nghe/tai-nghe-bluetooth-true-wireless-xiaomi-redmi-buds-8-lite/danh-gia?page=3
2026-04-14 21:41:50,604 [WARNING]         [!] Không thấy dữ liệu hoặc Trống (Lần lỗi 2/5)
2026-04-14 21:41:52,743 [INFO]       - Đang quét Page 4: https://www.dienmayxanh.com/tai-nghe/tai-nghe-bluetooth-true-wireless-xiaomi-redmi-buds-8-lite/danh-gia?page=4
2026-04-14 21:42:01,809 [WARNING]         [!] Không thấy dữ liệu hoặc Trống (Lần lỗi 3/5)
2026-04-14 21:42:03,985 [INFO]       - Đang quét Page 5: https://www.dienmayxanh.com/tai-nghe/tai-nghe-bluetooth-true-wireless-xiaomi-redmi-buds-8-lite/danh-gia?page=5
2026-04-14 21:42:14,296 [WARNING]         [!] Không thấy dữ liệu hoặc Trống (Lần lỗi 4/5)
2026-04-14 21:42:17,002 [INFO]       - Đang quét Page 6: https://www.dienmayxanh.com/tai-nghe/tai-nghe-bluetooth-true-wireless-xiaomi-redmi-buds-8-lite/danh-gia?page=6
2026-04-14 21:42:24,983 [WARNING]         [!] Không thấy dữ liệu hoặc Trống (Lần lỗi 5/5)
2026-04-14 21:42:27,460 [INFO]         💾 Đã lưu 10 reviews cuối.
2026-04-14 21:42:27,460 [INFO]  ✅ Hoàn tất cào sản phẩm: 361413
2026-04-14 21:42:27,460 [INFO]  -> [9/180] Lấy Breadcrumb & Review trang gốc: https://www.dienmayxanh.com/tai-nghe/tai-nghe-bluetooth-tws-xiaomi-redmi-buds-6-active
2026-04-14 21:42:40,679 [INFO]       ✅ Thu được 7 reviews từ trang gốc.
2026-04-14 21:42:40,679 [INFO]       - Đang quét Page 1: https://www.dienmayxanh.com/tai-nghe/tai-nghe-bluetooth-tws-xiaomi-redmi-buds-6-active/danh-gia?page=1
2026-04-14 21:42:49,656 [INFO]         ✅ Thêm 15 reviews mới từ Page 1.
2026-04-14 21:42:51,817 [INFO]       - Đang quét Page 2: https://www.dienmayxanh.com/tai-nghe/tai-nghe-bluetooth-tws-xiaomi-redmi-buds-6-active/danh-gia?page=2
2026-04-14 21:42:59,072 [INFO]         ✅ Thêm 19 reviews mới từ Page 2.
2026-04-14 21:42:59,075 [INFO]         💾 Đã lưu 38 reviews.
2026-04-14 21:43:01,664 [INFO]       - Đang quét Page 3: https://www.dienmayxanh.com/tai-nghe/tai-nghe-bluetooth-tws-xiaomi-redmi-buds-6-active/danh-gia?page=3
2026-04-14 21:43:12,786 [INFO]         ✅ Thêm 18 reviews mới từ Page 3.
2026-04-14 21:43:14,449 [INFO]       - Đang quét Page 4: https://www.dienmayxanh.com/tai-nghe/tai-nghe-bluetooth-tws-xiaomi-redmi-buds-6-active/danh-gia?page=4
2026-04-14 21:43:21,281 [INFO]         ✅ Thêm 9 reviews mới từ Page 4.
2026-04-14 21:43:21,283 [INFO]         💾 Đã lưu 27 reviews.
2026-04-14 21:43:23,076 [INFO]       - Đang quét Page 5: https://www.dienmayxanh.com/tai-nghe/tai-nghe-bluetooth-tws-xiaomi-redmi-buds-6-active/danh-gia?page=5
2026-04-14 21:43:33,026 [WARNING]         [!] Không thấy dữ liệu hoặc Trống (Lần lỗi 1/5)
2026-04-14 21:43:35,024 [INFO]       - Đang quét Page 6: https://www.dienmayxanh.com/tai-nghe/tai-nghe-bluetooth-tws-xiaomi-redmi-buds-6-active/danh-gia?page=6
2026-04-14 21:43:45,684 [WARNING]         [!] Không thấy dữ liệu hoặc Trống (Lần lỗi 2/5)
2026-04-14 21:43:47,228 [INFO]       - Đang quét Page 7: https://www.dienmayxanh.com/tai-nghe/tai-nghe-bluetooth-tws-xiaomi-redmi-buds-6-active/danh-gia?page=7
2026-04-14 21:43:58,968 [WARNING]         [!] Không thấy dữ liệu hoặc Trống (Lần lỗi 3/5)
2026-04-14 21:44:01,950 [INFO]       - Đang quét Page 8: https://www.dienmayxanh.com/tai-nghe/tai-nghe-bluetooth-tws-xiaomi-redmi-buds-6-active/danh-gia?page=8
2026-04-14 21:44:11,544 [WARNING]         [!] Không thấy dữ liệu hoặc Trống (Lần lỗi 4/5)
2026-04-14 21:44:13,253 [INFO]       - Đang quét Page 9: https://www.dienmayxanh.com/tai-nghe/tai-nghe-bluetooth-tws-xiaomi-redmi-buds-6-active/danh-gia?page=9
2026-04-14 21:44:22,924 [WARNING]         [!] Không thấy dữ liệu hoặc Trống (Lần lỗi 5/5)
2026-04-14 21:44:25,374 [INFO]  ✅ Hoàn tất cào sản phẩm: 328698
2026-04-14 21:44:25,375 [INFO] ♻️ Làm mới Session trình duyệt...
2026-04-14 21:44:26,751 [INFO]  -> [10/180] Lấy Breadcrumb & Review trang gốc: https://www.dienmayxanh.com/tai-nghe/tai-nghe-bluetooth-true-wireless-oppo-enco-buds-3-pro-etek1
2026-04-14 21:44:34,998 [INFO]       ✅ Thu được 10 reviews từ trang gốc.
2026-04-14 21:44:34,998 [INFO]       - Đang quét Page 1: https://www.dienmayxanh.com/tai-nghe/tai-nghe-bluetooth-true-wireless-oppo-enco-buds-3-pro-etek1/danh-gia?page=1
2026-04-14 21:44:41,777 [INFO]         ✅ Thêm 12 reviews mới từ Page 1.
2026-04-14 21:44:44,714 [INFO]       - Đang quét Page 2: https://www.dienmayxanh.com/tai-nghe/tai-nghe-bluetooth-true-wireless-oppo-enco-buds-3-pro-etek1/danh-gia?page=2
2026-04-14 21:44:54,172 [WARNING]         [!] Không thấy dữ liệu hoặc Trống (Lần lỗi 1/5)
2026-04-14 21:44:55,870 [INFO]       - Đang quét Page 3: https://www.dienmayxanh.com/tai-nghe/tai-nghe-bluetooth-true-wireless-oppo-enco-buds-3-pro-etek1/danh-gia?page=3
2026-04-14 21:45:03,798 [WARNING]         [!] Không thấy dữ liệu hoặc Trống (Lần lỗi 2/5)
2026-04-14 21:45:05,792 [INFO]       - Đang quét Page 4: https://www.dienmayxanh.com/tai-nghe/tai-nghe-bluetooth-true-wireless-oppo-enco-buds-3-pro-etek1/danh-gia?page=4
2026-04-14 21:45:13,395 [WARNING]         [!] Không thấy dữ liệu hoặc Trống (Lần lỗi 3/5)
2026-04-14 21:45:15,689 [INFO]       - Đang quét Page 5: https://www.dienmayxanh.com/tai-nghe/tai-nghe-bluetooth-true-wireless-oppo-enco-buds-3-pro-etek1/danh-gia?page=5
2026-04-14 21:45:23,936 [WARNING]         [!] Không thấy dữ liệu hoặc Trống (Lần lỗi 4/5)
2026-04-14 21:45:25,835 [INFO]       - Đang quét Page 6: https://www.dienmayxanh.com/tai-nghe/tai-nghe-bluetooth-true-wireless-oppo-enco-buds-3-pro-etek1/danh-gia?page=6
2026-04-14 21:45:33,777 [WARNING]         [!] Không thấy dữ liệu hoặc Trống (Lần lỗi 5/5)
2026-04-14 21:45:36,326 [INFO]         💾 Đã lưu 18 reviews cuối.
2026-04-14 21:45:36,329 [INFO]  ✅ Hoàn tất cào sản phẩm: 335184
2026-04-14 21:45:36,330 [INFO]  -> [11/180] Lấy Breadcrumb & Review trang gốc: https://www.dienmayxanh.com/tai-nghe/tai-nghe-bluetooth-true-wireless-oppo-enco-buds-3-eteg1
2026-04-14 21:45:45,582 [INFO]       ✅ Thu được 4 reviews từ trang gốc.
2026-04-14 21:45:45,582 [INFO]       - Đang quét Page 1: https://www.dienmayxanh.com/tai-nghe/tai-nghe-bluetooth-true-wireless-oppo-enco-buds-3-eteg1/danh-gia?page=1
2026-04-14 21:45:52,184 [INFO]         ✅ Thêm 0 reviews mới từ Page 1.
2026-04-14 21:45:54,035 [INFO]       - Đang quét Page 2: https://www.dienmayxanh.com/tai-nghe/tai-nghe-bluetooth-true-wireless-oppo-enco-buds-3-eteg1/danh-gia?page=2
2026-04-14 21:46:01,775 [WARNING]         [!] Không thấy dữ liệu hoặc Trống (Lần lỗi 1/5)
2026-04-14 21:46:03,619 [INFO]       - Đang quét Page 3: https://www.dienmayxanh.com/tai-nghe/tai-nghe-bluetooth-true-wireless-oppo-enco-buds-3-eteg1/danh-gia?page=3
2026-04-14 21:46:12,148 [WARNING]         [!] Không thấy dữ liệu hoặc Trống (Lần lỗi 2/5)
2026-04-14 21:46:13,985 [INFO]       - Đang quét Page 4: https://www.dienmayxanh.com/tai-nghe/tai-nghe-bluetooth-true-wireless-oppo-enco-buds-3-eteg1/danh-gia?page=4
2026-04-14 21:46:21,701 [WARNING]         [!] Không thấy dữ liệu hoặc Trống (Lần lỗi 3/5)
2026-04-14 21:46:24,386 [INFO]       - Đang quét Page 5: https://www.dienmayxanh.com/tai-nghe/tai-nghe-bluetooth-true-wireless-oppo-enco-buds-3-eteg1/danh-gia?page=5
2026-04-14 21:46:32,165 [WARNING]         [!] Không thấy dữ liệu hoặc Trống (Lần lỗi 4/5)
2026-04-14 21:46:35,041 [INFO]       - Đang quét Page 6: https://www.dienmayxanh.com/tai-nghe/tai-nghe-bluetooth-true-wireless-oppo-enco-buds-3-eteg1/danh-gia?page=6
2026-04-14 21:46:42,849 [WARNING]         [!] Không thấy dữ liệu hoặc Trống (Lần lỗi 5/5)
2026-04-14 21:46:44,837 [INFO]         💾 Đã lưu 4 reviews cuối.
2026-04-14 21:46:44,838 [INFO]  ✅ Hoàn tất cào sản phẩm: 342638
2026-04-14 21:46:44,838 [INFO]  -> [12/180] Lấy Breadcrumb & Review trang gốc: https://www.dienmayxanh.com/tai-nghe/tai-nghe-bluetooth-true-wireless-ava-freego-y70
2026-04-14 21:46:52,274 [INFO]       ✅ Thu được 4 reviews từ trang gốc.
2026-04-14 21:46:52,274 [INFO]       - Đang quét Page 1: https://www.dienmayxanh.com/tai-nghe/tai-nghe-bluetooth-true-wireless-ava-freego-y70/danh-gia?page=1
2026-04-14 21:46:56,806 [INFO]         ✅ Thêm 0 reviews mới từ Page 1.
2026-04-14 21:46:58,700 [INFO]       - Đang quét Page 2: https://www.dienmayxanh.com/tai-nghe/tai-nghe-bluetooth-true-wireless-ava-freego-y70/danh-gia?page=2
2026-04-14 21:47:06,976 [WARNING]         [!] Không thấy dữ liệu hoặc Trống (Lần lỗi 1/5)
2026-04-14 21:47:09,217 [INFO]       - Đang quét Page 3: https://www.dienmayxanh.com/tai-nghe/tai-nghe-bluetooth-true-wireless-ava-freego-y70/danh-gia?page=3
2026-04-14 21:47:17,189 [WARNING]         [!] Không thấy dữ liệu hoặc Trống (Lần lỗi 2/5)
2026-04-14 21:47:19,550 [INFO]       - Đang quét Page 4: https://www.dienmayxanh.com/tai-nghe/tai-nghe-bluetooth-true-wireless-ava-freego-y70/danh-gia?page=4
2026-04-14 21:47:29,630 [WARNING]         [!] Không thấy dữ liệu hoặc Trống (Lần lỗi 3/5)
2026-04-14 21:47:31,524 [INFO]       - Đang quét Page 5: https://www.dienmayxanh.com/tai-nghe/tai-nghe-bluetooth-true-wireless-ava-freego-y70/danh-gia?page=5
2026-04-14 21:47:39,504 [WARNING]         [!] Không thấy dữ liệu hoặc Trống (Lần lỗi 4/5)
2026-04-14 21:47:41,723 [INFO]       - Đang quét Page 6: https://www.dienmayxanh.com/tai-nghe/tai-nghe-bluetooth-true-wireless-ava-freego-y70/danh-gia?page=6
2026-04-14 21:47:51,525 [WARNING]         [!] Không thấy dữ liệu hoặc Trống (Lần lỗi 5/5)
2026-04-14 21:47:53,060 [INFO]         💾 Đã lưu 4 reviews cuối.
2026-04-14 21:47:53,060 [INFO]  ✅ Hoàn tất cào sản phẩm: 360651
2026-04-14 21:47:53,060 [INFO]  -> [13/180] Lấy Breadcrumb & Review trang gốc: https://www.dienmayxanh.com/tai-nghe/tai-nghe-bluetooth-true-wireless-samsung-galaxy-buds-core-r410n
2026-04-14 21:47:59,711 [INFO]       ✅ Thu được 9 reviews từ trang gốc.
2026-04-14 21:47:59,711 [INFO]       - Đang quét Page 1: https://www.dienmayxanh.com/tai-nghe/tai-nghe-bluetooth-true-wireless-samsung-galaxy-buds-core-r410n/danh-gia?page=1
2026-04-14 21:48:04,841 [INFO]         ✅ Thêm 6 reviews mới từ Page 1.
2026-04-14 21:48:07,752 [INFO]       - Đang quét Page 2: https://www.dienmayxanh.com/tai-nghe/tai-nghe-bluetooth-true-wireless-samsung-galaxy-buds-core-r410n/danh-gia?page=2
2026-04-14 21:48:15,975 [WARNING]         [!] Không thấy dữ liệu hoặc Trống (Lần lỗi 1/5)
2026-04-14 21:48:17,705 [INFO]       - Đang quét Page 3: https://www.dienmayxanh.com/tai-nghe/tai-nghe-bluetooth-true-wireless-samsung-galaxy-buds-core-r410n/danh-gia?page=3
2026-04-14 21:48:25,678 [WARNING]         [!] Không thấy dữ liệu hoặc Trống (Lần lỗi 2/5)
2026-04-14 21:48:28,308 [INFO]       - Đang quét Page 4: https://www.dienmayxanh.com/tai-nghe/tai-nghe-bluetooth-true-wireless-samsung-galaxy-buds-core-r410n/danh-gia?page=4
2026-04-14 21:48:36,256 [WARNING]         [!] Không thấy dữ liệu hoặc Trống (Lần lỗi 3/5)
2026-04-14 21:48:38,732 [INFO]       - Đang quét Page 5: https://www.dienmayxanh.com/tai-nghe/tai-nghe-bluetooth-true-wireless-samsung-galaxy-buds-core-r410n/danh-gia?page=5
2026-04-14 21:48:46,502 [WARNING]         [!] Không thấy dữ liệu hoặc Trống (Lần lỗi 4/5)
2026-04-14 21:48:48,810 [INFO]       - Đang quét Page 6: https://www.dienmayxanh.com/tai-nghe/tai-nghe-bluetooth-true-wireless-samsung-galaxy-buds-core-r410n/danh-gia?page=6
2026-04-14 21:48:59,153 [WARNING]         [!] Không thấy dữ liệu hoặc Trống (Lần lỗi 5/5)
2026-04-14 21:49:01,635 [INFO]         💾 Đã lưu 11 reviews cuối.
2026-04-14 21:49:01,635 [INFO]  ✅ Hoàn tất cào sản phẩm: 342707
2026-04-14 21:49:01,636 [INFO]  -> [14/180] Lấy Breadcrumb & Review trang gốc: https://www.dienmayxanh.com/tai-nghe/tai-nghe-co-day-apple-mtjy3
2026-04-14 21:49:07,958 [INFO]       ✅ Thu được 10 reviews từ trang gốc.
2026-04-14 21:49:07,959 [INFO]       - Đang quét Page 1: https://www.dienmayxanh.com/tai-nghe/tai-nghe-co-day-apple-mtjy3/danh-gia?page=1
2026-04-14 21:49:14,166 [INFO]         ✅ Thêm 15 reviews mới từ Page 1.
2026-04-14 21:49:14,167 [INFO]         💾 Đã lưu 21 reviews.
2026-04-14 21:49:16,135 [INFO]       - Đang quét Page 2: https://www.dienmayxanh.com/tai-nghe/tai-nghe-co-day-apple-mtjy3/danh-gia?page=2
2026-04-14 21:49:24,551 [INFO]         ✅ Thêm 20 reviews mới từ Page 2.
2026-04-14 21:49:24,552 [INFO]         💾 Đã lưu 20 reviews.
2026-04-14 21:49:27,519 [INFO]       - Đang quét Page 3: https://www.dienmayxanh.com/tai-nghe/tai-nghe-co-day-apple-mtjy3/danh-gia?page=3
2026-04-14 21:49:35,805 [WARNING]         [!] Không thấy dữ liệu hoặc Trống (Lần lỗi 1/5)
2026-04-14 21:49:38,445 [INFO]       - Đang quét Page 4: https://www.dienmayxanh.com/tai-nghe/tai-nghe-co-day-apple-mtjy3/danh-gia?page=4
2026-04-14 21:49:46,456 [WARNING]         [!] Không thấy dữ liệu hoặc Trống (Lần lỗi 2/5)
2026-04-14 21:49:48,833 [INFO]       - Đang quét Page 5: https://www.dienmayxanh.com/tai-nghe/tai-nghe-co-day-apple-mtjy3/danh-gia?page=5
2026-04-14 21:49:56,859 [WARNING]         [!] Không thấy dữ liệu hoặc Trống (Lần lỗi 3/5)
2026-04-14 21:49:58,806 [INFO]       - Đang quét Page 6: https://www.dienmayxanh.com/tai-nghe/tai-nghe-co-day-apple-mtjy3/danh-gia?page=6
2026-04-14 21:50:06,977 [WARNING]         [!] Không thấy dữ liệu hoặc Trống (Lần lỗi 4/5)
2026-04-14 21:50:08,756 [INFO]       - Đang quét Page 7: https://www.dienmayxanh.com/tai-nghe/tai-nghe-co-day-apple-mtjy3/danh-gia?page=7
2026-04-14 21:50:16,712 [WARNING]         [!] Không thấy dữ liệu hoặc Trống (Lần lỗi 5/5)
2026-04-14 21:50:18,264 [INFO]  ✅ Hoàn tất cào sản phẩm: 315072
2026-04-14 21:50:18,264 [INFO]  -> [15/180] Lấy Breadcrumb & Review trang gốc: https://www.dienmayxanh.com/tai-nghe/tai-nghe-bluetooth-true-wireless-ava-go-p310?utm_flashsale=1
2026-04-14 21:50:27,581 [INFO]       ✅ Thu được 9 reviews từ trang gốc.
2026-04-14 21:50:27,581 [INFO]       - Đang quét Page 1: https://www.dienmayxanh.com/tai-nghe/tai-nghe-bluetooth-true-wireless-ava-go-p310/danh-gia?page=1
2026-04-14 21:50:34,845 [INFO]         ✅ Thêm 15 reviews mới từ Page 1.
2026-04-14 21:50:34,847 [INFO]         💾 Đã lưu 20 reviews.
2026-04-14 21:50:36,412 [INFO]       - Đang quét Page 2: https://www.dienmayxanh.com/tai-nghe/tai-nghe-bluetooth-true-wireless-ava-go-p310/danh-gia?page=2
2026-04-14 21:50:44,179 [INFO]         ✅ Thêm 20 reviews mới từ Page 2.
2026-04-14 21:50:44,181 [INFO]         💾 Đã lưu 20 reviews.
2026-04-14 21:50:45,983 [INFO]       - Đang quét Page 3: https://www.dienmayxanh.com/tai-nghe/tai-nghe-bluetooth-true-wireless-ava-go-p310/danh-gia?page=3
2026-04-14 21:50:55,377 [INFO]         ✅ Thêm 18 reviews mới từ Page 3.
2026-04-14 21:50:58,120 [INFO]       - Đang quét Page 4: https://www.dienmayxanh.com/tai-nghe/tai-nghe-bluetooth-true-wireless-ava-go-p310/danh-gia?page=4
2026-04-14 21:51:03,062 [INFO]         ✅ Thêm 1 reviews mới từ Page 4.
2026-04-14 21:51:04,952 [INFO]       - Đang quét Page 5: https://www.dienmayxanh.com/tai-nghe/tai-nghe-bluetooth-true-wireless-ava-go-p310/danh-gia?page=5
2026-04-14 21:51:13,067 [WARNING]         [!] Không thấy dữ liệu hoặc Trống (Lần lỗi 1/5)
2026-04-14 21:51:15,405 [INFO]       - Đang quét Page 6: https://www.dienmayxanh.com/tai-nghe/tai-nghe-bluetooth-true-wireless-ava-go-p310/danh-gia?page=6
2026-04-14 21:51:25,310 [WARNING]         [!] Không thấy dữ liệu hoặc Trống (Lần lỗi 2/5)
2026-04-14 21:51:27,677 [INFO]       - Đang quét Page 7: https://www.dienmayxanh.com/tai-nghe/tai-nghe-bluetooth-true-wireless-ava-go-p310/danh-gia?page=7
2026-04-14 21:51:36,095 [WARNING]         [!] Không thấy dữ liệu hoặc Trống (Lần lỗi 3/5)
2026-04-14 21:51:38,823 [INFO]       - Đang quét Page 8: https://www.dienmayxanh.com/tai-nghe/tai-nghe-bluetooth-true-wireless-ava-go-p310/danh-gia?page=8
2026-04-14 21:51:47,360 [WARNING]         [!] Không thấy dữ liệu hoặc Trống (Lần lỗi 4/5)
2026-04-14 21:51:50,450 [INFO]       - Đang quét Page 9: https://www.dienmayxanh.com/tai-nghe/tai-nghe-bluetooth-true-wireless-ava-go-p310/danh-gia?page=9
2026-04-14 21:52:01,098 [WARNING]         [!] Không thấy dữ liệu hoặc Trống (Lần lỗi 5/5)
2026-04-14 21:52:03,799 [INFO]         💾 Đã lưu 19 reviews cuối.
2026-04-14 21:52:03,799 [INFO]  ✅ Hoàn tất cào sản phẩm: 330709
2026-04-14 21:52:03,799 [INFO]  -> [16/180] Lấy Breadcrumb & Review trang gốc: https://www.dienmayxanh.com/tai-nghe/tai-nghe-bluetooth-true-wireless-ava-buds-life-air-3
2026-04-14 21:52:12,955 [INFO]       ✅ Thu được 9 reviews từ trang gốc.
2026-04-14 21:52:12,956 [INFO]       - Đang quét Page 1: https://www.dienmayxanh.com/tai-nghe/tai-nghe-bluetooth-true-wireless-ava-buds-life-air-3/danh-gia?page=1
2026-04-14 21:52:24,476 [INFO]         ✅ Thêm 15 reviews mới từ Page 1.
2026-04-14 21:52:24,478 [INFO]         💾 Đã lưu 20 reviews.
2026-04-14 21:52:26,310 [INFO]       - Đang quét Page 2: https://www.dienmayxanh.com/tai-nghe/tai-nghe-bluetooth-true-wireless-ava-buds-life-air-3/danh-gia?page=2
2026-04-14 21:52:33,605 [INFO]         ✅ Thêm 13 reviews mới từ Page 2.
2026-04-14 21:52:36,076 [INFO]       - Đang quét Page 3: https://www.dienmayxanh.com/tai-nghe/tai-nghe-bluetooth-true-wireless-ava-buds-life-air-3/danh-gia?page=3
2026-04-14 21:52:46,103 [WARNING]         [!] Không thấy dữ liệu hoặc Trống (Lần lỗi 1/5)
2026-04-14 21:52:49,039 [INFO]       - Đang quét Page 4: https://www.dienmayxanh.com/tai-nghe/tai-nghe-bluetooth-true-wireless-ava-buds-life-air-3/danh-gia?page=4
2026-04-14 21:52:57,414 [WARNING]         [!] Không thấy dữ liệu hoặc Trống (Lần lỗi 2/5)
2026-04-14 21:52:59,733 [INFO]       - Đang quét Page 5: https://www.dienmayxanh.com/tai-nghe/tai-nghe-bluetooth-true-wireless-ava-buds-life-air-3/danh-gia?page=5
2026-04-14 21:53:07,895 [WARNING]         [!] Không thấy dữ liệu hoặc Trống (Lần lỗi 3/5)
2026-04-14 21:53:10,301 [INFO]       - Đang quét Page 6: https://www.dienmayxanh.com/tai-nghe/tai-nghe-bluetooth-true-wireless-ava-buds-life-air-3/danh-gia?page=6
2026-04-14 21:53:19,235 [WARNING]         [!] Không thấy dữ liệu hoặc Trống (Lần lỗi 4/5)
2026-04-14 21:53:21,903 [INFO]       - Đang quét Page 7: https://www.dienmayxanh.com/tai-nghe/tai-nghe-bluetooth-true-wireless-ava-buds-life-air-3/danh-gia?page=7
2026-04-14 21:53:32,216 [WARNING]         [!] Không thấy dữ liệu hoặc Trống (Lần lỗi 5/5)
2026-04-14 21:53:35,114 [INFO]         💾 Đã lưu 13 reviews cuối.
2026-04-14 21:53:35,114 [INFO]  ✅ Hoàn tất cào sản phẩm: 325122
2026-04-14 21:53:35,115 [INFO]  -> [17/180] Lấy Breadcrumb & Review trang gốc: https://www.dienmayxanh.com/tai-nghe/airpods-4-mxp63
2026-04-14 21:53:41,730 [INFO]       ✅ Thu được 10 reviews từ trang gốc.
2026-04-14 21:53:41,731 [INFO]       - Đang quét Page 1: https://www.dienmayxanh.com/tai-nghe/airpods-4-mxp63/danh-gia?page=1
2026-04-14 21:53:49,001 [INFO]         ✅ Thêm 16 reviews mới từ Page 1.
2026-04-14 21:53:49,003 [INFO]         💾 Đã lưu 22 reviews.
2026-04-14 21:53:52,000 [INFO]       - Đang quét Page 2: https://www.dienmayxanh.com/tai-nghe/airpods-4-mxp63/danh-gia?page=2
2026-04-14 21:53:58,995 [INFO]         ✅ Thêm 15 reviews mới từ Page 2.
2026-04-14 21:54:00,867 [INFO]       - Đang quét Page 3: https://www.dienmayxanh.com/tai-nghe/airpods-4-mxp63/danh-gia?page=3
2026-04-14 21:54:09,476 [WARNING]         [!] Không thấy dữ liệu hoặc Trống (Lần lỗi 1/5)
2026-04-14 21:54:11,763 [INFO]       - Đang quét Page 4: https://www.dienmayxanh.com/tai-nghe/airpods-4-mxp63/danh-gia?page=4
2026-04-14 21:54:20,172 [WARNING]         [!] Không thấy dữ liệu hoặc Trống (Lần lỗi 2/5)
2026-04-14 21:54:22,694 [INFO]       - Đang quét Page 5: https://www.dienmayxanh.com/tai-nghe/airpods-4-mxp63/danh-gia?page=5
2026-04-14 21:54:31,612 [WARNING]         [!] Không thấy dữ liệu hoặc Trống (Lần lỗi 3/5)
2026-04-14 21:54:33,644 [INFO]       - Đang quét Page 6: https://www.dienmayxanh.com/tai-nghe/airpods-4-mxp63/danh-gia?page=6
2026-04-14 21:54:42,153 [WARNING]         [!] Không thấy dữ liệu hoặc Trống (Lần lỗi 4/5)
2026-04-14 21:54:43,836 [INFO]       - Đang quét Page 7: https://www.dienmayxanh.com/tai-nghe/airpods-4-mxp63/danh-gia?page=7
2026-04-14 21:54:52,278 [WARNING]         [!] Không thấy dữ liệu hoặc Trống (Lần lỗi 5/5)
2026-04-14 21:54:53,958 [INFO]         💾 Đã lưu 15 reviews cuối.
2026-04-14 21:54:53,963 [INFO]  ✅ Hoàn tất cào sản phẩm: 329154
2026-04-14 21:54:53,968 [INFO]  -> [18/180] Lấy Breadcrumb & Review trang gốc: https://www.dienmayxanh.com/tai-nghe/tai-nghe-co-day-ep-ava-livebass-e3
2026-04-14 21:55:00,287 [INFO]       ✅ Thu được 1 reviews từ trang gốc.
2026-04-14 21:55:00,287 [INFO]       - Đang quét Page 1: https://www.dienmayxanh.com/tai-nghe/tai-nghe-co-day-ep-ava-livebass-e3/danh-gia?page=1
2026-04-14 21:55:07,678 [WARNING]         [!] Không thấy dữ liệu hoặc Trống (Lần lỗi 1/5)
2026-04-14 21:55:10,628 [INFO]       - Đang quét Page 2: https://www.dienmayxanh.com/tai-nghe/tai-nghe-co-day-ep-ava-livebass-e3/danh-gia?page=2
2026-04-14 21:55:17,597 [WARNING]         [!] Không thấy dữ liệu hoặc Trống (Lần lỗi 2/5)
2026-04-14 21:55:19,802 [INFO]       - Đang quét Page 3: https://www.dienmayxanh.com/tai-nghe/tai-nghe-co-day-ep-ava-livebass-e3/danh-gia?page=3
2026-04-14 21:55:26,861 [WARNING]         [!] Không thấy dữ liệu hoặc Trống (Lần lỗi 3/5)
2026-04-14 21:55:29,306 [INFO]       - Đang quét Page 4: https://www.dienmayxanh.com/tai-nghe/tai-nghe-co-day-ep-ava-livebass-e3/danh-gia?page=4
2026-04-14 21:55:36,249 [WARNING]         [!] Không thấy dữ liệu hoặc Trống (Lần lỗi 4/5)
2026-04-14 21:55:38,676 [INFO]       - Đang quét Page 5: https://www.dienmayxanh.com/tai-nghe/tai-nghe-co-day-ep-ava-livebass-e3/danh-gia?page=5
2026-04-14 21:55:45,641 [WARNING]         [!] Không thấy dữ liệu hoặc Trống (Lần lỗi 5/5)
2026-04-14 21:55:48,319 [INFO]         💾 Đã lưu 1 reviews cuối.
2026-04-14 21:55:48,319 [INFO]  ✅ Hoàn tất cào sản phẩm: 344718
2026-04-14 21:55:48,320 [INFO]  -> [19/180] Lấy Breadcrumb & Review trang gốc: https://www.dienmayxanh.com/tai-nghe/tai-nghe-bluetooth-true-wireless-ava-go-p510
2026-04-14 21:55:57,943 [INFO]       ✅ Thu được 4 reviews từ trang gốc.
2026-04-14 21:55:57,944 [INFO]       - Đang quét Page 1: https://www.dienmayxanh.com/tai-nghe/tai-nghe-bluetooth-true-wireless-ava-go-p510/danh-gia?page=1
2026-04-14 21:56:03,708 [INFO]         ✅ Thêm 0 reviews mới từ Page 1.
2026-04-14 21:56:05,335 [INFO]       - Đang quét Page 2: https://www.dienmayxanh.com/tai-nghe/tai-nghe-bluetooth-true-wireless-ava-go-p510/danh-gia?page=2
2026-04-14 21:56:14,178 [WARNING]         [!] Không thấy dữ liệu hoặc Trống (Lần lỗi 1/5)
2026-04-14 21:56:16,019 [INFO]       - Đang quét Page 3: https://www.dienmayxanh.com/tai-nghe/tai-nghe-bluetooth-true-wireless-ava-go-p510/danh-gia?page=3
2026-04-14 21:56:25,140 [WARNING]         [!] Không thấy dữ liệu hoặc Trống (Lần lỗi 2/5)
2026-04-14 21:56:26,989 [INFO]       - Đang quét Page 4: https://www.dienmayxanh.com/tai-nghe/tai-nghe-bluetooth-true-wireless-ava-go-p510/danh-gia?page=4
2026-04-14 21:56:36,692 [WARNING]         [!] Không thấy dữ liệu hoặc Trống (Lần lỗi 3/5)
2026-04-14 21:56:39,320 [INFO]       - Đang quét Page 5: https://www.dienmayxanh.com/tai-nghe/tai-nghe-bluetooth-true-wireless-ava-go-p510/danh-gia?page=5
2026-04-14 21:56:47,761 [WARNING]         [!] Không thấy dữ liệu hoặc Trống (Lần lỗi 4/5)
2026-04-14 21:56:49,639 [INFO]       - Đang quét Page 6: https://www.dienmayxanh.com/tai-nghe/tai-nghe-bluetooth-true-wireless-ava-go-p510/danh-gia?page=6
2026-04-14 21:57:01,197 [WARNING]         [!] Không thấy dữ liệu hoặc Trống (Lần lỗi 5/5)
2026-04-14 21:57:03,294 [INFO]         💾 Đã lưu 4 reviews cuối.
2026-04-14 21:57:03,294 [INFO]  ✅ Hoàn tất cào sản phẩm: 362931
2026-04-14 21:57:03,295 [INFO] ♻️ Làm mới Session trình duyệt...
2026-04-14 21:57:04,527 [INFO]  -> [20/180] Lấy Breadcrumb & Review trang gốc: https://www.dienmayxanh.com/tai-nghe/tai-nghe-day-ep-type-c-ava-livebass-e4
2026-04-14 21:57:14,512 [INFO]       ✅ Thu được 1 reviews từ trang gốc.
2026-04-14 21:57:14,512 [INFO]       - Đang quét Page 1: https://www.dienmayxanh.com/tai-nghe/tai-nghe-day-ep-type-c-ava-livebass-e4/danh-gia?page=1
2026-04-14 21:57:19,056 [INFO]         ✅ Thêm 0 reviews mới từ Page 1.
2026-04-14 21:57:20,672 [INFO]       - Đang quét Page 2: https://www.dienmayxanh.com/tai-nghe/tai-nghe-day-ep-type-c-ava-livebass-e4/danh-gia?page=2
2026-04-14 21:57:31,042 [WARNING]         [!] Không thấy dữ liệu hoặc Trống (Lần lỗi 1/5)
2026-04-14 21:57:32,893 [INFO]       - Đang quét Page 3: https://www.dienmayxanh.com/tai-nghe/tai-nghe-day-ep-type-c-ava-livebass-e4/danh-gia?page=3
2026-04-14 21:57:40,661 [WARNING]         [!] Không thấy dữ liệu hoặc Trống (Lần lỗi 2/5)
2026-04-14 21:57:42,920 [INFO]       - Đang quét Page 4: https://www.dienmayxanh.com/tai-nghe/tai-nghe-day-ep-type-c-ava-livebass-e4/danh-gia?page=4
2026-04-14 21:57:50,741 [WARNING]         [!] Không thấy dữ liệu hoặc Trống (Lần lỗi 3/5)
2026-04-14 21:57:53,371 [INFO]       - Đang quét Page 5: https://www.dienmayxanh.com/tai-nghe/tai-nghe-day-ep-type-c-ava-livebass-e4/danh-gia?page=5
2026-04-14 21:58:01,928 [WARNING]         [!] Không thấy dữ liệu hoặc Trống (Lần lỗi 4/5)
2026-04-14 21:58:04,823 [INFO]       - Đang quét Page 6: https://www.dienmayxanh.com/tai-nghe/tai-nghe-day-ep-type-c-ava-livebass-e4/danh-gia?page=6
2026-04-14 21:58:15,851 [WARNING]         [!] Không thấy dữ liệu hoặc Trống (Lần lỗi 5/5)
2026-04-14 21:58:17,881 [INFO]         💾 Đã lưu 1 reviews cuối.
2026-04-14 21:58:17,881 [INFO]  ✅ Hoàn tất cào sản phẩm: 333459
2026-04-14 21:58:17,882 [INFO]  -> [21/180] Lấy Breadcrumb & Review trang gốc: https://www.dienmayxanh.com/tai-nghe/tai-nghe-co-day-jbl-c200-siu
2026-04-14 21:58:25,769 [INFO]       ✅ Thu được 9 reviews từ trang gốc.
2026-04-14 21:58:25,770 [INFO]       - Đang quét Page 1: https://www.dienmayxanh.com/tai-nghe/tai-nghe-co-day-jbl-c200-siu/danh-gia?page=1
2026-04-14 21:58:32,707 [INFO]         ✅ Thêm 15 reviews mới từ Page 1.
2026-04-14 21:58:32,709 [INFO]         💾 Đã lưu 20 reviews.
2026-04-14 21:58:34,828 [INFO]       - Đang quét Page 2: https://www.dienmayxanh.com/tai-nghe/tai-nghe-co-day-jbl-c200-siu/danh-gia?page=2
2026-04-14 21:58:44,843 [INFO]         ✅ Thêm 20 reviews mới từ Page 2.
2026-04-14 21:58:44,845 [INFO]         💾 Đã lưu 20 reviews.
2026-04-14 21:58:47,407 [INFO]       - Đang quét Page 3: https://www.dienmayxanh.com/tai-nghe/tai-nghe-co-day-jbl-c200-siu/danh-gia?page=3
2026-04-14 21:58:57,181 [INFO]         ✅ Thêm 20 reviews mới từ Page 3.
2026-04-14 21:58:57,183 [INFO]         💾 Đã lưu 20 reviews.
2026-04-14 21:58:58,772 [INFO]       - Đang quét Page 4: https://www.dienmayxanh.com/tai-nghe/tai-nghe-co-day-jbl-c200-siu/danh-gia?page=4
2026-04-14 21:59:04,838 [INFO]         ✅ Thêm 13 reviews mới từ Page 4.
2026-04-14 21:59:07,910 [INFO]       - Đang quét Page 5: https://www.dienmayxanh.com/tai-nghe/tai-nghe-co-day-jbl-c200-siu/danh-gia?page=5
2026-04-14 21:59:17,038 [WARNING]         [!] Không thấy dữ liệu hoặc Trống (Lần lỗi 1/5)
2026-04-14 21:59:19,046 [INFO]       - Đang quét Page 6: https://www.dienmayxanh.com/tai-nghe/tai-nghe-co-day-jbl-c200-siu/danh-gia?page=6
2026-04-14 21:59:27,341 [WARNING]         [!] Không thấy dữ liệu hoặc Trống (Lần lỗi 2/5)
2026-04-14 21:59:28,883 [INFO]       - Đang quét Page 7: https://www.dienmayxanh.com/tai-nghe/tai-nghe-co-day-jbl-c200-siu/danh-gia?page=7
2026-04-14 21:59:38,831 [WARNING]         [!] Không thấy dữ liệu hoặc Trống (Lần lỗi 3/5)
2026-04-14 21:59:40,739 [INFO]       - Đang quét Page 8: https://www.dienmayxanh.com/tai-nghe/tai-nghe-co-day-jbl-c200-siu/danh-gia?page=8
2026-04-14 21:59:49,500 [WARNING]         [!] Không thấy dữ liệu hoặc Trống (Lần lỗi 4/5)
2026-04-14 21:59:52,558 [INFO]       - Đang quét Page 9: https://www.dienmayxanh.com/tai-nghe/tai-nghe-co-day-jbl-c200-siu/danh-gia?page=9
2026-04-14 22:00:02,150 [WARNING]         [!] Không thấy dữ liệu hoặc Trống (Lần lỗi 5/5)
2026-04-14 22:00:03,985 [INFO]         💾 Đã lưu 13 reviews cuối.
2026-04-14 22:00:03,986 [INFO]  ✅ Hoàn tất cào sản phẩm: 307839
2026-04-14 22:00:03,988 [INFO]  -> [22/180] Lấy Breadcrumb & Review trang gốc: https://www.dienmayxanh.com/tai-nghe/tai-nghe-ep-type-c-ava-livebass-e2
2026-04-14 22:00:13,953 [INFO]       ✅ Thu được 4 reviews từ trang gốc.
2026-04-14 22:00:13,954 [INFO]       - Đang quét Page 1: https://www.dienmayxanh.com/tai-nghe/tai-nghe-ep-type-c-ava-livebass-e2/danh-gia?page=1
2026-04-14 22:00:19,293 [INFO]         ✅ Thêm 0 reviews mới từ Page 1.
2026-04-14 22:00:22,494 [INFO]       - Đang quét Page 2: https://www.dienmayxanh.com/tai-nghe/tai-nghe-ep-type-c-ava-livebass-e2/danh-gia?page=2
2026-04-14 22:00:32,262 [WARNING]         [!] Không thấy dữ liệu hoặc Trống (Lần lỗi 1/5)
2026-04-14 22:00:35,101 [INFO]       - Đang quét Page 3: https://www.dienmayxanh.com/tai-nghe/tai-nghe-ep-type-c-ava-livebass-e2/danh-gia?page=3
2026-04-14 22:00:43,344 [WARNING]         [!] Không thấy dữ liệu hoặc Trống (Lần lỗi 2/5)
2026-04-14 22:00:45,909 [INFO]       - Đang quét Page 4: https://www.dienmayxanh.com/tai-nghe/tai-nghe-ep-type-c-ava-livebass-e2/danh-gia?page=4
2026-04-14 22:00:54,583 [WARNING]         [!] Không thấy dữ liệu hoặc Trống (Lần lỗi 3/5)
2026-04-14 22:00:56,612 [INFO]       - Đang quét Page 5: https://www.dienmayxanh.com/tai-nghe/tai-nghe-ep-type-c-ava-livebass-e2/danh-gia?page=5
2026-04-14 22:01:04,576 [WARNING]         [!] Không thấy dữ liệu hoặc Trống (Lần lỗi 4/5)
2026-04-14 22:01:07,185 [INFO]       - Đang quét Page 6: https://www.dienmayxanh.com/tai-nghe/tai-nghe-ep-type-c-ava-livebass-e2/danh-gia?page=6
2026-04-14 22:01:17,469 [WARNING]         [!] Không thấy dữ liệu hoặc Trống (Lần lỗi 5/5)
2026-04-14 22:01:20,192 [INFO]         💾 Đã lưu 4 reviews cuối.
2026-04-14 22:01:20,192 [INFO]  ✅ Hoàn tất cào sản phẩm: 329900
2026-04-14 22:01:20,193 [INFO]  -> [23/180] Lấy Breadcrumb & Review trang gốc: https://www.dienmayxanh.com/tai-nghe/tai-nghe-tws-baseus-bass-ep10-nc
2026-04-14 22:01:27,000 [INFO]       ✅ Thu được 2 reviews từ trang gốc.
2026-04-14 22:01:27,001 [INFO]       - Đang quét Page 1: https://www.dienmayxanh.com/tai-nghe/tai-nghe-tws-baseus-bass-ep10-nc/danh-gia?page=1
2026-04-14 22:01:31,419 [INFO]         ✅ Thêm 0 reviews mới từ Page 1.
2026-04-14 22:01:34,011 [INFO]       - Đang quét Page 2: https://www.dienmayxanh.com/tai-nghe/tai-nghe-tws-baseus-bass-ep10-nc/danh-gia?page=2
2026-04-14 22:01:42,496 [WARNING]         [!] Không thấy dữ liệu hoặc Trống (Lần lỗi 1/5)
2026-04-14 22:01:44,863 [INFO]       - Đang quét Page 3: https://www.dienmayxanh.com/tai-nghe/tai-nghe-tws-baseus-bass-ep10-nc/danh-gia?page=3
2026-04-14 22:01:54,356 [WARNING]         [!] Không thấy dữ liệu hoặc Trống (Lần lỗi 2/5)
2026-04-14 22:01:56,187 [INFO]       - Đang quét Page 4: https://www.dienmayxanh.com/tai-nghe/tai-nghe-tws-baseus-bass-ep10-nc/danh-gia?page=4
2026-04-14 22:02:05,210 [WARNING]         [!] Không thấy dữ liệu hoặc Trống (Lần lỗi 3/5)
2026-04-14 22:02:07,135 [INFO]       - Đang quét Page 5: https://www.dienmayxanh.com/tai-nghe/tai-nghe-tws-baseus-bass-ep10-nc/danh-gia?page=5
2026-04-14 22:02:15,211 [WARNING]         [!] Không thấy dữ liệu hoặc Trống (Lần lỗi 4/5)
2026-04-14 22:02:16,857 [INFO]       - Đang quét Page 6: https://www.dienmayxanh.com/tai-nghe/tai-nghe-tws-baseus-bass-ep10-nc/danh-gia?page=6
2026-04-14 22:02:26,243 [WARNING]         [!] Không thấy dữ liệu hoặc Trống (Lần lỗi 5/5)
2026-04-14 22:02:28,522 [INFO]         💾 Đã lưu 2 reviews cuối.
2026-04-14 22:02:28,522 [INFO]  ✅ Hoàn tất cào sản phẩm: 359197
2026-04-14 22:02:28,523 [INFO]  -> [24/180] Lấy Breadcrumb & Review trang gốc: https://www.dienmayxanh.com/tai-nghe/tai-nghe-bluetooth-true-wireless-rezo-wave
2026-04-14 22:02:35,397 [INFO]       ✅ Thu được 1 reviews từ trang gốc.
2026-04-14 22:02:35,398 [INFO]       - Đang quét Page 1: https://www.dienmayxanh.com/tai-nghe/tai-nghe-bluetooth-true-wireless-rezo-wave/danh-gia?page=1
2026-04-14 22:02:42,433 [WARNING]         [!] Không thấy dữ liệu hoặc Trống (Lần lỗi 1/5)
2026-04-14 22:02:44,239 [INFO]       - Đang quét Page 2: https://www.dienmayxanh.com/tai-nghe/tai-nghe-bluetooth-true-wireless-rezo-wave/danh-gia?page=2
2026-04-14 22:02:51,931 [WARNING]         [!] Không thấy dữ liệu hoặc Trống (Lần lỗi 2/5)
2026-04-14 22:02:53,930 [INFO]       - Đang quét Page 3: https://www.dienmayxanh.com/tai-nghe/tai-nghe-bluetooth-true-wireless-rezo-wave/danh-gia?page=3
2026-04-14 22:03:00,958 [WARNING]         [!] Không thấy dữ liệu hoặc Trống (Lần lỗi 3/5)
2026-04-14 22:03:03,031 [INFO]       - Đang quét Page 4: https://www.dienmayxanh.com/tai-nghe/tai-nghe-bluetooth-true-wireless-rezo-wave/danh-gia?page=4
2026-04-14 22:03:10,085 [WARNING]         [!] Không thấy dữ liệu hoặc Trống (Lần lỗi 4/5)
2026-04-14 22:03:12,516 [INFO]       - Đang quét Page 5: https://www.dienmayxanh.com/tai-nghe/tai-nghe-bluetooth-true-wireless-rezo-wave/danh-gia?page=5
2026-04-14 22:03:19,556 [WARNING]         [!] Không thấy dữ liệu hoặc Trống (Lần lỗi 5/5)
2026-04-14 22:03:21,438 [INFO]         💾 Đã lưu 1 reviews cuối.
2026-04-14 22:03:21,438 [INFO]  ✅ Hoàn tất cào sản phẩm: 344791
2026-04-14 22:03:21,439 [INFO]  -> [25/180] Lấy Breadcrumb & Review trang gốc: https://www.dienmayxanh.com/tai-nghe/tai-nghe-co-day-ep-hydrus-pc-30
2026-04-14 22:03:27,777 [INFO]       ✅ Thu được 2 reviews từ trang gốc.
2026-04-14 22:03:27,777 [INFO]       - Đang quét Page 1: https://www.dienmayxanh.com/tai-nghe/tai-nghe-co-day-ep-hydrus-pc-30/danh-gia?page=1
2026-04-14 22:03:32,332 [INFO]         ✅ Thêm 0 reviews mới từ Page 1.
2026-04-14 22:03:34,667 [INFO]       - Đang quét Page 2: https://www.dienmayxanh.com/tai-nghe/tai-nghe-co-day-ep-hydrus-pc-30/danh-gia?page=2
2026-04-14 22:03:43,341 [WARNING]         [!] Không thấy dữ liệu hoặc Trống (Lần lỗi 1/5)
2026-04-14 22:03:46,270 [INFO]       - Đang quét Page 3: https://www.dienmayxanh.com/tai-nghe/tai-nghe-co-day-ep-hydrus-pc-30/danh-gia?page=3
2026-04-14 22:03:54,353 [WARNING]         [!] Không thấy dữ liệu hoặc Trống (Lần lỗi 2/5)
2026-04-14 22:03:56,507 [INFO]       - Đang quét Page 4: https://www.dienmayxanh.com/tai-nghe/tai-nghe-co-day-ep-hydrus-pc-30/danh-gia?page=4
2026-04-14 22:04:05,344 [WARNING]         [!] Không thấy dữ liệu hoặc Trống (Lần lỗi 3/5)
2026-04-14 22:04:08,087 [INFO]       - Đang quét Page 5: https://www.dienmayxanh.com/tai-nghe/tai-nghe-co-day-ep-hydrus-pc-30/danh-gia?page=5
2026-04-14 22:04:17,690 [WARNING]         [!] Không thấy dữ liệu hoặc Trống (Lần lỗi 4/5)
2026-04-14 22:04:20,093 [INFO]       - Đang quét Page 6: https://www.dienmayxanh.com/tai-nghe/tai-nghe-co-day-ep-hydrus-pc-30/danh-gia?page=6
2026-04-14 22:04:28,324 [WARNING]         [!] Không thấy dữ liệu hoặc Trống (Lần lỗi 5/5)
2026-04-14 22:04:29,982 [INFO]         💾 Đã lưu 2 reviews cuối.
2026-04-14 22:04:29,982 [INFO]  ✅ Hoàn tất cào sản phẩm: 362173
2026-04-14 22:04:29,983 [INFO]  -> [26/180] Lấy Breadcrumb & Review trang gốc: https://www.dienmayxanh.com/tai-nghe/tai-nghe-bluetooth-true-wireless-baseus-bowie-e20
2026-04-14 22:04:37,189 [INFO]       ✅ Thu được 10 reviews từ trang gốc.
2026-04-14 22:04:37,190 [INFO]       - Đang quét Page 1: https://www.dienmayxanh.com/tai-nghe/tai-nghe-bluetooth-true-wireless-baseus-bowie-e20/danh-gia?page=1
2026-04-14 22:04:46,680 [INFO]         ✅ Thêm 13 reviews mới từ Page 1.
2026-04-14 22:04:49,263 [INFO]       - Đang quét Page 2: https://www.dienmayxanh.com/tai-nghe/tai-nghe-bluetooth-true-wireless-baseus-bowie-e20/danh-gia?page=2
2026-04-14 22:04:56,757 [INFO]         ✅ Thêm 20 reviews mới từ Page 2.
2026-04-14 22:04:56,761 [INFO]         💾 Đã lưu 39 reviews.
2026-04-14 22:04:59,335 [INFO]       - Đang quét Page 3: https://www.dienmayxanh.com/tai-nghe/tai-nghe-bluetooth-true-wireless-baseus-bowie-e20/danh-gia?page=3
2026-04-14 22:05:04,257 [INFO]         ✅ Thêm 7 reviews mới từ Page 3.
2026-04-14 22:05:06,344 [INFO]       - Đang quét Page 4: https://www.dienmayxanh.com/tai-nghe/tai-nghe-bluetooth-true-wireless-baseus-bowie-e20/danh-gia?page=4
2026-04-14 22:05:14,029 [WARNING]         [!] Không thấy dữ liệu hoặc Trống (Lần lỗi 1/5)
2026-04-14 22:05:16,150 [INFO]       - Đang quét Page 5: https://www.dienmayxanh.com/tai-nghe/tai-nghe-bluetooth-true-wireless-baseus-bowie-e20/danh-gia?page=5
2026-04-14 22:05:24,273 [WARNING]         [!] Không thấy dữ liệu hoặc Trống (Lần lỗi 2/5)
2026-04-14 22:05:27,222 [INFO]       - Đang quét Page 6: https://www.dienmayxanh.com/tai-nghe/tai-nghe-bluetooth-true-wireless-baseus-bowie-e20/danh-gia?page=6
2026-04-14 22:05:35,147 [WARNING]         [!] Không thấy dữ liệu hoặc Trống (Lần lỗi 3/5)
2026-04-14 22:05:36,932 [INFO]       - Đang quét Page 7: https://www.dienmayxanh.com/tai-nghe/tai-nghe-bluetooth-true-wireless-baseus-bowie-e20/danh-gia?page=7
2026-04-14 22:05:46,182 [WARNING]         [!] Không thấy dữ liệu hoặc Trống (Lần lỗi 4/5)
2026-04-14 22:05:48,612 [INFO]       - Đang quét Page 8: https://www.dienmayxanh.com/tai-nghe/tai-nghe-bluetooth-true-wireless-baseus-bowie-e20/danh-gia?page=8
2026-04-14 22:05:56,545 [WARNING]         [!] Không thấy dữ liệu hoặc Trống (Lần lỗi 5/5)
2026-04-14 22:05:59,147 [INFO]         💾 Đã lưu 7 reviews cuối.
2026-04-14 22:05:59,150 [INFO]  ✅ Hoàn tất cào sản phẩm: 324709
2026-04-14 22:05:59,152 [INFO]  -> [27/180] Lấy Breadcrumb & Review trang gốc: https://www.dienmayxanh.com/tai-nghe/tai-nghe-bluetooth-true-wireless-xiaomi-redmi-buds-8-active
2026-04-14 22:06:03,901 [INFO]       ✅ Thu được 1 reviews từ trang gốc.
2026-04-14 22:06:03,901 [INFO]       - Đang quét Page 1: https://www.dienmayxanh.com/tai-nghe/tai-nghe-bluetooth-true-wireless-xiaomi-redmi-buds-8-active/danh-gia?page=1
2026-04-14 22:06:10,843 [WARNING]         [!] Không thấy dữ liệu hoặc Trống (Lần lỗi 1/5)
2026-04-14 22:06:12,478 [INFO]       - Đang quét Page 2: https://www.dienmayxanh.com/tai-nghe/tai-nghe-bluetooth-true-wireless-xiaomi-redmi-buds-8-active/danh-gia?page=2
2026-04-14 22:06:19,418 [WARNING]         [!] Không thấy dữ liệu hoặc Trống (Lần lỗi 2/5)
2026-04-14 22:06:21,525 [INFO]       - Đang quét Page 3: https://www.dienmayxanh.com/tai-nghe/tai-nghe-bluetooth-true-wireless-xiaomi-redmi-buds-8-active/danh-gia?page=3
2026-04-14 22:06:31,026 [WARNING]         [!] Không thấy dữ liệu hoặc Trống (Lần lỗi 3/5)
2026-04-14 22:06:32,744 [INFO]       - Đang quét Page 4: https://www.dienmayxanh.com/tai-nghe/tai-nghe-bluetooth-true-wireless-xiaomi-redmi-buds-8-active/danh-gia?page=4
2026-04-14 22:06:39,747 [WARNING]         [!] Không thấy dữ liệu hoặc Trống (Lần lỗi 4/5)
2026-04-14 22:06:42,699 [INFO]       - Đang quét Page 5: https://www.dienmayxanh.com/tai-nghe/tai-nghe-bluetooth-true-wireless-xiaomi-redmi-buds-8-active/danh-gia?page=5
2026-04-14 22:06:49,677 [WARNING]         [!] Không thấy dữ liệu hoặc Trống (Lần lỗi 5/5)
2026-04-14 22:06:51,321 [INFO]         💾 Đã lưu 1 reviews cuối.
2026-04-14 22:06:51,321 [INFO]  ✅ Hoàn tất cào sản phẩm: 363793
2026-04-14 22:06:51,322 [INFO]  -> [28/180] Lấy Breadcrumb & Review trang gốc: https://www.dienmayxanh.com/tai-nghe/tai-nghe-co-day-ep-type-c-xiaomi
2026-04-14 22:06:58,355 [INFO]       ✅ Thu được 9 reviews từ trang gốc.
2026-04-14 22:06:58,355 [INFO]       - Đang quét Page 1: https://www.dienmayxanh.com/tai-nghe/tai-nghe-co-day-ep-type-c-xiaomi/danh-gia?page=1
2026-04-14 22:07:05,150 [INFO]         ✅ Thêm 15 reviews mới từ Page 1.
2026-04-14 22:07:05,153 [INFO]         💾 Đã lưu 20 reviews.
2026-04-14 22:07:07,797 [INFO]       - Đang quét Page 2: https://www.dienmayxanh.com/tai-nghe/tai-nghe-co-day-ep-type-c-xiaomi/danh-gia?page=2
2026-04-14 22:07:15,710 [WARNING]         [!] Không thấy dữ liệu hoặc Trống (Lần lỗi 1/5)
2026-04-14 22:07:18,688 [INFO]       - Đang quét Page 3: https://www.dienmayxanh.com/tai-nghe/tai-nghe-co-day-ep-type-c-xiaomi/danh-gia?page=3
2026-04-14 22:07:27,005 [WARNING]         [!] Không thấy dữ liệu hoặc Trống (Lần lỗi 2/5)
2026-04-14 22:07:28,587 [INFO]       - Đang quét Page 4: https://www.dienmayxanh.com/tai-nghe/tai-nghe-co-day-ep-type-c-xiaomi/danh-gia?page=4
2026-04-14 22:07:36,744 [WARNING]         [!] Không thấy dữ liệu hoặc Trống (Lần lỗi 3/5)
2026-04-14 22:07:38,291 [INFO]       - Đang quét Page 5: https://www.dienmayxanh.com/tai-nghe/tai-nghe-co-day-ep-type-c-xiaomi/danh-gia?page=5
2026-04-14 22:07:46,386 [WARNING]         [!] Không thấy dữ liệu hoặc Trống (Lần lỗi 4/5)
2026-04-14 22:07:49,076 [INFO]       - Đang quét Page 6: https://www.dienmayxanh.com/tai-nghe/tai-nghe-co-day-ep-type-c-xiaomi/danh-gia?page=6
2026-04-14 22:07:57,282 [WARNING]         [!] Không thấy dữ liệu hoặc Trống (Lần lỗi 5/5)
2026-04-14 22:07:59,523 [INFO]  ✅ Hoàn tất cào sản phẩm: 330071
2026-04-14 22:07:59,524 [INFO]  -> [29/180] Lấy Breadcrumb & Review trang gốc: https://www.dienmayxanh.com/tai-nghe/tai-nghe-bluetooth-open-ear-true-wireless-ava-freego-ows04
2026-04-14 22:08:05,940 [INFO]       ✅ Thu được 6 reviews từ trang gốc.
2026-04-14 22:08:05,940 [INFO]       - Đang quét Page 1: https://www.dienmayxanh.com/tai-nghe/tai-nghe-bluetooth-open-ear-true-wireless-ava-freego-ows04/danh-gia?page=1
2026-04-14 22:08:11,537 [INFO]         ✅ Thêm 1 reviews mới từ Page 1.
2026-04-14 22:08:13,610 [INFO]       - Đang quét Page 2: https://www.dienmayxanh.com/tai-nghe/tai-nghe-bluetooth-open-ear-true-wireless-ava-freego-ows04/danh-gia?page=2
2026-04-14 22:08:20,588 [WARNING]         [!] Không thấy dữ liệu hoặc Trống (Lần lỗi 1/5)
2026-04-14 22:08:22,317 [INFO]       - Đang quét Page 3: https://www.dienmayxanh.com/tai-nghe/tai-nghe-bluetooth-open-ear-true-wireless-ava-freego-ows04/danh-gia?page=3
2026-04-14 22:08:33,339 [WARNING]         [!] Không thấy dữ liệu hoặc Trống (Lần lỗi 2/5)
2026-04-14 22:08:35,707 [INFO]       - Đang quét Page 4: https://www.dienmayxanh.com/tai-nghe/tai-nghe-bluetooth-open-ear-true-wireless-ava-freego-ows04/danh-gia?page=4
2026-04-14 22:08:44,190 [WARNING]         [!] Không thấy dữ liệu hoặc Trống (Lần lỗi 3/5)
2026-04-14 22:08:46,743 [INFO]       - Đang quét Page 5: https://www.dienmayxanh.com/tai-nghe/tai-nghe-bluetooth-open-ear-true-wireless-ava-freego-ows04/danh-gia?page=5
2026-04-14 22:08:55,610 [WARNING]         [!] Không thấy dữ liệu hoặc Trống (Lần lỗi 4/5)
2026-04-14 22:08:57,505 [INFO]       - Đang quét Page 6: https://www.dienmayxanh.com/tai-nghe/tai-nghe-bluetooth-open-ear-true-wireless-ava-freego-ows04/danh-gia?page=6
2026-04-14 22:09:06,025 [WARNING]         [!] Không thấy dữ liệu hoặc Trống (Lần lỗi 5/5)
2026-04-14 22:09:07,788 [INFO]         💾 Đã lưu 7 reviews cuối.
2026-04-14 22:09:07,790 [INFO]  ✅ Hoàn tất cào sản phẩm: 330478
2026-04-14 22:09:07,791 [INFO] ♻️ Làm mới Session trình duyệt...
2026-04-14 22:09:08,919 [INFO]  -> [30/180] Lấy Breadcrumb & Review trang gốc: https://www.dienmayxanh.com/tai-nghe/airpods-4-chong-on-mxp93
2026-04-14 22:09:15,987 [INFO]       ✅ Thu được 10 reviews từ trang gốc.
2026-04-14 22:09:15,987 [INFO]       - Đang quét Page 1: https://www.dienmayxanh.com/tai-nghe/airpods-4-chong-on-mxp93/danh-gia?page=1
2026-04-14 22:09:22,851 [INFO]         ✅ Thêm 14 reviews mới từ Page 1.
2026-04-14 22:09:22,852 [INFO]         💾 Đã lưu 20 reviews.
2026-04-14 22:09:25,789 [INFO]       - Đang quét Page 2: https://www.dienmayxanh.com/tai-nghe/airpods-4-chong-on-mxp93/danh-gia?page=2
2026-04-14 22:09:34,765 [WARNING]         [!] Không thấy dữ liệu hoặc Trống (Lần lỗi 1/5)
2026-04-14 22:09:36,724 [INFO]       - Đang quét Page 3: https://www.dienmayxanh.com/tai-nghe/airpods-4-chong-on-mxp93/danh-gia?page=3
2026-04-14 22:09:46,416 [WARNING]         [!] Không thấy dữ liệu hoặc Trống (Lần lỗi 2/5)
2026-04-14 22:09:49,276 [INFO]       - Đang quét Page 4: https://www.dienmayxanh.com/tai-nghe/airpods-4-chong-on-mxp93/danh-gia?page=4
2026-04-14 22:09:58,254 [WARNING]         [!] Không thấy dữ liệu hoặc Trống (Lần lỗi 3/5)
2026-04-14 22:10:00,016 [INFO]       - Đang quét Page 5: https://www.dienmayxanh.com/tai-nghe/airpods-4-chong-on-mxp93/danh-gia?page=5
2026-04-14 22:10:08,461 [WARNING]         [!] Không thấy dữ liệu hoặc Trống (Lần lỗi 4/5)
2026-04-14 22:10:10,795 [INFO]       - Đang quét Page 6: https://www.dienmayxanh.com/tai-nghe/airpods-4-chong-on-mxp93/danh-gia?page=6
2026-04-14 22:10:19,110 [WARNING]         [!] Không thấy dữ liệu hoặc Trống (Lần lỗi 5/5)
2026-04-14 22:10:20,703 [INFO]  ✅ Hoàn tất cào sản phẩm: 329158
2026-04-14 22:10:20,704 [INFO]  -> [31/180] Lấy Breadcrumb & Review trang gốc: https://www.dienmayxanh.com/tai-nghe/tai-nghe-bluetooth-apple-airpods-pro-3-trang-mfhp4
2026-04-14 22:10:28,363 [INFO]       ✅ Thu được 4 reviews từ trang gốc.
2026-04-14 22:10:28,363 [INFO]       - Đang quét Page 1: https://www.dienmayxanh.com/tai-nghe/tai-nghe-bluetooth-apple-airpods-pro-3-trang-mfhp4/danh-gia?page=1
2026-04-14 22:10:32,715 [INFO]         ✅ Thêm 0 reviews mới từ Page 1.
2026-04-14 22:10:34,950 [INFO]       - Đang quét Page 2: https://www.dienmayxanh.com/tai-nghe/tai-nghe-bluetooth-apple-airpods-pro-3-trang-mfhp4/danh-gia?page=2
2026-04-14 22:10:42,749 [WARNING]         [!] Không thấy dữ liệu hoặc Trống (Lần lỗi 1/5)
2026-04-14 22:10:45,223 [INFO]       - Đang quét Page 3: https://www.dienmayxanh.com/tai-nghe/tai-nghe-bluetooth-apple-airpods-pro-3-trang-mfhp4/danh-gia?page=3
2026-04-14 22:10:53,074 [WARNING]         [!] Không thấy dữ liệu hoặc Trống (Lần lỗi 2/5)
2026-04-14 22:10:56,001 [INFO]       - Đang quét Page 4: https://www.dienmayxanh.com/tai-nghe/tai-nghe-bluetooth-apple-airpods-pro-3-trang-mfhp4/danh-gia?page=4
2026-04-14 22:11:03,825 [WARNING]         [!] Không thấy dữ liệu hoặc Trống (Lần lỗi 3/5)
2026-04-14 22:11:06,736 [INFO]       - Đang quét Page 5: https://www.dienmayxanh.com/tai-nghe/tai-nghe-bluetooth-apple-airpods-pro-3-trang-mfhp4/danh-gia?page=5
2026-04-14 22:11:14,698 [WARNING]         [!] Không thấy dữ liệu hoặc Trống (Lần lỗi 4/5)
2026-04-14 22:11:17,008 [INFO]       - Đang quét Page 6: https://www.dienmayxanh.com/tai-nghe/tai-nghe-bluetooth-apple-airpods-pro-3-trang-mfhp4/danh-gia?page=6
2026-04-14 22:11:25,024 [WARNING]         [!] Không thấy dữ liệu hoặc Trống (Lần lỗi 5/5)
2026-04-14 22:11:26,868 [INFO]         💾 Đã lưu 4 reviews cuối.
2026-04-14 22:11:26,868 [INFO]  ✅ Hoàn tất cào sản phẩm: 344776
2026-04-14 22:11:26,869 [INFO]  -> [32/180] Lấy Breadcrumb & Review trang gốc: https://www.dienmayxanh.com/tai-nghe/tai-nghe-bluetooth-true-wireless-ava-go-f25?utm_flashsale=1
2026-04-14 22:11:33,610 [INFO]       ✅ Thu được 10 reviews từ trang gốc.
2026-04-14 22:11:33,611 [INFO]       - Đang quét Page 1: https://www.dienmayxanh.com/tai-nghe/tai-nghe-bluetooth-true-wireless-ava-go-f25/danh-gia?page=1
2026-04-14 22:11:40,049 [INFO]         ✅ Thêm 15 reviews mới từ Page 1.
2026-04-14 22:11:40,052 [INFO]         💾 Đã lưu 21 reviews.
2026-04-14 22:11:43,017 [INFO]       - Đang quét Page 2: https://www.dienmayxanh.com/tai-nghe/tai-nghe-bluetooth-true-wireless-ava-go-f25/danh-gia?page=2
2026-04-14 22:11:50,401 [INFO]         ✅ Thêm 19 reviews mới từ Page 2.
2026-04-14 22:11:53,246 [INFO]       - Đang quét Page 3: https://www.dienmayxanh.com/tai-nghe/tai-nghe-bluetooth-true-wireless-ava-go-f25/danh-gia?page=3
2026-04-14 22:11:59,738 [INFO]         ✅ Thêm 20 reviews mới từ Page 3.
2026-04-14 22:11:59,741 [INFO]         💾 Đã lưu 39 reviews.
2026-04-14 22:12:02,432 [INFO]       - Đang quét Page 4: https://www.dienmayxanh.com/tai-nghe/tai-nghe-bluetooth-true-wireless-ava-go-f25/danh-gia?page=4
2026-04-14 22:12:06,949 [INFO]         ✅ Thêm 3 reviews mới từ Page 4.
2026-04-14 22:12:09,935 [INFO]       - Đang quét Page 5: https://www.dienmayxanh.com/tai-nghe/tai-nghe-bluetooth-true-wireless-ava-go-f25/danh-gia?page=5
2026-04-14 22:12:17,759 [WARNING]         [!] Không thấy dữ liệu hoặc Trống (Lần lỗi 1/5)
2026-04-14 22:12:19,618 [INFO]       - Đang quét Page 6: https://www.dienmayxanh.com/tai-nghe/tai-nghe-bluetooth-true-wireless-ava-go-f25/danh-gia?page=6
2026-04-14 22:12:27,750 [WARNING]         [!] Không thấy dữ liệu hoặc Trống (Lần lỗi 2/5)
2026-04-14 22:12:30,740 [INFO]       - Đang quét Page 7: https://www.dienmayxanh.com/tai-nghe/tai-nghe-bluetooth-true-wireless-ava-go-f25/danh-gia?page=7
2026-04-14 22:12:39,966 [WARNING]         [!] Không thấy dữ liệu hoặc Trống (Lần lỗi 3/5)
2026-04-14 22:12:41,490 [INFO]       - Đang quét Page 8: https://www.dienmayxanh.com/tai-nghe/tai-nghe-bluetooth-true-wireless-ava-go-f25/danh-gia?page=8
2026-04-14 22:12:49,341 [WARNING]         [!] Không thấy dữ liệu hoặc Trống (Lần lỗi 4/5)
2026-04-14 22:12:51,043 [INFO]       - Đang quét Page 9: https://www.dienmayxanh.com/tai-nghe/tai-nghe-bluetooth-true-wireless-ava-go-f25/danh-gia?page=9
2026-04-14 22:12:59,142 [WARNING]         [!] Không thấy dữ liệu hoặc Trống (Lần lỗi 5/5)
2026-04-14 22:13:01,258 [INFO]         💾 Đã lưu 3 reviews cuối.
2026-04-14 22:13:01,258 [INFO]  ✅ Hoàn tất cào sản phẩm: 322214
2026-04-14 22:13:01,259 [INFO]  -> [33/180] Lấy Breadcrumb & Review trang gốc: https://www.dienmayxanh.com/tai-nghe/tai-nghe-bluetooth-true-wireless-soundcore-r50i-a3959
2026-04-14 22:13:08,007 [INFO]       ✅ Thu được 9 reviews từ trang gốc.
2026-04-14 22:13:08,007 [INFO]       - Đang quét Page 1: https://www.dienmayxanh.com/tai-nghe/tai-nghe-bluetooth-true-wireless-soundcore-r50i-a3959/danh-gia?page=1
2026-04-14 22:13:16,645 [INFO]         ✅ Thêm 15 reviews mới từ Page 1.
2026-04-14 22:13:16,646 [INFO]         💾 Đã lưu 20 reviews.
2026-04-14 22:13:19,375 [INFO]       - Đang quét Page 2: https://www.dienmayxanh.com/tai-nghe/tai-nghe-bluetooth-true-wireless-soundcore-r50i-a3959/danh-gia?page=2
2026-04-14 22:13:24,035 [INFO]         ✅ Thêm 4 reviews mới từ Page 2.
2026-04-14 22:13:26,041 [INFO]       - Đang quét Page 3: https://www.dienmayxanh.com/tai-nghe/tai-nghe-bluetooth-true-wireless-soundcore-r50i-a3959/danh-gia?page=3
2026-04-14 22:13:34,517 [WARNING]         [!] Không thấy dữ liệu hoặc Trống (Lần lỗi 1/5)
2026-04-14 22:13:36,232 [INFO]       - Đang quét Page 4: https://www.dienmayxanh.com/tai-nghe/tai-nghe-bluetooth-true-wireless-soundcore-r50i-a3959/danh-gia?page=4
2026-04-14 22:13:44,597 [WARNING]         [!] Không thấy dữ liệu hoặc Trống (Lần lỗi 2/5)
2026-04-14 22:13:47,337 [INFO]       - Đang quét Page 5: https://www.dienmayxanh.com/tai-nghe/tai-nghe-bluetooth-true-wireless-soundcore-r50i-a3959/danh-gia?page=5
2026-04-14 22:13:56,032 [WARNING]         [!] Không thấy dữ liệu hoặc Trống (Lần lỗi 3/5)
2026-04-14 22:13:58,838 [INFO]       - Đang quét Page 6: https://www.dienmayxanh.com/tai-nghe/tai-nghe-bluetooth-true-wireless-soundcore-r50i-a3959/danh-gia?page=6
2026-04-14 22:14:07,444 [WARNING]         [!] Không thấy dữ liệu hoặc Trống (Lần lỗi 4/5)
2026-04-14 22:14:10,341 [INFO]       - Đang quét Page 7: https://www.dienmayxanh.com/tai-nghe/tai-nghe-bluetooth-true-wireless-soundcore-r50i-a3959/danh-gia?page=7
2026-04-14 22:14:18,999 [WARNING]         [!] Không thấy dữ liệu hoặc Trống (Lần lỗi 5/5)
2026-04-14 22:14:20,623 [INFO]         💾 Đã lưu 4 reviews cuối.
2026-04-14 22:14:20,623 [INFO]  ✅ Hoàn tất cào sản phẩm: 330833
2026-04-14 22:14:20,624 [INFO]  -> [34/180] Lấy Breadcrumb & Review trang gốc: https://www.dienmayxanh.com/tai-nghe/tai-nghe-bluetooth-true-wireless-rezo-k50?utm_flashsale=1
2026-04-14 22:14:27,639 [INFO]       ✅ Thu được 10 reviews từ trang gốc.
2026-04-14 22:14:27,639 [INFO]       - Đang quét Page 1: https://www.dienmayxanh.com/tai-nghe/tai-nghe-bluetooth-true-wireless-rezo-k50/danh-gia?page=1
2026-04-14 22:14:33,755 [INFO]         ✅ Thêm 7 reviews mới từ Page 1.
2026-04-14 22:14:35,490 [INFO]       - Đang quét Page 2: https://www.dienmayxanh.com/tai-nghe/tai-nghe-bluetooth-true-wireless-rezo-k50/danh-gia?page=2
2026-04-14 22:14:43,338 [WARNING]         [!] Không thấy dữ liệu hoặc Trống (Lần lỗi 1/5)
2026-04-14 22:14:45,936 [INFO]       - Đang quét Page 3: https://www.dienmayxanh.com/tai-nghe/tai-nghe-bluetooth-true-wireless-rezo-k50/danh-gia?page=3
2026-04-14 22:14:53,752 [WARNING]         [!] Không thấy dữ liệu hoặc Trống (Lần lỗi 2/5)
2026-04-14 22:14:55,795 [INFO]       - Đang quét Page 4: https://www.dienmayxanh.com/tai-nghe/tai-nghe-bluetooth-true-wireless-rezo-k50/danh-gia?page=4
2026-04-14 22:15:03,550 [WARNING]         [!] Không thấy dữ liệu hoặc Trống (Lần lỗi 3/5)
2026-04-14 22:15:05,144 [INFO]       - Đang quét Page 5: https://www.dienmayxanh.com/tai-nghe/tai-nghe-bluetooth-true-wireless-rezo-k50/danh-gia?page=5
2026-04-14 22:15:13,451 [WARNING]         [!] Không thấy dữ liệu hoặc Trống (Lần lỗi 4/5)
2026-04-14 22:15:16,317 [INFO]       - Đang quét Page 6: https://www.dienmayxanh.com/tai-nghe/tai-nghe-bluetooth-true-wireless-rezo-k50/danh-gia?page=6
2026-04-14 22:15:24,118 [WARNING]         [!] Không thấy dữ liệu hoặc Trống (Lần lỗi 5/5)
2026-04-14 22:15:25,635 [INFO]         💾 Đã lưu 13 reviews cuối.
2026-04-14 22:15:25,635 [INFO]  ✅ Hoàn tất cào sản phẩm: 329299
2026-04-14 22:15:25,636 [INFO]  -> [35/180] Lấy Breadcrumb & Review trang gốc: https://www.dienmayxanh.com/tai-nghe/tai-nghe-ep-oppo-mh135
2026-04-14 22:15:32,600 [INFO]       ✅ Thu được 8 reviews từ trang gốc.
2026-04-14 22:15:32,601 [INFO]       - Đang quét Page 1: https://www.dienmayxanh.com/tai-nghe/tai-nghe-ep-oppo-mh135/danh-gia?page=1
2026-04-14 22:15:37,736 [INFO]         ✅ Thêm 4 reviews mới từ Page 1.
2026-04-14 22:15:40,214 [INFO]       - Đang quét Page 2: https://www.dienmayxanh.com/tai-nghe/tai-nghe-ep-oppo-mh135/danh-gia?page=2
2026-04-14 22:15:48,429 [WARNING]         [!] Không thấy dữ liệu hoặc Trống (Lần lỗi 1/5)
2026-04-14 22:15:50,160 [INFO]       - Đang quét Page 3: https://www.dienmayxanh.com/tai-nghe/tai-nghe-ep-oppo-mh135/danh-gia?page=3
2026-04-14 22:15:57,706 [WARNING]         [!] Không thấy dữ liệu hoặc Trống (Lần lỗi 2/5)
2026-04-14 22:15:59,604 [INFO]       - Đang quét Page 4: https://www.dienmayxanh.com/tai-nghe/tai-nghe-ep-oppo-mh135/danh-gia?page=4
2026-04-14 22:16:07,334 [WARNING]         [!] Không thấy dữ liệu hoặc Trống (Lần lỗi 3/5)
2026-04-14 22:16:09,521 [INFO]       - Đang quét Page 5: https://www.dienmayxanh.com/tai-nghe/tai-nghe-ep-oppo-mh135/danh-gia?page=5
2026-04-14 22:16:17,001 [WARNING]         [!] Không thấy dữ liệu hoặc Trống (Lần lỗi 4/5)
2026-04-14 22:16:19,381 [INFO]       - Đang quét Page 6: https://www.dienmayxanh.com/tai-nghe/tai-nghe-ep-oppo-mh135/danh-gia?page=6
2026-04-14 22:16:26,981 [WARNING]         [!] Không thấy dữ liệu hoặc Trống (Lần lỗi 5/5)
2026-04-14 22:16:29,631 [INFO]         💾 Đã lưu 9 reviews cuối.
2026-04-14 22:16:29,631 [INFO]  ✅ Hoàn tất cào sản phẩm: 327689
2026-04-14 22:16:29,632 [INFO]  -> [36/180] Lấy Breadcrumb & Review trang gốc: https://www.dienmayxanh.com/tai-nghe/tai-nghe-bluetooth-true-wireless-soundcore-r60i-nc-d1202
2026-04-14 22:16:35,458 [INFO]       ✅ Thu được 10 reviews từ trang gốc.
2026-04-14 22:16:35,458 [INFO]       - Đang quét Page 1: https://www.dienmayxanh.com/tai-nghe/tai-nghe-bluetooth-true-wireless-soundcore-r60i-nc-d1202/danh-gia?page=1
2026-04-14 22:16:41,169 [INFO]         ✅ Thêm 8 reviews mới từ Page 1.
2026-04-14 22:16:44,119 [INFO]       - Đang quét Page 2: https://www.dienmayxanh.com/tai-nghe/tai-nghe-bluetooth-true-wireless-soundcore-r60i-nc-d1202/danh-gia?page=2
2026-04-14 22:16:52,383 [WARNING]         [!] Không thấy dữ liệu hoặc Trống (Lần lỗi 1/5)
2026-04-14 22:16:54,835 [INFO]       - Đang quét Page 3: https://www.dienmayxanh.com/tai-nghe/tai-nghe-bluetooth-true-wireless-soundcore-r60i-nc-d1202/danh-gia?page=3
2026-04-14 22:17:03,697 [WARNING]         [!] Không thấy dữ liệu hoặc Trống (Lần lỗi 2/5)
2026-04-14 22:17:05,799 [INFO]       - Đang quét Page 4: https://www.dienmayxanh.com/tai-nghe/tai-nghe-bluetooth-true-wireless-soundcore-r60i-nc-d1202/danh-gia?page=4
2026-04-14 22:17:15,019 [WARNING]         [!] Không thấy dữ liệu hoặc Trống (Lần lỗi 3/5)
2026-04-14 22:17:16,951 [INFO]       - Đang quét Page 5: https://www.dienmayxanh.com/tai-nghe/tai-nghe-bluetooth-true-wireless-soundcore-r60i-nc-d1202/danh-gia?page=5
2026-04-14 22:17:25,710 [WARNING]         [!] Không thấy dữ liệu hoặc Trống (Lần lỗi 4/5)
2026-04-14 22:17:28,243 [INFO]       - Đang quét Page 6: https://www.dienmayxanh.com/tai-nghe/tai-nghe-bluetooth-true-wireless-soundcore-r60i-nc-d1202/danh-gia?page=6
2026-04-14 22:17:36,975 [WARNING]         [!] Không thấy dữ liệu hoặc Trống (Lần lỗi 5/5)
2026-04-14 22:17:39,025 [INFO]         💾 Đã lưu 14 reviews cuối.
2026-04-14 22:17:39,026 [INFO]  ✅ Hoàn tất cào sản phẩm: 359914
2026-04-14 22:17:39,031 [INFO]  -> [37/180] Lấy Breadcrumb & Review trang gốc: https://www.dienmayxanh.com/tai-nghe/tai-nghe-bluetooth-true-wireless-rezo-wave-pro-anc
2026-04-14 22:17:45,012 [INFO]       ✅ Thu được 2 reviews từ trang gốc.
2026-04-14 22:17:45,012 [INFO]       - Đang quét Page 1: https://www.dienmayxanh.com/tai-nghe/tai-nghe-bluetooth-true-wireless-rezo-wave-pro-anc/danh-gia?page=1
2026-04-14 22:17:52,104 [WARNING]         [!] Không thấy dữ liệu hoặc Trống (Lần lỗi 1/5)
2026-04-14 22:17:54,913 [INFO]       - Đang quét Page 2: https://www.dienmayxanh.com/tai-nghe/tai-nghe-bluetooth-true-wireless-rezo-wave-pro-anc/danh-gia?page=2
2026-04-14 22:18:01,891 [WARNING]         [!] Không thấy dữ liệu hoặc Trống (Lần lỗi 2/5)
2026-04-14 22:18:03,412 [INFO]       - Đang quét Page 3: https://www.dienmayxanh.com/tai-nghe/tai-nghe-bluetooth-true-wireless-rezo-wave-pro-anc/danh-gia?page=3
2026-04-14 22:18:10,430 [WARNING]         [!] Không thấy dữ liệu hoặc Trống (Lần lỗi 3/5)
2026-04-14 22:18:12,160 [INFO]       - Đang quét Page 4: https://www.dienmayxanh.com/tai-nghe/tai-nghe-bluetooth-true-wireless-rezo-wave-pro-anc/danh-gia?page=4
2026-04-14 22:18:19,173 [WARNING]         [!] Không thấy dữ liệu hoặc Trống (Lần lỗi 4/5)
2026-04-14 22:18:20,861 [INFO]       - Đang quét Page 5: https://www.dienmayxanh.com/tai-nghe/tai-nghe-bluetooth-true-wireless-rezo-wave-pro-anc/danh-gia?page=5
2026-04-14 22:18:27,972 [WARNING]         [!] Không thấy dữ liệu hoặc Trống (Lần lỗi 5/5)
2026-04-14 22:18:30,771 [INFO]         💾 Đã lưu 2 reviews cuối.
2026-04-14 22:18:30,771 [INFO]  ✅ Hoàn tất cào sản phẩm: 344793
2026-04-14 22:18:30,772 [INFO]  -> [38/180] Lấy Breadcrumb & Review trang gốc: https://www.dienmayxanh.com/tai-nghe/tai-nghe-tws-jbl-wave-beam-2
2026-04-14 22:18:36,675 [INFO]       ✅ Thu được 10 reviews từ trang gốc.
2026-04-14 22:18:36,675 [INFO]       - Đang quét Page 1: https://www.dienmayxanh.com/tai-nghe/tai-nghe-tws-jbl-wave-beam-2/danh-gia?page=1
2026-04-14 22:18:44,482 [INFO]         ✅ Thêm 10 reviews mới từ Page 1.
2026-04-14 22:18:46,270 [INFO]       - Đang quét Page 2: https://www.dienmayxanh.com/tai-nghe/tai-nghe-tws-jbl-wave-beam-2/danh-gia?page=2
2026-04-14 22:18:54,639 [WARNING]         [!] Không thấy dữ liệu hoặc Trống (Lần lỗi 1/5)
2026-04-14 22:18:56,341 [INFO]       - Đang quét Page 3: https://www.dienmayxanh.com/tai-nghe/tai-nghe-tws-jbl-wave-beam-2/danh-gia?page=3
2026-04-14 22:19:05,068 [WARNING]         [!] Không thấy dữ liệu hoặc Trống (Lần lỗi 2/5)
2026-04-14 22:19:07,432 [INFO]       - Đang quét Page 4: https://www.dienmayxanh.com/tai-nghe/tai-nghe-tws-jbl-wave-beam-2/danh-gia?page=4
2026-04-14 22:19:16,310 [WARNING]         [!] Không thấy dữ liệu hoặc Trống (Lần lỗi 3/5)
2026-04-14 22:19:18,408 [INFO]       - Đang quét Page 5: https://www.dienmayxanh.com/tai-nghe/tai-nghe-tws-jbl-wave-beam-2/danh-gia?page=5
2026-04-14 22:19:27,210 [WARNING]         [!] Không thấy dữ liệu hoặc Trống (Lần lỗi 4/5)
2026-04-14 22:19:29,580 [INFO]       - Đang quét Page 6: https://www.dienmayxanh.com/tai-nghe/tai-nghe-tws-jbl-wave-beam-2/danh-gia?page=6
2026-04-14 22:19:38,497 [WARNING]         [!] Không thấy dữ liệu hoặc Trống (Lần lỗi 5/5)
2026-04-14 22:19:40,702 [INFO]         💾 Đã lưu 16 reviews cuối.
2026-04-14 22:19:40,702 [INFO]  ✅ Hoàn tất cào sản phẩm: 332455
2026-04-14 22:19:40,702 [INFO]  -> [39/180] Lấy Breadcrumb & Review trang gốc: https://www.dienmayxanh.com/tai-nghe/tai-nghe-bluetooth-chup-tai-baseus-bass-bh1-lite
2026-04-14 22:19:46,026 [INFO]       ✅ Thu được 1 reviews từ trang gốc.
2026-04-14 22:19:46,026 [INFO]       - Đang quét Page 1: https://www.dienmayxanh.com/tai-nghe/tai-nghe-bluetooth-chup-tai-baseus-bass-bh1-lite/danh-gia?page=1
2026-04-14 22:19:53,031 [WARNING]         [!] Không thấy dữ liệu hoặc Trống (Lần lỗi 1/5)
2026-04-14 22:19:55,480 [INFO]       - Đang quét Page 2: https://www.dienmayxanh.com/tai-nghe/tai-nghe-bluetooth-chup-tai-baseus-bass-bh1-lite/danh-gia?page=2
2026-04-14 22:20:02,484 [WARNING]         [!] Không thấy dữ liệu hoặc Trống (Lần lỗi 2/5)
2026-04-14 22:20:04,728 [INFO]       - Đang quét Page 3: https://www.dienmayxanh.com/tai-nghe/tai-nghe-bluetooth-chup-tai-baseus-bass-bh1-lite/danh-gia?page=3
2026-04-14 22:20:11,816 [WARNING]         [!] Không thấy dữ liệu hoặc Trống (Lần lỗi 3/5)
2026-04-14 22:20:13,325 [INFO]       - Đang quét Page 4: https://www.dienmayxanh.com/tai-nghe/tai-nghe-bluetooth-chup-tai-baseus-bass-bh1-lite/danh-gia?page=4
2026-04-14 22:20:20,313 [WARNING]         [!] Không thấy dữ liệu hoặc Trống (Lần lỗi 4/5)
2026-04-14 22:20:23,002 [INFO]       - Đang quét Page 5: https://www.dienmayxanh.com/tai-nghe/tai-nghe-bluetooth-chup-tai-baseus-bass-bh1-lite/danh-gia?page=5
2026-04-14 22:20:30,730 [WARNING]         [!] Không thấy dữ liệu hoặc Trống (Lần lỗi 5/5)
2026-04-14 22:20:32,290 [INFO]         💾 Đã lưu 1 reviews cuối.
2026-04-14 22:20:32,291 [INFO]  ✅ Hoàn tất cào sản phẩm: 341753
2026-04-14 22:20:32,291 [INFO] ♻️ Làm mới Session trình duyệt...
2026-04-14 22:20:33,465 [INFO]  -> [40/180] Lấy Breadcrumb & Review trang gốc: https://www.dienmayxanh.com/tai-nghe/tai-nghe-bluetooth-true-wireless-havit-life-04t
2026-04-14 22:20:39,228 [INFO]       - Đang quét Page 1: https://www.dienmayxanh.com/tai-nghe/tai-nghe-bluetooth-true-wireless-havit-life-04t/danh-gia?page=1
2026-04-14 22:20:46,278 [WARNING]         [!] Không thấy dữ liệu hoặc Trống (Lần lỗi 1/5)
2026-04-14 22:20:48,017 [INFO]       - Đang quét Page 2: https://www.dienmayxanh.com/tai-nghe/tai-nghe-bluetooth-true-wireless-havit-life-04t/danh-gia?page=2
2026-04-14 22:20:54,911 [WARNING]         [!] Không thấy dữ liệu hoặc Trống (Lần lỗi 2/5)
2026-04-14 22:20:56,924 [INFO]       - Đang quét Page 3: https://www.dienmayxanh.com/tai-nghe/tai-nghe-bluetooth-true-wireless-havit-life-04t/danh-gia?page=3
2026-04-14 22:21:03,818 [WARNING]         [!] Không thấy dữ liệu hoặc Trống (Lần lỗi 3/5)
2026-04-14 22:21:06,294 [INFO]       - Đang quét Page 4: https://www.dienmayxanh.com/tai-nghe/tai-nghe-bluetooth-true-wireless-havit-life-04t/danh-gia?page=4
2026-04-14 22:21:13,232 [WARNING]         [!] Không thấy dữ liệu hoặc Trống (Lần lỗi 4/5)
2026-04-14 22:21:16,079 [INFO]       - Đang quét Page 5: https://www.dienmayxanh.com/tai-nghe/tai-nghe-bluetooth-true-wireless-havit-life-04t/danh-gia?page=5
2026-04-14 22:21:23,070 [WARNING]         [!] Không thấy dữ liệu hoặc Trống (Lần lỗi 5/5)
2026-04-14 22:21:24,697 [INFO]  ✅ Hoàn tất cào sản phẩm: 357462
2026-04-14 22:21:24,698 [INFO]  -> [41/180] Lấy Breadcrumb & Review trang gốc: https://www.dienmayxanh.com/tai-nghe/tai-nghe-co-day-type-c-samsung-eo-ic100
2026-04-14 22:21:29,942 [INFO]       ✅ Thu được 2 reviews từ trang gốc.
2026-04-14 22:21:29,943 [INFO]       - Đang quét Page 1: https://www.dienmayxanh.com/tai-nghe/tai-nghe-co-day-type-c-samsung-eo-ic100/danh-gia?page=1
2026-04-14 22:21:34,236 [INFO]         ✅ Thêm 0 reviews mới từ Page 1.
2026-04-14 22:21:35,967 [INFO]       - Đang quét Page 2: https://www.dienmayxanh.com/tai-nghe/tai-nghe-co-day-type-c-samsung-eo-ic100/danh-gia?page=2
2026-04-14 22:21:44,137 [WARNING]         [!] Không thấy dữ liệu hoặc Trống (Lần lỗi 1/5)
2026-04-14 22:21:46,758 [INFO]       - Đang quét Page 3: https://www.dienmayxanh.com/tai-nghe/tai-nghe-co-day-type-c-samsung-eo-ic100/danh-gia?page=3
2026-04-14 22:21:54,655 [WARNING]         [!] Không thấy dữ liệu hoặc Trống (Lần lỗi 2/5)
2026-04-14 22:21:57,628 [INFO]       - Đang quét Page 4: https://www.dienmayxanh.com/tai-nghe/tai-nghe-co-day-type-c-samsung-eo-ic100/danh-gia?page=4
2026-04-14 22:22:05,697 [WARNING]         [!] Không thấy dữ liệu hoặc Trống (Lần lỗi 3/5)
2026-04-14 22:22:07,845 [INFO]       - Đang quét Page 5: https://www.dienmayxanh.com/tai-nghe/tai-nghe-co-day-type-c-samsung-eo-ic100/danh-gia?page=5
2026-04-14 22:22:16,767 [WARNING]         [!] Không thấy dữ liệu hoặc Trống (Lần lỗi 4/5)
2026-04-14 22:22:19,760 [INFO]       - Đang quét Page 6: https://www.dienmayxanh.com/tai-nghe/tai-nghe-co-day-type-c-samsung-eo-ic100/danh-gia?page=6
2026-04-14 22:22:27,563 [WARNING]         [!] Không thấy dữ liệu hoặc Trống (Lần lỗi 5/5)
2026-04-14 22:22:30,391 [INFO]         💾 Đã lưu 2 reviews cuối.
2026-04-14 22:22:30,391 [INFO]  ✅ Hoàn tất cào sản phẩm: 357505
2026-04-14 22:22:30,392 [INFO]  -> [42/180] Lấy Breadcrumb & Review trang gốc: https://www.dienmayxanh.com/tai-nghe/tai-nghe-co-day-ep-ava-pc-25?utm_flashsale=1
2026-04-14 22:22:37,781 [INFO]       ✅ Thu được 9 reviews từ trang gốc.
2026-04-14 22:22:37,782 [INFO]       - Đang quét Page 1: https://www.dienmayxanh.com/tai-nghe/tai-nghe-co-day-ep-ava-pc-25/danh-gia?page=1
2026-04-14 22:22:45,148 [INFO]         ✅ Thêm 15 reviews mới từ Page 1.
2026-04-14 22:22:45,150 [INFO]         💾 Đã lưu 20 reviews.
2026-04-14 22:22:47,057 [INFO]       - Đang quét Page 2: https://www.dienmayxanh.com/tai-nghe/tai-nghe-co-day-ep-ava-pc-25/danh-gia?page=2
2026-04-14 22:22:53,233 [INFO]         ✅ Thêm 10 reviews mới từ Page 2.
2026-04-14 22:22:55,966 [INFO]       - Đang quét Page 3: https://www.dienmayxanh.com/tai-nghe/tai-nghe-co-day-ep-ava-pc-25/danh-gia?page=3
2026-04-14 22:23:03,691 [WARNING]         [!] Không thấy dữ liệu hoặc Trống (Lần lỗi 1/5)
2026-04-14 22:23:06,197 [INFO]       - Đang quét Page 4: https://www.dienmayxanh.com/tai-nghe/tai-nghe-co-day-ep-ava-pc-25/danh-gia?page=4
2026-04-14 22:23:14,016 [WARNING]         [!] Không thấy dữ liệu hoặc Trống (Lần lỗi 2/5)
2026-04-14 22:23:16,784 [INFO]       - Đang quét Page 5: https://www.dienmayxanh.com/tai-nghe/tai-nghe-co-day-ep-ava-pc-25/danh-gia?page=5
2026-04-14 22:23:24,675 [WARNING]         [!] Không thấy dữ liệu hoặc Trống (Lần lỗi 3/5)
2026-04-14 22:23:26,450 [INFO]       - Đang quét Page 6: https://www.dienmayxanh.com/tai-nghe/tai-nghe-co-day-ep-ava-pc-25/danh-gia?page=6
2026-04-14 22:23:34,407 [WARNING]         [!] Không thấy dữ liệu hoặc Trống (Lần lỗi 4/5)
2026-04-14 22:23:37,010 [INFO]       - Đang quét Page 7: https://www.dienmayxanh.com/tai-nghe/tai-nghe-co-day-ep-ava-pc-25/danh-gia?page=7
2026-04-14 22:23:44,838 [WARNING]         [!] Không thấy dữ liệu hoặc Trống (Lần lỗi 5/5)
2026-04-14 22:23:46,824 [INFO]         💾 Đã lưu 10 reviews cuối.
2026-04-14 22:23:46,825 [INFO]  ✅ Hoàn tất cào sản phẩm: 325878
2026-04-14 22:23:46,825 [INFO]  -> [43/180] Lấy Breadcrumb & Review trang gốc: https://www.dienmayxanh.com/tai-nghe/tai-nghe-bluetooth-true-wireless-soundcore-k20i-a3994
2026-04-14 22:23:55,143 [INFO]       ✅ Thu được 9 reviews từ trang gốc.
2026-04-14 22:23:55,143 [INFO]       - Đang quét Page 1: https://www.dienmayxanh.com/tai-nghe/tai-nghe-bluetooth-true-wireless-soundcore-k20i-a3994/danh-gia?page=1
2026-04-14 22:24:02,265 [INFO]         ✅ Thêm 14 reviews mới từ Page 1.
2026-04-14 22:24:04,791 [INFO]       - Đang quét Page 2: https://www.dienmayxanh.com/tai-nghe/tai-nghe-bluetooth-true-wireless-soundcore-k20i-a3994/danh-gia?page=2
2026-04-14 22:24:12,583 [WARNING]         [!] Không thấy dữ liệu hoặc Trống (Lần lỗi 1/5)
2026-04-14 22:24:15,537 [INFO]       - Đang quét Page 3: https://www.dienmayxanh.com/tai-nghe/tai-nghe-bluetooth-true-wireless-soundcore-k20i-a3994/danh-gia?page=3
2026-04-14 22:24:23,525 [WARNING]         [!] Không thấy dữ liệu hoặc Trống (Lần lỗi 2/5)
2026-04-14 22:24:26,274 [INFO]       - Đang quét Page 4: https://www.dienmayxanh.com/tai-nghe/tai-nghe-bluetooth-true-wireless-soundcore-k20i-a3994/danh-gia?page=4
2026-04-14 22:24:34,130 [WARNING]         [!] Không thấy dữ liệu hoặc Trống (Lần lỗi 3/5)
2026-04-14 22:24:36,858 [INFO]       - Đang quét Page 5: https://www.dienmayxanh.com/tai-nghe/tai-nghe-bluetooth-true-wireless-soundcore-k20i-a3994/danh-gia?page=5
2026-04-14 22:24:44,943 [WARNING]         [!] Không thấy dữ liệu hoặc Trống (Lần lỗi 4/5)
2026-04-14 22:24:47,509 [INFO]       - Đang quét Page 6: https://www.dienmayxanh.com/tai-nghe/tai-nghe-bluetooth-true-wireless-soundcore-k20i-a3994/danh-gia?page=6
2026-04-14 22:24:55,408 [WARNING]         [!] Không thấy dữ liệu hoặc Trống (Lần lỗi 5/5)
2026-04-14 22:24:57,648 [INFO]         💾 Đã lưu 19 reviews cuối.
2026-04-14 22:24:57,648 [INFO]  ✅ Hoàn tất cào sản phẩm: 330557
2026-04-14 22:24:57,649 [INFO]  -> [44/180] Lấy Breadcrumb & Review trang gốc: https://www.dienmayxanh.com/tai-nghe/tai-nghe-tws-xiaomi-redmi-buds-6
2026-04-14 22:25:03,233 [INFO]       ✅ Thu được 9 reviews từ trang gốc.
2026-04-14 22:25:03,233 [INFO]       - Đang quét Page 1: https://www.dienmayxanh.com/tai-nghe/tai-nghe-tws-xiaomi-redmi-buds-6/danh-gia?page=1
2026-04-14 22:25:11,829 [INFO]         ✅ Thêm 15 reviews mới từ Page 1.
2026-04-14 22:25:11,831 [INFO]         💾 Đã lưu 21 reviews.
2026-04-14 22:25:14,261 [INFO]       - Đang quét Page 2: https://www.dienmayxanh.com/tai-nghe/tai-nghe-tws-xiaomi-redmi-buds-6/danh-gia?page=2
2026-04-14 22:25:19,126 [INFO]         ✅ Thêm 3 reviews mới từ Page 2.
2026-04-14 22:25:21,767 [INFO]       - Đang quét Page 3: https://www.dienmayxanh.com/tai-nghe/tai-nghe-tws-xiaomi-redmi-buds-6/danh-gia?page=3
2026-04-14 22:25:30,441 [WARNING]         [!] Không thấy dữ liệu hoặc Trống (Lần lỗi 1/5)
2026-04-14 22:25:33,208 [INFO]       - Đang quét Page 4: https://www.dienmayxanh.com/tai-nghe/tai-nghe-tws-xiaomi-redmi-buds-6/danh-gia?page=4
2026-04-14 22:25:42,188 [WARNING]         [!] Không thấy dữ liệu hoặc Trống (Lần lỗi 2/5)
2026-04-14 22:25:44,613 [INFO]       - Đang quét Page 5: https://www.dienmayxanh.com/tai-nghe/tai-nghe-tws-xiaomi-redmi-buds-6/danh-gia?page=5
2026-04-14 22:26:07,986 [WARNING]         [!] Không thấy dữ liệu hoặc Trống (Lần lỗi 3/5)
2026-04-14 22:26:09,893 [INFO]       - Đang quét Page 6: https://www.dienmayxanh.com/tai-nghe/tai-nghe-tws-xiaomi-redmi-buds-6/danh-gia?page=6
2026-04-14 22:26:29,553 [WARNING]         [!] Không thấy dữ liệu hoặc Trống (Lần lỗi 4/5)
2026-04-14 22:26:31,508 [INFO]       - Đang quét Page 7: https://www.dienmayxanh.com/tai-nghe/tai-nghe-tws-xiaomi-redmi-buds-6/danh-gia?page=7
2026-04-14 22:26:39,766 [WARNING]         [!] Không thấy dữ liệu hoặc Trống (Lần lỗi 5/5)
2026-04-14 22:26:42,351 [INFO]         💾 Đã lưu 3 reviews cuối.
2026-04-14 22:26:42,361 [INFO]  ✅ Hoàn tất cào sản phẩm: 333561
2026-04-14 22:26:42,363 [INFO]  -> [45/180] Lấy Breadcrumb & Review trang gốc: https://www.dienmayxanh.com/tai-nghe/tai-nghe-co-day-ep-ava-livebass-hifi-s10
2026-04-14 22:26:48,946 [INFO]       - Đang quét Page 1: https://www.dienmayxanh.com/tai-nghe/tai-nghe-co-day-ep-ava-livebass-hifi-s10/danh-gia?page=1
2026-04-14 22:26:55,862 [WARNING]         [!] Không thấy dữ liệu hoặc Trống (Lần lỗi 1/5)
2026-04-14 22:26:57,782 [INFO]       - Đang quét Page 2: https://www.dienmayxanh.com/tai-nghe/tai-nghe-co-day-ep-ava-livebass-hifi-s10/danh-gia?page=2
2026-04-14 22:27:04,795 [WARNING]         [!] Không thấy dữ liệu hoặc Trống (Lần lỗi 2/5)
2026-04-14 22:27:06,433 [INFO]       - Đang quét Page 3: https://www.dienmayxanh.com/tai-nghe/tai-nghe-co-day-ep-ava-livebass-hifi-s10/danh-gia?page=3
2026-04-14 22:27:13,527 [WARNING]         [!] Không thấy dữ liệu hoặc Trống (Lần lỗi 3/5)
2026-04-14 22:27:15,211 [INFO]       - Đang quét Page 4: https://www.dienmayxanh.com/tai-nghe/tai-nghe-co-day-ep-ava-livebass-hifi-s10/danh-gia?page=4
2026-04-14 22:27:22,227 [WARNING]         [!] Không thấy dữ liệu hoặc Trống (Lần lỗi 4/5)
2026-04-14 22:27:25,165 [INFO]       - Đang quét Page 5: https://www.dienmayxanh.com/tai-nghe/tai-nghe-co-day-ep-ava-livebass-hifi-s10/danh-gia?page=5
2026-04-14 22:27:32,361 [WARNING]         [!] Không thấy dữ liệu hoặc Trống (Lần lỗi 5/5)
2026-04-14 22:27:34,440 [INFO]  ✅ Hoàn tất cào sản phẩm: 358139
2026-04-14 22:27:34,441 [INFO]  -> [46/180] Lấy Breadcrumb & Review trang gốc: https://www.dienmayxanh.com/tai-nghe/tai-nghe-bluetooth-chup-tai-havit-h662bt
2026-04-14 22:27:41,113 [INFO]       ✅ Thu được 9 reviews từ trang gốc.
2026-04-14 22:27:41,113 [INFO]       - Đang quét Page 1: https://www.dienmayxanh.com/tai-nghe/tai-nghe-bluetooth-chup-tai-havit-h662bt/danh-gia?page=1
2026-04-14 22:27:48,149 [INFO]         ✅ Thêm 14 reviews mới từ Page 1.
2026-04-14 22:27:50,042 [INFO]       - Đang quét Page 2: https://www.dienmayxanh.com/tai-nghe/tai-nghe-bluetooth-chup-tai-havit-h662bt/danh-gia?page=2
2026-04-14 22:27:56,694 [INFO]         ✅ Thêm 20 reviews mới từ Page 2.
2026-04-14 22:27:56,695 [INFO]         💾 Đã lưu 39 reviews.
2026-04-14 22:27:58,834 [INFO]       - Đang quét Page 3: https://www.dienmayxanh.com/tai-nghe/tai-nghe-bluetooth-chup-tai-havit-h662bt/danh-gia?page=3
2026-04-14 22:28:04,241 [INFO]         ✅ Thêm 11 reviews mới từ Page 3.
2026-04-14 22:28:06,962 [INFO]       - Đang quét Page 4: https://www.dienmayxanh.com/tai-nghe/tai-nghe-bluetooth-chup-tai-havit-h662bt/danh-gia?page=4
2026-04-14 22:28:15,800 [WARNING]         [!] Không thấy dữ liệu hoặc Trống (Lần lỗi 1/5)
2026-04-14 22:28:17,386 [INFO]       - Đang quét Page 5: https://www.dienmayxanh.com/tai-nghe/tai-nghe-bluetooth-chup-tai-havit-h662bt/danh-gia?page=5
2026-04-14 22:28:26,209 [WARNING]         [!] Không thấy dữ liệu hoặc Trống (Lần lỗi 2/5)
2026-04-14 22:28:28,091 [INFO]       - Đang quét Page 6: https://www.dienmayxanh.com/tai-nghe/tai-nghe-bluetooth-chup-tai-havit-h662bt/danh-gia?page=6
2026-04-14 22:28:36,264 [WARNING]         [!] Không thấy dữ liệu hoặc Trống (Lần lỗi 3/5)
2026-04-14 22:28:37,836 [INFO]       - Đang quét Page 7: https://www.dienmayxanh.com/tai-nghe/tai-nghe-bluetooth-chup-tai-havit-h662bt/danh-gia?page=7
2026-04-14 22:28:46,066 [WARNING]         [!] Không thấy dữ liệu hoặc Trống (Lần lỗi 4/5)
2026-04-14 22:28:47,771 [INFO]       - Đang quét Page 8: https://www.dienmayxanh.com/tai-nghe/tai-nghe-bluetooth-chup-tai-havit-h662bt/danh-gia?page=8
2026-04-14 22:28:55,853 [WARNING]         [!] Không thấy dữ liệu hoặc Trống (Lần lỗi 5/5)
2026-04-14 22:28:57,762 [INFO]         💾 Đã lưu 11 reviews cuối.
2026-04-14 22:28:57,762 [INFO]  ✅ Hoàn tất cào sản phẩm: 311186
2026-04-14 22:28:57,763 [INFO]  -> [47/180] Lấy Breadcrumb & Review trang gốc: https://www.dienmayxanh.com/tai-nghe/tai-nghe-bluetooth-true-wireless-havit-tw996-pro
2026-04-14 22:29:03,419 [INFO]       ✅ Thu được 2 reviews từ trang gốc.
2026-04-14 22:29:03,420 [INFO]       - Đang quét Page 1: https://www.dienmayxanh.com/tai-nghe/tai-nghe-bluetooth-true-wireless-havit-tw996-pro/danh-gia?page=1
2026-04-14 22:29:10,452 [WARNING]         [!] Không thấy dữ liệu hoặc Trống (Lần lỗi 1/5)
2026-04-14 22:29:12,749 [INFO]       - Đang quét Page 2: https://www.dienmayxanh.com/tai-nghe/tai-nghe-bluetooth-true-wireless-havit-tw996-pro/danh-gia?page=2
2026-04-14 22:29:19,897 [WARNING]         [!] Không thấy dữ liệu hoặc Trống (Lần lỗi 2/5)
2026-04-14 22:29:22,059 [INFO]       - Đang quét Page 3: https://www.dienmayxanh.com/tai-nghe/tai-nghe-bluetooth-true-wireless-havit-tw996-pro/danh-gia?page=3
2026-04-14 22:29:29,083 [WARNING]         [!] Không thấy dữ liệu hoặc Trống (Lần lỗi 3/5)
2026-04-14 22:29:30,850 [INFO]       - Đang quét Page 4: https://www.dienmayxanh.com/tai-nghe/tai-nghe-bluetooth-true-wireless-havit-tw996-pro/danh-gia?page=4
2026-04-14 22:29:37,863 [WARNING]         [!] Không thấy dữ liệu hoặc Trống (Lần lỗi 4/5)
2026-04-14 22:29:40,382 [INFO]       - Đang quét Page 5: https://www.dienmayxanh.com/tai-nghe/tai-nghe-bluetooth-true-wireless-havit-tw996-pro/danh-gia?page=5
2026-04-14 22:29:47,396 [WARNING]         [!] Không thấy dữ liệu hoặc Trống (Lần lỗi 5/5)
2026-04-14 22:29:49,145 [INFO]         💾 Đã lưu 2 reviews cuối.
2026-04-14 22:29:49,145 [INFO]  ✅ Hoàn tất cào sản phẩm: 339345
2026-04-14 22:29:49,146 [INFO]  -> [48/180] Lấy Breadcrumb & Review trang gốc: https://www.dienmayxanh.com/tai-nghe/tai-nghe-bluetooth-chup-tai-sony-wh-ch520
2026-04-14 22:29:55,097 [INFO]       ✅ Thu được 10 reviews từ trang gốc.
2026-04-14 22:29:55,097 [INFO]       - Đang quét Page 1: https://www.dienmayxanh.com/tai-nghe/tai-nghe-bluetooth-chup-tai-sony-wh-ch520/danh-gia?page=1
2026-04-14 22:30:01,653 [INFO]         ✅ Thêm 12 reviews mới từ Page 1.
2026-04-14 22:30:04,540 [INFO]       - Đang quét Page 2: https://www.dienmayxanh.com/tai-nghe/tai-nghe-bluetooth-chup-tai-sony-wh-ch520/danh-gia?page=2
2026-04-14 22:30:12,628 [WARNING]         [!] Không thấy dữ liệu hoặc Trống (Lần lỗi 1/5)
2026-04-14 22:30:15,529 [INFO]       - Đang quét Page 3: https://www.dienmayxanh.com/tai-nghe/tai-nghe-bluetooth-chup-tai-sony-wh-ch520/danh-gia?page=3
2026-04-14 22:30:23,220 [WARNING]         [!] Không thấy dữ liệu hoặc Trống (Lần lỗi 2/5)
2026-04-14 22:30:25,092 [INFO]       - Đang quét Page 4: https://www.dienmayxanh.com/tai-nghe/tai-nghe-bluetooth-chup-tai-sony-wh-ch520/danh-gia?page=4
2026-04-14 22:30:33,070 [WARNING]         [!] Không thấy dữ liệu hoặc Trống (Lần lỗi 3/5)
2026-04-14 22:30:35,472 [INFO]       - Đang quét Page 5: https://www.dienmayxanh.com/tai-nghe/tai-nghe-bluetooth-chup-tai-sony-wh-ch520/danh-gia?page=5
2026-04-14 22:30:43,762 [WARNING]         [!] Không thấy dữ liệu hoặc Trống (Lần lỗi 4/5)
2026-04-14 22:30:46,412 [INFO]       - Đang quét Page 6: https://www.dienmayxanh.com/tai-nghe/tai-nghe-bluetooth-chup-tai-sony-wh-ch520/danh-gia?page=6
2026-04-14 22:30:54,336 [WARNING]         [!] Không thấy dữ liệu hoặc Trống (Lần lỗi 5/5)
2026-04-14 22:30:56,058 [INFO]         💾 Đã lưu 18 reviews cuối.
2026-04-14 22:30:56,058 [INFO]  ✅ Hoàn tất cào sản phẩm: 313694
2026-04-14 22:30:56,059 [INFO]  -> [49/180] Lấy Breadcrumb & Review trang gốc: https://www.dienmayxanh.com/tai-nghe/tai-nghe-bluetooth-true-wireless-baseus-bass-bp1-pro-pm132
2026-04-14 22:31:02,733 [INFO]       ✅ Thu được 10 reviews từ trang gốc.
2026-04-14 22:31:02,734 [INFO]       - Đang quét Page 1: https://www.dienmayxanh.com/tai-nghe/tai-nghe-bluetooth-true-wireless-baseus-bass-bp1-pro-pm132/danh-gia?page=1
2026-04-14 22:31:09,024 [INFO]         ✅ Thêm 9 reviews mới từ Page 1.
2026-04-14 22:31:11,873 [INFO]       - Đang quét Page 2: https://www.dienmayxanh.com/tai-nghe/tai-nghe-bluetooth-true-wireless-baseus-bass-bp1-pro-pm132/danh-gia?page=2
2026-04-14 22:31:20,374 [WARNING]         [!] Không thấy dữ liệu hoặc Trống (Lần lỗi 1/5)
2026-04-14 22:31:22,484 [INFO]       - Đang quét Page 3: https://www.dienmayxanh.com/tai-nghe/tai-nghe-bluetooth-true-wireless-baseus-bass-bp1-pro-pm132/danh-gia?page=3
2026-04-14 22:31:30,498 [WARNING]         [!] Không thấy dữ liệu hoặc Trống (Lần lỗi 2/5)
2026-04-14 22:31:33,276 [INFO]       - Đang quét Page 4: https://www.dienmayxanh.com/tai-nghe/tai-nghe-bluetooth-true-wireless-baseus-bass-bp1-pro-pm132/danh-gia?page=4
2026-04-14 22:31:41,092 [WARNING]         [!] Không thấy dữ liệu hoặc Trống (Lần lỗi 3/5)
2026-04-14 22:31:43,382 [INFO]       - Đang quét Page 5: https://www.dienmayxanh.com/tai-nghe/tai-nghe-bluetooth-true-wireless-baseus-bass-bp1-pro-pm132/danh-gia?page=5
2026-04-14 22:31:51,345 [WARNING]         [!] Không thấy dữ liệu hoặc Trống (Lần lỗi 4/5)
2026-04-14 22:31:53,947 [INFO]       - Đang quét Page 6: https://www.dienmayxanh.com/tai-nghe/tai-nghe-bluetooth-true-wireless-baseus-bass-bp1-pro-pm132/danh-gia?page=6
2026-04-14 22:32:01,864 [WARNING]         [!] Không thấy dữ liệu hoặc Trống (Lần lỗi 5/5)
2026-04-14 22:32:03,622 [INFO]         💾 Đã lưu 15 reviews cuối.
2026-04-14 22:32:03,622 [INFO]  ✅ Hoàn tất cào sản phẩm: 341111
2026-04-14 22:32:03,623 [INFO] ♻️ Làm mới Session trình duyệt...
2026-04-14 22:32:04,915 [INFO]  -> [50/180] Lấy Breadcrumb & Review trang gốc: https://www.dienmayxanh.com/tai-nghe/tai-nghe-bluetooth-true-wireless-huawei-t0016-freebuds-se-2
2026-04-14 22:32:13,209 [INFO]       ✅ Thu được 3 reviews từ trang gốc.
2026-04-14 22:32:13,209 [INFO]       - Đang quét Page 1: https://www.dienmayxanh.com/tai-nghe/tai-nghe-bluetooth-true-wireless-huawei-t0016-freebuds-se-2/danh-gia?page=1
2026-04-14 22:32:17,352 [INFO]         ✅ Thêm 0 reviews mới từ Page 1.
2026-04-14 22:32:19,718 [INFO]       - Đang quét Page 2: https://www.dienmayxanh.com/tai-nghe/tai-nghe-bluetooth-true-wireless-huawei-t0016-freebuds-se-2/danh-gia?page=2
2026-04-14 22:32:27,618 [WARNING]         [!] Không thấy dữ liệu hoặc Trống (Lần lỗi 1/5)
2026-04-14 22:32:30,530 [INFO]       - Đang quét Page 3: https://www.dienmayxanh.com/tai-nghe/tai-nghe-bluetooth-true-wireless-huawei-t0016-freebuds-se-2/danh-gia?page=3
2026-04-14 22:32:38,557 [WARNING]         [!] Không thấy dữ liệu hoặc Trống (Lần lỗi 2/5)
2026-04-14 22:32:40,986 [INFO]       - Đang quét Page 4: https://www.dienmayxanh.com/tai-nghe/tai-nghe-bluetooth-true-wireless-huawei-t0016-freebuds-se-2/danh-gia?page=4
2026-04-14 22:32:49,178 [WARNING]         [!] Không thấy dữ liệu hoặc Trống (Lần lỗi 3/5)
2026-04-14 22:32:51,179 [INFO]       - Đang quét Page 5: https://www.dienmayxanh.com/tai-nghe/tai-nghe-bluetooth-true-wireless-huawei-t0016-freebuds-se-2/danh-gia?page=5
2026-04-14 22:32:58,989 [WARNING]         [!] Không thấy dữ liệu hoặc Trống (Lần lỗi 4/5)
2026-04-14 22:33:00,615 [INFO]       - Đang quét Page 6: https://www.dienmayxanh.com/tai-nghe/tai-nghe-bluetooth-true-wireless-huawei-t0016-freebuds-se-2/danh-gia?page=6
2026-04-14 22:33:08,373 [WARNING]         [!] Không thấy dữ liệu hoặc Trống (Lần lỗi 5/5)
2026-04-14 22:33:10,331 [INFO]         💾 Đã lưu 3 reviews cuối.
2026-04-14 22:33:10,332 [INFO]  ✅ Hoàn tất cào sản phẩm: 338616
2026-04-14 22:33:10,332 [INFO]  -> [51/180] Lấy Breadcrumb & Review trang gốc: https://www.dienmayxanh.com/tai-nghe/tai-nghe-bluetooth-true-wireless-havit-tw943-pro
2026-04-14 22:33:16,942 [INFO]       ✅ Thu được 8 reviews từ trang gốc.
2026-04-14 22:33:16,943 [INFO]       - Đang quét Page 1: https://www.dienmayxanh.com/tai-nghe/tai-nghe-bluetooth-true-wireless-havit-tw943-pro/danh-gia?page=1
2026-04-14 22:33:22,312 [INFO]         ✅ Thêm 3 reviews mới từ Page 1.
2026-04-14 22:33:24,456 [INFO]       - Đang quét Page 2: https://www.dienmayxanh.com/tai-nghe/tai-nghe-bluetooth-true-wireless-havit-tw943-pro/danh-gia?page=2
2026-04-14 22:33:33,844 [WARNING]         [!] Không thấy dữ liệu hoặc Trống (Lần lỗi 1/5)
2026-04-14 22:33:35,555 [INFO]       - Đang quét Page 3: https://www.dienmayxanh.com/tai-nghe/tai-nghe-bluetooth-true-wireless-havit-tw943-pro/danh-gia?page=3
2026-04-14 22:33:43,819 [WARNING]         [!] Không thấy dữ liệu hoặc Trống (Lần lỗi 2/5)
2026-04-14 22:33:45,422 [INFO]       - Đang quét Page 4: https://www.dienmayxanh.com/tai-nghe/tai-nghe-bluetooth-true-wireless-havit-tw943-pro/danh-gia?page=4
2026-04-14 22:33:53,494 [WARNING]         [!] Không thấy dữ liệu hoặc Trống (Lần lỗi 3/5)
2026-04-14 22:33:55,399 [INFO]       - Đang quét Page 5: https://www.dienmayxanh.com/tai-nghe/tai-nghe-bluetooth-true-wireless-havit-tw943-pro/danh-gia?page=5
2026-04-14 22:34:03,622 [WARNING]         [!] Không thấy dữ liệu hoặc Trống (Lần lỗi 4/5)
2026-04-14 22:34:05,549 [INFO]       - Đang quét Page 6: https://www.dienmayxanh.com/tai-nghe/tai-nghe-bluetooth-true-wireless-havit-tw943-pro/danh-gia?page=6
2026-04-14 22:34:13,673 [WARNING]         [!] Không thấy dữ liệu hoặc Trống (Lần lỗi 5/5)
2026-04-14 22:34:15,774 [INFO]         💾 Đã lưu 9 reviews cuối.
2026-04-14 22:34:15,774 [INFO]  ✅ Hoàn tất cào sản phẩm: 339344
2026-04-14 22:34:15,775 [INFO]  -> [52/180] Lấy Breadcrumb & Review trang gốc: https://www.dienmayxanh.com/tai-nghe/tai-nghe-bluetooth-true-wireless-havit-tw923-pro
2026-04-14 22:34:21,140 [INFO]       ✅ Thu được 1 reviews từ trang gốc.
2026-04-14 22:34:21,140 [INFO]       - Đang quét Page 1: https://www.dienmayxanh.com/tai-nghe/tai-nghe-bluetooth-true-wireless-havit-tw923-pro/danh-gia?page=1
2026-04-14 22:34:28,171 [WARNING]         [!] Không thấy dữ liệu hoặc Trống (Lần lỗi 1/5)
2026-04-14 22:34:30,559 [INFO]       - Đang quét Page 2: https://www.dienmayxanh.com/tai-nghe/tai-nghe-bluetooth-true-wireless-havit-tw923-pro/danh-gia?page=2
2026-04-14 22:34:37,526 [WARNING]         [!] Không thấy dữ liệu hoặc Trống (Lần lỗi 2/5)
2026-04-14 22:34:39,898 [INFO]       - Đang quét Page 3: https://www.dienmayxanh.com/tai-nghe/tai-nghe-bluetooth-true-wireless-havit-tw923-pro/danh-gia?page=3
2026-04-14 22:34:46,908 [WARNING]         [!] Không thấy dữ liệu hoặc Trống (Lần lỗi 3/5)
2026-04-14 22:34:49,349 [INFO]       - Đang quét Page 4: https://www.dienmayxanh.com/tai-nghe/tai-nghe-bluetooth-true-wireless-havit-tw923-pro/danh-gia?page=4
2026-04-14 22:34:56,345 [WARNING]         [!] Không thấy dữ liệu hoặc Trống (Lần lỗi 4/5)
2026-04-14 22:34:58,260 [INFO]       - Đang quét Page 5: https://www.dienmayxanh.com/tai-nghe/tai-nghe-bluetooth-true-wireless-havit-tw923-pro/danh-gia?page=5
2026-04-14 22:35:05,257 [WARNING]         [!] Không thấy dữ liệu hoặc Trống (Lần lỗi 5/5)
2026-04-14 22:35:07,104 [INFO]         💾 Đã lưu 1 reviews cuối.
2026-04-14 22:35:07,104 [INFO]  ✅ Hoàn tất cào sản phẩm: 339343
2026-04-14 22:35:07,105 [INFO]  -> [53/180] Lấy Breadcrumb & Review trang gốc: https://www.dienmayxanh.com/tai-nghe/tai-nghe-ep-sony-mdr-ex15aplize
2026-04-14 22:35:13,970 [INFO]       ✅ Thu được 10 reviews từ trang gốc.
2026-04-14 22:35:13,970 [INFO]       - Đang quét Page 1: https://www.dienmayxanh.com/tai-nghe/tai-nghe-ep-sony-mdr-ex15aplize/danh-gia?page=1
2026-04-14 22:35:21,086 [INFO]         ✅ Thêm 15 reviews mới từ Page 1.
2026-04-14 22:35:21,088 [INFO]         💾 Đã lưu 21 reviews.
2026-04-14 22:35:24,010 [INFO]       - Đang quét Page 2: https://www.dienmayxanh.com/tai-nghe/tai-nghe-ep-sony-mdr-ex15aplize/danh-gia?page=2
2026-04-14 22:35:31,862 [INFO]         ✅ Thêm 20 reviews mới từ Page 2.
2026-04-14 22:35:31,864 [INFO]         💾 Đã lưu 20 reviews.
2026-04-14 22:35:33,621 [INFO]       - Đang quét Page 3: https://www.dienmayxanh.com/tai-nghe/tai-nghe-ep-sony-mdr-ex15aplize/danh-gia?page=3
2026-04-14 22:35:41,091 [INFO]         ✅ Thêm 20 reviews mới từ Page 3.
2026-04-14 22:35:41,093 [INFO]         💾 Đã lưu 20 reviews.
2026-04-14 22:35:43,736 [INFO]       - Đang quét Page 4: https://www.dienmayxanh.com/tai-nghe/tai-nghe-ep-sony-mdr-ex15aplize/danh-gia?page=4
2026-04-14 22:35:51,341 [INFO]         ✅ Thêm 20 reviews mới từ Page 4.
2026-04-14 22:35:51,343 [INFO]         💾 Đã lưu 20 reviews.
2026-04-14 22:35:53,102 [INFO]       - Đang quét Page 5: https://www.dienmayxanh.com/tai-nghe/tai-nghe-ep-sony-mdr-ex15aplize/danh-gia?page=5
2026-04-14 22:35:59,589 [INFO]         ✅ Thêm 19 reviews mới từ Page 5.
2026-04-14 22:36:01,742 [INFO]       - Đang quét Page 6: https://www.dienmayxanh.com/tai-nghe/tai-nghe-ep-sony-mdr-ex15aplize/danh-gia?page=6
2026-04-14 22:36:10,360 [INFO]         ✅ Thêm 16 reviews mới từ Page 6.
2026-04-14 22:36:10,363 [INFO]         💾 Đã lưu 35 reviews.
2026-04-14 22:36:12,155 [INFO]       - Đang quét Page 7: https://www.dienmayxanh.com/tai-nghe/tai-nghe-ep-sony-mdr-ex15aplize/danh-gia?page=7
2026-04-14 22:36:19,586 [INFO]         ✅ Thêm 19 reviews mới từ Page 7.
2026-04-14 22:36:22,213 [INFO]       - Đang quét Page 8: https://www.dienmayxanh.com/tai-nghe/tai-nghe-ep-sony-mdr-ex15aplize/danh-gia?page=8
2026-04-14 22:36:28,518 [INFO]         ✅ Thêm 15 reviews mới từ Page 8.
2026-04-14 22:36:28,521 [INFO]         💾 Đã lưu 34 reviews.
2026-04-14 22:36:30,991 [INFO]       - Đang quét Page 9: https://www.dienmayxanh.com/tai-nghe/tai-nghe-ep-sony-mdr-ex15aplize/danh-gia?page=9
2026-04-14 22:36:39,017 [WARNING]         [!] Không thấy dữ liệu hoặc Trống (Lần lỗi 1/5)
2026-04-14 22:36:40,656 [INFO]       - Đang quét Page 10: https://www.dienmayxanh.com/tai-nghe/tai-nghe-ep-sony-mdr-ex15aplize/danh-gia?page=10
2026-04-14 22:36:49,210 [WARNING]         [!] Không thấy dữ liệu hoặc Trống (Lần lỗi 2/5)
2026-04-14 22:36:51,697 [INFO]       - Đang quét Page 11: https://www.dienmayxanh.com/tai-nghe/tai-nghe-ep-sony-mdr-ex15aplize/danh-gia?page=11
2026-04-14 22:36:59,579 [WARNING]         [!] Không thấy dữ liệu hoặc Trống (Lần lỗi 3/5)
2026-04-14 22:37:01,100 [INFO]       - Đang quét Page 12: https://www.dienmayxanh.com/tai-nghe/tai-nghe-ep-sony-mdr-ex15aplize/danh-gia?page=12
2026-04-14 22:37:08,914 [WARNING]         [!] Không thấy dữ liệu hoặc Trống (Lần lỗi 4/5)
2026-04-14 22:37:11,927 [INFO]       - Đang quét Page 13: https://www.dienmayxanh.com/tai-nghe/tai-nghe-ep-sony-mdr-ex15aplize/danh-gia?page=13
2026-04-14 22:37:20,397 [WARNING]         [!] Không thấy dữ liệu hoặc Trống (Lần lỗi 5/5)
2026-04-14 22:37:23,086 [INFO]  ✅ Hoàn tất cào sản phẩm: 198787
2026-04-14 22:37:23,088 [INFO]  -> [54/180] Lấy Breadcrumb & Review trang gốc: https://www.dienmayxanh.com/tai-nghe/tai-nghe-open-ear-tws-ava-freego-ows800
2026-04-14 22:37:30,714 [INFO]       ✅ Thu được 2 reviews từ trang gốc.
2026-04-14 22:37:30,714 [INFO]       - Đang quét Page 1: https://www.dienmayxanh.com/tai-nghe/tai-nghe-open-ear-tws-ava-freego-ows800/danh-gia?page=1
2026-04-14 22:37:37,688 [WARNING]         [!] Không thấy dữ liệu hoặc Trống (Lần lỗi 1/5)
2026-04-14 22:37:39,882 [INFO]       - Đang quét Page 2: https://www.dienmayxanh.com/tai-nghe/tai-nghe-open-ear-tws-ava-freego-ows800/danh-gia?page=2
2026-04-14 22:38:17,445 [WARNING]         [!] Không thấy dữ liệu hoặc Trống (Lần lỗi 2/5)
2026-04-14 22:38:19,862 [INFO]       - Đang quét Page 3: https://www.dienmayxanh.com/tai-nghe/tai-nghe-open-ear-tws-ava-freego-ows800/danh-gia?page=3
2026-04-14 22:38:26,910 [WARNING]         [!] Không thấy dữ liệu hoặc Trống (Lần lỗi 3/5)
2026-04-14 22:38:28,983 [INFO]       - Đang quét Page 4: https://www.dienmayxanh.com/tai-nghe/tai-nghe-open-ear-tws-ava-freego-ows800/danh-gia?page=4
2026-04-14 22:38:35,942 [WARNING]         [!] Không thấy dữ liệu hoặc Trống (Lần lỗi 4/5)
2026-04-14 22:38:37,688 [INFO]       - Đang quét Page 5: https://www.dienmayxanh.com/tai-nghe/tai-nghe-open-ear-tws-ava-freego-ows800/danh-gia?page=5
2026-04-14 22:38:44,655 [WARNING]         [!] Không thấy dữ liệu hoặc Trống (Lần lỗi 5/5)
2026-04-14 22:38:47,502 [INFO]         💾 Đã lưu 2 reviews cuối.
2026-04-14 22:38:47,502 [INFO]  ✅ Hoàn tất cào sản phẩm: 333912
2026-04-14 22:38:47,503 [INFO]  -> [55/180] Lấy Breadcrumb & Review trang gốc: https://www.dienmayxanh.com/tai-nghe/tai-nghe-bluetooth-chup-tai-jbl-tune-520bt
2026-04-14 22:38:55,078 [INFO]       ✅ Thu được 8 reviews từ trang gốc.
2026-04-14 22:38:55,078 [INFO]       - Đang quét Page 1: https://www.dienmayxanh.com/tai-nghe/tai-nghe-bluetooth-chup-tai-jbl-tune-520bt/danh-gia?page=1
2026-04-14 22:39:01,770 [INFO]         ✅ Thêm 13 reviews mới từ Page 1.
2026-04-14 22:39:03,558 [INFO]       - Đang quét Page 2: https://www.dienmayxanh.com/tai-nghe/tai-nghe-bluetooth-chup-tai-jbl-tune-520bt/danh-gia?page=2
2026-04-14 22:39:10,889 [INFO]         ✅ Thêm 20 reviews mới từ Page 2.
2026-04-14 22:39:10,891 [INFO]         💾 Đã lưu 38 reviews.
2026-04-14 22:39:12,853 [INFO]       - Đang quét Page 3: https://www.dienmayxanh.com/tai-nghe/tai-nghe-bluetooth-chup-tai-jbl-tune-520bt/danh-gia?page=3
2026-04-14 22:39:17,210 [INFO]         ✅ Thêm 4 reviews mới từ Page 3.
2026-04-14 22:39:19,580 [INFO]       - Đang quét Page 4: https://www.dienmayxanh.com/tai-nghe/tai-nghe-bluetooth-chup-tai-jbl-tune-520bt/danh-gia?page=4
2026-04-14 22:39:27,344 [WARNING]         [!] Không thấy dữ liệu hoặc Trống (Lần lỗi 1/5)
2026-04-14 22:39:29,217 [INFO]       - Đang quét Page 5: https://www.dienmayxanh.com/tai-nghe/tai-nghe-bluetooth-chup-tai-jbl-tune-520bt/danh-gia?page=5
2026-04-14 22:39:38,734 [WARNING]         [!] Không thấy dữ liệu hoặc Trống (Lần lỗi 2/5)
2026-04-14 22:39:40,979 [INFO]       - Đang quét Page 6: https://www.dienmayxanh.com/tai-nghe/tai-nghe-bluetooth-chup-tai-jbl-tune-520bt/danh-gia?page=6
2026-04-14 22:39:49,270 [WARNING]         [!] Không thấy dữ liệu hoặc Trống (Lần lỗi 3/5)
2026-04-14 22:39:51,906 [INFO]       - Đang quét Page 7: https://www.dienmayxanh.com/tai-nghe/tai-nghe-bluetooth-chup-tai-jbl-tune-520bt/danh-gia?page=7
2026-04-14 22:40:00,475 [WARNING]         [!] Không thấy dữ liệu hoặc Trống (Lần lỗi 4/5)
2026-04-14 22:40:02,852 [INFO]       - Đang quét Page 8: https://www.dienmayxanh.com/tai-nghe/tai-nghe-bluetooth-chup-tai-jbl-tune-520bt/danh-gia?page=8
2026-04-14 22:40:11,273 [WARNING]         [!] Không thấy dữ liệu hoặc Trống (Lần lỗi 5/5)
2026-04-14 22:40:12,876 [INFO]         💾 Đã lưu 4 reviews cuối.
2026-04-14 22:40:12,876 [INFO]  ✅ Hoàn tất cào sản phẩm: 312518
2026-04-14 22:40:12,877 [INFO]  -> [56/180] Lấy Breadcrumb & Review trang gốc: https://www.dienmayxanh.com/tai-nghe/tai-nghe-bluetooth-true-wireless-ava-freego-y50?utm_flashsale=1
2026-04-14 22:40:20,622 [INFO]       ✅ Thu được 9 reviews từ trang gốc.
2026-04-14 22:40:20,622 [INFO]       - Đang quét Page 1: https://www.dienmayxanh.com/tai-nghe/tai-nghe-bluetooth-true-wireless-ava-freego-y50/danh-gia?page=1
2026-04-14 22:40:26,138 [INFO]         ✅ Thêm 5 reviews mới từ Page 1.
2026-04-14 22:40:29,015 [INFO]       - Đang quét Page 2: https://www.dienmayxanh.com/tai-nghe/tai-nghe-bluetooth-true-wireless-ava-freego-y50/danh-gia?page=2
2026-04-14 22:40:37,371 [WARNING]         [!] Không thấy dữ liệu hoặc Trống (Lần lỗi 1/5)
2026-04-14 22:40:38,903 [INFO]       - Đang quét Page 3: https://www.dienmayxanh.com/tai-nghe/tai-nghe-bluetooth-true-wireless-ava-freego-y50/danh-gia?page=3
2026-04-14 22:40:48,060 [WARNING]         [!] Không thấy dữ liệu hoặc Trống (Lần lỗi 2/5)
2026-04-14 22:40:50,254 [INFO]       - Đang quét Page 4: https://www.dienmayxanh.com/tai-nghe/tai-nghe-bluetooth-true-wireless-ava-freego-y50/danh-gia?page=4
2026-04-14 22:40:59,377 [WARNING]         [!] Không thấy dữ liệu hoặc Trống (Lần lỗi 3/5)
2026-04-14 22:41:02,017 [INFO]       - Đang quét Page 5: https://www.dienmayxanh.com/tai-nghe/tai-nghe-bluetooth-true-wireless-ava-freego-y50/danh-gia?page=5
2026-04-14 22:41:11,007 [WARNING]         [!] Không thấy dữ liệu hoặc Trống (Lần lỗi 4/5)
2026-04-14 22:41:13,732 [INFO]       - Đang quét Page 6: https://www.dienmayxanh.com/tai-nghe/tai-nghe-bluetooth-true-wireless-ava-freego-y50/danh-gia?page=6
2026-04-14 22:41:21,413 [WARNING]         [!] Không thấy dữ liệu hoặc Trống (Lần lỗi 5/5)
2026-04-14 22:41:23,351 [INFO]         💾 Đã lưu 10 reviews cuối.
2026-04-14 22:41:23,351 [INFO]  ✅ Hoàn tất cào sản phẩm: 330248
2026-04-14 22:41:23,351 [INFO]  -> [57/180] Lấy Breadcrumb & Review trang gốc: https://www.dienmayxanh.com/tai-nghe/tai-nghe-bluetooth-true-wireless-samsung-galaxy-buds-3-fe-r420n
2026-04-14 22:41:27,721 [INFO]       ✅ Thu được 2 reviews từ trang gốc.
2026-04-14 22:41:27,721 [INFO]       - Đang quét Page 1: https://www.dienmayxanh.com/tai-nghe/tai-nghe-bluetooth-true-wireless-samsung-galaxy-buds-3-fe-r420n/danh-gia?page=1
2026-04-14 22:41:34,663 [WARNING]         [!] Không thấy dữ liệu hoặc Trống (Lần lỗi 1/5)
2026-04-14 22:41:36,231 [INFO]       - Đang quét Page 2: https://www.dienmayxanh.com/tai-nghe/tai-nghe-bluetooth-true-wireless-samsung-galaxy-buds-3-fe-r420n/danh-gia?page=2
2026-04-14 22:41:43,188 [WARNING]         [!] Không thấy dữ liệu hoặc Trống (Lần lỗi 2/5)
2026-04-14 22:41:45,811 [INFO]       - Đang quét Page 3: https://www.dienmayxanh.com/tai-nghe/tai-nghe-bluetooth-true-wireless-samsung-galaxy-buds-3-fe-r420n/danh-gia?page=3
2026-04-14 22:41:52,868 [WARNING]         [!] Không thấy dữ liệu hoặc Trống (Lần lỗi 3/5)
2026-04-14 22:41:55,449 [INFO]       - Đang quét Page 4: https://www.dienmayxanh.com/tai-nghe/tai-nghe-bluetooth-true-wireless-samsung-galaxy-buds-3-fe-r420n/danh-gia?page=4
2026-04-14 22:42:02,573 [WARNING]         [!] Không thấy dữ liệu hoặc Trống (Lần lỗi 4/5)
2026-04-14 22:42:05,083 [INFO]       - Đang quét Page 5: https://www.dienmayxanh.com/tai-nghe/tai-nghe-bluetooth-true-wireless-samsung-galaxy-buds-3-fe-r420n/danh-gia?page=5
2026-04-14 22:42:12,046 [WARNING]         [!] Không thấy dữ liệu hoặc Trống (Lần lỗi 5/5)
2026-04-14 22:42:14,141 [INFO]         💾 Đã lưu 2 reviews cuối.
2026-04-14 22:42:14,141 [INFO]  ✅ Hoàn tất cào sản phẩm: 344637
2026-04-14 22:42:14,141 [INFO]  -> [58/180] Lấy Breadcrumb & Review trang gốc: https://www.dienmayxanh.com/tai-nghe/tai-nghe-bluetooth-true-wireless-realme-techlife-buds
2026-04-14 22:42:21,885 [INFO]       ✅ Thu được 1 reviews từ trang gốc.
2026-04-14 22:42:21,886 [INFO]       - Đang quét Page 1: https://www.dienmayxanh.com/tai-nghe/tai-nghe-bluetooth-true-wireless-realme-techlife-buds/danh-gia?page=1
2026-04-14 22:42:28,894 [WARNING]         [!] Không thấy dữ liệu hoặc Trống (Lần lỗi 1/5)
2026-04-14 22:42:31,678 [INFO]       - Đang quét Page 2: https://www.dienmayxanh.com/tai-nghe/tai-nghe-bluetooth-true-wireless-realme-techlife-buds/danh-gia?page=2
2026-04-14 22:42:38,975 [WARNING]         [!] Không thấy dữ liệu hoặc Trống (Lần lỗi 2/5)
2026-04-14 22:42:40,590 [INFO]       - Đang quét Page 3: https://www.dienmayxanh.com/tai-nghe/tai-nghe-bluetooth-true-wireless-realme-techlife-buds/danh-gia?page=3
2026-04-14 22:42:47,739 [WARNING]         [!] Không thấy dữ liệu hoặc Trống (Lần lỗi 3/5)
2026-04-14 22:42:50,688 [INFO]       - Đang quét Page 4: https://www.dienmayxanh.com/tai-nghe/tai-nghe-bluetooth-true-wireless-realme-techlife-buds/danh-gia?page=4
2026-04-14 22:42:57,680 [WARNING]         [!] Không thấy dữ liệu hoặc Trống (Lần lỗi 4/5)
2026-04-14 22:43:00,038 [INFO]       - Đang quét Page 5: https://www.dienmayxanh.com/tai-nghe/tai-nghe-bluetooth-true-wireless-realme-techlife-buds/danh-gia?page=5
2026-04-14 22:43:07,197 [WARNING]         [!] Không thấy dữ liệu hoặc Trống (Lần lỗi 5/5)
2026-04-14 22:43:09,730 [INFO]         💾 Đã lưu 1 reviews cuối.
2026-04-14 22:43:09,731 [INFO]  ✅ Hoàn tất cào sản phẩm: 360641
2026-04-14 22:43:09,732 [INFO]  -> [59/180] Lấy Breadcrumb & Review trang gốc: https://www.dienmayxanh.com/tai-nghe/tai-nghe-bluetooth-true-wireless-rezo-rz09-anc
2026-04-14 22:43:17,293 [INFO]       ✅ Thu được 10 reviews từ trang gốc.
2026-04-14 22:43:17,294 [INFO]       - Đang quét Page 1: https://www.dienmayxanh.com/tai-nghe/tai-nghe-bluetooth-true-wireless-rezo-rz09-anc/danh-gia?page=1
2026-04-14 22:43:23,549 [INFO]         ✅ Thêm 5 reviews mới từ Page 1.
2026-04-14 22:43:25,625 [INFO]       - Đang quét Page 2: https://www.dienmayxanh.com/tai-nghe/tai-nghe-bluetooth-true-wireless-rezo-rz09-anc/danh-gia?page=2
2026-04-14 22:43:33,552 [WARNING]         [!] Không thấy dữ liệu hoặc Trống (Lần lỗi 1/5)
2026-04-14 22:43:36,462 [INFO]       - Đang quét Page 3: https://www.dienmayxanh.com/tai-nghe/tai-nghe-bluetooth-true-wireless-rezo-rz09-anc/danh-gia?page=3
2026-04-14 22:43:45,236 [WARNING]         [!] Không thấy dữ liệu hoặc Trống (Lần lỗi 2/5)
2026-04-14 22:43:47,403 [INFO]       - Đang quét Page 4: https://www.dienmayxanh.com/tai-nghe/tai-nghe-bluetooth-true-wireless-rezo-rz09-anc/danh-gia?page=4
2026-04-14 22:43:56,372 [WARNING]         [!] Không thấy dữ liệu hoặc Trống (Lần lỗi 3/5)
2026-04-14 22:43:58,271 [INFO]       - Đang quét Page 5: https://www.dienmayxanh.com/tai-nghe/tai-nghe-bluetooth-true-wireless-rezo-rz09-anc/danh-gia?page=5
2026-04-14 22:44:06,377 [WARNING]         [!] Không thấy dữ liệu hoặc Trống (Lần lỗi 4/5)
2026-04-14 22:44:08,985 [INFO]       - Đang quét Page 6: https://www.dienmayxanh.com/tai-nghe/tai-nghe-bluetooth-true-wireless-rezo-rz09-anc/danh-gia?page=6
2026-04-14 22:44:17,547 [WARNING]         [!] Không thấy dữ liệu hoặc Trống (Lần lỗi 5/5)
2026-04-14 22:44:19,806 [INFO]         💾 Đã lưu 11 reviews cuối.
2026-04-14 22:44:19,806 [INFO]  ✅ Hoàn tất cào sản phẩm: 330249
2026-04-14 22:44:19,807 [INFO] ♻️ Làm mới Session trình duyệt...
2026-04-14 22:44:22,035 [INFO]  -> [60/180] Lấy Breadcrumb & Review trang gốc: https://www.dienmayxanh.com/tai-nghe/tai-nghe-bluetooth-airpods-pro-gen-2-magsafe-charge-usb-c-apple-mtjv3
2026-04-14 22:44:30,197 [INFO]       ✅ Thu được 10 reviews từ trang gốc.
2026-04-14 22:44:30,197 [INFO]       - Đang quét Page 1: https://www.dienmayxanh.com/tai-nghe/tai-nghe-bluetooth-airpods-pro-gen-2-magsafe-charge-usb-c-apple-mtjv3/danh-gia?page=1
2026-04-14 22:44:40,050 [INFO]         ✅ Thêm 14 reviews mới từ Page 1.
2026-04-14 22:44:40,054 [INFO]         💾 Đã lưu 20 reviews.
2026-04-14 22:44:42,631 [INFO]       - Đang quét Page 2: https://www.dienmayxanh.com/tai-nghe/tai-nghe-bluetooth-airpods-pro-gen-2-magsafe-charge-usb-c-apple-mtjv3/danh-gia?page=2
2026-04-14 22:44:49,963 [INFO]         ✅ Thêm 19 reviews mới từ Page 2.
2026-04-14 22:44:52,166 [INFO]       - Đang quét Page 3: https://www.dienmayxanh.com/tai-nghe/tai-nghe-bluetooth-airpods-pro-gen-2-magsafe-charge-usb-c-apple-mtjv3/danh-gia?page=3
2026-04-14 22:44:57,889 [INFO]         ✅ Thêm 14 reviews mới từ Page 3.
2026-04-14 22:44:57,892 [INFO]         💾 Đã lưu 33 reviews.
2026-04-14 22:45:00,753 [INFO]       - Đang quét Page 4: https://www.dienmayxanh.com/tai-nghe/tai-nghe-bluetooth-airpods-pro-gen-2-magsafe-charge-usb-c-apple-mtjv3/danh-gia?page=4
2026-04-14 22:45:08,953 [WARNING]         [!] Không thấy dữ liệu hoặc Trống (Lần lỗi 1/5)
2026-04-14 22:45:11,386 [INFO]       - Đang quét Page 5: https://www.dienmayxanh.com/tai-nghe/tai-nghe-bluetooth-airpods-pro-gen-2-magsafe-charge-usb-c-apple-mtjv3/danh-gia?page=5
2026-04-14 22:45:19,264 [WARNING]         [!] Không thấy dữ liệu hoặc Trống (Lần lỗi 2/5)
2026-04-14 22:45:20,940 [INFO]       - Đang quét Page 6: https://www.dienmayxanh.com/tai-nghe/tai-nghe-bluetooth-airpods-pro-gen-2-magsafe-charge-usb-c-apple-mtjv3/danh-gia?page=6
2026-04-14 22:45:30,588 [WARNING]         [!] Không thấy dữ liệu hoặc Trống (Lần lỗi 3/5)
2026-04-14 22:45:32,955 [INFO]       - Đang quét Page 7: https://www.dienmayxanh.com/tai-nghe/tai-nghe-bluetooth-airpods-pro-gen-2-magsafe-charge-usb-c-apple-mtjv3/danh-gia?page=7
2026-04-14 22:45:40,861 [WARNING]         [!] Không thấy dữ liệu hoặc Trống (Lần lỗi 4/5)
2026-04-14 22:45:42,366 [INFO]       - Đang quét Page 8: https://www.dienmayxanh.com/tai-nghe/tai-nghe-bluetooth-airpods-pro-gen-2-magsafe-charge-usb-c-apple-mtjv3/danh-gia?page=8
2026-04-14 22:45:50,344 [WARNING]         [!] Không thấy dữ liệu hoặc Trống (Lần lỗi 5/5)
2026-04-14 22:45:52,190 [INFO]  ✅ Hoàn tất cào sản phẩm: 315014
2026-04-14 22:45:52,191 [INFO]  -> [61/180] Lấy Breadcrumb & Review trang gốc: https://www.dienmayxanh.com/tai-nghe/tai-nghe-tws-realme-buds-t200
2026-04-14 22:45:57,665 [INFO]       - Đang quét Page 1: https://www.dienmayxanh.com/tai-nghe/tai-nghe-tws-realme-buds-t200/danh-gia?page=1
2026-04-14 22:46:04,668 [WARNING]         [!] Không thấy dữ liệu hoặc Trống (Lần lỗi 1/5)
2026-04-14 22:46:07,369 [INFO]       - Đang quét Page 2: https://www.dienmayxanh.com/tai-nghe/tai-nghe-tws-realme-buds-t200/danh-gia?page=2
2026-04-14 22:46:14,403 [WARNING]         [!] Không thấy dữ liệu hoặc Trống (Lần lỗi 2/5)
2026-04-14 22:46:17,197 [INFO]       - Đang quét Page 3: https://www.dienmayxanh.com/tai-nghe/tai-nghe-tws-realme-buds-t200/danh-gia?page=3
2026-04-14 22:46:24,157 [WARNING]         [!] Không thấy dữ liệu hoặc Trống (Lần lỗi 3/5)
2026-04-14 22:46:26,526 [INFO]       - Đang quét Page 4: https://www.dienmayxanh.com/tai-nghe/tai-nghe-tws-realme-buds-t200/danh-gia?page=4
2026-04-14 22:46:33,759 [WARNING]         [!] Không thấy dữ liệu hoặc Trống (Lần lỗi 4/5)
2026-04-14 22:46:36,278 [INFO]       - Đang quét Page 5: https://www.dienmayxanh.com/tai-nghe/tai-nghe-tws-realme-buds-t200/danh-gia?page=5
2026-04-14 22:46:43,291 [WARNING]         [!] Không thấy dữ liệu hoặc Trống (Lần lỗi 5/5)
2026-04-14 22:46:45,983 [INFO]  ✅ Hoàn tất cào sản phẩm: 357563
2026-04-14 22:46:45,986 [INFO]  -> [62/180] Lấy Breadcrumb & Review trang gốc: https://www.dienmayxanh.com/tai-nghe/tai-nghe-bluetooth-true-wireless-havit-tw982-life-01t
2026-04-14 22:46:52,911 [INFO]       ✅ Thu được 10 reviews từ trang gốc.
2026-04-14 22:46:52,911 [INFO]       - Đang quét Page 1: https://www.dienmayxanh.com/tai-nghe/tai-nghe-bluetooth-true-wireless-havit-tw982-life-01t/danh-gia?page=1
2026-04-14 22:46:58,818 [INFO]         ✅ Thêm 12 reviews mới từ Page 1.
2026-04-14 22:47:00,415 [INFO]       - Đang quét Page 2: https://www.dienmayxanh.com/tai-nghe/tai-nghe-bluetooth-true-wireless-havit-tw982-life-01t/danh-gia?page=2
2026-04-14 22:47:08,178 [WARNING]         [!] Không thấy dữ liệu hoặc Trống (Lần lỗi 1/5)
2026-04-14 22:47:10,224 [INFO]       - Đang quét Page 3: https://www.dienmayxanh.com/tai-nghe/tai-nghe-bluetooth-true-wireless-havit-tw982-life-01t/danh-gia?page=3
2026-04-14 22:47:18,487 [WARNING]         [!] Không thấy dữ liệu hoặc Trống (Lần lỗi 2/5)
2026-04-14 22:47:20,854 [INFO]       - Đang quét Page 4: https://www.dienmayxanh.com/tai-nghe/tai-nghe-bluetooth-true-wireless-havit-tw982-life-01t/danh-gia?page=4
2026-04-14 22:47:28,168 [WARNING]         [!] Không thấy dữ liệu hoặc Trống (Lần lỗi 3/5)
2026-04-14 22:47:30,201 [INFO]       - Đang quét Page 5: https://www.dienmayxanh.com/tai-nghe/tai-nghe-bluetooth-true-wireless-havit-tw982-life-01t/danh-gia?page=5
2026-04-14 22:47:38,261 [WARNING]         [!] Không thấy dữ liệu hoặc Trống (Lần lỗi 4/5)
2026-04-14 22:47:39,899 [INFO]       - Đang quét Page 6: https://www.dienmayxanh.com/tai-nghe/tai-nghe-bluetooth-true-wireless-havit-tw982-life-01t/danh-gia?page=6
2026-04-14 22:47:48,260 [WARNING]         [!] Không thấy dữ liệu hoặc Trống (Lần lỗi 5/5)
2026-04-14 22:47:50,894 [INFO]         💾 Đã lưu 18 reviews cuối.
2026-04-14 22:47:50,895 [INFO]  ✅ Hoàn tất cào sản phẩm: 330488
2026-04-14 22:47:50,895 [INFO]  -> [63/180] Lấy Breadcrumb & Review trang gốc: https://www.dienmayxanh.com/tai-nghe/tai-nghe-bluetooth-true-wireless-samsung-galaxy-buds4-pro-r640n
2026-04-14 22:47:56,768 [INFO]       - Đang quét Page 1: https://www.dienmayxanh.com/tai-nghe/tai-nghe-bluetooth-true-wireless-samsung-galaxy-buds4-pro-r640n/danh-gia?page=1
2026-04-14 22:48:03,698 [WARNING]         [!] Không thấy dữ liệu hoặc Trống (Lần lỗi 1/5)
2026-04-14 22:48:06,483 [INFO]       - Đang quét Page 2: https://www.dienmayxanh.com/tai-nghe/tai-nghe-bluetooth-true-wireless-samsung-galaxy-buds4-pro-r640n/danh-gia?page=2
2026-04-14 22:48:13,566 [WARNING]         [!] Không thấy dữ liệu hoặc Trống (Lần lỗi 2/5)
2026-04-14 22:48:16,494 [INFO]       - Đang quét Page 3: https://www.dienmayxanh.com/tai-nghe/tai-nghe-bluetooth-true-wireless-samsung-galaxy-buds4-pro-r640n/danh-gia?page=3
2026-04-14 22:48:23,336 [WARNING]         [!] Không thấy dữ liệu hoặc Trống (Lần lỗi 3/5)
2026-04-14 22:48:25,082 [INFO]       - Đang quét Page 4: https://www.dienmayxanh.com/tai-nghe/tai-nghe-bluetooth-true-wireless-samsung-galaxy-buds4-pro-r640n/danh-gia?page=4
2026-04-14 22:48:32,085 [WARNING]         [!] Không thấy dữ liệu hoặc Trống (Lần lỗi 4/5)
2026-04-14 22:48:34,427 [INFO]       - Đang quét Page 5: https://www.dienmayxanh.com/tai-nghe/tai-nghe-bluetooth-true-wireless-samsung-galaxy-buds4-pro-r640n/danh-gia?page=5
2026-04-14 22:48:41,369 [WARNING]         [!] Không thấy dữ liệu hoặc Trống (Lần lỗi 5/5)
2026-04-14 22:48:43,638 [INFO]  ✅ Hoàn tất cào sản phẩm: 363188
2026-04-14 22:48:43,639 [INFO]  -> [64/180] Lấy Breadcrumb & Review trang gốc: https://www.dienmayxanh.com/tai-nghe/tai-nghe-bluetooth-true-wireless-havit-tw976
2026-04-14 22:48:51,287 [INFO]       ✅ Thu được 10 reviews từ trang gốc.
2026-04-14 22:48:51,287 [INFO]       - Đang quét Page 1: https://www.dienmayxanh.com/tai-nghe/tai-nghe-bluetooth-true-wireless-havit-tw976/danh-gia?page=1
2026-04-14 22:48:59,325 [INFO]         ✅ Thêm 15 reviews mới từ Page 1.
2026-04-14 22:48:59,327 [INFO]         💾 Đã lưu 21 reviews.
2026-04-14 22:49:01,567 [INFO]       - Đang quét Page 2: https://www.dienmayxanh.com/tai-nghe/tai-nghe-bluetooth-true-wireless-havit-tw976/danh-gia?page=2
2026-04-14 22:49:08,542 [INFO]         ✅ Thêm 19 reviews mới từ Page 2.
2026-04-14 22:49:11,249 [INFO]       - Đang quét Page 3: https://www.dienmayxanh.com/tai-nghe/tai-nghe-bluetooth-true-wireless-havit-tw976/danh-gia?page=3
2026-04-14 22:49:16,856 [INFO]         ✅ Thêm 13 reviews mới từ Page 3.
2026-04-14 22:49:16,858 [INFO]         💾 Đã lưu 32 reviews.
2026-04-14 22:49:18,387 [INFO]       - Đang quét Page 4: https://www.dienmayxanh.com/tai-nghe/tai-nghe-bluetooth-true-wireless-havit-tw976/danh-gia?page=4
2026-04-14 22:49:26,680 [WARNING]         [!] Không thấy dữ liệu hoặc Trống (Lần lỗi 1/5)
2026-04-14 22:49:29,635 [INFO]       - Đang quét Page 5: https://www.dienmayxanh.com/tai-nghe/tai-nghe-bluetooth-true-wireless-havit-tw976/danh-gia?page=5
2026-04-14 22:49:37,857 [WARNING]         [!] Không thấy dữ liệu hoặc Trống (Lần lỗi 2/5)
2026-04-14 22:49:40,654 [INFO]       - Đang quét Page 6: https://www.dienmayxanh.com/tai-nghe/tai-nghe-bluetooth-true-wireless-havit-tw976/danh-gia?page=6
2026-04-14 22:49:49,290 [WARNING]         [!] Không thấy dữ liệu hoặc Trống (Lần lỗi 3/5)
2026-04-14 22:49:50,823 [INFO]       - Đang quét Page 7: https://www.dienmayxanh.com/tai-nghe/tai-nghe-bluetooth-true-wireless-havit-tw976/danh-gia?page=7
2026-04-14 22:49:58,831 [WARNING]         [!] Không thấy dữ liệu hoặc Trống (Lần lỗi 4/5)
2026-04-14 22:50:00,439 [INFO]       - Đang quét Page 8: https://www.dienmayxanh.com/tai-nghe/tai-nghe-bluetooth-true-wireless-havit-tw976/danh-gia?page=8
2026-04-14 22:50:08,803 [WARNING]         [!] Không thấy dữ liệu hoặc Trống (Lần lỗi 5/5)
2026-04-14 22:50:10,823 [INFO]  ✅ Hoàn tất cào sản phẩm: 324786
2026-04-14 22:50:10,823 [INFO]  -> [65/180] Lấy Breadcrumb & Review trang gốc: https://www.dienmayxanh.com/tai-nghe/tai-nghe-bluetooth-chup-tai-baseus-bass-bh1
2026-04-14 22:50:16,206 [INFO]       ✅ Thu được 2 reviews từ trang gốc.
2026-04-14 22:50:16,206 [INFO]       - Đang quét Page 1: https://www.dienmayxanh.com/tai-nghe/tai-nghe-bluetooth-chup-tai-baseus-bass-bh1/danh-gia?page=1
2026-04-14 22:50:23,047 [WARNING]         [!] Không thấy dữ liệu hoặc Trống (Lần lỗi 1/5)
2026-04-14 22:50:25,543 [INFO]       - Đang quét Page 2: https://www.dienmayxanh.com/tai-nghe/tai-nghe-bluetooth-chup-tai-baseus-bass-bh1/danh-gia?page=2
2026-04-14 22:50:32,542 [WARNING]         [!] Không thấy dữ liệu hoặc Trống (Lần lỗi 2/5)
2026-04-14 22:50:35,405 [INFO]       - Đang quét Page 3: https://www.dienmayxanh.com/tai-nghe/tai-nghe-bluetooth-chup-tai-baseus-bass-bh1/danh-gia?page=3
2026-04-14 22:50:42,393 [WARNING]         [!] Không thấy dữ liệu hoặc Trống (Lần lỗi 3/5)
2026-04-14 22:50:44,727 [INFO]       - Đang quét Page 4: https://www.dienmayxanh.com/tai-nghe/tai-nghe-bluetooth-chup-tai-baseus-bass-bh1/danh-gia?page=4
2026-04-14 22:50:52,640 [WARNING]         [!] Không thấy dữ liệu hoặc Trống (Lần lỗi 4/5)
2026-04-14 22:50:55,587 [INFO]       - Đang quét Page 5: https://www.dienmayxanh.com/tai-nghe/tai-nghe-bluetooth-chup-tai-baseus-bass-bh1/danh-gia?page=5
2026-04-14 22:51:02,555 [WARNING]         [!] Không thấy dữ liệu hoặc Trống (Lần lỗi 5/5)
2026-04-14 22:51:05,064 [INFO]         💾 Đã lưu 2 reviews cuối.
2026-04-14 22:51:05,066 [INFO]  ✅ Hoàn tất cào sản phẩm: 358220
2026-04-14 22:51:05,068 [INFO]  -> [66/180] Lấy Breadcrumb & Review trang gốc: https://www.dienmayxanh.com/tai-nghe/tai-nghe-bluetooth-chup-tai-havit-h612bt-pro
2026-04-14 22:51:12,316 [INFO]       ✅ Thu được 2 reviews từ trang gốc.
2026-04-14 22:51:12,317 [INFO]       - Đang quét Page 1: https://www.dienmayxanh.com/tai-nghe/tai-nghe-bluetooth-chup-tai-havit-h612bt-pro/danh-gia?page=1
2026-04-14 22:51:19,427 [WARNING]         [!] Không thấy dữ liệu hoặc Trống (Lần lỗi 1/5)
2026-04-14 22:51:22,124 [INFO]       - Đang quét Page 2: https://www.dienmayxanh.com/tai-nghe/tai-nghe-bluetooth-chup-tai-havit-h612bt-pro/danh-gia?page=2
2026-04-14 22:51:29,410 [WARNING]         [!] Không thấy dữ liệu hoặc Trống (Lần lỗi 2/5)
2026-04-14 22:51:31,710 [INFO]       - Đang quét Page 3: https://www.dienmayxanh.com/tai-nghe/tai-nghe-bluetooth-chup-tai-havit-h612bt-pro/danh-gia?page=3
2026-04-14 22:51:38,656 [WARNING]         [!] Không thấy dữ liệu hoặc Trống (Lần lỗi 3/5)
2026-04-14 22:51:40,405 [INFO]       - Đang quét Page 4: https://www.dienmayxanh.com/tai-nghe/tai-nghe-bluetooth-chup-tai-havit-h612bt-pro/danh-gia?page=4
2026-04-14 22:51:47,459 [WARNING]         [!] Không thấy dữ liệu hoặc Trống (Lần lỗi 4/5)
2026-04-14 22:51:49,101 [INFO]       - Đang quét Page 5: https://www.dienmayxanh.com/tai-nghe/tai-nghe-bluetooth-chup-tai-havit-h612bt-pro/danh-gia?page=5
2026-04-14 22:51:56,080 [WARNING]         [!] Không thấy dữ liệu hoặc Trống (Lần lỗi 5/5)
2026-04-14 22:51:58,857 [INFO]         💾 Đã lưu 2 reviews cuối.
2026-04-14 22:51:58,858 [INFO]  ✅ Hoàn tất cào sản phẩm: 358393
2026-04-14 22:51:58,858 [INFO]  -> [67/180] Lấy Breadcrumb & Review trang gốc: https://www.dienmayxanh.com/tai-nghe/tai-nghe-bluetooth-true-wireless-realme-buds-t200-lite
2026-04-14 22:52:05,367 [INFO]       ✅ Thu được 5 reviews từ trang gốc.
2026-04-14 22:52:05,368 [INFO]       - Đang quét Page 1: https://www.dienmayxanh.com/tai-nghe/tai-nghe-bluetooth-true-wireless-realme-buds-t200-lite/danh-gia?page=1
2026-04-14 22:52:10,823 [INFO]         ✅ Thêm 0 reviews mới từ Page 1.
2026-04-14 22:52:12,500 [INFO]       - Đang quét Page 2: https://www.dienmayxanh.com/tai-nghe/tai-nghe-bluetooth-true-wireless-realme-buds-t200-lite/danh-gia?page=2
2026-04-14 22:52:20,903 [WARNING]         [!] Không thấy dữ liệu hoặc Trống (Lần lỗi 1/5)
2026-04-14 22:52:23,092 [INFO]       - Đang quét Page 3: https://www.dienmayxanh.com/tai-nghe/tai-nghe-bluetooth-true-wireless-realme-buds-t200-lite/danh-gia?page=3
2026-04-14 22:52:31,972 [WARNING]         [!] Không thấy dữ liệu hoặc Trống (Lần lỗi 2/5)
2026-04-14 22:52:34,367 [INFO]       - Đang quét Page 4: https://www.dienmayxanh.com/tai-nghe/tai-nghe-bluetooth-true-wireless-realme-buds-t200-lite/danh-gia?page=4
2026-04-14 22:52:42,171 [WARNING]         [!] Không thấy dữ liệu hoặc Trống (Lần lỗi 3/5)
2026-04-14 22:52:43,873 [INFO]       - Đang quét Page 5: https://www.dienmayxanh.com/tai-nghe/tai-nghe-bluetooth-true-wireless-realme-buds-t200-lite/danh-gia?page=5
2026-04-14 22:52:51,663 [WARNING]         [!] Không thấy dữ liệu hoặc Trống (Lần lỗi 4/5)
2026-04-14 22:52:53,680 [INFO]       - Đang quét Page 6: https://www.dienmayxanh.com/tai-nghe/tai-nghe-bluetooth-true-wireless-realme-buds-t200-lite/danh-gia?page=6
2026-04-14 22:53:01,775 [WARNING]         [!] Không thấy dữ liệu hoặc Trống (Lần lỗi 5/5)
2026-04-14 22:53:03,660 [INFO]         💾 Đã lưu 5 reviews cuối.
2026-04-14 22:53:03,660 [INFO]  ✅ Hoàn tất cào sản phẩm: 336370
2026-04-14 22:53:03,660 [INFO]  -> [68/180] Lấy Breadcrumb & Review trang gốc: https://www.dienmayxanh.com/tai-nghe/tai-nghe-bluetooth-sony-wi-c100
2026-04-14 22:53:12,524 [INFO]       ✅ Thu được 10 reviews từ trang gốc.
2026-04-14 22:53:12,524 [INFO]       - Đang quét Page 1: https://www.dienmayxanh.com/tai-nghe/tai-nghe-bluetooth-sony-wi-c100/danh-gia?page=1
2026-04-14 22:53:19,524 [INFO]         ✅ Thêm 11 reviews mới từ Page 1.
2026-04-14 22:53:21,715 [INFO]       - Đang quét Page 2: https://www.dienmayxanh.com/tai-nghe/tai-nghe-bluetooth-sony-wi-c100/danh-gia?page=2
2026-04-14 22:53:31,858 [WARNING]         [!] Không thấy dữ liệu hoặc Trống (Lần lỗi 1/5)
2026-04-14 22:53:34,347 [INFO]       - Đang quét Page 3: https://www.dienmayxanh.com/tai-nghe/tai-nghe-bluetooth-sony-wi-c100/danh-gia?page=3
2026-04-14 22:53:42,722 [WARNING]         [!] Không thấy dữ liệu hoặc Trống (Lần lỗi 2/5)
2026-04-14 22:53:44,724 [INFO]       - Đang quét Page 4: https://www.dienmayxanh.com/tai-nghe/tai-nghe-bluetooth-sony-wi-c100/danh-gia?page=4
2026-04-14 22:53:53,224 [WARNING]         [!] Không thấy dữ liệu hoặc Trống (Lần lỗi 3/5)
2026-04-14 22:53:56,133 [INFO]       - Đang quét Page 5: https://www.dienmayxanh.com/tai-nghe/tai-nghe-bluetooth-sony-wi-c100/danh-gia?page=5
2026-04-14 22:54:05,132 [WARNING]         [!] Không thấy dữ liệu hoặc Trống (Lần lỗi 4/5)
2026-04-14 22:54:06,800 [INFO]       - Đang quét Page 6: https://www.dienmayxanh.com/tai-nghe/tai-nghe-bluetooth-sony-wi-c100/danh-gia?page=6
2026-04-14 22:54:14,202 [WARNING]         [!] Không thấy dữ liệu hoặc Trống (Lần lỗi 5/5)
2026-04-14 22:54:16,788 [INFO]         💾 Đã lưu 17 reviews cuối.
2026-04-14 22:54:16,789 [INFO]  ✅ Hoàn tất cào sản phẩm: 327950
2026-04-14 22:54:16,789 [INFO]  -> [69/180] Lấy Breadcrumb & Review trang gốc: https://www.dienmayxanh.com/tai-nghe/tai-nghe-nhet-tai-ep-sony-mdr-ex155ap
2026-04-14 22:54:36,565 [INFO]       ✅ Thu được 10 reviews từ trang gốc.
2026-04-14 22:54:36,565 [INFO]       - Đang quét Page 1: https://www.dienmayxanh.com/tai-nghe/tai-nghe-nhet-tai-ep-sony-mdr-ex155ap/danh-gia?page=1
2026-04-14 22:54:43,545 [INFO]         ✅ Thêm 15 reviews mới từ Page 1.
2026-04-14 22:54:43,546 [INFO]         💾 Đã lưu 21 reviews.
2026-04-14 22:54:45,914 [INFO]       - Đang quét Page 2: https://www.dienmayxanh.com/tai-nghe/tai-nghe-nhet-tai-ep-sony-mdr-ex155ap/danh-gia?page=2
2026-04-14 22:54:56,840 [INFO]         ✅ Thêm 18 reviews mới từ Page 2.
2026-04-14 22:54:58,799 [INFO]       - Đang quét Page 3: https://www.dienmayxanh.com/tai-nghe/tai-nghe-nhet-tai-ep-sony-mdr-ex155ap/danh-gia?page=3
2026-04-14 22:55:05,085 [INFO]         ✅ Thêm 3 reviews mới từ Page 3.
2026-04-14 22:55:05,088 [INFO]         💾 Đã lưu 21 reviews.
2026-04-14 22:55:06,789 [INFO]       - Đang quét Page 4: https://www.dienmayxanh.com/tai-nghe/tai-nghe-nhet-tai-ep-sony-mdr-ex155ap/danh-gia?page=4
2026-04-14 22:55:15,061 [WARNING]         [!] Không thấy dữ liệu hoặc Trống (Lần lỗi 1/5)
2026-04-14 22:55:17,602 [INFO]       - Đang quét Page 5: https://www.dienmayxanh.com/tai-nghe/tai-nghe-nhet-tai-ep-sony-mdr-ex155ap/danh-gia?page=5
2026-04-14 22:55:26,079 [WARNING]         [!] Không thấy dữ liệu hoặc Trống (Lần lỗi 2/5)
2026-04-14 22:55:29,059 [INFO]       - Đang quét Page 6: https://www.dienmayxanh.com/tai-nghe/tai-nghe-nhet-tai-ep-sony-mdr-ex155ap/danh-gia?page=6
2026-04-14 22:55:37,389 [WARNING]         [!] Không thấy dữ liệu hoặc Trống (Lần lỗi 3/5)
2026-04-14 22:55:38,975 [INFO]       - Đang quét Page 7: https://www.dienmayxanh.com/tai-nghe/tai-nghe-nhet-tai-ep-sony-mdr-ex155ap/danh-gia?page=7
2026-04-14 22:55:47,247 [WARNING]         [!] Không thấy dữ liệu hoặc Trống (Lần lỗi 4/5)
2026-04-14 22:55:49,828 [INFO]       - Đang quét Page 8: https://www.dienmayxanh.com/tai-nghe/tai-nghe-nhet-tai-ep-sony-mdr-ex155ap/danh-gia?page=8
2026-04-14 22:55:58,317 [WARNING]         [!] Không thấy dữ liệu hoặc Trống (Lần lỗi 5/5)
2026-04-14 22:55:59,990 [INFO]  ✅ Hoàn tất cào sản phẩm: 136479
2026-04-14 22:55:59,990 [INFO] ♻️ Làm mới Session trình duyệt...
2026-04-14 22:56:01,837 [INFO]  -> [70/180] Lấy Breadcrumb & Review trang gốc: https://www.dienmayxanh.com/tai-nghe/tai-nghe-bluetooth-true-wireless-sony-wf-c510-imei
2026-04-14 22:56:11,587 [INFO]       ✅ Thu được 8 reviews từ trang gốc.
2026-04-14 22:56:11,587 [INFO]       - Đang quét Page 1: https://www.dienmayxanh.com/tai-nghe/tai-nghe-bluetooth-true-wireless-sony-wf-c510-imei/danh-gia?page=1
2026-04-14 22:56:17,127 [INFO]         ✅ Thêm 3 reviews mới từ Page 1.
2026-04-14 22:56:19,480 [INFO]       - Đang quét Page 2: https://www.dienmayxanh.com/tai-nghe/tai-nghe-bluetooth-true-wireless-sony-wf-c510-imei/danh-gia?page=2
2026-04-14 22:56:27,539 [WARNING]         [!] Không thấy dữ liệu hoặc Trống (Lần lỗi 1/5)
2026-04-14 22:56:29,905 [INFO]       - Đang quét Page 3: https://www.dienmayxanh.com/tai-nghe/tai-nghe-bluetooth-true-wireless-sony-wf-c510-imei/danh-gia?page=3
2026-04-14 22:56:37,767 [WARNING]         [!] Không thấy dữ liệu hoặc Trống (Lần lỗi 2/5)
2026-04-14 22:56:40,034 [INFO]       - Đang quét Page 4: https://www.dienmayxanh.com/tai-nghe/tai-nghe-bluetooth-true-wireless-sony-wf-c510-imei/danh-gia?page=4
2026-04-14 22:56:47,793 [WARNING]         [!] Không thấy dữ liệu hoặc Trống (Lần lỗi 3/5)
2026-04-14 22:56:50,574 [INFO]       - Đang quét Page 5: https://www.dienmayxanh.com/tai-nghe/tai-nghe-bluetooth-true-wireless-sony-wf-c510-imei/danh-gia?page=5
2026-04-14 22:56:58,423 [WARNING]         [!] Không thấy dữ liệu hoặc Trống (Lần lỗi 4/5)
2026-04-14 22:57:00,357 [INFO]       - Đang quét Page 6: https://www.dienmayxanh.com/tai-nghe/tai-nghe-bluetooth-true-wireless-sony-wf-c510-imei/danh-gia?page=6
2026-04-14 22:57:08,253 [WARNING]         [!] Không thấy dữ liệu hoặc Trống (Lần lỗi 5/5)
2026-04-14 22:57:10,219 [INFO]         💾 Đã lưu 9 reviews cuối.
2026-04-14 22:57:10,219 [INFO]  ✅ Hoàn tất cào sản phẩm: 342854
2026-04-14 22:57:10,220 [INFO]  -> [71/180] Lấy Breadcrumb & Review trang gốc: https://www.dienmayxanh.com/tai-nghe/tai-nghe-bluetooth-chup-tai-havit-h667bt
2026-04-14 22:57:16,157 [INFO]       ✅ Thu được 10 reviews từ trang gốc.
2026-04-14 22:57:16,158 [INFO]       - Đang quét Page 1: https://www.dienmayxanh.com/tai-nghe/tai-nghe-bluetooth-chup-tai-havit-h667bt/danh-gia?page=1
2026-04-14 22:57:24,654 [INFO]         ✅ Thêm 14 reviews mới từ Page 1.
2026-04-14 22:57:24,657 [INFO]         💾 Đã lưu 20 reviews.
2026-04-14 22:57:26,958 [INFO]       - Đang quét Page 2: https://www.dienmayxanh.com/tai-nghe/tai-nghe-bluetooth-chup-tai-havit-h667bt/danh-gia?page=2
2026-04-14 22:57:33,836 [INFO]         ✅ Thêm 18 reviews mới từ Page 2.
2026-04-14 22:57:36,280 [INFO]       - Đang quét Page 3: https://www.dienmayxanh.com/tai-nghe/tai-nghe-bluetooth-chup-tai-havit-h667bt/danh-gia?page=3
2026-04-14 22:57:44,103 [WARNING]         [!] Không thấy dữ liệu hoặc Trống (Lần lỗi 1/5)
2026-04-14 22:57:46,571 [INFO]       - Đang quét Page 4: https://www.dienmayxanh.com/tai-nghe/tai-nghe-bluetooth-chup-tai-havit-h667bt/danh-gia?page=4
2026-04-14 22:57:55,087 [WARNING]         [!] Không thấy dữ liệu hoặc Trống (Lần lỗi 2/5)
2026-04-14 22:57:56,590 [INFO]       - Đang quét Page 5: https://www.dienmayxanh.com/tai-nghe/tai-nghe-bluetooth-chup-tai-havit-h667bt/danh-gia?page=5
2026-04-14 22:58:04,589 [WARNING]         [!] Không thấy dữ liệu hoặc Trống (Lần lỗi 3/5)
2026-04-14 22:58:06,794 [INFO]       - Đang quét Page 6: https://www.dienmayxanh.com/tai-nghe/tai-nghe-bluetooth-chup-tai-havit-h667bt/danh-gia?page=6
2026-04-14 22:58:15,124 [WARNING]         [!] Không thấy dữ liệu hoặc Trống (Lần lỗi 4/5)
2026-04-14 22:58:17,595 [INFO]       - Đang quét Page 7: https://www.dienmayxanh.com/tai-nghe/tai-nghe-bluetooth-chup-tai-havit-h667bt/danh-gia?page=7
2026-04-14 22:58:25,746 [WARNING]         [!] Không thấy dữ liệu hoặc Trống (Lần lỗi 5/5)
2026-04-14 22:58:28,379 [INFO]         💾 Đã lưu 18 reviews cuối.
2026-04-14 22:58:28,380 [INFO]  ✅ Hoàn tất cào sản phẩm: 320250
2026-04-14 22:58:28,380 [INFO]  -> [72/180] Lấy Breadcrumb & Review trang gốc: https://www.dienmayxanh.com/tai-nghe/tai-nghe-bluetooth-tws-xiaomi-redmi-buds-6-lite
2026-04-14 22:58:38,486 [INFO]       ✅ Thu được 10 reviews từ trang gốc.
2026-04-14 22:58:38,486 [INFO]       - Đang quét Page 1: https://www.dienmayxanh.com/tai-nghe/tai-nghe-bluetooth-tws-xiaomi-redmi-buds-6-lite/danh-gia?page=1
2026-04-14 22:58:46,098 [INFO]         ✅ Thêm 15 reviews mới từ Page 1.
2026-04-14 22:58:46,103 [INFO]         💾 Đã lưu 21 reviews.
2026-04-14 22:58:48,909 [INFO]       - Đang quét Page 2: https://www.dienmayxanh.com/tai-nghe/tai-nghe-bluetooth-tws-xiaomi-redmi-buds-6-lite/danh-gia?page=2
2026-04-14 22:58:59,749 [INFO]         ✅ Thêm 20 reviews mới từ Page 2.
2026-04-14 22:58:59,751 [INFO]         💾 Đã lưu 20 reviews.
2026-04-14 22:59:02,196 [INFO]       - Đang quét Page 3: https://www.dienmayxanh.com/tai-nghe/tai-nghe-bluetooth-tws-xiaomi-redmi-buds-6-lite/danh-gia?page=3
2026-04-14 22:59:10,714 [INFO]         ✅ Thêm 19 reviews mới từ Page 3.
2026-04-14 22:59:13,062 [INFO]       - Đang quét Page 4: https://www.dienmayxanh.com/tai-nghe/tai-nghe-bluetooth-tws-xiaomi-redmi-buds-6-lite/danh-gia?page=4
2026-04-14 22:59:20,182 [INFO]         ✅ Thêm 20 reviews mới từ Page 4.
2026-04-14 22:59:20,187 [INFO]         💾 Đã lưu 39 reviews.
2026-04-14 22:59:22,760 [INFO]       - Đang quét Page 5: https://www.dienmayxanh.com/tai-nghe/tai-nghe-bluetooth-tws-xiaomi-redmi-buds-6-lite/danh-gia?page=5
2026-04-14 22:59:31,089 [INFO]         ✅ Thêm 20 reviews mới từ Page 5.
2026-04-14 22:59:31,092 [INFO]         💾 Đã lưu 20 reviews.
2026-04-14 22:59:33,008 [INFO]       - Đang quét Page 6: https://www.dienmayxanh.com/tai-nghe/tai-nghe-bluetooth-tws-xiaomi-redmi-buds-6-lite/danh-gia?page=6
2026-04-14 22:59:38,894 [INFO]         ✅ Thêm 12 reviews mới từ Page 6.
2026-04-14 22:59:40,471 [INFO]       - Đang quét Page 7: https://www.dienmayxanh.com/tai-nghe/tai-nghe-bluetooth-tws-xiaomi-redmi-buds-6-lite/danh-gia?page=7
2026-04-14 22:59:49,662 [WARNING]         [!] Không thấy dữ liệu hoặc Trống (Lần lỗi 1/5)
2026-04-14 22:59:51,827 [INFO]       - Đang quét Page 8: https://www.dienmayxanh.com/tai-nghe/tai-nghe-bluetooth-tws-xiaomi-redmi-buds-6-lite/danh-gia?page=8
2026-04-14 22:59:59,955 [WARNING]         [!] Không thấy dữ liệu hoặc Trống (Lần lỗi 2/5)
2026-04-14 23:00:01,876 [INFO]       - Đang quét Page 9: https://www.dienmayxanh.com/tai-nghe/tai-nghe-bluetooth-tws-xiaomi-redmi-buds-6-lite/danh-gia?page=9
2026-04-14 23:00:10,382 [WARNING]         [!] Không thấy dữ liệu hoặc Trống (Lần lỗi 3/5)
2026-04-14 23:00:13,006 [INFO]       - Đang quét Page 10: https://www.dienmayxanh.com/tai-nghe/tai-nghe-bluetooth-tws-xiaomi-redmi-buds-6-lite/danh-gia?page=10
2026-04-14 23:00:21,403 [WARNING]         [!] Không thấy dữ liệu hoặc Trống (Lần lỗi 4/5)
2026-04-14 23:00:23,017 [INFO]       - Đang quét Page 11: https://www.dienmayxanh.com/tai-nghe/tai-nghe-bluetooth-tws-xiaomi-redmi-buds-6-lite/danh-gia?page=11
2026-04-14 23:00:32,422 [WARNING]         [!] Không thấy dữ liệu hoặc Trống (Lần lỗi 5/5)
2026-04-14 23:00:34,080 [INFO]         💾 Đã lưu 12 reviews cuối.
2026-04-14 23:00:34,080 [INFO]  ✅ Hoàn tất cào sản phẩm: 328697
2026-04-14 23:00:34,081 [INFO]  -> [73/180] Lấy Breadcrumb & Review trang gốc: https://www.dienmayxanh.com/tai-nghe/tai-nghe-bluetooth-open-ear-ows-rezo-pulsego
2026-04-14 23:00:42,758 [INFO]       - Đang quét Page 1: https://www.dienmayxanh.com/tai-nghe/tai-nghe-bluetooth-open-ear-ows-rezo-pulsego/danh-gia?page=1
2026-04-14 23:00:49,806 [WARNING]         [!] Không thấy dữ liệu hoặc Trống (Lần lỗi 1/5)
2026-04-14 23:00:52,806 [INFO]       - Đang quét Page 2: https://www.dienmayxanh.com/tai-nghe/tai-nghe-bluetooth-open-ear-ows-rezo-pulsego/danh-gia?page=2
2026-04-14 23:01:00,168 [WARNING]         [!] Không thấy dữ liệu hoặc Trống (Lần lỗi 2/5)
2026-04-14 23:01:02,490 [INFO]       - Đang quét Page 3: https://www.dienmayxanh.com/tai-nghe/tai-nghe-bluetooth-open-ear-ows-rezo-pulsego/danh-gia?page=3
2026-04-14 23:01:09,431 [WARNING]         [!] Không thấy dữ liệu hoặc Trống (Lần lỗi 3/5)
2026-04-14 23:01:11,754 [INFO]       - Đang quét Page 4: https://www.dienmayxanh.com/tai-nghe/tai-nghe-bluetooth-open-ear-ows-rezo-pulsego/danh-gia?page=4
2026-04-14 23:01:18,707 [WARNING]         [!] Không thấy dữ liệu hoặc Trống (Lần lỗi 4/5)
2026-04-14 23:01:21,246 [INFO]       - Đang quét Page 5: https://www.dienmayxanh.com/tai-nghe/tai-nghe-bluetooth-open-ear-ows-rezo-pulsego/danh-gia?page=5
2026-04-14 23:01:28,221 [WARNING]         [!] Không thấy dữ liệu hoặc Trống (Lần lỗi 5/5)
2026-04-14 23:01:30,638 [INFO]  ✅ Hoàn tất cào sản phẩm: 362478
2026-04-14 23:01:30,639 [INFO]  -> [74/180] Lấy Breadcrumb & Review trang gốc: https://www.dienmayxanh.com/tai-nghe/tai-nghe-bluetooth-chup-tai-ugreen-hitune-max5c-hp203?utm_flashsale=1
2026-04-14 23:01:37,309 [INFO]       ✅ Thu được 4 reviews từ trang gốc.
2026-04-14 23:01:37,310 [INFO]       - Đang quét Page 1: https://www.dienmayxanh.com/tai-nghe/tai-nghe-bluetooth-chup-tai-ugreen-hitune-max5c-hp203/danh-gia?page=1
2026-04-14 23:01:42,971 [INFO]         ✅ Thêm 0 reviews mới từ Page 1.
2026-04-14 23:01:45,572 [INFO]       - Đang quét Page 2: https://www.dienmayxanh.com/tai-nghe/tai-nghe-bluetooth-chup-tai-ugreen-hitune-max5c-hp203/danh-gia?page=2
2026-04-14 23:01:53,717 [WARNING]         [!] Không thấy dữ liệu hoặc Trống (Lần lỗi 1/5)
2026-04-14 23:01:55,438 [INFO]       - Đang quét Page 3: https://www.dienmayxanh.com/tai-nghe/tai-nghe-bluetooth-chup-tai-ugreen-hitune-max5c-hp203/danh-gia?page=3
2026-04-14 23:02:03,379 [WARNING]         [!] Không thấy dữ liệu hoặc Trống (Lần lỗi 2/5)
2026-04-14 23:02:05,930 [INFO]       - Đang quét Page 4: https://www.dienmayxanh.com/tai-nghe/tai-nghe-bluetooth-chup-tai-ugreen-hitune-max5c-hp203/danh-gia?page=4
2026-04-14 23:02:14,146 [WARNING]         [!] Không thấy dữ liệu hoặc Trống (Lần lỗi 3/5)
2026-04-14 23:02:16,122 [INFO]       - Đang quét Page 5: https://www.dienmayxanh.com/tai-nghe/tai-nghe-bluetooth-chup-tai-ugreen-hitune-max5c-hp203/danh-gia?page=5
2026-04-14 23:02:25,151 [WARNING]         [!] Không thấy dữ liệu hoặc Trống (Lần lỗi 4/5)
2026-04-14 23:02:28,047 [INFO]       - Đang quét Page 6: https://www.dienmayxanh.com/tai-nghe/tai-nghe-bluetooth-chup-tai-ugreen-hitune-max5c-hp203/danh-gia?page=6
2026-04-14 23:02:36,773 [WARNING]         [!] Không thấy dữ liệu hoặc Trống (Lần lỗi 5/5)
2026-04-14 23:02:38,323 [INFO]         💾 Đã lưu 4 reviews cuối.
2026-04-14 23:02:38,323 [INFO]  ✅ Hoàn tất cào sản phẩm: 360084
2026-04-14 23:02:38,324 [INFO]  -> [75/180] Lấy Breadcrumb & Review trang gốc: https://www.dienmayxanh.com/tai-nghe/tai-nghe-bluetooth-true-wireless-soundpeats-q3-pro
2026-04-14 23:02:44,928 [INFO]       ✅ Thu được 4 reviews từ trang gốc.
2026-04-14 23:02:44,928 [INFO]       - Đang quét Page 1: https://www.dienmayxanh.com/tai-nghe/tai-nghe-bluetooth-true-wireless-soundpeats-q3-pro/danh-gia?page=1
2026-04-14 23:02:49,951 [INFO]         ✅ Thêm 0 reviews mới từ Page 1.
2026-04-14 23:02:51,498 [INFO]       - Đang quét Page 2: https://www.dienmayxanh.com/tai-nghe/tai-nghe-bluetooth-true-wireless-soundpeats-q3-pro/danh-gia?page=2
2026-04-14 23:02:59,669 [WARNING]         [!] Không thấy dữ liệu hoặc Trống (Lần lỗi 1/5)
2026-04-14 23:03:02,189 [INFO]       - Đang quét Page 3: https://www.dienmayxanh.com/tai-nghe/tai-nghe-bluetooth-true-wireless-soundpeats-q3-pro/danh-gia?page=3
2026-04-14 23:03:10,587 [WARNING]         [!] Không thấy dữ liệu hoặc Trống (Lần lỗi 2/5)
2026-04-14 23:03:12,227 [INFO]       - Đang quét Page 4: https://www.dienmayxanh.com/tai-nghe/tai-nghe-bluetooth-true-wireless-soundpeats-q3-pro/danh-gia?page=4
2026-04-14 23:03:20,579 [WARNING]         [!] Không thấy dữ liệu hoặc Trống (Lần lỗi 3/5)
2026-04-14 23:03:23,026 [INFO]       - Đang quét Page 5: https://www.dienmayxanh.com/tai-nghe/tai-nghe-bluetooth-true-wireless-soundpeats-q3-pro/danh-gia?page=5
2026-04-14 23:03:31,627 [WARNING]         [!] Không thấy dữ liệu hoặc Trống (Lần lỗi 4/5)
2026-04-14 23:03:33,786 [INFO]       - Đang quét Page 6: https://www.dienmayxanh.com/tai-nghe/tai-nghe-bluetooth-true-wireless-soundpeats-q3-pro/danh-gia?page=6
2026-04-14 23:03:42,186 [WARNING]         [!] Không thấy dữ liệu hoặc Trống (Lần lỗi 5/5)
2026-04-14 23:03:44,757 [INFO]         💾 Đã lưu 4 reviews cuối.
2026-04-14 23:03:44,758 [INFO]  ✅ Hoàn tất cào sản phẩm: 360353
2026-04-14 23:03:44,759 [INFO]  -> [76/180] Lấy Breadcrumb & Review trang gốc: https://www.dienmayxanh.com/tai-nghe/tai-nghe-bluetooth-chup-tai-sony-wh-ch720n?utm_flashsale=1
2026-04-14 23:03:51,820 [INFO]       ✅ Thu được 4 reviews từ trang gốc.
2026-04-14 23:03:51,821 [INFO]       - Đang quét Page 1: https://www.dienmayxanh.com/tai-nghe/tai-nghe-bluetooth-chup-tai-sony-wh-ch720n/danh-gia?page=1
2026-04-14 23:03:58,406 [INFO]         ✅ Thêm 0 reviews mới từ Page 1.
2026-04-14 23:04:00,761 [INFO]       - Đang quét Page 2: https://www.dienmayxanh.com/tai-nghe/tai-nghe-bluetooth-chup-tai-sony-wh-ch720n/danh-gia?page=2
2026-04-14 23:04:08,936 [WARNING]         [!] Không thấy dữ liệu hoặc Trống (Lần lỗi 1/5)
2026-04-14 23:04:11,817 [INFO]       - Đang quét Page 3: https://www.dienmayxanh.com/tai-nghe/tai-nghe-bluetooth-chup-tai-sony-wh-ch720n/danh-gia?page=3
2026-04-14 23:04:19,792 [WARNING]         [!] Không thấy dữ liệu hoặc Trống (Lần lỗi 2/5)
2026-04-14 23:04:22,625 [INFO]       - Đang quét Page 4: https://www.dienmayxanh.com/tai-nghe/tai-nghe-bluetooth-chup-tai-sony-wh-ch720n/danh-gia?page=4
2026-04-14 23:04:32,925 [WARNING]         [!] Không thấy dữ liệu hoặc Trống (Lần lỗi 3/5)
2026-04-14 23:04:34,609 [INFO]       - Đang quét Page 5: https://www.dienmayxanh.com/tai-nghe/tai-nghe-bluetooth-chup-tai-sony-wh-ch720n/danh-gia?page=5
2026-04-14 23:04:43,524 [WARNING]         [!] Không thấy dữ liệu hoặc Trống (Lần lỗi 4/5)
2026-04-14 23:04:45,301 [INFO]       - Đang quét Page 6: https://www.dienmayxanh.com/tai-nghe/tai-nghe-bluetooth-chup-tai-sony-wh-ch720n/danh-gia?page=6
2026-04-14 23:04:53,758 [WARNING]         [!] Không thấy dữ liệu hoặc Trống (Lần lỗi 5/5)
2026-04-14 23:04:55,871 [INFO]         💾 Đã lưu 4 reviews cuối.
2026-04-14 23:04:55,872 [INFO]  ✅ Hoàn tất cào sản phẩm: 313697
2026-04-14 23:04:55,873 [INFO]  -> [77/180] Lấy Breadcrumb & Review trang gốc: https://www.dienmayxanh.com/tai-nghe/tai-nghe-sony-mdr-zx110ap
2026-04-14 23:05:02,218 [INFO]       ✅ Thu được 9 reviews từ trang gốc.
2026-04-14 23:05:02,218 [INFO]       - Đang quét Page 1: https://www.dienmayxanh.com/tai-nghe/tai-nghe-sony-mdr-zx110ap/danh-gia?page=1
2026-04-14 23:05:12,741 [INFO]         ✅ Thêm 15 reviews mới từ Page 1.
2026-04-14 23:05:12,745 [INFO]         💾 Đã lưu 20 reviews.
2026-04-14 23:05:15,280 [INFO]       - Đang quét Page 2: https://www.dienmayxanh.com/tai-nghe/tai-nghe-sony-mdr-zx110ap/danh-gia?page=2
2026-04-14 23:05:23,283 [INFO]         ✅ Thêm 20 reviews mới từ Page 2.
2026-04-14 23:05:23,284 [INFO]         💾 Đã lưu 20 reviews.
2026-04-14 23:05:25,177 [INFO]       - Đang quét Page 3: https://www.dienmayxanh.com/tai-nghe/tai-nghe-sony-mdr-zx110ap/danh-gia?page=3
2026-04-14 23:05:33,022 [INFO]         ✅ Thêm 19 reviews mới từ Page 3.
2026-04-14 23:05:35,916 [INFO]       - Đang quét Page 4: https://www.dienmayxanh.com/tai-nghe/tai-nghe-sony-mdr-zx110ap/danh-gia?page=4
2026-04-14 23:05:42,375 [INFO]         ✅ Thêm 14 reviews mới từ Page 4.
2026-04-14 23:05:42,377 [INFO]         💾 Đã lưu 33 reviews.
2026-04-14 23:05:45,039 [INFO]       - Đang quét Page 5: https://www.dienmayxanh.com/tai-nghe/tai-nghe-sony-mdr-zx110ap/danh-gia?page=5
2026-04-14 23:05:53,001 [WARNING]         [!] Không thấy dữ liệu hoặc Trống (Lần lỗi 1/5)
2026-04-14 23:05:54,535 [INFO]       - Đang quét Page 6: https://www.dienmayxanh.com/tai-nghe/tai-nghe-sony-mdr-zx110ap/danh-gia?page=6
2026-04-14 23:06:03,749 [WARNING]         [!] Không thấy dữ liệu hoặc Trống (Lần lỗi 2/5)
2026-04-14 23:06:06,125 [INFO]       - Đang quét Page 7: https://www.dienmayxanh.com/tai-nghe/tai-nghe-sony-mdr-zx110ap/danh-gia?page=7
2026-04-14 23:06:15,228 [WARNING]         [!] Không thấy dữ liệu hoặc Trống (Lần lỗi 3/5)
2026-04-14 23:06:18,048 [INFO]       - Đang quét Page 8: https://www.dienmayxanh.com/tai-nghe/tai-nghe-sony-mdr-zx110ap/danh-gia?page=8
2026-04-14 23:06:26,411 [WARNING]         [!] Không thấy dữ liệu hoặc Trống (Lần lỗi 4/5)
2026-04-14 23:06:28,462 [INFO]       - Đang quét Page 9: https://www.dienmayxanh.com/tai-nghe/tai-nghe-sony-mdr-zx110ap/danh-gia?page=9
2026-04-14 23:06:37,596 [WARNING]         [!] Không thấy dữ liệu hoặc Trống (Lần lỗi 5/5)
2026-04-14 23:06:39,504 [INFO]  ✅ Hoàn tất cào sản phẩm: 75430
2026-04-14 23:06:39,505 [INFO]  -> [78/180] Lấy Breadcrumb & Review trang gốc: https://www.dienmayxanh.com/tai-nghe/tai-nghe-bluetooth-tws-ava-freego-y913?utm_flashsale=1
2026-04-14 23:06:47,536 [INFO]       ✅ Thu được 9 reviews từ trang gốc.
2026-04-14 23:06:47,536 [INFO]       - Đang quét Page 1: https://www.dienmayxanh.com/tai-nghe/tai-nghe-bluetooth-tws-ava-freego-y913/danh-gia?page=1
2026-04-14 23:06:53,892 [INFO]         ✅ Thêm 15 reviews mới từ Page 1.
2026-04-14 23:06:53,897 [INFO]         💾 Đã lưu 20 reviews.
2026-04-14 23:06:55,539 [INFO]       - Đang quét Page 2: https://www.dienmayxanh.com/tai-nghe/tai-nghe-bluetooth-tws-ava-freego-y913/danh-gia?page=2
2026-04-14 23:07:01,243 [INFO]         ✅ Thêm 7 reviews mới từ Page 2.
2026-04-14 23:07:04,013 [INFO]       - Đang quét Page 3: https://www.dienmayxanh.com/tai-nghe/tai-nghe-bluetooth-tws-ava-freego-y913/danh-gia?page=3
2026-04-14 23:07:11,920 [WARNING]         [!] Không thấy dữ liệu hoặc Trống (Lần lỗi 1/5)
2026-04-14 23:07:14,832 [INFO]       - Đang quét Page 4: https://www.dienmayxanh.com/tai-nghe/tai-nghe-bluetooth-tws-ava-freego-y913/danh-gia?page=4
2026-04-14 23:07:22,863 [WARNING]         [!] Không thấy dữ liệu hoặc Trống (Lần lỗi 2/5)
2026-04-14 23:07:24,905 [INFO]       - Đang quét Page 5: https://www.dienmayxanh.com/tai-nghe/tai-nghe-bluetooth-tws-ava-freego-y913/danh-gia?page=5
2026-04-14 23:07:33,448 [WARNING]         [!] Không thấy dữ liệu hoặc Trống (Lần lỗi 3/5)
2026-04-14 23:07:35,324 [INFO]       - Đang quét Page 6: https://www.dienmayxanh.com/tai-nghe/tai-nghe-bluetooth-tws-ava-freego-y913/danh-gia?page=6
2026-04-14 23:07:43,600 [WARNING]         [!] Không thấy dữ liệu hoặc Trống (Lần lỗi 4/5)
2026-04-14 23:07:45,745 [INFO]       - Đang quét Page 7: https://www.dienmayxanh.com/tai-nghe/tai-nghe-bluetooth-tws-ava-freego-y913/danh-gia?page=7
2026-04-14 23:07:54,991 [WARNING]         [!] Không thấy dữ liệu hoặc Trống (Lần lỗi 5/5)
2026-04-14 23:07:57,197 [INFO]         💾 Đã lưu 7 reviews cuối.
2026-04-14 23:07:57,197 [INFO]  ✅ Hoàn tất cào sản phẩm: 325305
2026-04-14 23:07:57,198 [INFO]  -> [79/180] Lấy Breadcrumb & Review trang gốc: https://www.dienmayxanh.com/tai-nghe/tai-nghe-bluetooth-true-wireless-havit-tw992
2026-04-14 23:08:03,423 [INFO]       - Đang quét Page 1: https://www.dienmayxanh.com/tai-nghe/tai-nghe-bluetooth-true-wireless-havit-tw992/danh-gia?page=1
2026-04-14 23:08:10,533 [WARNING]         [!] Không thấy dữ liệu hoặc Trống (Lần lỗi 1/5)
2026-04-14 23:08:12,470 [INFO]       - Đang quét Page 2: https://www.dienmayxanh.com/tai-nghe/tai-nghe-bluetooth-true-wireless-havit-tw992/danh-gia?page=2
2026-04-14 23:08:19,459 [WARNING]         [!] Không thấy dữ liệu hoặc Trống (Lần lỗi 2/5)
2026-04-14 23:08:21,352 [INFO]       - Đang quét Page 3: https://www.dienmayxanh.com/tai-nghe/tai-nghe-bluetooth-true-wireless-havit-tw992/danh-gia?page=3
2026-04-14 23:08:28,116 [WARNING]         [!] Không thấy dữ liệu hoặc Trống (Lần lỗi 3/5)
2026-04-14 23:08:30,795 [INFO]       - Đang quét Page 4: https://www.dienmayxanh.com/tai-nghe/tai-nghe-bluetooth-true-wireless-havit-tw992/danh-gia?page=4
2026-04-14 23:08:37,879 [WARNING]         [!] Không thấy dữ liệu hoặc Trống (Lần lỗi 4/5)
2026-04-14 23:08:40,797 [INFO]       - Đang quét Page 5: https://www.dienmayxanh.com/tai-nghe/tai-nghe-bluetooth-true-wireless-havit-tw992/danh-gia?page=5
2026-04-14 23:08:47,753 [WARNING]         [!] Không thấy dữ liệu hoặc Trống (Lần lỗi 5/5)
2026-04-14 23:08:50,291 [INFO]  ✅ Hoàn tất cào sản phẩm: 357463
2026-04-14 23:08:50,291 [INFO] ♻️ Làm mới Session trình duyệt...
2026-04-14 23:08:51,406 [INFO]  -> [80/180] Lấy Breadcrumb & Review trang gốc: https://www.dienmayxanh.com/tai-nghe/tai-nghe-bluetooth-chup-tai-baseus-bass-35-max?utm_flashsale=1
2026-04-14 23:09:01,278 [INFO]       ✅ Thu được 9 reviews từ trang gốc.
2026-04-14 23:09:01,278 [INFO]       - Đang quét Page 1: https://www.dienmayxanh.com/tai-nghe/tai-nghe-bluetooth-chup-tai-baseus-bass-35-max/danh-gia?page=1
2026-04-14 23:09:10,109 [INFO]         ✅ Thêm 15 reviews mới từ Page 1.
2026-04-14 23:09:10,112 [INFO]         💾 Đã lưu 20 reviews.
2026-04-14 23:09:12,406 [INFO]       - Đang quét Page 2: https://www.dienmayxanh.com/tai-nghe/tai-nghe-bluetooth-chup-tai-baseus-bass-35-max/danh-gia?page=2
2026-04-14 23:09:17,200 [INFO]         ✅ Thêm 3 reviews mới từ Page 2.
2026-04-14 23:09:19,815 [INFO]       - Đang quét Page 3: https://www.dienmayxanh.com/tai-nghe/tai-nghe-bluetooth-chup-tai-baseus-bass-35-max/danh-gia?page=3
2026-04-14 23:09:27,556 [WARNING]         [!] Không thấy dữ liệu hoặc Trống (Lần lỗi 1/5)
2026-04-14 23:09:29,908 [INFO]       - Đang quét Page 4: https://www.dienmayxanh.com/tai-nghe/tai-nghe-bluetooth-chup-tai-baseus-bass-35-max/danh-gia?page=4
2026-04-14 23:09:37,747 [WARNING]         [!] Không thấy dữ liệu hoặc Trống (Lần lỗi 2/5)
2026-04-14 23:09:39,485 [INFO]       - Đang quét Page 5: https://www.dienmayxanh.com/tai-nghe/tai-nghe-bluetooth-chup-tai-baseus-bass-35-max/danh-gia?page=5
2026-04-14 23:09:47,515 [WARNING]         [!] Không thấy dữ liệu hoặc Trống (Lần lỗi 3/5)
2026-04-14 23:09:50,455 [INFO]       - Đang quét Page 6: https://www.dienmayxanh.com/tai-nghe/tai-nghe-bluetooth-chup-tai-baseus-bass-35-max/danh-gia?page=6
2026-04-14 23:09:58,197 [WARNING]         [!] Không thấy dữ liệu hoặc Trống (Lần lỗi 4/5)
2026-04-14 23:10:01,152 [INFO]       - Đang quét Page 7: https://www.dienmayxanh.com/tai-nghe/tai-nghe-bluetooth-chup-tai-baseus-bass-35-max/danh-gia?page=7
2026-04-14 23:10:09,650 [WARNING]         [!] Không thấy dữ liệu hoặc Trống (Lần lỗi 5/5)
2026-04-14 23:10:12,119 [INFO]         💾 Đã lưu 3 reviews cuối.
2026-04-14 23:10:12,119 [INFO]  ✅ Hoàn tất cào sản phẩm: 324711
2026-04-14 23:10:12,120 [INFO]  -> [81/180] Lấy Breadcrumb & Review trang gốc: https://www.dienmayxanh.com/tai-nghe/tai-nghe-bluetooth-true-wireless-havit-tw907-se
2026-04-14 23:10:17,464 [INFO]       ✅ Thu được 1 reviews từ trang gốc.
2026-04-14 23:10:17,464 [INFO]       - Đang quét Page 1: https://www.dienmayxanh.com/tai-nghe/tai-nghe-bluetooth-true-wireless-havit-tw907-se/danh-gia?page=1
2026-04-14 23:10:24,283 [WARNING]         [!] Không thấy dữ liệu hoặc Trống (Lần lỗi 1/5)
2026-04-14 23:10:26,441 [INFO]       - Đang quét Page 2: https://www.dienmayxanh.com/tai-nghe/tai-nghe-bluetooth-true-wireless-havit-tw907-se/danh-gia?page=2
2026-04-14 23:10:33,492 [WARNING]         [!] Không thấy dữ liệu hoặc Trống (Lần lỗi 2/5)
2026-04-14 23:10:35,217 [INFO]       - Đang quét Page 3: https://www.dienmayxanh.com/tai-nghe/tai-nghe-bluetooth-true-wireless-havit-tw907-se/danh-gia?page=3
2026-04-14 23:10:42,148 [WARNING]         [!] Không thấy dữ liệu hoặc Trống (Lần lỗi 3/5)
2026-04-14 23:10:44,541 [INFO]       - Đang quét Page 4: https://www.dienmayxanh.com/tai-nghe/tai-nghe-bluetooth-true-wireless-havit-tw907-se/danh-gia?page=4
2026-04-14 23:10:51,452 [WARNING]         [!] Không thấy dữ liệu hoặc Trống (Lần lỗi 4/5)
2026-04-14 23:10:54,061 [INFO]       - Đang quét Page 5: https://www.dienmayxanh.com/tai-nghe/tai-nghe-bluetooth-true-wireless-havit-tw907-se/danh-gia?page=5
2026-04-14 23:11:01,615 [WARNING]         [!] Không thấy dữ liệu hoặc Trống (Lần lỗi 5/5)
2026-04-14 23:11:03,143 [INFO]         💾 Đã lưu 1 reviews cuối.
2026-04-14 23:11:03,143 [INFO]  ✅ Hoàn tất cào sản phẩm: 363373
2026-04-14 23:11:03,144 [INFO]  -> [82/180] Lấy Breadcrumb & Review trang gốc: https://www.dienmayxanh.com/tai-nghe/tai-nghe-co-day-ep-baseus-encok-hz20
2026-04-14 23:11:09,299 [INFO]       ✅ Thu được 5 reviews từ trang gốc.
2026-04-14 23:11:09,299 [INFO]       - Đang quét Page 1: https://www.dienmayxanh.com/tai-nghe/tai-nghe-co-day-ep-baseus-encok-hz20/danh-gia?page=1
2026-04-14 23:11:13,852 [INFO]         ✅ Thêm 0 reviews mới từ Page 1.
2026-04-14 23:11:16,802 [INFO]       - Đang quét Page 2: https://www.dienmayxanh.com/tai-nghe/tai-nghe-co-day-ep-baseus-encok-hz20/danh-gia?page=2
2026-04-14 23:11:24,907 [WARNING]         [!] Không thấy dữ liệu hoặc Trống (Lần lỗi 1/5)
2026-04-14 23:11:26,586 [INFO]       - Đang quét Page 3: https://www.dienmayxanh.com/tai-nghe/tai-nghe-co-day-ep-baseus-encok-hz20/danh-gia?page=3
2026-04-14 23:11:34,367 [WARNING]         [!] Không thấy dữ liệu hoặc Trống (Lần lỗi 2/5)
2026-04-14 23:11:37,114 [INFO]       - Đang quét Page 4: https://www.dienmayxanh.com/tai-nghe/tai-nghe-co-day-ep-baseus-encok-hz20/danh-gia?page=4
2026-04-14 23:11:44,976 [WARNING]         [!] Không thấy dữ liệu hoặc Trống (Lần lỗi 3/5)
2026-04-14 23:11:47,262 [INFO]       - Đang quét Page 5: https://www.dienmayxanh.com/tai-nghe/tai-nghe-co-day-ep-baseus-encok-hz20/danh-gia?page=5
2026-04-14 23:11:55,801 [WARNING]         [!] Không thấy dữ liệu hoặc Trống (Lần lỗi 4/5)
2026-04-14 23:11:57,492 [INFO]       - Đang quét Page 6: https://www.dienmayxanh.com/tai-nghe/tai-nghe-co-day-ep-baseus-encok-hz20/danh-gia?page=6
2026-04-14 23:12:05,407 [WARNING]         [!] Không thấy dữ liệu hoặc Trống (Lần lỗi 5/5)
2026-04-14 23:12:07,401 [INFO]         💾 Đã lưu 5 reviews cuối.
2026-04-14 23:12:07,402 [INFO]  ✅ Hoàn tất cào sản phẩm: 326588
2026-04-14 23:12:07,403 [INFO]  -> [83/180] Lấy Breadcrumb & Review trang gốc: https://www.dienmayxanh.com/tai-nghe/tai-nghe-bluetooth-chup-tai-havit-h603bt
2026-04-14 23:12:14,411 [INFO]       ✅ Thu được 1 reviews từ trang gốc.
2026-04-14 23:12:14,411 [INFO]       - Đang quét Page 1: https://www.dienmayxanh.com/tai-nghe/tai-nghe-bluetooth-chup-tai-havit-h603bt/danh-gia?page=1
2026-04-14 23:12:21,341 [WARNING]         [!] Không thấy dữ liệu hoặc Trống (Lần lỗi 1/5)
2026-04-14 23:12:23,851 [INFO]       - Đang quét Page 2: https://www.dienmayxanh.com/tai-nghe/tai-nghe-bluetooth-chup-tai-havit-h603bt/danh-gia?page=2
2026-04-14 23:12:30,779 [WARNING]         [!] Không thấy dữ liệu hoặc Trống (Lần lỗi 2/5)
2026-04-14 23:12:32,806 [INFO]       - Đang quét Page 3: https://www.dienmayxanh.com/tai-nghe/tai-nghe-bluetooth-chup-tai-havit-h603bt/danh-gia?page=3
2026-04-14 23:12:39,621 [WARNING]         [!] Không thấy dữ liệu hoặc Trống (Lần lỗi 3/5)
2026-04-14 23:12:42,314 [INFO]       - Đang quét Page 4: https://www.dienmayxanh.com/tai-nghe/tai-nghe-bluetooth-chup-tai-havit-h603bt/danh-gia?page=4
2026-04-14 23:12:49,292 [WARNING]         [!] Không thấy dữ liệu hoặc Trống (Lần lỗi 4/5)
2026-04-14 23:12:51,911 [INFO]       - Đang quét Page 5: https://www.dienmayxanh.com/tai-nghe/tai-nghe-bluetooth-chup-tai-havit-h603bt/danh-gia?page=5
2026-04-14 23:12:58,858 [WARNING]         [!] Không thấy dữ liệu hoặc Trống (Lần lỗi 5/5)
2026-04-14 23:13:00,975 [INFO]         💾 Đã lưu 1 reviews cuối.
2026-04-14 23:13:00,975 [INFO]  ✅ Hoàn tất cào sản phẩm: 357464
2026-04-14 23:13:00,976 [INFO]  -> [84/180] Lấy Breadcrumb & Review trang gốc: https://www.dienmayxanh.com/tai-nghe/tai-nghe-tws-jbl-tune-beam-2
2026-04-14 23:13:07,726 [INFO]       ✅ Thu được 10 reviews từ trang gốc.
2026-04-14 23:13:07,726 [INFO]       - Đang quét Page 1: https://www.dienmayxanh.com/tai-nghe/tai-nghe-tws-jbl-tune-beam-2/danh-gia?page=1
2026-04-14 23:13:12,843 [INFO]         ✅ Thêm 5 reviews mới từ Page 1.
2026-04-14 23:13:15,242 [INFO]       - Đang quét Page 2: https://www.dienmayxanh.com/tai-nghe/tai-nghe-tws-jbl-tune-beam-2/danh-gia?page=2
2026-04-14 23:13:22,929 [WARNING]         [!] Không thấy dữ liệu hoặc Trống (Lần lỗi 1/5)
2026-04-14 23:13:25,052 [INFO]       - Đang quét Page 3: https://www.dienmayxanh.com/tai-nghe/tai-nghe-tws-jbl-tune-beam-2/danh-gia?page=3
2026-04-14 23:13:32,722 [WARNING]         [!] Không thấy dữ liệu hoặc Trống (Lần lỗi 2/5)
2026-04-14 23:13:35,679 [INFO]       - Đang quét Page 4: https://www.dienmayxanh.com/tai-nghe/tai-nghe-tws-jbl-tune-beam-2/danh-gia?page=4
2026-04-14 23:13:43,708 [WARNING]         [!] Không thấy dữ liệu hoặc Trống (Lần lỗi 3/5)
2026-04-14 23:13:46,653 [INFO]       - Đang quét Page 5: https://www.dienmayxanh.com/tai-nghe/tai-nghe-tws-jbl-tune-beam-2/danh-gia?page=5
2026-04-14 23:13:54,712 [WARNING]         [!] Không thấy dữ liệu hoặc Trống (Lần lỗi 4/5)
2026-04-14 23:13:57,432 [INFO]       - Đang quét Page 6: https://www.dienmayxanh.com/tai-nghe/tai-nghe-tws-jbl-tune-beam-2/danh-gia?page=6
2026-04-14 23:14:05,351 [WARNING]         [!] Không thấy dữ liệu hoặc Trống (Lần lỗi 5/5)
2026-04-14 23:14:07,630 [INFO]         💾 Đã lưu 11 reviews cuối.
2026-04-14 23:14:07,630 [INFO]  ✅ Hoàn tất cào sản phẩm: 332456
2026-04-14 23:14:07,630 [INFO]  -> [85/180] Lấy Breadcrumb & Review trang gốc: https://www.dienmayxanh.com/tai-nghe/tai-nghe-bluetooth-true-wireless-sony-wf-c710n
2026-04-14 23:14:13,844 [INFO]       ✅ Thu được 5 reviews từ trang gốc.
2026-04-14 23:14:13,845 [INFO]       - Đang quét Page 1: https://www.dienmayxanh.com/tai-nghe/tai-nghe-bluetooth-true-wireless-sony-wf-c710n/danh-gia?page=1
2026-04-14 23:14:18,016 [INFO]         ✅ Thêm 0 reviews mới từ Page 1.
2026-04-14 23:14:20,986 [INFO]       - Đang quét Page 2: https://www.dienmayxanh.com/tai-nghe/tai-nghe-bluetooth-true-wireless-sony-wf-c710n/danh-gia?page=2
2026-04-14 23:14:28,681 [WARNING]         [!] Không thấy dữ liệu hoặc Trống (Lần lỗi 1/5)
2026-04-14 23:14:31,109 [INFO]       - Đang quét Page 3: https://www.dienmayxanh.com/tai-nghe/tai-nghe-bluetooth-true-wireless-sony-wf-c710n/danh-gia?page=3
2026-04-14 23:14:38,783 [WARNING]         [!] Không thấy dữ liệu hoặc Trống (Lần lỗi 2/5)
2026-04-14 23:14:41,297 [INFO]       - Đang quét Page 4: https://www.dienmayxanh.com/tai-nghe/tai-nghe-bluetooth-true-wireless-sony-wf-c710n/danh-gia?page=4
2026-04-14 23:14:49,232 [WARNING]         [!] Không thấy dữ liệu hoặc Trống (Lần lỗi 3/5)
2026-04-14 23:14:52,092 [INFO]       - Đang quét Page 5: https://www.dienmayxanh.com/tai-nghe/tai-nghe-bluetooth-true-wireless-sony-wf-c710n/danh-gia?page=5
2026-04-14 23:14:59,936 [WARNING]         [!] Không thấy dữ liệu hoặc Trống (Lần lỗi 4/5)
2026-04-14 23:15:01,516 [INFO]       - Đang quét Page 6: https://www.dienmayxanh.com/tai-nghe/tai-nghe-bluetooth-true-wireless-sony-wf-c710n/danh-gia?page=6
2026-04-14 23:15:09,353 [WARNING]         [!] Không thấy dữ liệu hoặc Trống (Lần lỗi 5/5)
2026-04-14 23:15:11,586 [INFO]         💾 Đã lưu 5 reviews cuối.
2026-04-14 23:15:11,586 [INFO]  ✅ Hoàn tất cào sản phẩm: 338171
2026-04-14 23:15:11,587 [INFO]  -> [86/180] Lấy Breadcrumb & Review trang gốc: https://www.dienmayxanh.com/tai-nghe/tai-nghe-bluetooth-tws-oppo-enco-buds-2-ete41-trang?utm_flashsale=1
2026-04-14 23:15:19,022 [INFO]       ✅ Thu được 9 reviews từ trang gốc.
2026-04-14 23:15:19,022 [INFO]       - Đang quét Page 1: https://www.dienmayxanh.com/tai-nghe/tai-nghe-bluetooth-tws-oppo-enco-buds-2-ete41-trang/danh-gia?page=1
2026-04-14 23:15:26,405 [INFO]         ✅ Thêm 15 reviews mới từ Page 1.
2026-04-14 23:15:26,408 [INFO]         💾 Đã lưu 21 reviews.
2026-04-14 23:15:28,869 [INFO]       - Đang quét Page 2: https://www.dienmayxanh.com/tai-nghe/tai-nghe-bluetooth-tws-oppo-enco-buds-2-ete41-trang/danh-gia?page=2
2026-04-14 23:15:35,803 [INFO]         ✅ Thêm 18 reviews mới từ Page 2.
2026-04-14 23:15:38,078 [INFO]       - Đang quét Page 3: https://www.dienmayxanh.com/tai-nghe/tai-nghe-bluetooth-tws-oppo-enco-buds-2-ete41-trang/danh-gia?page=3
2026-04-14 23:15:44,783 [INFO]         ✅ Thêm 19 reviews mới từ Page 3.
2026-04-14 23:15:44,787 [INFO]         💾 Đã lưu 37 reviews.
2026-04-14 23:15:47,013 [INFO]       - Đang quét Page 4: https://www.dienmayxanh.com/tai-nghe/tai-nghe-bluetooth-tws-oppo-enco-buds-2-ete41-trang/danh-gia?page=4
2026-04-14 23:15:53,832 [INFO]         ✅ Thêm 20 reviews mới từ Page 4.
2026-04-14 23:15:53,837 [INFO]         💾 Đã lưu 20 reviews.
2026-04-14 23:15:56,367 [INFO]       - Đang quét Page 5: https://www.dienmayxanh.com/tai-nghe/tai-nghe-bluetooth-tws-oppo-enco-buds-2-ete41-trang/danh-gia?page=5
2026-04-14 23:16:03,356 [INFO]         ✅ Thêm 20 reviews mới từ Page 5.
2026-04-14 23:16:03,358 [INFO]         💾 Đã lưu 20 reviews.
2026-04-14 23:16:05,773 [INFO]       - Đang quét Page 6: https://www.dienmayxanh.com/tai-nghe/tai-nghe-bluetooth-tws-oppo-enco-buds-2-ete41-trang/danh-gia?page=6
2026-04-14 23:16:12,075 [INFO]         ✅ Thêm 18 reviews mới từ Page 6.
2026-04-14 23:16:13,970 [INFO]       - Đang quét Page 7: https://www.dienmayxanh.com/tai-nghe/tai-nghe-bluetooth-tws-oppo-enco-buds-2-ete41-trang/danh-gia?page=7
2026-04-14 23:16:20,957 [INFO]         ✅ Thêm 20 reviews mới từ Page 7.
2026-04-14 23:16:20,960 [INFO]         💾 Đã lưu 38 reviews.
2026-04-14 23:16:22,510 [INFO]       - Đang quét Page 8: https://www.dienmayxanh.com/tai-nghe/tai-nghe-bluetooth-tws-oppo-enco-buds-2-ete41-trang/danh-gia?page=8
2026-04-14 23:16:28,718 [INFO]         ✅ Thêm 20 reviews mới từ Page 8.
2026-04-14 23:16:28,720 [INFO]         💾 Đã lưu 20 reviews.
2026-04-14 23:16:31,077 [INFO]       - Đang quét Page 9: https://www.dienmayxanh.com/tai-nghe/tai-nghe-bluetooth-tws-oppo-enco-buds-2-ete41-trang/danh-gia?page=9
2026-04-14 23:16:37,311 [INFO]         ✅ Thêm 20 reviews mới từ Page 9.
2026-04-14 23:16:37,313 [INFO]         💾 Đã lưu 20 reviews.
2026-04-14 23:16:38,966 [INFO]       - Đang quét Page 10: https://www.dienmayxanh.com/tai-nghe/tai-nghe-bluetooth-tws-oppo-enco-buds-2-ete41-trang/danh-gia?page=10
2026-04-14 23:16:45,055 [INFO]         ✅ Thêm 20 reviews mới từ Page 10.
2026-04-14 23:16:45,057 [INFO]         💾 Đã lưu 20 reviews.
2026-04-14 23:16:47,664 [INFO]       - Đang quét Page 11: https://www.dienmayxanh.com/tai-nghe/tai-nghe-bluetooth-tws-oppo-enco-buds-2-ete41-trang/danh-gia?page=11
2026-04-14 23:16:54,824 [INFO]         ✅ Thêm 20 reviews mới từ Page 11.
2026-04-14 23:16:54,827 [INFO]         💾 Đã lưu 20 reviews.
2026-04-14 23:16:56,660 [INFO]       - Đang quét Page 12: https://www.dienmayxanh.com/tai-nghe/tai-nghe-bluetooth-tws-oppo-enco-buds-2-ete41-trang/danh-gia?page=12
2026-04-14 23:17:04,094 [INFO]         ✅ Thêm 20 reviews mới từ Page 12.
2026-04-14 23:17:04,097 [INFO]         💾 Đã lưu 20 reviews.
2026-04-14 23:17:05,666 [INFO]       - Đang quét Page 13: https://www.dienmayxanh.com/tai-nghe/tai-nghe-bluetooth-tws-oppo-enco-buds-2-ete41-trang/danh-gia?page=13
2026-04-14 23:17:12,373 [INFO]         ✅ Thêm 17 reviews mới từ Page 13.
2026-04-14 23:17:14,822 [INFO]       - Đang quét Page 14: https://www.dienmayxanh.com/tai-nghe/tai-nghe-bluetooth-tws-oppo-enco-buds-2-ete41-trang/danh-gia?page=14
2026-04-14 23:17:21,014 [INFO]         ✅ Thêm 19 reviews mới từ Page 14.
2026-04-14 23:17:21,015 [INFO]         💾 Đã lưu 36 reviews.
2026-04-14 23:17:22,807 [INFO]       - Đang quét Page 15: https://www.dienmayxanh.com/tai-nghe/tai-nghe-bluetooth-tws-oppo-enco-buds-2-ete41-trang/danh-gia?page=15
2026-04-14 23:17:27,571 [INFO]         ✅ Thêm 8 reviews mới từ Page 15.
2026-04-14 23:17:29,130 [INFO]       - Đang quét Page 16: https://www.dienmayxanh.com/tai-nghe/tai-nghe-bluetooth-tws-oppo-enco-buds-2-ete41-trang/danh-gia?page=16
2026-04-14 23:17:36,977 [WARNING]         [!] Không thấy dữ liệu hoặc Trống (Lần lỗi 1/5)
2026-04-14 23:17:39,051 [INFO]       - Đang quét Page 17: https://www.dienmayxanh.com/tai-nghe/tai-nghe-bluetooth-tws-oppo-enco-buds-2-ete41-trang/danh-gia?page=17
2026-04-14 23:17:48,907 [WARNING]         [!] Không thấy dữ liệu hoặc Trống (Lần lỗi 2/5)
2026-04-14 23:17:51,202 [INFO]       - Đang quét Page 18: https://www.dienmayxanh.com/tai-nghe/tai-nghe-bluetooth-tws-oppo-enco-buds-2-ete41-trang/danh-gia?page=18
2026-04-14 23:17:59,029 [WARNING]         [!] Không thấy dữ liệu hoặc Trống (Lần lỗi 3/5)
2026-04-14 23:18:01,961 [INFO]       - Đang quét Page 19: https://www.dienmayxanh.com/tai-nghe/tai-nghe-bluetooth-tws-oppo-enco-buds-2-ete41-trang/danh-gia?page=19
2026-04-14 23:18:09,910 [WARNING]         [!] Không thấy dữ liệu hoặc Trống (Lần lỗi 4/5)
2026-04-14 23:18:11,865 [INFO]       - Đang quét Page 20: https://www.dienmayxanh.com/tai-nghe/tai-nghe-bluetooth-tws-oppo-enco-buds-2-ete41-trang/danh-gia?page=20
2026-04-14 23:18:19,892 [WARNING]         [!] Không thấy dữ liệu hoặc Trống (Lần lỗi 5/5)
2026-04-14 23:18:22,055 [INFO]         💾 Đã lưu 8 reviews cuối.
2026-04-14 23:18:22,055 [INFO]  ✅ Hoàn tất cào sản phẩm: 287888
2026-04-14 23:18:22,057 [INFO]  -> [87/180] Lấy Breadcrumb & Review trang gốc: https://www.dienmayxanh.com/tai-nghe/tai-nghe-tws-alpha-works-aw-curve-200
2026-04-14 23:18:30,220 [INFO]       ✅ Thu được 8 reviews từ trang gốc.
2026-04-14 23:18:30,220 [INFO]       - Đang quét Page 1: https://www.dienmayxanh.com/tai-nghe/tai-nghe-tws-alpha-works-aw-curve-200/danh-gia?page=1
2026-04-14 23:18:37,179 [WARNING]         [!] Không thấy dữ liệu hoặc Trống (Lần lỗi 1/5)
2026-04-14 23:18:39,624 [INFO]       - Đang quét Page 2: https://www.dienmayxanh.com/tai-nghe/tai-nghe-tws-alpha-works-aw-curve-200/danh-gia?page=2
2026-04-14 23:18:48,152 [WARNING]         [!] Không thấy dữ liệu hoặc Trống (Lần lỗi 2/5)
2026-04-14 23:18:50,504 [INFO]       - Đang quét Page 3: https://www.dienmayxanh.com/tai-nghe/tai-nghe-tws-alpha-works-aw-curve-200/danh-gia?page=3
2026-04-14 23:18:58,562 [WARNING]         [!] Không thấy dữ liệu hoặc Trống (Lần lỗi 3/5)
2026-04-14 23:19:00,469 [INFO]       - Đang quét Page 4: https://www.dienmayxanh.com/tai-nghe/tai-nghe-tws-alpha-works-aw-curve-200/danh-gia?page=4
2026-04-14 23:19:08,524 [WARNING]         [!] Không thấy dữ liệu hoặc Trống (Lần lỗi 4/5)
2026-04-14 23:19:10,199 [INFO]       - Đang quét Page 5: https://www.dienmayxanh.com/tai-nghe/tai-nghe-tws-alpha-works-aw-curve-200/danh-gia?page=5
2026-04-14 23:19:18,626 [WARNING]         [!] Không thấy dữ liệu hoặc Trống (Lần lỗi 5/5)
2026-04-14 23:19:20,734 [INFO]         💾 Đã lưu 6 reviews cuối.
2026-04-14 23:19:20,735 [INFO]  ✅ Hoàn tất cào sản phẩm: 333458
2026-04-14 23:19:20,735 [INFO]  -> [88/180] Lấy Breadcrumb & Review trang gốc: https://www.dienmayxanh.com/tai-nghe/tai-nghe-bluetooth-open-ear-ows-rezo-musego-2
2026-04-14 23:19:25,504 [INFO]       - Đang quét Page 1: https://www.dienmayxanh.com/tai-nghe/tai-nghe-bluetooth-open-ear-ows-rezo-musego-2/danh-gia?page=1
2026-04-14 23:19:32,420 [WARNING]         [!] Không thấy dữ liệu hoặc Trống (Lần lỗi 1/5)
2026-04-14 23:19:34,868 [INFO]       - Đang quét Page 2: https://www.dienmayxanh.com/tai-nghe/tai-nghe-bluetooth-open-ear-ows-rezo-musego-2/danh-gia?page=2
2026-04-14 23:19:41,834 [WARNING]         [!] Không thấy dữ liệu hoặc Trống (Lần lỗi 2/5)
2026-04-14 23:19:44,371 [INFO]       - Đang quét Page 3: https://www.dienmayxanh.com/tai-nghe/tai-nghe-bluetooth-open-ear-ows-rezo-musego-2/danh-gia?page=3
2026-04-14 23:19:51,339 [WARNING]         [!] Không thấy dữ liệu hoặc Trống (Lần lỗi 3/5)
2026-04-14 23:19:53,648 [INFO]       - Đang quét Page 4: https://www.dienmayxanh.com/tai-nghe/tai-nghe-bluetooth-open-ear-ows-rezo-musego-2/danh-gia?page=4
2026-04-14 23:20:00,604 [WARNING]         [!] Không thấy dữ liệu hoặc Trống (Lần lỗi 4/5)
2026-04-14 23:20:03,554 [INFO]       - Đang quét Page 5: https://www.dienmayxanh.com/tai-nghe/tai-nghe-bluetooth-open-ear-ows-rezo-musego-2/danh-gia?page=5
2026-04-14 23:20:10,494 [WARNING]         [!] Không thấy dữ liệu hoặc Trống (Lần lỗi 5/5)
2026-04-14 23:20:12,053 [INFO]  ✅ Hoàn tất cào sản phẩm: 362479
2026-04-14 23:20:12,054 [INFO]  -> [89/180] Lấy Breadcrumb & Review trang gốc: https://www.dienmayxanh.com/tai-nghe/tai-nghe-chup-tai-logitech-h111
2026-04-14 23:20:17,177 [INFO]       - Đang quét Page 1: https://www.dienmayxanh.com/tai-nghe/tai-nghe-chup-tai-logitech-h111/danh-gia?page=1
2026-04-14 23:20:24,099 [WARNING]         [!] Không thấy dữ liệu hoặc Trống (Lần lỗi 1/5)
2026-04-14 23:20:25,876 [INFO]       - Đang quét Page 2: https://www.dienmayxanh.com/tai-nghe/tai-nghe-chup-tai-logitech-h111/danh-gia?page=2
2026-04-14 23:20:32,722 [WARNING]         [!] Không thấy dữ liệu hoặc Trống (Lần lỗi 2/5)
2026-04-14 23:20:35,184 [INFO]       - Đang quét Page 3: https://www.dienmayxanh.com/tai-nghe/tai-nghe-chup-tai-logitech-h111/danh-gia?page=3
2026-04-14 23:20:42,125 [WARNING]         [!] Không thấy dữ liệu hoặc Trống (Lần lỗi 3/5)
2026-04-14 23:20:44,670 [INFO]       - Đang quét Page 4: https://www.dienmayxanh.com/tai-nghe/tai-nghe-chup-tai-logitech-h111/danh-gia?page=4
2026-04-14 23:20:51,626 [WARNING]         [!] Không thấy dữ liệu hoặc Trống (Lần lỗi 4/5)
2026-04-14 23:20:54,233 [INFO]       - Đang quét Page 5: https://www.dienmayxanh.com/tai-nghe/tai-nghe-chup-tai-logitech-h111/danh-gia?page=5
2026-04-14 23:21:01,626 [WARNING]         [!] Không thấy dữ liệu hoặc Trống (Lần lỗi 5/5)
2026-04-14 23:21:03,979 [INFO]  ✅ Hoàn tất cào sản phẩm: 337171
2026-04-14 23:21:03,980 [INFO] ♻️ Làm mới Session trình duyệt...
2026-04-14 23:21:05,095 [INFO]  -> [90/180] Lấy Breadcrumb & Review trang gốc: https://www.dienmayxanh.com/tai-nghe/tai-nghe-co-day-ep-type-c-ava-livebass-s870?utm_flashsale=1
2026-04-14 23:21:13,941 [INFO]       ✅ Thu được 10 reviews từ trang gốc.
2026-04-14 23:21:13,942 [INFO]       - Đang quét Page 1: https://www.dienmayxanh.com/tai-nghe/tai-nghe-co-day-ep-type-c-ava-livebass-s870/danh-gia?page=1
2026-04-14 23:21:20,672 [INFO]         ✅ Thêm 14 reviews mới từ Page 1.
2026-04-14 23:21:20,676 [INFO]         💾 Đã lưu 20 reviews.
2026-04-14 23:21:22,858 [INFO]       - Đang quét Page 2: https://www.dienmayxanh.com/tai-nghe/tai-nghe-co-day-ep-type-c-ava-livebass-s870/danh-gia?page=2
2026-04-14 23:21:27,316 [INFO]         ✅ Thêm 2 reviews mới từ Page 2.
2026-04-14 23:21:29,492 [INFO]       - Đang quét Page 3: https://www.dienmayxanh.com/tai-nghe/tai-nghe-co-day-ep-type-c-ava-livebass-s870/danh-gia?page=3
2026-04-14 23:21:37,655 [WARNING]         [!] Không thấy dữ liệu hoặc Trống (Lần lỗi 1/5)
2026-04-14 23:21:39,365 [INFO]       - Đang quét Page 4: https://www.dienmayxanh.com/tai-nghe/tai-nghe-co-day-ep-type-c-ava-livebass-s870/danh-gia?page=4
2026-04-14 23:21:47,793 [WARNING]         [!] Không thấy dữ liệu hoặc Trống (Lần lỗi 2/5)
2026-04-14 23:21:50,749 [INFO]       - Đang quét Page 5: https://www.dienmayxanh.com/tai-nghe/tai-nghe-co-day-ep-type-c-ava-livebass-s870/danh-gia?page=5
2026-04-14 23:21:58,923 [WARNING]         [!] Không thấy dữ liệu hoặc Trống (Lần lỗi 3/5)
2026-04-14 23:22:01,257 [INFO]       - Đang quét Page 6: https://www.dienmayxanh.com/tai-nghe/tai-nghe-co-day-ep-type-c-ava-livebass-s870/danh-gia?page=6
2026-04-14 23:22:09,589 [WARNING]         [!] Không thấy dữ liệu hoặc Trống (Lần lỗi 4/5)
2026-04-14 23:22:12,104 [INFO]       - Đang quét Page 7: https://www.dienmayxanh.com/tai-nghe/tai-nghe-co-day-ep-type-c-ava-livebass-s870/danh-gia?page=7
2026-04-14 23:22:20,334 [WARNING]         [!] Không thấy dữ liệu hoặc Trống (Lần lỗi 5/5)
2026-04-14 23:22:22,060 [INFO]         💾 Đã lưu 2 reviews cuối.
2026-04-14 23:22:22,060 [INFO]  ✅ Hoàn tất cào sản phẩm: 325329
2026-04-14 23:22:22,061 [INFO]  -> [91/180] Lấy Breadcrumb & Review trang gốc: https://www.dienmayxanh.com/tai-nghe/tai-nghe-co-day-type-c-jbl-t310cblk
2026-04-14 23:22:27,674 [INFO]       - Đang quét Page 1: https://www.dienmayxanh.com/tai-nghe/tai-nghe-co-day-type-c-jbl-t310cblk/danh-gia?page=1
2026-04-14 23:22:34,660 [WARNING]         [!] Không thấy dữ liệu hoặc Trống (Lần lỗi 1/5)
2026-04-14 23:22:36,305 [INFO]       - Đang quét Page 2: https://www.dienmayxanh.com/tai-nghe/tai-nghe-co-day-type-c-jbl-t310cblk/danh-gia?page=2
2026-04-14 23:22:43,235 [WARNING]         [!] Không thấy dữ liệu hoặc Trống (Lần lỗi 2/5)
2026-04-14 23:22:45,533 [INFO]       - Đang quét Page 3: https://www.dienmayxanh.com/tai-nghe/tai-nghe-co-day-type-c-jbl-t310cblk/danh-gia?page=3
2026-04-14 23:22:52,453 [WARNING]         [!] Không thấy dữ liệu hoặc Trống (Lần lỗi 3/5)
2026-04-14 23:22:54,370 [INFO]       - Đang quét Page 4: https://www.dienmayxanh.com/tai-nghe/tai-nghe-co-day-type-c-jbl-t310cblk/danh-gia?page=4
2026-04-14 23:23:01,282 [WARNING]         [!] Không thấy dữ liệu hoặc Trống (Lần lỗi 4/5)
2026-04-14 23:23:04,218 [INFO]       - Đang quét Page 5: https://www.dienmayxanh.com/tai-nghe/tai-nghe-co-day-type-c-jbl-t310cblk/danh-gia?page=5
2026-04-14 23:23:11,200 [WARNING]         [!] Không thấy dữ liệu hoặc Trống (Lần lỗi 5/5)
2026-04-14 23:23:12,939 [INFO]  ✅ Hoàn tất cào sản phẩm: 335707
2026-04-14 23:23:12,940 [INFO]  -> [92/180] Lấy Breadcrumb & Review trang gốc: https://www.dienmayxanh.com/tai-nghe/tai-nghe-chup-tai-havit-h652bt
2026-04-14 23:23:17,656 [INFO]       - Đang quét Page 1: https://www.dienmayxanh.com/tai-nghe/tai-nghe-chup-tai-havit-h652bt/danh-gia?page=1
2026-04-14 23:23:24,555 [WARNING]         [!] Không thấy dữ liệu hoặc Trống (Lần lỗi 1/5)
2026-04-14 23:23:26,153 [INFO]       - Đang quét Page 2: https://www.dienmayxanh.com/tai-nghe/tai-nghe-chup-tai-havit-h652bt/danh-gia?page=2
2026-04-14 23:23:33,079 [WARNING]         [!] Không thấy dữ liệu hoặc Trống (Lần lỗi 2/5)
2026-04-14 23:23:35,009 [INFO]       - Đang quét Page 3: https://www.dienmayxanh.com/tai-nghe/tai-nghe-chup-tai-havit-h652bt/danh-gia?page=3
2026-04-14 23:23:41,926 [WARNING]         [!] Không thấy dữ liệu hoặc Trống (Lần lỗi 3/5)
2026-04-14 23:23:43,982 [INFO]       - Đang quét Page 4: https://www.dienmayxanh.com/tai-nghe/tai-nghe-chup-tai-havit-h652bt/danh-gia?page=4
2026-04-14 23:23:50,927 [WARNING]         [!] Không thấy dữ liệu hoặc Trống (Lần lỗi 4/5)
2026-04-14 23:23:52,882 [INFO]       - Đang quét Page 5: https://www.dienmayxanh.com/tai-nghe/tai-nghe-chup-tai-havit-h652bt/danh-gia?page=5
2026-04-14 23:23:59,801 [WARNING]         [!] Không thấy dữ liệu hoặc Trống (Lần lỗi 5/5)
2026-04-14 23:24:02,510 [INFO]  ✅ Hoàn tất cào sản phẩm: 361764
2026-04-14 23:24:02,511 [INFO]  -> [93/180] Lấy Breadcrumb & Review trang gốc: https://www.dienmayxanh.com/tai-nghe/tai-nghe-bluetooth-true-wireless-xiaomi-redmi-buds-8-pro
2026-04-14 23:24:07,256 [INFO]       - Đang quét Page 1: https://www.dienmayxanh.com/tai-nghe/tai-nghe-bluetooth-true-wireless-xiaomi-redmi-buds-8-pro/danh-gia?page=1
2026-04-14 23:24:14,156 [WARNING]         [!] Không thấy dữ liệu hoặc Trống (Lần lỗi 1/5)
2026-04-14 23:24:15,749 [INFO]       - Đang quét Page 2: https://www.dienmayxanh.com/tai-nghe/tai-nghe-bluetooth-true-wireless-xiaomi-redmi-buds-8-pro/danh-gia?page=2
2026-04-14 23:24:22,615 [WARNING]         [!] Không thấy dữ liệu hoặc Trống (Lần lỗi 2/5)
2026-04-14 23:24:25,276 [INFO]       - Đang quét Page 3: https://www.dienmayxanh.com/tai-nghe/tai-nghe-bluetooth-true-wireless-xiaomi-redmi-buds-8-pro/danh-gia?page=3
2026-04-14 23:24:32,198 [WARNING]         [!] Không thấy dữ liệu hoặc Trống (Lần lỗi 3/5)
2026-04-14 23:24:33,993 [INFO]       - Đang quét Page 4: https://www.dienmayxanh.com/tai-nghe/tai-nghe-bluetooth-true-wireless-xiaomi-redmi-buds-8-pro/danh-gia?page=4
2026-04-14 23:24:40,909 [WARNING]         [!] Không thấy dữ liệu hoặc Trống (Lần lỗi 4/5)
2026-04-14 23:24:43,827 [INFO]       - Đang quét Page 5: https://www.dienmayxanh.com/tai-nghe/tai-nghe-bluetooth-true-wireless-xiaomi-redmi-buds-8-pro/danh-gia?page=5
2026-04-14 23:24:50,735 [WARNING]         [!] Không thấy dữ liệu hoặc Trống (Lần lỗi 5/5)
2026-04-14 23:24:53,407 [INFO]  ✅ Hoàn tất cào sản phẩm: 363186
2026-04-14 23:24:53,408 [INFO]  -> [94/180] Lấy Breadcrumb & Review trang gốc: https://www.dienmayxanh.com/tai-nghe/tai-nghe-bluetooth-chup-tai-alpha-works-aw-lite-600
2026-04-14 23:24:57,877 [INFO]       - Đang quét Page 1: https://www.dienmayxanh.com/tai-nghe/tai-nghe-bluetooth-chup-tai-alpha-works-aw-lite-600/danh-gia?page=1
2026-04-14 23:25:04,767 [WARNING]         [!] Không thấy dữ liệu hoặc Trống (Lần lỗi 1/5)
2026-04-14 23:25:06,774 [INFO]       - Đang quét Page 2: https://www.dienmayxanh.com/tai-nghe/tai-nghe-bluetooth-chup-tai-alpha-works-aw-lite-600/danh-gia?page=2
2026-04-14 23:25:13,704 [WARNING]         [!] Không thấy dữ liệu hoặc Trống (Lần lỗi 2/5)
2026-04-14 23:25:15,772 [INFO]       - Đang quét Page 3: https://www.dienmayxanh.com/tai-nghe/tai-nghe-bluetooth-chup-tai-alpha-works-aw-lite-600/danh-gia?page=3
2026-04-14 23:25:22,704 [WARNING]         [!] Không thấy dữ liệu hoặc Trống (Lần lỗi 3/5)
2026-04-14 23:25:24,514 [INFO]       - Đang quét Page 4: https://www.dienmayxanh.com/tai-nghe/tai-nghe-bluetooth-chup-tai-alpha-works-aw-lite-600/danh-gia?page=4
2026-04-14 23:25:31,440 [WARNING]         [!] Không thấy dữ liệu hoặc Trống (Lần lỗi 4/5)
2026-04-14 23:25:33,099 [INFO]       - Đang quét Page 5: https://www.dienmayxanh.com/tai-nghe/tai-nghe-bluetooth-chup-tai-alpha-works-aw-lite-600/danh-gia?page=5
2026-04-14 23:25:40,055 [WARNING]         [!] Không thấy dữ liệu hoặc Trống (Lần lỗi 5/5)
2026-04-14 23:25:42,242 [INFO]  ✅ Hoàn tất cào sản phẩm: 340058
2026-04-14 23:25:42,243 [INFO]  -> [95/180] Lấy Breadcrumb & Review trang gốc: https://www.dienmayxanh.com/tai-nghe/tai-nghe-bluetooth-open-ear-true-wireless-havit-owfit-02a
2026-04-14 23:25:47,871 [INFO]       ✅ Thu được 1 reviews từ trang gốc.
2026-04-14 23:25:47,871 [INFO]       - Đang quét Page 1: https://www.dienmayxanh.com/tai-nghe/tai-nghe-bluetooth-open-ear-true-wireless-havit-owfit-02a/danh-gia?page=1
2026-04-14 23:25:54,842 [WARNING]         [!] Không thấy dữ liệu hoặc Trống (Lần lỗi 1/5)
2026-04-14 23:25:57,450 [INFO]       - Đang quét Page 2: https://www.dienmayxanh.com/tai-nghe/tai-nghe-bluetooth-open-ear-true-wireless-havit-owfit-02a/danh-gia?page=2
2026-04-14 23:26:04,395 [WARNING]         [!] Không thấy dữ liệu hoặc Trống (Lần lỗi 2/5)
2026-04-14 23:26:05,914 [INFO]       - Đang quét Page 3: https://www.dienmayxanh.com/tai-nghe/tai-nghe-bluetooth-open-ear-true-wireless-havit-owfit-02a/danh-gia?page=3
2026-04-14 23:26:12,853 [WARNING]         [!] Không thấy dữ liệu hoặc Trống (Lần lỗi 3/5)
2026-04-14 23:26:15,842 [INFO]       - Đang quét Page 4: https://www.dienmayxanh.com/tai-nghe/tai-nghe-bluetooth-open-ear-true-wireless-havit-owfit-02a/danh-gia?page=4
2026-04-14 23:26:22,732 [WARNING]         [!] Không thấy dữ liệu hoặc Trống (Lần lỗi 4/5)
2026-04-14 23:26:25,614 [INFO]       - Đang quét Page 5: https://www.dienmayxanh.com/tai-nghe/tai-nghe-bluetooth-open-ear-true-wireless-havit-owfit-02a/danh-gia?page=5
2026-04-14 23:26:32,528 [WARNING]         [!] Không thấy dữ liệu hoặc Trống (Lần lỗi 5/5)
2026-04-14 23:26:34,071 [INFO]         💾 Đã lưu 1 reviews cuối.
2026-04-14 23:26:34,072 [INFO]  ✅ Hoàn tất cào sản phẩm: 357467
2026-04-14 23:26:34,072 [INFO]  -> [96/180] Lấy Breadcrumb & Review trang gốc: https://www.dienmayxanh.com/tai-nghe/tai-nghe-bluetooth-true-wireless-soul-s-live-30
2026-04-14 23:26:48,257 [INFO]       ✅ Thu được 10 reviews từ trang gốc.
2026-04-14 23:26:48,257 [INFO]       - Đang quét Page 1: https://www.dienmayxanh.com/tai-nghe/tai-nghe-bluetooth-true-wireless-soul-s-live-30/danh-gia?page=1
2026-04-14 23:26:54,884 [INFO]         ✅ Thêm 18 reviews mới từ Page 1.
2026-04-14 23:26:54,889 [INFO]         💾 Đã lưu 24 reviews.
2026-04-14 23:26:57,264 [INFO]       - Đang quét Page 2: https://www.dienmayxanh.com/tai-nghe/tai-nghe-bluetooth-true-wireless-soul-s-live-30/danh-gia?page=2
2026-04-14 23:27:03,898 [INFO]         ✅ Thêm 17 reviews mới từ Page 2.
2026-04-14 23:27:05,680 [INFO]       - Đang quét Page 3: https://www.dienmayxanh.com/tai-nghe/tai-nghe-bluetooth-true-wireless-soul-s-live-30/danh-gia?page=3
2026-04-14 23:27:12,902 [INFO]         ✅ Thêm 20 reviews mới từ Page 3.
2026-04-14 23:27:12,903 [INFO]         💾 Đã lưu 37 reviews.
2026-04-14 23:27:14,699 [INFO]       - Đang quét Page 4: https://www.dienmayxanh.com/tai-nghe/tai-nghe-bluetooth-true-wireless-soul-s-live-30/danh-gia?page=4
2026-04-14 23:27:22,956 [INFO]         ✅ Thêm 20 reviews mới từ Page 4.
2026-04-14 23:27:22,960 [INFO]         💾 Đã lưu 20 reviews.
2026-04-14 23:27:24,980 [INFO]       - Đang quét Page 5: https://www.dienmayxanh.com/tai-nghe/tai-nghe-bluetooth-true-wireless-soul-s-live-30/danh-gia?page=5
2026-04-14 23:27:32,220 [INFO]         ✅ Thêm 20 reviews mới từ Page 5.
2026-04-14 23:27:32,222 [INFO]         💾 Đã lưu 20 reviews.
2026-04-14 23:27:34,663 [INFO]       - Đang quét Page 6: https://www.dienmayxanh.com/tai-nghe/tai-nghe-bluetooth-true-wireless-soul-s-live-30/danh-gia?page=6
2026-04-14 23:27:41,542 [INFO]         ✅ Thêm 20 reviews mới từ Page 6.
2026-04-14 23:27:41,546 [INFO]         💾 Đã lưu 20 reviews.
2026-04-14 23:27:43,700 [INFO]       - Đang quét Page 7: https://www.dienmayxanh.com/tai-nghe/tai-nghe-bluetooth-true-wireless-soul-s-live-30/danh-gia?page=7
2026-04-14 23:27:48,014 [INFO]         ✅ Thêm 2 reviews mới từ Page 7.
2026-04-14 23:27:49,591 [INFO]       - Đang quét Page 8: https://www.dienmayxanh.com/tai-nghe/tai-nghe-bluetooth-true-wireless-soul-s-live-30/danh-gia?page=8
2026-04-14 23:27:57,635 [WARNING]         [!] Không thấy dữ liệu hoặc Trống (Lần lỗi 1/5)
2026-04-14 23:28:00,375 [INFO]       - Đang quét Page 9: https://www.dienmayxanh.com/tai-nghe/tai-nghe-bluetooth-true-wireless-soul-s-live-30/danh-gia?page=9
2026-04-14 23:28:08,669 [WARNING]         [!] Không thấy dữ liệu hoặc Trống (Lần lỗi 2/5)
2026-04-14 23:28:11,620 [INFO]       - Đang quét Page 10: https://www.dienmayxanh.com/tai-nghe/tai-nghe-bluetooth-true-wireless-soul-s-live-30/danh-gia?page=10
2026-04-14 23:28:20,017 [WARNING]         [!] Không thấy dữ liệu hoặc Trống (Lần lỗi 3/5)
2026-04-14 23:28:21,912 [INFO]       - Đang quét Page 11: https://www.dienmayxanh.com/tai-nghe/tai-nghe-bluetooth-true-wireless-soul-s-live-30/danh-gia?page=11
2026-04-14 23:28:30,001 [WARNING]         [!] Không thấy dữ liệu hoặc Trống (Lần lỗi 4/5)
2026-04-14 23:28:32,286 [INFO]       - Đang quét Page 12: https://www.dienmayxanh.com/tai-nghe/tai-nghe-bluetooth-true-wireless-soul-s-live-30/danh-gia?page=12
2026-04-14 23:28:40,546 [WARNING]         [!] Không thấy dữ liệu hoặc Trống (Lần lỗi 5/5)
2026-04-14 23:28:43,293 [INFO]         💾 Đã lưu 2 reviews cuối.
2026-04-14 23:28:43,293 [INFO]  ✅ Hoàn tất cào sản phẩm: 315176
2026-04-14 23:28:43,294 [INFO]  -> [97/180] Lấy Breadcrumb & Review trang gốc: https://www.dienmayxanh.com/tai-nghe/tai-nghe-chup-tai-gaming-asus-tuf-h3-den-do?utm_flashsale=1
2026-04-14 23:28:48,529 [INFO]       ✅ Thu được 10 reviews từ trang gốc.
2026-04-14 23:28:48,529 [INFO]       - Đang quét Page 1: https://www.dienmayxanh.com/tai-nghe/tai-nghe-chup-tai-gaming-asus-tuf-h3-den-do/danh-gia?page=1
2026-04-14 23:28:55,668 [INFO]         ✅ Thêm 15 reviews mới từ Page 1.
2026-04-14 23:28:55,670 [INFO]         💾 Đã lưu 21 reviews.
2026-04-14 23:28:58,458 [INFO]       - Đang quét Page 2: https://www.dienmayxanh.com/tai-nghe/tai-nghe-chup-tai-gaming-asus-tuf-h3-den-do/danh-gia?page=2
2026-04-14 23:29:05,143 [INFO]         ✅ Thêm 18 reviews mới từ Page 2.
2026-04-14 23:29:07,065 [INFO]       - Đang quét Page 3: https://www.dienmayxanh.com/tai-nghe/tai-nghe-chup-tai-gaming-asus-tuf-h3-den-do/danh-gia?page=3
2026-04-14 23:29:12,327 [INFO]         ✅ Thêm 13 reviews mới từ Page 3.
2026-04-14 23:29:12,329 [INFO]         💾 Đã lưu 31 reviews.
2026-04-14 23:29:14,458 [INFO]       - Đang quét Page 4: https://www.dienmayxanh.com/tai-nghe/tai-nghe-chup-tai-gaming-asus-tuf-h3-den-do/danh-gia?page=4
2026-04-14 23:29:22,176 [WARNING]         [!] Không thấy dữ liệu hoặc Trống (Lần lỗi 1/5)
2026-04-14 23:29:23,692 [INFO]       - Đang quét Page 5: https://www.dienmayxanh.com/tai-nghe/tai-nghe-chup-tai-gaming-asus-tuf-h3-den-do/danh-gia?page=5
2026-04-14 23:29:31,433 [WARNING]         [!] Không thấy dữ liệu hoặc Trống (Lần lỗi 2/5)
2026-04-14 23:29:33,615 [INFO]       - Đang quét Page 6: https://www.dienmayxanh.com/tai-nghe/tai-nghe-chup-tai-gaming-asus-tuf-h3-den-do/danh-gia?page=6
2026-04-14 23:29:41,255 [WARNING]         [!] Không thấy dữ liệu hoặc Trống (Lần lỗi 3/5)
2026-04-14 23:29:44,076 [INFO]       - Đang quét Page 7: https://www.dienmayxanh.com/tai-nghe/tai-nghe-chup-tai-gaming-asus-tuf-h3-den-do/danh-gia?page=7
2026-04-14 23:29:51,817 [WARNING]         [!] Không thấy dữ liệu hoặc Trống (Lần lỗi 4/5)
2026-04-14 23:29:53,966 [INFO]       - Đang quét Page 8: https://www.dienmayxanh.com/tai-nghe/tai-nghe-chup-tai-gaming-asus-tuf-h3-den-do/danh-gia?page=8
2026-04-14 23:30:02,103 [WARNING]         [!] Không thấy dữ liệu hoặc Trống (Lần lỗi 5/5)
2026-04-14 23:30:04,986 [INFO]  ✅ Hoàn tất cào sản phẩm: 223020
2026-04-14 23:30:04,987 [INFO]  -> [98/180] Lấy Breadcrumb & Review trang gốc: https://www.dienmayxanh.com/tai-nghe/tai-nghe-co-day-gaming-hp-hyperx-cloud-stinger-core-ii
2026-04-14 23:30:09,983 [INFO]       - Đang quét Page 1: https://www.dienmayxanh.com/tai-nghe/tai-nghe-co-day-gaming-hp-hyperx-cloud-stinger-core-ii/danh-gia?page=1
2026-04-14 23:30:16,882 [WARNING]         [!] Không thấy dữ liệu hoặc Trống (Lần lỗi 1/5)
2026-04-14 23:30:18,680 [INFO]       - Đang quét Page 2: https://www.dienmayxanh.com/tai-nghe/tai-nghe-co-day-gaming-hp-hyperx-cloud-stinger-core-ii/danh-gia?page=2
2026-04-14 23:30:25,577 [WARNING]         [!] Không thấy dữ liệu hoặc Trống (Lần lỗi 2/5)
2026-04-14 23:30:28,545 [INFO]       - Đang quét Page 3: https://www.dienmayxanh.com/tai-nghe/tai-nghe-co-day-gaming-hp-hyperx-cloud-stinger-core-ii/danh-gia?page=3
2026-04-14 23:30:35,480 [WARNING]         [!] Không thấy dữ liệu hoặc Trống (Lần lỗi 3/5)
2026-04-14 23:30:37,322 [INFO]       - Đang quét Page 4: https://www.dienmayxanh.com/tai-nghe/tai-nghe-co-day-gaming-hp-hyperx-cloud-stinger-core-ii/danh-gia?page=4
2026-04-14 23:30:44,371 [WARNING]         [!] Không thấy dữ liệu hoặc Trống (Lần lỗi 4/5)
2026-04-14 23:30:45,975 [INFO]       - Đang quét Page 5: https://www.dienmayxanh.com/tai-nghe/tai-nghe-co-day-gaming-hp-hyperx-cloud-stinger-core-ii/danh-gia?page=5
2026-04-14 23:30:52,933 [WARNING]         [!] Không thấy dữ liệu hoặc Trống (Lần lỗi 5/5)
2026-04-14 23:30:55,805 [INFO]  ✅ Hoàn tất cào sản phẩm: 327799
2026-04-14 23:30:55,806 [INFO]  -> [99/180] Lấy Breadcrumb & Review trang gốc: https://www.dienmayxanh.com/tai-nghe/tai-nghe-tws-havit-tw941
2026-04-14 23:31:02,513 [INFO]       ✅ Thu được 8 reviews từ trang gốc.
2026-04-14 23:31:02,513 [INFO]       - Đang quét Page 1: https://www.dienmayxanh.com/tai-nghe/tai-nghe-tws-havit-tw941/danh-gia?page=1
2026-04-14 23:31:08,507 [INFO]         ✅ Thêm 10 reviews mới từ Page 1.
2026-04-14 23:31:10,873 [INFO]       - Đang quét Page 2: https://www.dienmayxanh.com/tai-nghe/tai-nghe-tws-havit-tw941/danh-gia?page=2
2026-04-14 23:31:18,840 [WARNING]         [!] Không thấy dữ liệu hoặc Trống (Lần lỗi 1/5)
2026-04-14 23:31:20,748 [INFO]       - Đang quét Page 3: https://www.dienmayxanh.com/tai-nghe/tai-nghe-tws-havit-tw941/danh-gia?page=3
2026-04-14 23:31:28,610 [WARNING]         [!] Không thấy dữ liệu hoặc Trống (Lần lỗi 2/5)
2026-04-14 23:31:31,089 [INFO]       - Đang quét Page 4: https://www.dienmayxanh.com/tai-nghe/tai-nghe-tws-havit-tw941/danh-gia?page=4
2026-04-14 23:31:38,780 [WARNING]         [!] Không thấy dữ liệu hoặc Trống (Lần lỗi 3/5)
2026-04-14 23:31:41,682 [INFO]       - Đang quét Page 5: https://www.dienmayxanh.com/tai-nghe/tai-nghe-tws-havit-tw941/danh-gia?page=5
2026-04-14 23:31:49,395 [WARNING]         [!] Không thấy dữ liệu hoặc Trống (Lần lỗi 4/5)
2026-04-14 23:31:52,271 [INFO]       - Đang quét Page 6: https://www.dienmayxanh.com/tai-nghe/tai-nghe-tws-havit-tw941/danh-gia?page=6
2026-04-14 23:32:00,509 [WARNING]         [!] Không thấy dữ liệu hoặc Trống (Lần lỗi 5/5)
2026-04-14 23:32:03,223 [INFO]         💾 Đã lưu 14 reviews cuối.
2026-04-14 23:32:03,223 [INFO]  ✅ Hoàn tất cào sản phẩm: 334001
2026-04-14 23:32:03,224 [INFO] ♻️ Làm mới Session trình duyệt...
2026-04-14 23:32:04,969 [INFO]  -> [100/180] Lấy Breadcrumb & Review trang gốc: https://www.dienmayxanh.com/tai-nghe/tai-nghe-bluetooth-true-wireless-samsung-galaxy-buds-3-r530n?utm_flashsale=1
2026-04-14 23:32:12,685 [INFO]       ✅ Thu được 10 reviews từ trang gốc.
2026-04-14 23:32:12,685 [INFO]       - Đang quét Page 1: https://www.dienmayxanh.com/tai-nghe/tai-nghe-bluetooth-true-wireless-samsung-galaxy-buds-3-r530n/danh-gia?page=1
2026-04-14 23:32:17,758 [INFO]         ✅ Thêm 6 reviews mới từ Page 1.
2026-04-14 23:32:19,309 [INFO]       - Đang quét Page 2: https://www.dienmayxanh.com/tai-nghe/tai-nghe-bluetooth-true-wireless-samsung-galaxy-buds-3-r530n/danh-gia?page=2
2026-04-14 23:32:31,783 [WARNING]         [!] Không thấy dữ liệu hoặc Trống (Lần lỗi 1/5)
2026-04-14 23:32:33,964 [INFO]       - Đang quét Page 3: https://www.dienmayxanh.com/tai-nghe/tai-nghe-bluetooth-true-wireless-samsung-galaxy-buds-3-r530n/danh-gia?page=3
2026-04-14 23:32:41,507 [WARNING]         [!] Không thấy dữ liệu hoặc Trống (Lần lỗi 2/5)
2026-04-14 23:32:43,943 [INFO]       - Đang quét Page 4: https://www.dienmayxanh.com/tai-nghe/tai-nghe-bluetooth-true-wireless-samsung-galaxy-buds-3-r530n/danh-gia?page=4
2026-04-14 23:32:51,675 [WARNING]         [!] Không thấy dữ liệu hoặc Trống (Lần lỗi 3/5)
2026-04-14 23:32:54,257 [INFO]       - Đang quét Page 5: https://www.dienmayxanh.com/tai-nghe/tai-nghe-bluetooth-true-wireless-samsung-galaxy-buds-3-r530n/danh-gia?page=5
2026-04-14 23:33:02,076 [WARNING]         [!] Không thấy dữ liệu hoặc Trống (Lần lỗi 4/5)
2026-04-14 23:33:03,958 [INFO]       - Đang quét Page 6: https://www.dienmayxanh.com/tai-nghe/tai-nghe-bluetooth-true-wireless-samsung-galaxy-buds-3-r530n/danh-gia?page=6
2026-04-14 23:33:12,388 [WARNING]         [!] Không thấy dữ liệu hoặc Trống (Lần lỗi 5/5)
2026-04-14 23:33:14,585 [INFO]         💾 Đã lưu 12 reviews cuối.
2026-04-14 23:33:14,585 [INFO]  ✅ Hoàn tất cào sản phẩm: 327553
2026-04-14 23:33:14,586 [INFO]  -> [101/180] Lấy Breadcrumb & Review trang gốc: https://www.dienmayxanh.com/tai-nghe/tai-nghe-bluetooth-true-wireless-alpha-works-aw-curve-100?utm_flashsale=1
2026-04-14 23:33:20,673 [INFO]       ✅ Thu được 5 reviews từ trang gốc.
2026-04-14 23:33:20,673 [INFO]       - Đang quét Page 1: https://www.dienmayxanh.com/tai-nghe/tai-nghe-bluetooth-true-wireless-alpha-works-aw-curve-100/danh-gia?page=1
2026-04-14 23:33:24,769 [INFO]         ✅ Thêm 0 reviews mới từ Page 1.
2026-04-14 23:33:26,405 [INFO]       - Đang quét Page 2: https://www.dienmayxanh.com/tai-nghe/tai-nghe-bluetooth-true-wireless-alpha-works-aw-curve-100/danh-gia?page=2
2026-04-14 23:33:33,967 [WARNING]         [!] Không thấy dữ liệu hoặc Trống (Lần lỗi 1/5)
2026-04-14 23:33:35,901 [INFO]       - Đang quét Page 3: https://www.dienmayxanh.com/tai-nghe/tai-nghe-bluetooth-true-wireless-alpha-works-aw-curve-100/danh-gia?page=3
2026-04-14 23:33:43,570 [WARNING]         [!] Không thấy dữ liệu hoặc Trống (Lần lỗi 2/5)
2026-04-14 23:33:45,830 [INFO]       - Đang quét Page 4: https://www.dienmayxanh.com/tai-nghe/tai-nghe-bluetooth-true-wireless-alpha-works-aw-curve-100/danh-gia?page=4
2026-04-14 23:33:53,868 [WARNING]         [!] Không thấy dữ liệu hoặc Trống (Lần lỗi 3/5)
2026-04-14 23:33:55,677 [INFO]       - Đang quét Page 5: https://www.dienmayxanh.com/tai-nghe/tai-nghe-bluetooth-true-wireless-alpha-works-aw-curve-100/danh-gia?page=5
2026-04-14 23:34:03,423 [WARNING]         [!] Không thấy dữ liệu hoặc Trống (Lần lỗi 4/5)
2026-04-14 23:34:04,974 [INFO]       - Đang quét Page 6: https://www.dienmayxanh.com/tai-nghe/tai-nghe-bluetooth-true-wireless-alpha-works-aw-curve-100/danh-gia?page=6
2026-04-14 23:34:12,800 [WARNING]         [!] Không thấy dữ liệu hoặc Trống (Lần lỗi 5/5)
2026-04-14 23:34:15,702 [INFO]         💾 Đã lưu 5 reviews cuối.
2026-04-14 23:34:15,702 [INFO]  ✅ Hoàn tất cào sản phẩm: 336286
2026-04-14 23:34:15,703 [INFO]  -> [102/180] Lấy Breadcrumb & Review trang gốc: https://www.dienmayxanh.com/tai-nghe/tai-nghe-bluetooth-true-wireless-ugreen-hitune-p3-ws207-45110
2026-04-14 23:34:20,801 [INFO]       - Đang quét Page 1: https://www.dienmayxanh.com/tai-nghe/tai-nghe-bluetooth-true-wireless-ugreen-hitune-p3-ws207-45110/danh-gia?page=1
2026-04-14 23:34:27,840 [WARNING]         [!] Không thấy dữ liệu hoặc Trống (Lần lỗi 1/5)
2026-04-14 23:34:29,455 [INFO]       - Đang quét Page 2: https://www.dienmayxanh.com/tai-nghe/tai-nghe-bluetooth-true-wireless-ugreen-hitune-p3-ws207-45110/danh-gia?page=2
2026-04-14 23:34:36,459 [WARNING]         [!] Không thấy dữ liệu hoặc Trống (Lần lỗi 2/5)
2026-04-14 23:34:38,372 [INFO]       - Đang quét Page 3: https://www.dienmayxanh.com/tai-nghe/tai-nghe-bluetooth-true-wireless-ugreen-hitune-p3-ws207-45110/danh-gia?page=3
2026-04-14 23:34:45,259 [WARNING]         [!] Không thấy dữ liệu hoặc Trống (Lần lỗi 3/5)
2026-04-14 23:34:48,062 [INFO]       - Đang quét Page 4: https://www.dienmayxanh.com/tai-nghe/tai-nghe-bluetooth-true-wireless-ugreen-hitune-p3-ws207-45110/danh-gia?page=4
2026-04-14 23:34:54,953 [WARNING]         [!] Không thấy dữ liệu hoặc Trống (Lần lỗi 4/5)
2026-04-14 23:34:57,588 [INFO]       - Đang quét Page 5: https://www.dienmayxanh.com/tai-nghe/tai-nghe-bluetooth-true-wireless-ugreen-hitune-p3-ws207-45110/danh-gia?page=5
2026-04-14 23:35:04,550 [WARNING]         [!] Không thấy dữ liệu hoặc Trống (Lần lỗi 5/5)
2026-04-14 23:35:06,303 [INFO]  ✅ Hoàn tất cào sản phẩm: 360079
2026-04-14 23:35:06,304 [INFO]  -> [103/180] Lấy Breadcrumb & Review trang gốc: https://www.dienmayxanh.com/tai-nghe/tai-nghe-bluetooth-true-wireless-havit-tw947
2026-04-14 23:35:13,649 [INFO]       ✅ Thu được 10 reviews từ trang gốc.
2026-04-14 23:35:13,649 [INFO]       - Đang quét Page 1: https://www.dienmayxanh.com/tai-nghe/tai-nghe-bluetooth-true-wireless-havit-tw947/danh-gia?page=1
2026-04-14 23:35:20,042 [INFO]         ✅ Thêm 15 reviews mới từ Page 1.
2026-04-14 23:35:20,044 [INFO]         💾 Đã lưu 21 reviews.
2026-04-14 23:35:22,569 [INFO]       - Đang quét Page 2: https://www.dienmayxanh.com/tai-nghe/tai-nghe-bluetooth-true-wireless-havit-tw947/danh-gia?page=2
2026-04-14 23:35:29,063 [INFO]         ✅ Thêm 19 reviews mới từ Page 2.
2026-04-14 23:35:31,201 [INFO]       - Đang quét Page 3: https://www.dienmayxanh.com/tai-nghe/tai-nghe-bluetooth-true-wireless-havit-tw947/danh-gia?page=3
2026-04-14 23:35:37,656 [INFO]         ✅ Thêm 20 reviews mới từ Page 3.
2026-04-14 23:35:37,658 [INFO]         💾 Đã lưu 39 reviews.
2026-04-14 23:35:39,409 [INFO]       - Đang quét Page 4: https://www.dienmayxanh.com/tai-nghe/tai-nghe-bluetooth-true-wireless-havit-tw947/danh-gia?page=4
2026-04-14 23:35:44,067 [INFO]         ✅ Thêm 10 reviews mới từ Page 4.
2026-04-14 23:35:45,699 [INFO]       - Đang quét Page 5: https://www.dienmayxanh.com/tai-nghe/tai-nghe-bluetooth-true-wireless-havit-tw947/danh-gia?page=5
2026-04-14 23:35:53,583 [WARNING]         [!] Không thấy dữ liệu hoặc Trống (Lần lỗi 1/5)
2026-04-14 23:35:56,225 [INFO]       - Đang quét Page 6: https://www.dienmayxanh.com/tai-nghe/tai-nghe-bluetooth-true-wireless-havit-tw947/danh-gia?page=6
2026-04-14 23:36:04,435 [WARNING]         [!] Không thấy dữ liệu hoặc Trống (Lần lỗi 2/5)
2026-04-14 23:36:07,158 [INFO]       - Đang quét Page 7: https://www.dienmayxanh.com/tai-nghe/tai-nghe-bluetooth-true-wireless-havit-tw947/danh-gia?page=7
2026-04-14 23:36:14,973 [WARNING]         [!] Không thấy dữ liệu hoặc Trống (Lần lỗi 3/5)
2026-04-14 23:36:16,811 [INFO]       - Đang quét Page 8: https://www.dienmayxanh.com/tai-nghe/tai-nghe-bluetooth-true-wireless-havit-tw947/danh-gia?page=8
2026-04-14 23:36:24,629 [WARNING]         [!] Không thấy dữ liệu hoặc Trống (Lần lỗi 4/5)
2026-04-14 23:36:27,230 [INFO]       - Đang quét Page 9: https://www.dienmayxanh.com/tai-nghe/tai-nghe-bluetooth-true-wireless-havit-tw947/danh-gia?page=9
2026-04-14 23:36:35,078 [WARNING]         [!] Không thấy dữ liệu hoặc Trống (Lần lỗi 5/5)
2026-04-14 23:36:36,896 [INFO]         💾 Đã lưu 10 reviews cuối.
2026-04-14 23:36:36,897 [INFO]  ✅ Hoàn tất cào sản phẩm: 310400
2026-04-14 23:36:36,897 [INFO]  -> [104/180] Lấy Breadcrumb & Review trang gốc: https://www.dienmayxanh.com/tai-nghe/tai-nghe-bluetooth-chup-tai-havit-h661bt?utm_flashsale=1
2026-04-14 23:36:42,505 [INFO]       ✅ Thu được 10 reviews từ trang gốc.
2026-04-14 23:36:42,506 [INFO]       - Đang quét Page 1: https://www.dienmayxanh.com/tai-nghe/tai-nghe-bluetooth-chup-tai-havit-h661bt/danh-gia?page=1
2026-04-14 23:36:49,661 [INFO]         ✅ Thêm 15 reviews mới từ Page 1.
2026-04-14 23:36:49,663 [INFO]         💾 Đã lưu 21 reviews.
2026-04-14 23:36:51,348 [INFO]       - Đang quét Page 2: https://www.dienmayxanh.com/tai-nghe/tai-nghe-bluetooth-chup-tai-havit-h661bt/danh-gia?page=2
2026-04-14 23:36:57,114 [INFO]         ✅ Thêm 15 reviews mới từ Page 2.
2026-04-14 23:36:58,627 [INFO]       - Đang quét Page 3: https://www.dienmayxanh.com/tai-nghe/tai-nghe-bluetooth-chup-tai-havit-h661bt/danh-gia?page=3
2026-04-14 23:37:06,778 [WARNING]         [!] Không thấy dữ liệu hoặc Trống (Lần lỗi 1/5)
2026-04-14 23:37:08,511 [INFO]       - Đang quét Page 4: https://www.dienmayxanh.com/tai-nghe/tai-nghe-bluetooth-chup-tai-havit-h661bt/danh-gia?page=4
2026-04-14 23:37:16,795 [WARNING]         [!] Không thấy dữ liệu hoặc Trống (Lần lỗi 2/5)
2026-04-14 23:37:19,111 [INFO]       - Đang quét Page 5: https://www.dienmayxanh.com/tai-nghe/tai-nghe-bluetooth-chup-tai-havit-h661bt/danh-gia?page=5
2026-04-14 23:37:27,525 [WARNING]         [!] Không thấy dữ liệu hoặc Trống (Lần lỗi 3/5)
2026-04-14 23:37:29,638 [INFO]       - Đang quét Page 6: https://www.dienmayxanh.com/tai-nghe/tai-nghe-bluetooth-chup-tai-havit-h661bt/danh-gia?page=6
2026-04-14 23:37:38,009 [WARNING]         [!] Không thấy dữ liệu hoặc Trống (Lần lỗi 4/5)
2026-04-14 23:37:40,491 [INFO]       - Đang quét Page 7: https://www.dienmayxanh.com/tai-nghe/tai-nghe-bluetooth-chup-tai-havit-h661bt/danh-gia?page=7
2026-04-14 23:37:48,901 [WARNING]         [!] Không thấy dữ liệu hoặc Trống (Lần lỗi 5/5)
2026-04-14 23:37:50,964 [INFO]         💾 Đã lưu 15 reviews cuối.
2026-04-14 23:37:50,964 [INFO]  ✅ Hoàn tất cào sản phẩm: 311187
2026-04-14 23:37:50,965 [INFO]  -> [105/180] Lấy Breadcrumb & Review trang gốc: https://www.dienmayxanh.com/tai-nghe/tai-nghe-bluetooth-true-wireless-marshall-minor-iv
2026-04-14 23:37:57,064 [INFO]       ✅ Thu được 7 reviews từ trang gốc.
2026-04-14 23:37:57,065 [INFO]       - Đang quét Page 1: https://www.dienmayxanh.com/tai-nghe/tai-nghe-bluetooth-true-wireless-marshall-minor-iv/danh-gia?page=1
2026-04-14 23:38:01,600 [INFO]         ✅ Thêm 2 reviews mới từ Page 1.
2026-04-14 23:38:04,538 [INFO]       - Đang quét Page 2: https://www.dienmayxanh.com/tai-nghe/tai-nghe-bluetooth-true-wireless-marshall-minor-iv/danh-gia?page=2
2026-04-14 23:38:12,321 [WARNING]         [!] Không thấy dữ liệu hoặc Trống (Lần lỗi 1/5)
2026-04-14 23:38:14,520 [INFO]       - Đang quét Page 3: https://www.dienmayxanh.com/tai-nghe/tai-nghe-bluetooth-true-wireless-marshall-minor-iv/danh-gia?page=3
2026-04-14 23:38:22,467 [WARNING]         [!] Không thấy dữ liệu hoặc Trống (Lần lỗi 2/5)
2026-04-14 23:38:24,266 [INFO]       - Đang quét Page 4: https://www.dienmayxanh.com/tai-nghe/tai-nghe-bluetooth-true-wireless-marshall-minor-iv/danh-gia?page=4
2026-04-14 23:38:32,155 [WARNING]         [!] Không thấy dữ liệu hoặc Trống (Lần lỗi 3/5)
2026-04-14 23:38:34,372 [INFO]       - Đang quét Page 5: https://www.dienmayxanh.com/tai-nghe/tai-nghe-bluetooth-true-wireless-marshall-minor-iv/danh-gia?page=5
2026-04-14 23:38:42,111 [WARNING]         [!] Không thấy dữ liệu hoặc Trống (Lần lỗi 4/5)
2026-04-14 23:38:44,178 [INFO]       - Đang quét Page 6: https://www.dienmayxanh.com/tai-nghe/tai-nghe-bluetooth-true-wireless-marshall-minor-iv/danh-gia?page=6
2026-04-14 23:38:51,901 [WARNING]         [!] Không thấy dữ liệu hoặc Trống (Lần lỗi 5/5)
2026-04-14 23:38:53,488 [INFO]         💾 Đã lưu 8 reviews cuối.
2026-04-14 23:38:53,489 [INFO]  ✅ Hoàn tất cào sản phẩm: 325339
2026-04-14 23:38:53,489 [INFO]  -> [106/180] Lấy Breadcrumb & Review trang gốc: https://www.dienmayxanh.com/tai-nghe/tai-nghe-bluetooth-true-wireless-samsung-galaxy-buds4-r540n
2026-04-14 23:38:59,055 [INFO]       - Đang quét Page 1: https://www.dienmayxanh.com/tai-nghe/tai-nghe-bluetooth-true-wireless-samsung-galaxy-buds4-r540n/danh-gia?page=1
2026-04-14 23:39:05,947 [WARNING]         [!] Không thấy dữ liệu hoặc Trống (Lần lỗi 1/5)
2026-04-14 23:39:08,606 [INFO]       - Đang quét Page 2: https://www.dienmayxanh.com/tai-nghe/tai-nghe-bluetooth-true-wireless-samsung-galaxy-buds4-r540n/danh-gia?page=2
2026-04-14 23:39:15,470 [WARNING]         [!] Không thấy dữ liệu hoặc Trống (Lần lỗi 2/5)
2026-04-14 23:39:17,472 [INFO]       - Đang quét Page 3: https://www.dienmayxanh.com/tai-nghe/tai-nghe-bluetooth-true-wireless-samsung-galaxy-buds4-r540n/danh-gia?page=3
2026-04-14 23:39:24,443 [WARNING]         [!] Không thấy dữ liệu hoặc Trống (Lần lỗi 3/5)
2026-04-14 23:39:26,272 [INFO]       - Đang quét Page 4: https://www.dienmayxanh.com/tai-nghe/tai-nghe-bluetooth-true-wireless-samsung-galaxy-buds4-r540n/danh-gia?page=4
2026-04-14 23:39:33,186 [WARNING]         [!] Không thấy dữ liệu hoặc Trống (Lần lỗi 4/5)
2026-04-14 23:39:34,845 [INFO]       - Đang quét Page 5: https://www.dienmayxanh.com/tai-nghe/tai-nghe-bluetooth-true-wireless-samsung-galaxy-buds4-r540n/danh-gia?page=5
2026-04-14 23:39:41,854 [WARNING]         [!] Không thấy dữ liệu hoặc Trống (Lần lỗi 5/5)
2026-04-14 23:39:43,811 [INFO]  ✅ Hoàn tất cào sản phẩm: 363187
2026-04-14 23:39:43,811 [INFO]  -> [107/180] Lấy Breadcrumb & Review trang gốc: https://www.dienmayxanh.com/tai-nghe/tai-nghe-bluetooth-chup-tai-alpha-works-lite-660
2026-04-14 23:39:59,862 [INFO]       - Đang quét Page 1: https://www.dienmayxanh.com/tai-nghe/tai-nghe-bluetooth-chup-tai-alpha-works-lite-660/danh-gia?page=1
2026-04-14 23:40:06,821 [WARNING]         [!] Không thấy dữ liệu hoặc Trống (Lần lỗi 1/5)
2026-04-14 23:40:09,137 [INFO]       - Đang quét Page 2: https://www.dienmayxanh.com/tai-nghe/tai-nghe-bluetooth-chup-tai-alpha-works-lite-660/danh-gia?page=2
2026-04-14 23:40:16,101 [WARNING]         [!] Không thấy dữ liệu hoặc Trống (Lần lỗi 2/5)
2026-04-14 23:40:17,645 [INFO]       - Đang quét Page 3: https://www.dienmayxanh.com/tai-nghe/tai-nghe-bluetooth-chup-tai-alpha-works-lite-660/danh-gia?page=3
2026-04-14 23:40:24,607 [WARNING]         [!] Không thấy dữ liệu hoặc Trống (Lần lỗi 3/5)
2026-04-14 23:40:27,199 [INFO]       - Đang quét Page 4: https://www.dienmayxanh.com/tai-nghe/tai-nghe-bluetooth-chup-tai-alpha-works-lite-660/danh-gia?page=4
2026-04-14 23:40:34,189 [WARNING]         [!] Không thấy dữ liệu hoặc Trống (Lần lỗi 4/5)
2026-04-14 23:40:36,781 [INFO]       - Đang quét Page 5: https://www.dienmayxanh.com/tai-nghe/tai-nghe-bluetooth-chup-tai-alpha-works-lite-660/danh-gia?page=5
2026-04-14 23:40:43,742 [WARNING]         [!] Không thấy dữ liệu hoặc Trống (Lần lỗi 5/5)
2026-04-14 23:40:45,673 [INFO]  ✅ Hoàn tất cào sản phẩm: 359339
2026-04-14 23:40:45,673 [INFO]  -> [108/180] Lấy Breadcrumb & Review trang gốc: https://www.dienmayxanh.com/tai-nghe/tai-nghe-bluetooth-chup-tai-zadez-gp-803b
2026-04-14 23:41:00,510 [INFO]       ✅ Thu được 10 reviews từ trang gốc.
2026-04-14 23:41:00,510 [INFO]       - Đang quét Page 1: https://www.dienmayxanh.com/tai-nghe/tai-nghe-bluetooth-chup-tai-zadez-gp-803b/danh-gia?page=1
2026-04-14 23:41:06,416 [INFO]         ✅ Thêm 14 reviews mới từ Page 1.
2026-04-14 23:41:06,417 [INFO]         💾 Đã lưu 20 reviews.
2026-04-14 23:41:09,380 [INFO]       - Đang quét Page 2: https://www.dienmayxanh.com/tai-nghe/tai-nghe-bluetooth-chup-tai-zadez-gp-803b/danh-gia?page=2
2026-04-14 23:41:17,770 [WARNING]         [!] Không thấy dữ liệu hoặc Trống (Lần lỗi 1/5)
2026-04-14 23:41:19,666 [INFO]       - Đang quét Page 3: https://www.dienmayxanh.com/tai-nghe/tai-nghe-bluetooth-chup-tai-zadez-gp-803b/danh-gia?page=3
2026-04-14 23:41:27,840 [WARNING]         [!] Không thấy dữ liệu hoặc Trống (Lần lỗi 2/5)
2026-04-14 23:41:30,054 [INFO]       - Đang quét Page 4: https://www.dienmayxanh.com/tai-nghe/tai-nghe-bluetooth-chup-tai-zadez-gp-803b/danh-gia?page=4
2026-04-14 23:41:37,929 [WARNING]         [!] Không thấy dữ liệu hoặc Trống (Lần lỗi 3/5)
2026-04-14 23:41:40,304 [INFO]       - Đang quét Page 5: https://www.dienmayxanh.com/tai-nghe/tai-nghe-bluetooth-chup-tai-zadez-gp-803b/danh-gia?page=5
2026-04-14 23:41:48,327 [WARNING]         [!] Không thấy dữ liệu hoặc Trống (Lần lỗi 4/5)
2026-04-14 23:41:50,795 [INFO]       - Đang quét Page 6: https://www.dienmayxanh.com/tai-nghe/tai-nghe-bluetooth-chup-tai-zadez-gp-803b/danh-gia?page=6
2026-04-14 23:41:58,889 [WARNING]         [!] Không thấy dữ liệu hoặc Trống (Lần lỗi 5/5)
2026-04-14 23:42:00,821 [INFO]  ✅ Hoàn tất cào sản phẩm: 316691
2026-04-14 23:42:00,822 [INFO]  -> [109/180] Lấy Breadcrumb & Review trang gốc: https://www.dienmayxanh.com/tai-nghe/tai-nghe-co-day-ep-type-c-sony-ier-ex15c
2026-04-14 23:42:05,657 [INFO]       - Đang quét Page 1: https://www.dienmayxanh.com/tai-nghe/tai-nghe-co-day-ep-type-c-sony-ier-ex15c/danh-gia?page=1
2026-04-14 23:42:12,556 [WARNING]         [!] Không thấy dữ liệu hoặc Trống (Lần lỗi 1/5)
2026-04-14 23:42:15,399 [INFO]       - Đang quét Page 2: https://www.dienmayxanh.com/tai-nghe/tai-nghe-co-day-ep-type-c-sony-ier-ex15c/danh-gia?page=2
2026-04-14 23:42:22,418 [WARNING]         [!] Không thấy dữ liệu hoặc Trống (Lần lỗi 2/5)
2026-04-14 23:42:24,963 [INFO]       - Đang quét Page 3: https://www.dienmayxanh.com/tai-nghe/tai-nghe-co-day-ep-type-c-sony-ier-ex15c/danh-gia?page=3
2026-04-14 23:42:31,927 [WARNING]         [!] Không thấy dữ liệu hoặc Trống (Lần lỗi 3/5)
2026-04-14 23:42:34,072 [INFO]       - Đang quét Page 4: https://www.dienmayxanh.com/tai-nghe/tai-nghe-co-day-ep-type-c-sony-ier-ex15c/danh-gia?page=4
2026-04-14 23:42:41,035 [WARNING]         [!] Không thấy dữ liệu hoặc Trống (Lần lỗi 4/5)
2026-04-14 23:42:43,755 [INFO]       - Đang quét Page 5: https://www.dienmayxanh.com/tai-nghe/tai-nghe-co-day-ep-type-c-sony-ier-ex15c/danh-gia?page=5
2026-04-14 23:42:50,707 [WARNING]         [!] Không thấy dữ liệu hoặc Trống (Lần lỗi 5/5)
2026-04-14 23:42:53,021 [INFO]  ✅ Hoàn tất cào sản phẩm: 358479
2026-04-14 23:42:53,022 [INFO] ♻️ Làm mới Session trình duyệt...
2026-04-14 23:42:54,228 [INFO]  -> [110/180] Lấy Breadcrumb & Review trang gốc: https://www.dienmayxanh.com/tai-nghe/tai-nghe-bluetooth-true-wireless-samsung-galaxy-buds-3-pro-r630n?utm_flashsale=1
2026-04-14 23:43:03,411 [INFO]       ✅ Thu được 10 reviews từ trang gốc.
2026-04-14 23:43:03,412 [INFO]       - Đang quét Page 1: https://www.dienmayxanh.com/tai-nghe/tai-nghe-bluetooth-true-wireless-samsung-galaxy-buds-3-pro-r630n/danh-gia?page=1
2026-04-14 23:43:10,470 [INFO]         ✅ Thêm 13 reviews mới từ Page 1.
2026-04-14 23:43:12,037 [INFO]       - Đang quét Page 2: https://www.dienmayxanh.com/tai-nghe/tai-nghe-bluetooth-true-wireless-samsung-galaxy-buds-3-pro-r630n/danh-gia?page=2
2026-04-14 23:43:20,240 [WARNING]         [!] Không thấy dữ liệu hoặc Trống (Lần lỗi 1/5)
2026-04-14 23:43:21,829 [INFO]       - Đang quét Page 3: https://www.dienmayxanh.com/tai-nghe/tai-nghe-bluetooth-true-wireless-samsung-galaxy-buds-3-pro-r630n/danh-gia?page=3
2026-04-14 23:43:29,441 [WARNING]         [!] Không thấy dữ liệu hoặc Trống (Lần lỗi 2/5)
2026-04-14 23:43:31,996 [INFO]       - Đang quét Page 4: https://www.dienmayxanh.com/tai-nghe/tai-nghe-bluetooth-true-wireless-samsung-galaxy-buds-3-pro-r630n/danh-gia?page=4
2026-04-14 23:43:39,936 [WARNING]         [!] Không thấy dữ liệu hoặc Trống (Lần lỗi 3/5)
2026-04-14 23:43:41,884 [INFO]       - Đang quét Page 5: https://www.dienmayxanh.com/tai-nghe/tai-nghe-bluetooth-true-wireless-samsung-galaxy-buds-3-pro-r630n/danh-gia?page=5
2026-04-14 23:43:49,732 [WARNING]         [!] Không thấy dữ liệu hoặc Trống (Lần lỗi 4/5)
2026-04-14 23:43:51,456 [INFO]       - Đang quét Page 6: https://www.dienmayxanh.com/tai-nghe/tai-nghe-bluetooth-true-wireless-samsung-galaxy-buds-3-pro-r630n/danh-gia?page=6
2026-04-14 23:43:59,373 [WARNING]         [!] Không thấy dữ liệu hoặc Trống (Lần lỗi 5/5)
2026-04-14 23:44:01,040 [INFO]         💾 Đã lưu 19 reviews cuối.
2026-04-14 23:44:01,040 [INFO]  ✅ Hoàn tất cào sản phẩm: 327554
2026-04-14 23:44:01,041 [INFO]  -> [111/180] Lấy Breadcrumb & Review trang gốc: https://www.dienmayxanh.com/tai-nghe/tai-nghe-tws-havit-tw986
2026-04-14 23:44:08,106 [INFO]       ✅ Thu được 10 reviews từ trang gốc.
2026-04-14 23:44:08,106 [INFO]       - Đang quét Page 1: https://www.dienmayxanh.com/tai-nghe/tai-nghe-tws-havit-tw986/danh-gia?page=1
2026-04-14 23:44:13,818 [INFO]         ✅ Thêm 14 reviews mới từ Page 1.
2026-04-14 23:44:13,821 [INFO]         💾 Đã lưu 20 reviews.
2026-04-14 23:44:16,087 [INFO]       - Đang quét Page 2: https://www.dienmayxanh.com/tai-nghe/tai-nghe-tws-havit-tw986/danh-gia?page=2
2026-04-14 23:44:23,782 [WARNING]         [!] Không thấy dữ liệu hoặc Trống (Lần lỗi 1/5)
2026-04-14 23:44:25,490 [INFO]       - Đang quét Page 3: https://www.dienmayxanh.com/tai-nghe/tai-nghe-tws-havit-tw986/danh-gia?page=3
2026-04-14 23:44:33,187 [WARNING]         [!] Không thấy dữ liệu hoặc Trống (Lần lỗi 2/5)
2026-04-14 23:44:34,949 [INFO]       - Đang quét Page 4: https://www.dienmayxanh.com/tai-nghe/tai-nghe-tws-havit-tw986/danh-gia?page=4
2026-04-14 23:44:42,637 [WARNING]         [!] Không thấy dữ liệu hoặc Trống (Lần lỗi 3/5)
2026-04-14 23:44:45,340 [INFO]       - Đang quét Page 5: https://www.dienmayxanh.com/tai-nghe/tai-nghe-tws-havit-tw986/danh-gia?page=5
2026-04-14 23:44:53,148 [WARNING]         [!] Không thấy dữ liệu hoặc Trống (Lần lỗi 4/5)
2026-04-14 23:44:55,031 [INFO]       - Đang quét Page 6: https://www.dienmayxanh.com/tai-nghe/tai-nghe-tws-havit-tw986/danh-gia?page=6
2026-04-14 23:45:02,909 [WARNING]         [!] Không thấy dữ liệu hoặc Trống (Lần lỗi 5/5)
2026-04-14 23:45:05,205 [INFO]  ✅ Hoàn tất cào sản phẩm: 333835
2026-04-14 23:45:05,206 [INFO]  -> [112/180] Lấy Breadcrumb & Review trang gốc: https://www.dienmayxanh.com/tai-nghe/tai-nghe-bluetooth-true-wireless-havit-life-nc01t-tw984
2026-04-14 23:45:10,800 [INFO]       ✅ Thu được 1 reviews từ trang gốc.
2026-04-14 23:45:10,801 [INFO]       - Đang quét Page 1: https://www.dienmayxanh.com/tai-nghe/tai-nghe-bluetooth-true-wireless-havit-life-nc01t-tw984/danh-gia?page=1
2026-04-14 23:45:17,919 [WARNING]         [!] Không thấy dữ liệu hoặc Trống (Lần lỗi 1/5)
2026-04-14 23:45:20,574 [INFO]       - Đang quét Page 2: https://www.dienmayxanh.com/tai-nghe/tai-nghe-bluetooth-true-wireless-havit-life-nc01t-tw984/danh-gia?page=2
2026-04-14 23:45:27,549 [WARNING]         [!] Không thấy dữ liệu hoặc Trống (Lần lỗi 2/5)
2026-04-14 23:45:29,206 [INFO]       - Đang quét Page 3: https://www.dienmayxanh.com/tai-nghe/tai-nghe-bluetooth-true-wireless-havit-life-nc01t-tw984/danh-gia?page=3
2026-04-14 23:45:36,172 [WARNING]         [!] Không thấy dữ liệu hoặc Trống (Lần lỗi 3/5)
2026-04-14 23:45:39,002 [INFO]       - Đang quét Page 4: https://www.dienmayxanh.com/tai-nghe/tai-nghe-bluetooth-true-wireless-havit-life-nc01t-tw984/danh-gia?page=4
2026-04-14 23:45:45,944 [WARNING]         [!] Không thấy dữ liệu hoặc Trống (Lần lỗi 4/5)
2026-04-14 23:45:47,579 [INFO]       - Đang quét Page 5: https://www.dienmayxanh.com/tai-nghe/tai-nghe-bluetooth-true-wireless-havit-life-nc01t-tw984/danh-gia?page=5
2026-04-14 23:45:54,507 [WARNING]         [!] Không thấy dữ liệu hoặc Trống (Lần lỗi 5/5)
2026-04-14 23:45:57,306 [INFO]         💾 Đã lưu 1 reviews cuối.
2026-04-14 23:45:57,306 [INFO]  ✅ Hoàn tất cào sản phẩm: 358391
2026-04-14 23:45:57,306 [INFO]  -> [113/180] Lấy Breadcrumb & Review trang gốc: https://www.dienmayxanh.com/tai-nghe/tai-nghe-bluetooth-chup-tai-baseus-bass-bh1-nc
2026-04-14 23:46:03,020 [INFO]       ✅ Thu được 1 reviews từ trang gốc.
2026-04-14 23:46:03,020 [INFO]       - Đang quét Page 1: https://www.dienmayxanh.com/tai-nghe/tai-nghe-bluetooth-chup-tai-baseus-bass-bh1-nc/danh-gia?page=1
2026-04-14 23:46:09,981 [WARNING]         [!] Không thấy dữ liệu hoặc Trống (Lần lỗi 1/5)
2026-04-14 23:46:12,836 [INFO]       - Đang quét Page 2: https://www.dienmayxanh.com/tai-nghe/tai-nghe-bluetooth-chup-tai-baseus-bass-bh1-nc/danh-gia?page=2
2026-04-14 23:46:19,837 [WARNING]         [!] Không thấy dữ liệu hoặc Trống (Lần lỗi 2/5)
2026-04-14 23:46:21,647 [INFO]       - Đang quét Page 3: https://www.dienmayxanh.com/tai-nghe/tai-nghe-bluetooth-chup-tai-baseus-bass-bh1-nc/danh-gia?page=3
2026-04-14 23:46:28,548 [WARNING]         [!] Không thấy dữ liệu hoặc Trống (Lần lỗi 3/5)
2026-04-14 23:46:30,315 [INFO]       - Đang quét Page 4: https://www.dienmayxanh.com/tai-nghe/tai-nghe-bluetooth-chup-tai-baseus-bass-bh1-nc/danh-gia?page=4
2026-04-14 23:46:37,250 [WARNING]         [!] Không thấy dữ liệu hoặc Trống (Lần lỗi 4/5)
2026-04-14 23:46:38,837 [INFO]       - Đang quét Page 5: https://www.dienmayxanh.com/tai-nghe/tai-nghe-bluetooth-chup-tai-baseus-bass-bh1-nc/danh-gia?page=5
2026-04-14 23:46:45,763 [WARNING]         [!] Không thấy dữ liệu hoặc Trống (Lần lỗi 5/5)
2026-04-14 23:46:47,766 [INFO]         💾 Đã lưu 1 reviews cuối.
2026-04-14 23:46:47,766 [INFO]  ✅ Hoàn tất cào sản phẩm: 358221
2026-04-14 23:46:47,767 [INFO]  -> [114/180] Lấy Breadcrumb & Review trang gốc: https://www.dienmayxanh.com/tai-nghe/tai-nghe-bluetooth-true-wireless-huawei-t0019-freebuds-6i
2026-04-14 23:46:52,893 [INFO]       - Đang quét Page 1: https://www.dienmayxanh.com/tai-nghe/tai-nghe-bluetooth-true-wireless-huawei-t0019-freebuds-6i/danh-gia?page=1
2026-04-14 23:46:59,773 [WARNING]         [!] Không thấy dữ liệu hoặc Trống (Lần lỗi 1/5)
2026-04-14 23:47:02,508 [INFO]       - Đang quét Page 2: https://www.dienmayxanh.com/tai-nghe/tai-nghe-bluetooth-true-wireless-huawei-t0019-freebuds-6i/danh-gia?page=2
2026-04-14 23:47:09,485 [WARNING]         [!] Không thấy dữ liệu hoặc Trống (Lần lỗi 2/5)
2026-04-14 23:47:11,080 [INFO]       - Đang quét Page 3: https://www.dienmayxanh.com/tai-nghe/tai-nghe-bluetooth-true-wireless-huawei-t0019-freebuds-6i/danh-gia?page=3
2026-04-14 23:47:18,047 [WARNING]         [!] Không thấy dữ liệu hoặc Trống (Lần lỗi 3/5)
2026-04-14 23:47:20,990 [INFO]       - Đang quét Page 4: https://www.dienmayxanh.com/tai-nghe/tai-nghe-bluetooth-true-wireless-huawei-t0019-freebuds-6i/danh-gia?page=4
2026-04-14 23:47:27,937 [WARNING]         [!] Không thấy dữ liệu hoặc Trống (Lần lỗi 4/5)
2026-04-14 23:47:29,859 [INFO]       - Đang quét Page 5: https://www.dienmayxanh.com/tai-nghe/tai-nghe-bluetooth-true-wireless-huawei-t0019-freebuds-6i/danh-gia?page=5
2026-04-14 23:47:36,798 [WARNING]         [!] Không thấy dữ liệu hoặc Trống (Lần lỗi 5/5)
2026-04-14 23:47:38,326 [INFO]  ✅ Hoàn tất cào sản phẩm: 356806
2026-04-14 23:47:38,327 [INFO]  -> [115/180] Lấy Breadcrumb & Review trang gốc: https://www.dienmayxanh.com/tai-nghe/tai-nghe-bluetooth-open-ear-true-wireless-havit-ows929
2026-04-14 23:47:43,230 [INFO]       - Đang quét Page 1: https://www.dienmayxanh.com/tai-nghe/tai-nghe-bluetooth-open-ear-true-wireless-havit-ows929/danh-gia?page=1
2026-04-14 23:47:50,164 [WARNING]         [!] Không thấy dữ liệu hoặc Trống (Lần lỗi 1/5)
2026-04-14 23:47:52,747 [INFO]       - Đang quét Page 2: https://www.dienmayxanh.com/tai-nghe/tai-nghe-bluetooth-open-ear-true-wireless-havit-ows929/danh-gia?page=2
2026-04-14 23:47:59,725 [WARNING]         [!] Không thấy dữ liệu hoặc Trống (Lần lỗi 2/5)
2026-04-14 23:48:01,949 [INFO]       - Đang quét Page 3: https://www.dienmayxanh.com/tai-nghe/tai-nghe-bluetooth-open-ear-true-wireless-havit-ows929/danh-gia?page=3
2026-04-14 23:48:08,830 [WARNING]         [!] Không thấy dữ liệu hoặc Trống (Lần lỗi 3/5)
2026-04-14 23:48:11,723 [INFO]       - Đang quét Page 4: https://www.dienmayxanh.com/tai-nghe/tai-nghe-bluetooth-open-ear-true-wireless-havit-ows929/danh-gia?page=4
2026-04-14 23:48:18,599 [WARNING]         [!] Không thấy dữ liệu hoặc Trống (Lần lỗi 4/5)
2026-04-14 23:48:21,002 [INFO]       - Đang quét Page 5: https://www.dienmayxanh.com/tai-nghe/tai-nghe-bluetooth-open-ear-true-wireless-havit-ows929/danh-gia?page=5
2026-04-14 23:48:27,878 [WARNING]         [!] Không thấy dữ liệu hoặc Trống (Lần lỗi 5/5)
2026-04-14 23:48:30,832 [INFO]  ✅ Hoàn tất cào sản phẩm: 357466
2026-04-14 23:48:30,833 [INFO]  -> [116/180] Lấy Breadcrumb & Review trang gốc: https://www.dienmayxanh.com/tai-nghe/tai-nghe-tws-xiaomi-redmi-buds-6-pro
2026-04-14 23:48:36,262 [INFO]       ✅ Thu được 6 reviews từ trang gốc.
2026-04-14 23:48:36,262 [INFO]       - Đang quét Page 1: https://www.dienmayxanh.com/tai-nghe/tai-nghe-tws-xiaomi-redmi-buds-6-pro/danh-gia?page=1
2026-04-14 23:48:40,017 [INFO]         ✅ Thêm 1 reviews mới từ Page 1.
2026-04-14 23:48:42,308 [INFO]       - Đang quét Page 2: https://www.dienmayxanh.com/tai-nghe/tai-nghe-tws-xiaomi-redmi-buds-6-pro/danh-gia?page=2
2026-04-14 23:48:50,015 [WARNING]         [!] Không thấy dữ liệu hoặc Trống (Lần lỗi 1/5)
2026-04-14 23:48:51,582 [INFO]       - Đang quét Page 3: https://www.dienmayxanh.com/tai-nghe/tai-nghe-tws-xiaomi-redmi-buds-6-pro/danh-gia?page=3
2026-04-14 23:48:59,349 [WARNING]         [!] Không thấy dữ liệu hoặc Trống (Lần lỗi 2/5)
2026-04-14 23:49:01,510 [INFO]       - Đang quét Page 4: https://www.dienmayxanh.com/tai-nghe/tai-nghe-tws-xiaomi-redmi-buds-6-pro/danh-gia?page=4
2026-04-14 23:49:09,020 [WARNING]         [!] Không thấy dữ liệu hoặc Trống (Lần lỗi 3/5)
2026-04-14 23:49:10,672 [INFO]       - Đang quét Page 5: https://www.dienmayxanh.com/tai-nghe/tai-nghe-tws-xiaomi-redmi-buds-6-pro/danh-gia?page=5
2026-04-14 23:49:18,102 [WARNING]         [!] Không thấy dữ liệu hoặc Trống (Lần lỗi 4/5)
2026-04-14 23:49:19,742 [INFO]       - Đang quét Page 6: https://www.dienmayxanh.com/tai-nghe/tai-nghe-tws-xiaomi-redmi-buds-6-pro/danh-gia?page=6
2026-04-14 23:49:27,178 [WARNING]         [!] Không thấy dữ liệu hoặc Trống (Lần lỗi 5/5)
2026-04-14 23:49:28,698 [INFO]         💾 Đã lưu 7 reviews cuối.
2026-04-14 23:49:28,698 [INFO]  ✅ Hoàn tất cào sản phẩm: 333562
2026-04-14 23:49:28,698 [INFO]  -> [117/180] Lấy Breadcrumb & Review trang gốc: https://www.dienmayxanh.com/tai-nghe/tai-nghe-bluetooth-chup-tai-ugreen-studio-max2-hp205?utm_flashsale=1
2026-04-14 23:49:34,251 [INFO]       ✅ Thu được 5 reviews từ trang gốc.
2026-04-14 23:49:34,251 [INFO]       - Đang quét Page 1: https://www.dienmayxanh.com/tai-nghe/tai-nghe-bluetooth-chup-tai-ugreen-studio-max2-hp205/danh-gia?page=1
2026-04-14 23:49:38,664 [INFO]         ✅ Thêm 0 reviews mới từ Page 1.
2026-04-14 23:49:40,656 [INFO]       - Đang quét Page 2: https://www.dienmayxanh.com/tai-nghe/tai-nghe-bluetooth-chup-tai-ugreen-studio-max2-hp205/danh-gia?page=2
2026-04-14 23:49:48,889 [WARNING]         [!] Không thấy dữ liệu hoặc Trống (Lần lỗi 1/5)
2026-04-14 23:49:51,385 [INFO]       - Đang quét Page 3: https://www.dienmayxanh.com/tai-nghe/tai-nghe-bluetooth-chup-tai-ugreen-studio-max2-hp205/danh-gia?page=3
2026-04-14 23:49:58,945 [WARNING]         [!] Không thấy dữ liệu hoặc Trống (Lần lỗi 2/5)
2026-04-14 23:50:01,112 [INFO]       - Đang quét Page 4: https://www.dienmayxanh.com/tai-nghe/tai-nghe-bluetooth-chup-tai-ugreen-studio-max2-hp205/danh-gia?page=4
2026-04-14 23:50:08,608 [WARNING]         [!] Không thấy dữ liệu hoặc Trống (Lần lỗi 3/5)
2026-04-14 23:50:11,521 [INFO]       - Đang quét Page 5: https://www.dienmayxanh.com/tai-nghe/tai-nghe-bluetooth-chup-tai-ugreen-studio-max2-hp205/danh-gia?page=5
2026-04-14 23:50:19,074 [WARNING]         [!] Không thấy dữ liệu hoặc Trống (Lần lỗi 4/5)
2026-04-14 23:50:20,774 [INFO]       - Đang quét Page 6: https://www.dienmayxanh.com/tai-nghe/tai-nghe-bluetooth-chup-tai-ugreen-studio-max2-hp205/danh-gia?page=6
2026-04-14 23:50:28,293 [WARNING]         [!] Không thấy dữ liệu hoặc Trống (Lần lỗi 5/5)
2026-04-14 23:50:29,979 [INFO]         💾 Đã lưu 5 reviews cuối.
2026-04-14 23:50:29,979 [INFO]  ✅ Hoàn tất cào sản phẩm: 360083
2026-04-14 23:50:29,980 [INFO]  -> [118/180] Lấy Breadcrumb & Review trang gốc: https://www.dienmayxanh.com/tai-nghe/tai-nghe-bluetooth-soundpeats-free-2-classic
2026-04-14 23:50:36,081 [INFO]       ✅ Thu được 10 reviews từ trang gốc.
2026-04-14 23:50:36,081 [INFO]       - Đang quét Page 1: https://www.dienmayxanh.com/tai-nghe/tai-nghe-bluetooth-soundpeats-free-2-classic/danh-gia?page=1
2026-04-14 23:50:43,201 [INFO]         ✅ Thêm 15 reviews mới từ Page 1.
2026-04-14 23:50:43,203 [INFO]         💾 Đã lưu 21 reviews.
2026-04-14 23:50:45,214 [INFO]       - Đang quét Page 2: https://www.dienmayxanh.com/tai-nghe/tai-nghe-bluetooth-soundpeats-free-2-classic/danh-gia?page=2
2026-04-14 23:50:50,742 [INFO]         ✅ Thêm 20 reviews mới từ Page 2.
2026-04-14 23:50:50,743 [INFO]         💾 Đã lưu 20 reviews.
2026-04-14 23:50:52,939 [INFO]       - Đang quét Page 3: https://www.dienmayxanh.com/tai-nghe/tai-nghe-bluetooth-soundpeats-free-2-classic/danh-gia?page=3
2026-04-14 23:50:57,346 [INFO]         ✅ Thêm 17 reviews mới từ Page 3.
2026-04-14 23:50:59,608 [INFO]       - Đang quét Page 4: https://www.dienmayxanh.com/tai-nghe/tai-nghe-bluetooth-soundpeats-free-2-classic/danh-gia?page=4
2026-04-14 23:51:07,580 [WARNING]         [!] Không thấy dữ liệu hoặc Trống (Lần lỗi 1/5)
2026-04-14 23:51:09,650 [INFO]       - Đang quét Page 5: https://www.dienmayxanh.com/tai-nghe/tai-nghe-bluetooth-soundpeats-free-2-classic/danh-gia?page=5
2026-04-14 23:51:17,166 [WARNING]         [!] Không thấy dữ liệu hoặc Trống (Lần lỗi 2/5)
2026-04-14 23:51:19,470 [INFO]       - Đang quét Page 6: https://www.dienmayxanh.com/tai-nghe/tai-nghe-bluetooth-soundpeats-free-2-classic/danh-gia?page=6
2026-04-14 23:51:26,976 [WARNING]         [!] Không thấy dữ liệu hoặc Trống (Lần lỗi 3/5)
2026-04-14 23:51:28,971 [INFO]       - Đang quét Page 7: https://www.dienmayxanh.com/tai-nghe/tai-nghe-bluetooth-soundpeats-free-2-classic/danh-gia?page=7
2026-04-14 23:51:36,471 [WARNING]         [!] Không thấy dữ liệu hoặc Trống (Lần lỗi 4/5)
2026-04-14 23:51:38,220 [INFO]       - Đang quét Page 8: https://www.dienmayxanh.com/tai-nghe/tai-nghe-bluetooth-soundpeats-free-2-classic/danh-gia?page=8
2026-04-14 23:51:45,726 [WARNING]         [!] Không thấy dữ liệu hoặc Trống (Lần lỗi 5/5)
2026-04-14 23:51:47,298 [INFO]         💾 Đã lưu 17 reviews cuối.
2026-04-14 23:51:47,298 [INFO]  ✅ Hoàn tất cào sản phẩm: 310364
2026-04-14 23:51:47,299 [INFO]  -> [119/180] Lấy Breadcrumb & Review trang gốc: https://www.dienmayxanh.com/tai-nghe/tai-nghe-bluetooth-chup-tai-alpha-works-flex-680
2026-04-14 23:51:52,182 [INFO]       ✅ Thu được 3 reviews từ trang gốc.
2026-04-14 23:51:52,182 [INFO]       - Đang quét Page 1: https://www.dienmayxanh.com/tai-nghe/tai-nghe-bluetooth-chup-tai-alpha-works-flex-680/danh-gia?page=1
2026-04-14 23:51:55,719 [INFO]         ✅ Thêm 0 reviews mới từ Page 1.
2026-04-14 23:51:57,982 [INFO]       - Đang quét Page 2: https://www.dienmayxanh.com/tai-nghe/tai-nghe-bluetooth-chup-tai-alpha-works-flex-680/danh-gia?page=2
2026-04-14 23:52:06,325 [WARNING]         [!] Không thấy dữ liệu hoặc Trống (Lần lỗi 1/5)
2026-04-14 23:52:08,214 [INFO]       - Đang quét Page 3: https://www.dienmayxanh.com/tai-nghe/tai-nghe-bluetooth-chup-tai-alpha-works-flex-680/danh-gia?page=3
2026-04-14 23:52:15,799 [WARNING]         [!] Không thấy dữ liệu hoặc Trống (Lần lỗi 2/5)
2026-04-14 23:52:18,656 [INFO]       - Đang quét Page 4: https://www.dienmayxanh.com/tai-nghe/tai-nghe-bluetooth-chup-tai-alpha-works-flex-680/danh-gia?page=4
2026-04-14 23:52:26,088 [WARNING]         [!] Không thấy dữ liệu hoặc Trống (Lần lỗi 3/5)
2026-04-14 23:52:28,315 [INFO]       - Đang quét Page 5: https://www.dienmayxanh.com/tai-nghe/tai-nghe-bluetooth-chup-tai-alpha-works-flex-680/danh-gia?page=5
2026-04-14 23:52:36,420 [WARNING]         [!] Không thấy dữ liệu hoặc Trống (Lần lỗi 4/5)
2026-04-14 23:52:38,753 [INFO]       - Đang quét Page 6: https://www.dienmayxanh.com/tai-nghe/tai-nghe-bluetooth-chup-tai-alpha-works-flex-680/danh-gia?page=6
2026-04-14 23:52:46,665 [WARNING]         [!] Không thấy dữ liệu hoặc Trống (Lần lỗi 5/5)
2026-04-14 23:52:49,462 [INFO]         💾 Đã lưu 3 reviews cuối.
2026-04-14 23:52:49,462 [INFO]  ✅ Hoàn tất cào sản phẩm: 331747
2026-04-14 23:52:49,462 [INFO] ♻️ Làm mới Session trình duyệt...
2026-04-14 23:52:50,299 [INFO]  -> [120/180] Lấy Breadcrumb & Review trang gốc: https://www.dienmayxanh.com/tai-nghe/tai-nghe-bluetooth-true-wireless-sony-wf1000xm5
2026-04-14 23:52:55,486 [INFO]       - Đang quét Page 1: https://www.dienmayxanh.com/tai-nghe/tai-nghe-bluetooth-true-wireless-sony-wf1000xm5/danh-gia?page=1
2026-04-14 23:53:02,399 [WARNING]         [!] Không thấy dữ liệu hoặc Trống (Lần lỗi 1/5)
2026-04-14 23:53:04,194 [INFO]       - Đang quét Page 2: https://www.dienmayxanh.com/tai-nghe/tai-nghe-bluetooth-true-wireless-sony-wf1000xm5/danh-gia?page=2
2026-04-14 23:53:14,135 [WARNING]         [!] Không thấy dữ liệu hoặc Trống (Lần lỗi 2/5)
2026-04-14 23:53:16,586 [INFO]       - Đang quét Page 3: https://www.dienmayxanh.com/tai-nghe/tai-nghe-bluetooth-true-wireless-sony-wf1000xm5/danh-gia?page=3
2026-04-14 23:53:23,407 [WARNING]         [!] Không thấy dữ liệu hoặc Trống (Lần lỗi 3/5)
2026-04-14 23:53:25,476 [INFO]       - Đang quét Page 4: https://www.dienmayxanh.com/tai-nghe/tai-nghe-bluetooth-true-wireless-sony-wf1000xm5/danh-gia?page=4
2026-04-14 23:53:32,312 [WARNING]         [!] Không thấy dữ liệu hoặc Trống (Lần lỗi 4/5)
2026-04-14 23:53:33,878 [INFO]       - Đang quét Page 5: https://www.dienmayxanh.com/tai-nghe/tai-nghe-bluetooth-true-wireless-sony-wf1000xm5/danh-gia?page=5
2026-04-14 23:53:40,770 [WARNING]         [!] Không thấy dữ liệu hoặc Trống (Lần lỗi 5/5)
2026-04-14 23:53:43,612 [INFO]  ✅ Hoàn tất cào sản phẩm: 313700
2026-04-14 23:53:43,612 [INFO]  -> [121/180] Lấy Breadcrumb & Review trang gốc: https://www.dienmayxanh.com/tai-nghe/tai-nghe-beats-solo-buds
2026-04-14 23:53:48,519 [INFO]       ✅ Thu được 1 reviews từ trang gốc.
2026-04-14 23:53:48,519 [INFO]       - Đang quét Page 1: https://www.dienmayxanh.com/tai-nghe/tai-nghe-beats-solo-buds/danh-gia?page=1
2026-04-14 23:53:55,322 [WARNING]         [!] Không thấy dữ liệu hoặc Trống (Lần lỗi 1/5)
2026-04-14 23:53:57,659 [INFO]       - Đang quét Page 2: https://www.dienmayxanh.com/tai-nghe/tai-nghe-beats-solo-buds/danh-gia?page=2
2026-04-14 23:54:04,461 [WARNING]         [!] Không thấy dữ liệu hoặc Trống (Lần lỗi 2/5)
2026-04-14 23:54:06,080 [INFO]       - Đang quét Page 3: https://www.dienmayxanh.com/tai-nghe/tai-nghe-beats-solo-buds/danh-gia?page=3
2026-04-14 23:54:12,977 [WARNING]         [!] Không thấy dữ liệu hoặc Trống (Lần lỗi 3/5)
2026-04-14 23:54:15,011 [INFO]       - Đang quét Page 4: https://www.dienmayxanh.com/tai-nghe/tai-nghe-beats-solo-buds/danh-gia?page=4
2026-04-14 23:54:21,871 [WARNING]         [!] Không thấy dữ liệu hoặc Trống (Lần lỗi 4/5)
2026-04-14 23:54:23,777 [INFO]       - Đang quét Page 5: https://www.dienmayxanh.com/tai-nghe/tai-nghe-beats-solo-buds/danh-gia?page=5
2026-04-14 23:54:30,654 [WARNING]         [!] Không thấy dữ liệu hoặc Trống (Lần lỗi 5/5)
2026-04-14 23:54:32,821 [INFO]         💾 Đã lưu 1 reviews cuối.
2026-04-14 23:54:32,821 [INFO]  ✅ Hoàn tất cào sản phẩm: 325754
2026-04-14 23:54:32,822 [INFO]  -> [122/180] Lấy Breadcrumb & Review trang gốc: https://www.dienmayxanh.com/tai-nghe/tai-nghe-chup-tai-logitech-h340
2026-04-14 23:54:37,465 [INFO]       - Đang quét Page 1: https://www.dienmayxanh.com/tai-nghe/tai-nghe-chup-tai-logitech-h340/danh-gia?page=1
2026-04-14 23:54:44,265 [WARNING]         [!] Không thấy dữ liệu hoặc Trống (Lần lỗi 1/5)
2026-04-14 23:54:46,882 [INFO]       - Đang quét Page 2: https://www.dienmayxanh.com/tai-nghe/tai-nghe-chup-tai-logitech-h340/danh-gia?page=2
2026-04-14 23:54:55,044 [WARNING]         [!] Không thấy dữ liệu hoặc Trống (Lần lỗi 2/5)
2026-04-14 23:54:57,894 [INFO]       - Đang quét Page 3: https://www.dienmayxanh.com/tai-nghe/tai-nghe-chup-tai-logitech-h340/danh-gia?page=3
2026-04-14 23:55:05,281 [WARNING]         [!] Không thấy dữ liệu hoặc Trống (Lần lỗi 3/5)
2026-04-14 23:55:07,934 [INFO]       - Đang quét Page 4: https://www.dienmayxanh.com/tai-nghe/tai-nghe-chup-tai-logitech-h340/danh-gia?page=4
2026-04-14 23:55:14,901 [WARNING]         [!] Không thấy dữ liệu hoặc Trống (Lần lỗi 4/5)
2026-04-14 23:55:17,704 [INFO]       - Đang quét Page 5: https://www.dienmayxanh.com/tai-nghe/tai-nghe-chup-tai-logitech-h340/danh-gia?page=5
2026-04-14 23:55:24,630 [WARNING]         [!] Không thấy dữ liệu hoặc Trống (Lần lỗi 5/5)
2026-04-14 23:55:26,628 [INFO]  ✅ Hoàn tất cào sản phẩm: 337173
2026-04-14 23:55:26,628 [INFO]  -> [123/180] Lấy Breadcrumb & Review trang gốc: https://www.dienmayxanh.com/tai-nghe/tai-nghe-bluetooth-true-wireless-soundpeats-air-6-hs
2026-04-14 23:55:31,189 [INFO]       - Đang quét Page 1: https://www.dienmayxanh.com/tai-nghe/tai-nghe-bluetooth-true-wireless-soundpeats-air-6-hs/danh-gia?page=1
2026-04-14 23:55:38,065 [WARNING]         [!] Không thấy dữ liệu hoặc Trống (Lần lỗi 1/5)
2026-04-14 23:55:40,140 [INFO]       - Đang quét Page 2: https://www.dienmayxanh.com/tai-nghe/tai-nghe-bluetooth-true-wireless-soundpeats-air-6-hs/danh-gia?page=2
2026-04-14 23:55:46,995 [WARNING]         [!] Không thấy dữ liệu hoặc Trống (Lần lỗi 2/5)
2026-04-14 23:55:48,588 [INFO]       - Đang quét Page 3: https://www.dienmayxanh.com/tai-nghe/tai-nghe-bluetooth-true-wireless-soundpeats-air-6-hs/danh-gia?page=3
2026-04-14 23:55:55,523 [WARNING]         [!] Không thấy dữ liệu hoặc Trống (Lần lỗi 3/5)
2026-04-14 23:55:57,190 [INFO]       - Đang quét Page 4: https://www.dienmayxanh.com/tai-nghe/tai-nghe-bluetooth-true-wireless-soundpeats-air-6-hs/danh-gia?page=4
2026-04-14 23:56:04,125 [WARNING]         [!] Không thấy dữ liệu hoặc Trống (Lần lỗi 4/5)
2026-04-14 23:56:06,198 [INFO]       - Đang quét Page 5: https://www.dienmayxanh.com/tai-nghe/tai-nghe-bluetooth-true-wireless-soundpeats-air-6-hs/danh-gia?page=5
2026-04-14 23:56:13,142 [WARNING]         [!] Không thấy dữ liệu hoặc Trống (Lần lỗi 5/5)
2026-04-14 23:56:15,580 [INFO]  ✅ Hoàn tất cào sản phẩm: 364740
2026-04-14 23:56:15,581 [INFO]  -> [124/180] Lấy Breadcrumb & Review trang gốc: https://www.dienmayxanh.com/tai-nghe/tai-nghe-bluetooth-chup-tai-sony-wh1000xm5
2026-04-14 23:56:22,777 [INFO]       ✅ Thu được 1 reviews từ trang gốc.
2026-04-14 23:56:22,777 [INFO]       - Đang quét Page 1: https://www.dienmayxanh.com/tai-nghe/tai-nghe-bluetooth-chup-tai-sony-wh1000xm5/danh-gia?page=1
2026-04-14 23:56:29,716 [WARNING]         [!] Không thấy dữ liệu hoặc Trống (Lần lỗi 1/5)
2026-04-14 23:56:32,710 [INFO]       - Đang quét Page 2: https://www.dienmayxanh.com/tai-nghe/tai-nghe-bluetooth-chup-tai-sony-wh1000xm5/danh-gia?page=2
2026-04-14 23:56:39,668 [WARNING]         [!] Không thấy dữ liệu hoặc Trống (Lần lỗi 2/5)
2026-04-14 23:56:41,368 [INFO]       - Đang quét Page 3: https://www.dienmayxanh.com/tai-nghe/tai-nghe-bluetooth-chup-tai-sony-wh1000xm5/danh-gia?page=3
2026-04-14 23:56:48,704 [WARNING]         [!] Không thấy dữ liệu hoặc Trống (Lần lỗi 3/5)
2026-04-14 23:56:50,886 [INFO]       - Đang quét Page 4: https://www.dienmayxanh.com/tai-nghe/tai-nghe-bluetooth-chup-tai-sony-wh1000xm5/danh-gia?page=4
2026-04-14 23:56:57,843 [WARNING]         [!] Không thấy dữ liệu hoặc Trống (Lần lỗi 4/5)
2026-04-14 23:57:00,662 [INFO]       - Đang quét Page 5: https://www.dienmayxanh.com/tai-nghe/tai-nghe-bluetooth-chup-tai-sony-wh1000xm5/danh-gia?page=5
2026-04-14 23:57:07,611 [WARNING]         [!] Không thấy dữ liệu hoặc Trống (Lần lỗi 5/5)
2026-04-14 23:57:09,265 [INFO]         💾 Đã lưu 1 reviews cuối.
2026-04-14 23:57:09,266 [INFO]  ✅ Hoàn tất cào sản phẩm: 313692
2026-04-14 23:57:09,266 [INFO]  -> [125/180] Lấy Breadcrumb & Review trang gốc: https://www.dienmayxanh.com/tai-nghe/tai-nghe-bluetooth-the-thao-soundpeats-runfree-lite-2
2026-04-14 23:57:14,667 [INFO]       ✅ Thu được 3 reviews từ trang gốc.
2026-04-14 23:57:14,667 [INFO]       - Đang quét Page 1: https://www.dienmayxanh.com/tai-nghe/tai-nghe-bluetooth-the-thao-soundpeats-runfree-lite-2/danh-gia?page=1
2026-04-14 23:57:18,963 [INFO]         ✅ Thêm 0 reviews mới từ Page 1.
2026-04-14 23:57:21,553 [INFO]       - Đang quét Page 2: https://www.dienmayxanh.com/tai-nghe/tai-nghe-bluetooth-the-thao-soundpeats-runfree-lite-2/danh-gia?page=2
2026-04-14 23:57:29,297 [WARNING]         [!] Không thấy dữ liệu hoặc Trống (Lần lỗi 1/5)
2026-04-14 23:57:31,725 [INFO]       - Đang quét Page 3: https://www.dienmayxanh.com/tai-nghe/tai-nghe-bluetooth-the-thao-soundpeats-runfree-lite-2/danh-gia?page=3
2026-04-14 23:57:39,524 [WARNING]         [!] Không thấy dữ liệu hoặc Trống (Lần lỗi 2/5)
2026-04-14 23:57:41,434 [INFO]       - Đang quét Page 4: https://www.dienmayxanh.com/tai-nghe/tai-nghe-bluetooth-the-thao-soundpeats-runfree-lite-2/danh-gia?page=4
2026-04-14 23:57:49,252 [WARNING]         [!] Không thấy dữ liệu hoặc Trống (Lần lỗi 3/5)
2026-04-14 23:57:51,013 [INFO]       - Đang quét Page 5: https://www.dienmayxanh.com/tai-nghe/tai-nghe-bluetooth-the-thao-soundpeats-runfree-lite-2/danh-gia?page=5
2026-04-14 23:57:58,761 [WARNING]         [!] Không thấy dữ liệu hoặc Trống (Lần lỗi 4/5)
2026-04-14 23:58:00,550 [INFO]       - Đang quét Page 6: https://www.dienmayxanh.com/tai-nghe/tai-nghe-bluetooth-the-thao-soundpeats-runfree-lite-2/danh-gia?page=6
2026-04-14 23:58:09,027 [WARNING]         [!] Không thấy dữ liệu hoặc Trống (Lần lỗi 5/5)
2026-04-14 23:58:11,310 [INFO]         💾 Đã lưu 3 reviews cuối.
2026-04-14 23:58:11,310 [INFO]  ✅ Hoàn tất cào sản phẩm: 329287
2026-04-14 23:58:11,312 [INFO]  -> [126/180] Lấy Breadcrumb & Review trang gốc: https://www.dienmayxanh.com/tai-nghe/tai-nghe-co-day-hp-hyperx-cloud-earbuds-ii
2026-04-14 23:58:17,828 [INFO]       ✅ Thu được 4 reviews từ trang gốc.
2026-04-14 23:58:17,829 [INFO]       - Đang quét Page 1: https://www.dienmayxanh.com/tai-nghe/tai-nghe-co-day-hp-hyperx-cloud-earbuds-ii/danh-gia?page=1
2026-04-14 23:58:21,900 [INFO]         ✅ Thêm 0 reviews mới từ Page 1.
2026-04-14 23:58:23,769 [INFO]       - Đang quét Page 2: https://www.dienmayxanh.com/tai-nghe/tai-nghe-co-day-hp-hyperx-cloud-earbuds-ii/danh-gia?page=2
2026-04-14 23:58:31,615 [WARNING]         [!] Không thấy dữ liệu hoặc Trống (Lần lỗi 1/5)
2026-04-14 23:58:33,736 [INFO]       - Đang quét Page 3: https://www.dienmayxanh.com/tai-nghe/tai-nghe-co-day-hp-hyperx-cloud-earbuds-ii/danh-gia?page=3
2026-04-14 23:58:41,421 [WARNING]         [!] Không thấy dữ liệu hoặc Trống (Lần lỗi 2/5)
2026-04-14 23:58:43,074 [INFO]       - Đang quét Page 4: https://www.dienmayxanh.com/tai-nghe/tai-nghe-co-day-hp-hyperx-cloud-earbuds-ii/danh-gia?page=4
2026-04-14 23:58:50,893 [WARNING]         [!] Không thấy dữ liệu hoặc Trống (Lần lỗi 3/5)
2026-04-14 23:58:53,469 [INFO]       - Đang quét Page 5: https://www.dienmayxanh.com/tai-nghe/tai-nghe-co-day-hp-hyperx-cloud-earbuds-ii/danh-gia?page=5
2026-04-14 23:59:01,238 [WARNING]         [!] Không thấy dữ liệu hoặc Trống (Lần lỗi 4/5)
2026-04-14 23:59:03,368 [INFO]       - Đang quét Page 6: https://www.dienmayxanh.com/tai-nghe/tai-nghe-co-day-hp-hyperx-cloud-earbuds-ii/danh-gia?page=6
2026-04-14 23:59:11,242 [WARNING]         [!] Không thấy dữ liệu hoặc Trống (Lần lỗi 5/5)
2026-04-14 23:59:13,353 [INFO]         💾 Đã lưu 4 reviews cuối.
2026-04-14 23:59:13,353 [INFO]  ✅ Hoàn tất cào sản phẩm: 327793
2026-04-14 23:59:13,353 [INFO]  -> [127/180] Lấy Breadcrumb & Review trang gốc: https://www.dienmayxanh.com/tai-nghe/tai-nghe-bluetooth-chup-tai-havit-h663bt
2026-04-14 23:59:20,692 [INFO]       ✅ Thu được 9 reviews từ trang gốc.
2026-04-14 23:59:20,693 [INFO]       - Đang quét Page 1: https://www.dienmayxanh.com/tai-nghe/tai-nghe-bluetooth-chup-tai-havit-h663bt/danh-gia?page=1
2026-04-14 23:59:26,606 [INFO]         ✅ Thêm 13 reviews mới từ Page 1.
2026-04-14 23:59:29,556 [INFO]       - Đang quét Page 2: https://www.dienmayxanh.com/tai-nghe/tai-nghe-bluetooth-chup-tai-havit-h663bt/danh-gia?page=2
2026-04-14 23:59:37,357 [WARNING]         [!] Không thấy dữ liệu hoặc Trống (Lần lỗi 1/5)
2026-04-14 23:59:40,224 [INFO]       - Đang quét Page 3: https://www.dienmayxanh.com/tai-nghe/tai-nghe-bluetooth-chup-tai-havit-h663bt/danh-gia?page=3
2026-04-14 23:59:48,088 [WARNING]         [!] Không thấy dữ liệu hoặc Trống (Lần lỗi 2/5)
2026-04-14 23:59:49,863 [INFO]       - Đang quét Page 4: https://www.dienmayxanh.com/tai-nghe/tai-nghe-bluetooth-chup-tai-havit-h663bt/danh-gia?page=4
2026-04-14 23:59:57,688 [WARNING]         [!] Không thấy dữ liệu hoặc Trống (Lần lỗi 3/5)
2026-04-15 00:00:00,391 [INFO]       - Đang quét Page 5: https://www.dienmayxanh.com/tai-nghe/tai-nghe-bluetooth-chup-tai-havit-h663bt/danh-gia?page=5
2026-04-15 00:00:08,211 [WARNING]         [!] Không thấy dữ liệu hoặc Trống (Lần lỗi 4/5)
2026-04-15 00:00:11,093 [INFO]       - Đang quét Page 6: https://www.dienmayxanh.com/tai-nghe/tai-nghe-bluetooth-chup-tai-havit-h663bt/danh-gia?page=6
2026-04-15 00:00:18,932 [WARNING]         [!] Không thấy dữ liệu hoặc Trống (Lần lỗi 5/5)
2026-04-15 00:00:21,268 [INFO]         💾 Đã lưu 19 reviews cuối.
2026-04-15 00:00:21,268 [INFO]  ✅ Hoàn tất cào sản phẩm: 320249
2026-04-15 00:00:21,270 [INFO]  -> [128/180] Lấy Breadcrumb & Review trang gốc: https://www.dienmayxanh.com/tai-nghe/tai-nghe-bluetooth-true-wireless-rezo-air-5-deluxe-anc?utm_flashsale=1
2026-04-15 00:00:27,212 [INFO]       ✅ Thu được 6 reviews từ trang gốc.
2026-04-15 00:00:27,212 [INFO]       - Đang quét Page 1: https://www.dienmayxanh.com/tai-nghe/tai-nghe-bluetooth-true-wireless-rezo-air-5-deluxe-anc/danh-gia?page=1
2026-04-15 00:00:31,819 [INFO]         ✅ Thêm 2 reviews mới từ Page 1.
2026-04-15 00:00:33,467 [INFO]       - Đang quét Page 2: https://www.dienmayxanh.com/tai-nghe/tai-nghe-bluetooth-true-wireless-rezo-air-5-deluxe-anc/danh-gia?page=2
2026-04-15 00:00:41,261 [WARNING]         [!] Không thấy dữ liệu hoặc Trống (Lần lỗi 1/5)
2026-04-15 00:00:43,058 [INFO]       - Đang quét Page 3: https://www.dienmayxanh.com/tai-nghe/tai-nghe-bluetooth-true-wireless-rezo-air-5-deluxe-anc/danh-gia?page=3
2026-04-15 00:00:50,740 [WARNING]         [!] Không thấy dữ liệu hoặc Trống (Lần lỗi 2/5)
2026-04-15 00:00:53,684 [INFO]       - Đang quét Page 4: https://www.dienmayxanh.com/tai-nghe/tai-nghe-bluetooth-true-wireless-rezo-air-5-deluxe-anc/danh-gia?page=4
2026-04-15 00:01:01,508 [WARNING]         [!] Không thấy dữ liệu hoặc Trống (Lần lỗi 3/5)
2026-04-15 00:01:03,671 [INFO]       - Đang quét Page 5: https://www.dienmayxanh.com/tai-nghe/tai-nghe-bluetooth-true-wireless-rezo-air-5-deluxe-anc/danh-gia?page=5
2026-04-15 00:01:11,948 [WARNING]         [!] Không thấy dữ liệu hoặc Trống (Lần lỗi 4/5)
2026-04-15 00:01:14,147 [INFO]       - Đang quét Page 6: https://www.dienmayxanh.com/tai-nghe/tai-nghe-bluetooth-true-wireless-rezo-air-5-deluxe-anc/danh-gia?page=6
2026-04-15 00:01:21,915 [WARNING]         [!] Không thấy dữ liệu hoặc Trống (Lần lỗi 5/5)
2026-04-15 00:01:23,878 [INFO]         💾 Đã lưu 7 reviews cuối.
2026-04-15 00:01:23,879 [INFO]  ✅ Hoàn tất cào sản phẩm: 330711
2026-04-15 00:01:23,879 [INFO]  -> [129/180] Lấy Breadcrumb & Review trang gốc: https://www.dienmayxanh.com/tai-nghe/tai-nghe-chup-tai-gaming-jbl-quantum-qtum100m2blk
2026-04-15 00:01:27,854 [INFO]       - Đang quét Page 1: https://www.dienmayxanh.com/tai-nghe/tai-nghe-chup-tai-gaming-jbl-quantum-qtum100m2blk/danh-gia?page=1
2026-04-15 00:01:34,789 [WARNING]         [!] Không thấy dữ liệu hoặc Trống (Lần lỗi 1/5)
2026-04-15 00:01:36,818 [INFO]       - Đang quét Page 2: https://www.dienmayxanh.com/tai-nghe/tai-nghe-chup-tai-gaming-jbl-quantum-qtum100m2blk/danh-gia?page=2
2026-04-15 00:01:43,803 [WARNING]         [!] Không thấy dữ liệu hoặc Trống (Lần lỗi 2/5)
2026-04-15 00:01:46,414 [INFO]       - Đang quét Page 3: https://www.dienmayxanh.com/tai-nghe/tai-nghe-chup-tai-gaming-jbl-quantum-qtum100m2blk/danh-gia?page=3
2026-04-15 00:01:53,333 [WARNING]         [!] Không thấy dữ liệu hoặc Trống (Lần lỗi 3/5)
2026-04-15 00:01:55,914 [INFO]       - Đang quét Page 4: https://www.dienmayxanh.com/tai-nghe/tai-nghe-chup-tai-gaming-jbl-quantum-qtum100m2blk/danh-gia?page=4
2026-04-15 00:02:02,905 [WARNING]         [!] Không thấy dữ liệu hoặc Trống (Lần lỗi 4/5)
2026-04-15 00:02:04,949 [INFO]       - Đang quét Page 5: https://www.dienmayxanh.com/tai-nghe/tai-nghe-chup-tai-gaming-jbl-quantum-qtum100m2blk/danh-gia?page=5
2026-04-15 00:02:11,926 [WARNING]         [!] Không thấy dữ liệu hoặc Trống (Lần lỗi 5/5)
2026-04-15 00:02:14,351 [INFO]  ✅ Hoàn tất cào sản phẩm: 335705
2026-04-15 00:02:14,352 [INFO] ♻️ Làm mới Session trình duyệt...
2026-04-15 00:02:15,639 [INFO]  -> [130/180] Lấy Breadcrumb & Review trang gốc: https://www.dienmayxanh.com/tai-nghe/tai-nghe-bluetooth-open-ear-true-wireless-jbl-sense-lite
2026-04-15 00:02:23,352 [INFO]       - Đang quét Page 1: https://www.dienmayxanh.com/tai-nghe/tai-nghe-bluetooth-open-ear-true-wireless-jbl-sense-lite/danh-gia?page=1
2026-04-15 00:02:30,380 [WARNING]         [!] Không thấy dữ liệu hoặc Trống (Lần lỗi 1/5)
2026-04-15 00:02:32,498 [INFO]       - Đang quét Page 2: https://www.dienmayxanh.com/tai-nghe/tai-nghe-bluetooth-open-ear-true-wireless-jbl-sense-lite/danh-gia?page=2
2026-04-15 00:02:43,235 [WARNING]         [!] Không thấy dữ liệu hoặc Trống (Lần lỗi 2/5)
2026-04-15 00:02:46,177 [INFO]       - Đang quét Page 3: https://www.dienmayxanh.com/tai-nghe/tai-nghe-bluetooth-open-ear-true-wireless-jbl-sense-lite/danh-gia?page=3
2026-04-15 00:02:53,078 [WARNING]         [!] Không thấy dữ liệu hoặc Trống (Lần lỗi 3/5)
2026-04-15 00:02:55,611 [INFO]       - Đang quét Page 4: https://www.dienmayxanh.com/tai-nghe/tai-nghe-bluetooth-open-ear-true-wireless-jbl-sense-lite/danh-gia?page=4
2026-04-15 00:03:02,550 [WARNING]         [!] Không thấy dữ liệu hoặc Trống (Lần lỗi 4/5)
2026-04-15 00:03:04,419 [INFO]       - Đang quét Page 5: https://www.dienmayxanh.com/tai-nghe/tai-nghe-bluetooth-open-ear-true-wireless-jbl-sense-lite/danh-gia?page=5
2026-04-15 00:03:11,380 [WARNING]         [!] Không thấy dữ liệu hoặc Trống (Lần lỗi 5/5)
2026-04-15 00:03:13,822 [INFO]  ✅ Hoàn tất cào sản phẩm: 344521
2026-04-15 00:03:13,822 [INFO]  -> [131/180] Lấy Breadcrumb & Review trang gốc: https://www.dienmayxanh.com/tai-nghe/airpods-max-2
2026-04-15 00:03:19,150 [INFO]       - Đang quét Page 1: https://www.dienmayxanh.com/tai-nghe/airpods-max-2/danh-gia?page=1
2026-04-15 00:03:26,019 [WARNING]         [!] Không thấy dữ liệu hoặc Trống (Lần lỗi 1/5)
2026-04-15 00:03:27,749 [INFO]       - Đang quét Page 2: https://www.dienmayxanh.com/tai-nghe/airpods-max-2/danh-gia?page=2
2026-04-15 00:03:34,591 [WARNING]         [!] Không thấy dữ liệu hoặc Trống (Lần lỗi 2/5)
2026-04-15 00:03:36,564 [INFO]       - Đang quét Page 3: https://www.dienmayxanh.com/tai-nghe/airpods-max-2/danh-gia?page=3
2026-04-15 00:03:43,483 [WARNING]         [!] Không thấy dữ liệu hoặc Trống (Lần lỗi 3/5)
2026-04-15 00:03:46,048 [INFO]       - Đang quét Page 4: https://www.dienmayxanh.com/tai-nghe/airpods-max-2/danh-gia?page=4
2026-04-15 00:03:52,995 [WARNING]         [!] Không thấy dữ liệu hoặc Trống (Lần lỗi 4/5)
2026-04-15 00:03:54,777 [INFO]       - Đang quét Page 5: https://www.dienmayxanh.com/tai-nghe/airpods-max-2/danh-gia?page=5
2026-04-15 00:04:01,786 [WARNING]         [!] Không thấy dữ liệu hoặc Trống (Lần lỗi 5/5)
2026-04-15 00:04:03,486 [INFO]  ✅ Hoàn tất cào sản phẩm: 364790
2026-04-15 00:04:03,487 [INFO]  -> [132/180] Lấy Breadcrumb & Review trang gốc: https://www.dienmayxanh.com/tai-nghe/ep-gaming-asus-rog-cetra-ii-core-den?utm_flashsale=1
2026-04-15 00:04:10,202 [INFO]       ✅ Thu được 10 reviews từ trang gốc.
2026-04-15 00:04:10,202 [INFO]       - Đang quét Page 1: https://www.dienmayxanh.com/tai-nghe/ep-gaming-asus-rog-cetra-ii-core-den/danh-gia?page=1
2026-04-15 00:04:16,930 [INFO]         ✅ Thêm 15 reviews mới từ Page 1.
2026-04-15 00:04:16,931 [INFO]         💾 Đã lưu 21 reviews.
2026-04-15 00:04:19,036 [INFO]       - Đang quét Page 2: https://www.dienmayxanh.com/tai-nghe/ep-gaming-asus-rog-cetra-ii-core-den/danh-gia?page=2
2026-04-15 00:04:23,837 [INFO]         ✅ Thêm 7 reviews mới từ Page 2.
2026-04-15 00:04:25,707 [INFO]       - Đang quét Page 3: https://www.dienmayxanh.com/tai-nghe/ep-gaming-asus-rog-cetra-ii-core-den/danh-gia?page=3
2026-04-15 00:04:33,445 [WARNING]         [!] Không thấy dữ liệu hoặc Trống (Lần lỗi 1/5)
2026-04-15 00:04:36,355 [INFO]       - Đang quét Page 4: https://www.dienmayxanh.com/tai-nghe/ep-gaming-asus-rog-cetra-ii-core-den/danh-gia?page=4
2026-04-15 00:04:44,252 [WARNING]         [!] Không thấy dữ liệu hoặc Trống (Lần lỗi 2/5)
2026-04-15 00:04:46,741 [INFO]       - Đang quét Page 5: https://www.dienmayxanh.com/tai-nghe/ep-gaming-asus-rog-cetra-ii-core-den/danh-gia?page=5
2026-04-15 00:04:54,566 [WARNING]         [!] Không thấy dữ liệu hoặc Trống (Lần lỗi 3/5)
2026-04-15 00:04:56,664 [INFO]       - Đang quét Page 6: https://www.dienmayxanh.com/tai-nghe/ep-gaming-asus-rog-cetra-ii-core-den/danh-gia?page=6
2026-04-15 00:05:04,483 [WARNING]         [!] Không thấy dữ liệu hoặc Trống (Lần lỗi 4/5)
2026-04-15 00:05:06,950 [INFO]       - Đang quét Page 7: https://www.dienmayxanh.com/tai-nghe/ep-gaming-asus-rog-cetra-ii-core-den/danh-gia?page=7
2026-04-15 00:05:14,998 [WARNING]         [!] Không thấy dữ liệu hoặc Trống (Lần lỗi 5/5)
2026-04-15 00:05:17,597 [INFO]         💾 Đã lưu 7 reviews cuối.
2026-04-15 00:05:17,597 [INFO]  ✅ Hoàn tất cào sản phẩm: 246765
2026-04-15 00:05:17,598 [INFO]  -> [133/180] Lấy Breadcrumb & Review trang gốc: https://www.dienmayxanh.com/tai-nghe/tai-nghe-bluetooth-chup-tai-marshall-major-v?utm_flashsale=1
2026-04-15 00:05:22,590 [INFO]       - Đang quét Page 1: https://www.dienmayxanh.com/tai-nghe/tai-nghe-bluetooth-chup-tai-marshall-major-v/danh-gia?page=1
2026-04-15 00:05:29,575 [WARNING]         [!] Không thấy dữ liệu hoặc Trống (Lần lỗi 1/5)
2026-04-15 00:05:31,114 [INFO]       - Đang quét Page 2: https://www.dienmayxanh.com/tai-nghe/tai-nghe-bluetooth-chup-tai-marshall-major-v/danh-gia?page=2
2026-04-15 00:05:38,056 [WARNING]         [!] Không thấy dữ liệu hoặc Trống (Lần lỗi 2/5)
2026-04-15 00:05:39,895 [INFO]       - Đang quét Page 3: https://www.dienmayxanh.com/tai-nghe/tai-nghe-bluetooth-chup-tai-marshall-major-v/danh-gia?page=3
2026-04-15 00:05:46,847 [WARNING]         [!] Không thấy dữ liệu hoặc Trống (Lần lỗi 3/5)
2026-04-15 00:05:49,551 [INFO]       - Đang quét Page 4: https://www.dienmayxanh.com/tai-nghe/tai-nghe-bluetooth-chup-tai-marshall-major-v/danh-gia?page=4
2026-04-15 00:05:56,516 [WARNING]         [!] Không thấy dữ liệu hoặc Trống (Lần lỗi 4/5)
2026-04-15 00:05:59,213 [INFO]       - Đang quét Page 5: https://www.dienmayxanh.com/tai-nghe/tai-nghe-bluetooth-chup-tai-marshall-major-v/danh-gia?page=5
2026-04-15 00:06:06,120 [WARNING]         [!] Không thấy dữ liệu hoặc Trống (Lần lỗi 5/5)
2026-04-15 00:06:07,650 [INFO]  ✅ Hoàn tất cào sản phẩm: 326708
2026-04-15 00:06:07,650 [INFO]  -> [134/180] Lấy Breadcrumb & Review trang gốc: https://www.dienmayxanh.com/tai-nghe/tai-nghe-bluetooth-true-wireless-jbl-live-beam-3
2026-04-15 00:06:11,553 [INFO]       ✅ Thu được 5 reviews từ trang gốc.
2026-04-15 00:06:11,554 [INFO]       - Đang quét Page 1: https://www.dienmayxanh.com/tai-nghe/tai-nghe-bluetooth-true-wireless-jbl-live-beam-3/danh-gia?page=1
2026-04-15 00:06:15,055 [INFO]         ✅ Thêm 0 reviews mới từ Page 1.
2026-04-15 00:06:17,920 [INFO]       - Đang quét Page 2: https://www.dienmayxanh.com/tai-nghe/tai-nghe-bluetooth-true-wireless-jbl-live-beam-3/danh-gia?page=2
2026-04-15 00:06:25,295 [WARNING]         [!] Không thấy dữ liệu hoặc Trống (Lần lỗi 1/5)
2026-04-15 00:06:27,228 [INFO]       - Đang quét Page 3: https://www.dienmayxanh.com/tai-nghe/tai-nghe-bluetooth-true-wireless-jbl-live-beam-3/danh-gia?page=3
2026-04-15 00:06:34,625 [WARNING]         [!] Không thấy dữ liệu hoặc Trống (Lần lỗi 2/5)
2026-04-15 00:06:36,558 [INFO]       - Đang quét Page 4: https://www.dienmayxanh.com/tai-nghe/tai-nghe-bluetooth-true-wireless-jbl-live-beam-3/danh-gia?page=4
2026-04-15 00:06:46,928 [WARNING]         [!] Không thấy dữ liệu hoặc Trống (Lần lỗi 3/5)
2026-04-15 00:06:48,643 [INFO]       - Đang quét Page 5: https://www.dienmayxanh.com/tai-nghe/tai-nghe-bluetooth-true-wireless-jbl-live-beam-3/danh-gia?page=5
2026-04-15 00:06:56,240 [WARNING]         [!] Không thấy dữ liệu hoặc Trống (Lần lỗi 4/5)
2026-04-15 00:06:58,396 [INFO]       - Đang quét Page 6: https://www.dienmayxanh.com/tai-nghe/tai-nghe-bluetooth-true-wireless-jbl-live-beam-3/danh-gia?page=6
2026-04-15 00:07:05,853 [WARNING]         [!] Không thấy dữ liệu hoặc Trống (Lần lỗi 5/5)
2026-04-15 00:07:07,455 [INFO]         💾 Đã lưu 5 reviews cuối.
2026-04-15 00:07:07,455 [INFO]  ✅ Hoàn tất cào sản phẩm: 328322
2026-04-15 00:07:07,456 [INFO]  -> [135/180] Lấy Breadcrumb & Review trang gốc: https://www.dienmayxanh.com/tai-nghe/tai-nghe-chup-tai-soundcore-space-one-a3035
2026-04-15 00:07:10,734 [INFO]       ✅ Thu được 1 reviews từ trang gốc.
2026-04-15 00:07:10,735 [INFO]       - Đang quét Page 1: https://www.dienmayxanh.com/tai-nghe/tai-nghe-chup-tai-soundcore-space-one-a3035/danh-gia?page=1
2026-04-15 00:07:17,552 [WARNING]         [!] Không thấy dữ liệu hoặc Trống (Lần lỗi 1/5)
2026-04-15 00:07:19,990 [INFO]       - Đang quét Page 2: https://www.dienmayxanh.com/tai-nghe/tai-nghe-chup-tai-soundcore-space-one-a3035/danh-gia?page=2
2026-04-15 00:07:26,787 [WARNING]         [!] Không thấy dữ liệu hoặc Trống (Lần lỗi 2/5)
2026-04-15 00:07:29,636 [INFO]       - Đang quét Page 3: https://www.dienmayxanh.com/tai-nghe/tai-nghe-chup-tai-soundcore-space-one-a3035/danh-gia?page=3
2026-04-15 00:07:36,515 [WARNING]         [!] Không thấy dữ liệu hoặc Trống (Lần lỗi 3/5)
2026-04-15 00:07:38,776 [INFO]       - Đang quét Page 4: https://www.dienmayxanh.com/tai-nghe/tai-nghe-chup-tai-soundcore-space-one-a3035/danh-gia?page=4
2026-04-15 00:07:45,704 [WARNING]         [!] Không thấy dữ liệu hoặc Trống (Lần lỗi 4/5)
2026-04-15 00:07:47,701 [INFO]       - Đang quét Page 5: https://www.dienmayxanh.com/tai-nghe/tai-nghe-chup-tai-soundcore-space-one-a3035/danh-gia?page=5
2026-04-15 00:07:54,601 [WARNING]         [!] Không thấy dữ liệu hoặc Trống (Lần lỗi 5/5)
2026-04-15 00:07:57,082 [INFO]         💾 Đã lưu 1 reviews cuối.
2026-04-15 00:07:57,082 [INFO]  ✅ Hoàn tất cào sản phẩm: 332587
2026-04-15 00:07:57,083 [INFO]  -> [136/180] Lấy Breadcrumb & Review trang gốc: https://www.dienmayxanh.com/tai-nghe/tai-nghe-co-day-gaming-jbl-quantum-qtum50cblk
2026-04-15 00:08:01,531 [INFO]       ✅ Thu được 1 reviews từ trang gốc.
2026-04-15 00:08:01,532 [INFO]       - Đang quét Page 1: https://www.dienmayxanh.com/tai-nghe/tai-nghe-co-day-gaming-jbl-quantum-qtum50cblk/danh-gia?page=1
2026-04-15 00:08:08,309 [WARNING]         [!] Không thấy dữ liệu hoặc Trống (Lần lỗi 1/5)
2026-04-15 00:08:10,600 [INFO]       - Đang quét Page 2: https://www.dienmayxanh.com/tai-nghe/tai-nghe-co-day-gaming-jbl-quantum-qtum50cblk/danh-gia?page=2
2026-04-15 00:08:17,546 [WARNING]         [!] Không thấy dữ liệu hoặc Trống (Lần lỗi 2/5)
2026-04-15 00:08:20,385 [INFO]       - Đang quét Page 3: https://www.dienmayxanh.com/tai-nghe/tai-nghe-co-day-gaming-jbl-quantum-qtum50cblk/danh-gia?page=3
2026-04-15 00:08:27,296 [WARNING]         [!] Không thấy dữ liệu hoặc Trống (Lần lỗi 3/5)
2026-04-15 00:08:29,657 [INFO]       - Đang quét Page 4: https://www.dienmayxanh.com/tai-nghe/tai-nghe-co-day-gaming-jbl-quantum-qtum50cblk/danh-gia?page=4
2026-04-15 00:08:36,617 [WARNING]         [!] Không thấy dữ liệu hoặc Trống (Lần lỗi 4/5)
2026-04-15 00:08:39,366 [INFO]       - Đang quét Page 5: https://www.dienmayxanh.com/tai-nghe/tai-nghe-co-day-gaming-jbl-quantum-qtum50cblk/danh-gia?page=5
2026-04-15 00:08:46,286 [WARNING]         [!] Không thấy dữ liệu hoặc Trống (Lần lỗi 5/5)
2026-04-15 00:08:48,925 [INFO]         💾 Đã lưu 1 reviews cuối.
2026-04-15 00:08:48,925 [INFO]  ✅ Hoàn tất cào sản phẩm: 335706
2026-04-15 00:08:48,926 [INFO]  -> [137/180] Lấy Breadcrumb & Review trang gốc: https://www.dienmayxanh.com/tai-nghe/tai-nghe-tws-huawei-t0014-freebuds-5i
2026-04-15 00:08:54,225 [INFO]       ✅ Thu được 1 reviews từ trang gốc.
2026-04-15 00:08:54,225 [INFO]       - Đang quét Page 1: https://www.dienmayxanh.com/tai-nghe/tai-nghe-tws-huawei-t0014-freebuds-5i/danh-gia?page=1
2026-04-15 00:09:01,106 [WARNING]         [!] Không thấy dữ liệu hoặc Trống (Lần lỗi 1/5)
2026-04-15 00:09:04,041 [INFO]       - Đang quét Page 2: https://www.dienmayxanh.com/tai-nghe/tai-nghe-tws-huawei-t0014-freebuds-5i/danh-gia?page=2
2026-04-15 00:09:10,980 [WARNING]         [!] Không thấy dữ liệu hoặc Trống (Lần lỗi 2/5)
2026-04-15 00:09:13,286 [INFO]       - Đang quét Page 3: https://www.dienmayxanh.com/tai-nghe/tai-nghe-tws-huawei-t0014-freebuds-5i/danh-gia?page=3
2026-04-15 00:09:20,282 [WARNING]         [!] Không thấy dữ liệu hoặc Trống (Lần lỗi 3/5)
2026-04-15 00:09:23,055 [INFO]       - Đang quét Page 4: https://www.dienmayxanh.com/tai-nghe/tai-nghe-tws-huawei-t0014-freebuds-5i/danh-gia?page=4
2026-04-15 00:09:30,133 [WARNING]         [!] Không thấy dữ liệu hoặc Trống (Lần lỗi 4/5)
2026-04-15 00:09:32,043 [INFO]       - Đang quét Page 5: https://www.dienmayxanh.com/tai-nghe/tai-nghe-tws-huawei-t0014-freebuds-5i/danh-gia?page=5
2026-04-15 00:09:38,994 [WARNING]         [!] Không thấy dữ liệu hoặc Trống (Lần lỗi 5/5)
2026-04-15 00:09:41,944 [INFO]         💾 Đã lưu 1 reviews cuối.
2026-04-15 00:09:41,944 [INFO]  ✅ Hoàn tất cào sản phẩm: 357868
2026-04-15 00:09:41,947 [INFO]  -> [138/180] Lấy Breadcrumb & Review trang gốc: https://www.dienmayxanh.com/tai-nghe/tai-nghe-chup-tai-gaming-razer-blackshark-v2-x
2026-04-15 00:09:46,927 [INFO]       - Đang quét Page 1: https://www.dienmayxanh.com/tai-nghe/tai-nghe-chup-tai-gaming-razer-blackshark-v2-x/danh-gia?page=1
2026-04-15 00:09:54,143 [WARNING]         [!] Không thấy dữ liệu hoặc Trống (Lần lỗi 1/5)
2026-04-15 00:09:55,981 [INFO]       - Đang quét Page 2: https://www.dienmayxanh.com/tai-nghe/tai-nghe-chup-tai-gaming-razer-blackshark-v2-x/danh-gia?page=2
2026-04-15 00:10:02,938 [WARNING]         [!] Không thấy dữ liệu hoặc Trống (Lần lỗi 2/5)
2026-04-15 00:10:04,760 [INFO]       - Đang quét Page 3: https://www.dienmayxanh.com/tai-nghe/tai-nghe-chup-tai-gaming-razer-blackshark-v2-x/danh-gia?page=3
2026-04-15 00:10:11,735 [WARNING]         [!] Không thấy dữ liệu hoặc Trống (Lần lỗi 3/5)
2026-04-15 00:10:14,095 [INFO]       - Đang quét Page 4: https://www.dienmayxanh.com/tai-nghe/tai-nghe-chup-tai-gaming-razer-blackshark-v2-x/danh-gia?page=4
2026-04-15 00:10:21,032 [WARNING]         [!] Không thấy dữ liệu hoặc Trống (Lần lỗi 4/5)
2026-04-15 00:10:23,959 [INFO]       - Đang quét Page 5: https://www.dienmayxanh.com/tai-nghe/tai-nghe-chup-tai-gaming-razer-blackshark-v2-x/danh-gia?page=5
2026-04-15 00:10:30,948 [WARNING]         [!] Không thấy dữ liệu hoặc Trống (Lần lỗi 5/5)
2026-04-15 00:10:33,424 [INFO]  ✅ Hoàn tất cào sản phẩm: 357872
2026-04-15 00:10:33,425 [INFO]  -> [139/180] Lấy Breadcrumb & Review trang gốc: https://www.dienmayxanh.com/tai-nghe/tai-nghe-bluetooth-open-ear-ows-soundcore-c50i-d1101
2026-04-15 00:10:38,653 [INFO]       - Đang quét Page 1: https://www.dienmayxanh.com/tai-nghe/tai-nghe-bluetooth-open-ear-ows-soundcore-c50i-d1101/danh-gia?page=1
2026-04-15 00:10:45,560 [WARNING]         [!] Không thấy dữ liệu hoặc Trống (Lần lỗi 1/5)
2026-04-15 00:10:47,759 [INFO]       - Đang quét Page 2: https://www.dienmayxanh.com/tai-nghe/tai-nghe-bluetooth-open-ear-ows-soundcore-c50i-d1101/danh-gia?page=2
2026-04-15 00:10:54,656 [WARNING]         [!] Không thấy dữ liệu hoặc Trống (Lần lỗi 2/5)
2026-04-15 00:10:57,592 [INFO]       - Đang quét Page 3: https://www.dienmayxanh.com/tai-nghe/tai-nghe-bluetooth-open-ear-ows-soundcore-c50i-d1101/danh-gia?page=3
2026-04-15 00:11:04,656 [WARNING]         [!] Không thấy dữ liệu hoặc Trống (Lần lỗi 3/5)
2026-04-15 00:11:07,068 [INFO]       - Đang quét Page 4: https://www.dienmayxanh.com/tai-nghe/tai-nghe-bluetooth-open-ear-ows-soundcore-c50i-d1101/danh-gia?page=4
2026-04-15 00:11:14,506 [WARNING]         [!] Không thấy dữ liệu hoặc Trống (Lần lỗi 4/5)
2026-04-15 00:11:16,660 [INFO]       - Đang quét Page 5: https://www.dienmayxanh.com/tai-nghe/tai-nghe-bluetooth-open-ear-ows-soundcore-c50i-d1101/danh-gia?page=5
2026-04-15 00:11:23,624 [WARNING]         [!] Không thấy dữ liệu hoặc Trống (Lần lỗi 5/5)
2026-04-15 00:11:25,759 [INFO]  ✅ Hoàn tất cào sản phẩm: 363264
2026-04-15 00:11:25,760 [INFO] ♻️ Làm mới Session trình duyệt...
2026-04-15 00:11:26,997 [INFO]  -> [140/180] Lấy Breadcrumb & Review trang gốc: https://www.dienmayxanh.com/tai-nghe/tai-nghe-bluetooth-chup-tai-alpha-works-flex-688
2026-04-15 00:11:32,622 [INFO]       - Đang quét Page 1: https://www.dienmayxanh.com/tai-nghe/tai-nghe-bluetooth-chup-tai-alpha-works-flex-688/danh-gia?page=1
2026-04-15 00:11:39,630 [WARNING]         [!] Không thấy dữ liệu hoặc Trống (Lần lỗi 1/5)
2026-04-15 00:11:41,634 [INFO]       - Đang quét Page 2: https://www.dienmayxanh.com/tai-nghe/tai-nghe-bluetooth-chup-tai-alpha-works-flex-688/danh-gia?page=2
2026-04-15 00:11:48,492 [WARNING]         [!] Không thấy dữ liệu hoặc Trống (Lần lỗi 2/5)
2026-04-15 00:11:51,330 [INFO]       - Đang quét Page 3: https://www.dienmayxanh.com/tai-nghe/tai-nghe-bluetooth-chup-tai-alpha-works-flex-688/danh-gia?page=3
2026-04-15 00:11:58,267 [WARNING]         [!] Không thấy dữ liệu hoặc Trống (Lần lỗi 3/5)
2026-04-15 00:12:00,386 [INFO]       - Đang quét Page 4: https://www.dienmayxanh.com/tai-nghe/tai-nghe-bluetooth-chup-tai-alpha-works-flex-688/danh-gia?page=4
2026-04-15 00:12:07,541 [WARNING]         [!] Không thấy dữ liệu hoặc Trống (Lần lỗi 4/5)
2026-04-15 00:12:09,556 [INFO]       - Đang quét Page 5: https://www.dienmayxanh.com/tai-nghe/tai-nghe-bluetooth-chup-tai-alpha-works-flex-688/danh-gia?page=5
2026-04-15 00:12:16,587 [WARNING]         [!] Không thấy dữ liệu hoặc Trống (Lần lỗi 5/5)
2026-04-15 00:12:18,911 [INFO]  ✅ Hoàn tất cào sản phẩm: 359338
2026-04-15 00:12:19,127 [INFO]  -> [141/180] Lấy Breadcrumb & Review trang gốc: https://www.dienmayxanh.com/tai-nghe/tai-nghe-bluetooth-open-ear-tws-baseus-eli-sport-2
2026-04-15 00:12:25,648 [INFO]       - Đang quét Page 1: https://www.dienmayxanh.com/tai-nghe/tai-nghe-bluetooth-open-ear-tws-baseus-eli-sport-2/danh-gia?page=1
2026-04-15 00:12:32,578 [WARNING]         [!] Không thấy dữ liệu hoặc Trống (Lần lỗi 1/5)
2026-04-15 00:12:34,757 [INFO]       - Đang quét Page 2: https://www.dienmayxanh.com/tai-nghe/tai-nghe-bluetooth-open-ear-tws-baseus-eli-sport-2/danh-gia?page=2
2026-04-15 00:12:41,715 [WARNING]         [!] Không thấy dữ liệu hoặc Trống (Lần lỗi 2/5)
2026-04-15 00:12:44,061 [INFO]       - Đang quét Page 3: https://www.dienmayxanh.com/tai-nghe/tai-nghe-bluetooth-open-ear-tws-baseus-eli-sport-2/danh-gia?page=3
2026-04-15 00:12:51,037 [WARNING]         [!] Không thấy dữ liệu hoặc Trống (Lần lỗi 3/5)
2026-04-15 00:12:53,822 [INFO]       - Đang quét Page 4: https://www.dienmayxanh.com/tai-nghe/tai-nghe-bluetooth-open-ear-tws-baseus-eli-sport-2/danh-gia?page=4
2026-04-15 00:13:00,752 [WARNING]         [!] Không thấy dữ liệu hoặc Trống (Lần lỗi 4/5)
2026-04-15 00:13:03,088 [INFO]       - Đang quét Page 5: https://www.dienmayxanh.com/tai-nghe/tai-nghe-bluetooth-open-ear-tws-baseus-eli-sport-2/danh-gia?page=5
2026-04-15 00:13:10,046 [WARNING]         [!] Không thấy dữ liệu hoặc Trống (Lần lỗi 5/5)
2026-04-15 00:13:12,186 [INFO]  ✅ Hoàn tất cào sản phẩm: 358222
2026-04-15 00:13:12,186 [INFO]  -> [142/180] Lấy Breadcrumb & Review trang gốc: https://www.dienmayxanh.com/tai-nghe/tai-nghe-bluetooth-true-wireless-oppo-enco-x3s-eted1
2026-04-15 00:13:17,917 [INFO]       - Đang quét Page 1: https://www.dienmayxanh.com/tai-nghe/tai-nghe-bluetooth-true-wireless-oppo-enco-x3s-eted1/danh-gia?page=1
2026-04-15 00:13:24,795 [WARNING]         [!] Không thấy dữ liệu hoặc Trống (Lần lỗi 1/5)
2026-04-15 00:13:26,517 [INFO]       - Đang quét Page 2: https://www.dienmayxanh.com/tai-nghe/tai-nghe-bluetooth-true-wireless-oppo-enco-x3s-eted1/danh-gia?page=2
2026-04-15 00:13:33,440 [WARNING]         [!] Không thấy dữ liệu hoặc Trống (Lần lỗi 2/5)
2026-04-15 00:13:35,692 [INFO]       - Đang quét Page 3: https://www.dienmayxanh.com/tai-nghe/tai-nghe-bluetooth-true-wireless-oppo-enco-x3s-eted1/danh-gia?page=3
2026-04-15 00:13:42,563 [WARNING]         [!] Không thấy dữ liệu hoặc Trống (Lần lỗi 3/5)
2026-04-15 00:13:44,848 [INFO]       - Đang quét Page 4: https://www.dienmayxanh.com/tai-nghe/tai-nghe-bluetooth-true-wireless-oppo-enco-x3s-eted1/danh-gia?page=4
2026-04-15 00:13:51,809 [WARNING]         [!] Không thấy dữ liệu hoặc Trống (Lần lỗi 4/5)
2026-04-15 00:13:53,367 [INFO]       - Đang quét Page 5: https://www.dienmayxanh.com/tai-nghe/tai-nghe-bluetooth-true-wireless-oppo-enco-x3s-eted1/danh-gia?page=5
2026-04-15 00:14:00,329 [WARNING]         [!] Không thấy dữ liệu hoặc Trống (Lần lỗi 5/5)
2026-04-15 00:14:02,399 [INFO]  ✅ Hoàn tất cào sản phẩm: 358554
2026-04-15 00:14:02,400 [INFO]  -> [143/180] Lấy Breadcrumb & Review trang gốc: https://www.dienmayxanh.com/tai-nghe/tai-nghe-bluetooth-true-wireless-soundcore-liberty-5-a3957
2026-04-15 00:14:08,815 [INFO]       - Đang quét Page 1: https://www.dienmayxanh.com/tai-nghe/tai-nghe-bluetooth-true-wireless-soundcore-liberty-5-a3957/danh-gia?page=1
2026-04-15 00:14:15,678 [WARNING]         [!] Không thấy dữ liệu hoặc Trống (Lần lỗi 1/5)
2026-04-15 00:14:17,738 [INFO]       - Đang quét Page 2: https://www.dienmayxanh.com/tai-nghe/tai-nghe-bluetooth-true-wireless-soundcore-liberty-5-a3957/danh-gia?page=2
2026-04-15 00:14:24,615 [WARNING]         [!] Không thấy dữ liệu hoặc Trống (Lần lỗi 2/5)
2026-04-15 00:14:26,341 [INFO]       - Đang quét Page 3: https://www.dienmayxanh.com/tai-nghe/tai-nghe-bluetooth-true-wireless-soundcore-liberty-5-a3957/danh-gia?page=3
2026-04-15 00:14:33,282 [WARNING]         [!] Không thấy dữ liệu hoặc Trống (Lần lỗi 3/5)
2026-04-15 00:14:34,858 [INFO]       - Đang quét Page 4: https://www.dienmayxanh.com/tai-nghe/tai-nghe-bluetooth-true-wireless-soundcore-liberty-5-a3957/danh-gia?page=4
2026-04-15 00:14:41,844 [WARNING]         [!] Không thấy dữ liệu hoặc Trống (Lần lỗi 4/5)
2026-04-15 00:14:43,368 [INFO]       - Đang quét Page 5: https://www.dienmayxanh.com/tai-nghe/tai-nghe-bluetooth-true-wireless-soundcore-liberty-5-a3957/danh-gia?page=5
2026-04-15 00:14:50,141 [WARNING]         [!] Không thấy dữ liệu hoặc Trống (Lần lỗi 5/5)
2026-04-15 00:14:52,118 [INFO]  ✅ Hoàn tất cào sản phẩm: 339536
2026-04-15 00:14:52,119 [INFO]  -> [144/180] Lấy Breadcrumb & Review trang gốc: https://www.dienmayxanh.com/tai-nghe/tai-nghe-bluetooth-true-wireless-jbl-sense-pro
2026-04-15 00:14:56,518 [INFO]       - Đang quét Page 1: https://www.dienmayxanh.com/tai-nghe/tai-nghe-bluetooth-true-wireless-jbl-sense-pro/danh-gia?page=1
2026-04-15 00:15:03,397 [WARNING]         [!] Không thấy dữ liệu hoặc Trống (Lần lỗi 1/5)
2026-04-15 00:15:05,924 [INFO]       - Đang quét Page 2: https://www.dienmayxanh.com/tai-nghe/tai-nghe-bluetooth-true-wireless-jbl-sense-pro/danh-gia?page=2
2026-04-15 00:15:13,622 [WARNING]         [!] Không thấy dữ liệu hoặc Trống (Lần lỗi 2/5)
2026-04-15 00:15:16,286 [INFO]       - Đang quét Page 3: https://www.dienmayxanh.com/tai-nghe/tai-nghe-bluetooth-true-wireless-jbl-sense-pro/danh-gia?page=3
2026-04-15 00:15:23,172 [WARNING]         [!] Không thấy dữ liệu hoặc Trống (Lần lỗi 3/5)
2026-04-15 00:15:25,646 [INFO]       - Đang quét Page 4: https://www.dienmayxanh.com/tai-nghe/tai-nghe-bluetooth-true-wireless-jbl-sense-pro/danh-gia?page=4
2026-04-15 00:15:32,591 [WARNING]         [!] Không thấy dữ liệu hoặc Trống (Lần lỗi 4/5)
2026-04-15 00:15:35,078 [INFO]       - Đang quét Page 5: https://www.dienmayxanh.com/tai-nghe/tai-nghe-bluetooth-true-wireless-jbl-sense-pro/danh-gia?page=5
2026-04-15 00:15:42,079 [WARNING]         [!] Không thấy dữ liệu hoặc Trống (Lần lỗi 5/5)
2026-04-15 00:15:43,911 [INFO]  ✅ Hoàn tất cào sản phẩm: 359044
2026-04-15 00:15:43,912 [INFO]  -> [145/180] Lấy Breadcrumb & Review trang gốc: https://www.dienmayxanh.com/tai-nghe/tai-nghe-bluetooth-true-wireless-sony-wf1000xm6
2026-04-15 00:15:48,888 [INFO]       - Đang quét Page 1: https://www.dienmayxanh.com/tai-nghe/tai-nghe-bluetooth-true-wireless-sony-wf1000xm6/danh-gia?page=1
2026-04-15 00:15:55,764 [WARNING]         [!] Không thấy dữ liệu hoặc Trống (Lần lỗi 1/5)
2026-04-15 00:15:57,543 [INFO]       - Đang quét Page 2: https://www.dienmayxanh.com/tai-nghe/tai-nghe-bluetooth-true-wireless-sony-wf1000xm6/danh-gia?page=2
2026-04-15 00:16:04,670 [WARNING]         [!] Không thấy dữ liệu hoặc Trống (Lần lỗi 2/5)
2026-04-15 00:16:07,592 [INFO]       - Đang quét Page 3: https://www.dienmayxanh.com/tai-nghe/tai-nghe-bluetooth-true-wireless-sony-wf1000xm6/danh-gia?page=3
2026-04-15 00:16:14,501 [WARNING]         [!] Không thấy dữ liệu hoặc Trống (Lần lỗi 3/5)
2026-04-15 00:16:17,000 [INFO]       - Đang quét Page 4: https://www.dienmayxanh.com/tai-nghe/tai-nghe-bluetooth-true-wireless-sony-wf1000xm6/danh-gia?page=4
2026-04-15 00:16:23,928 [WARNING]         [!] Không thấy dữ liệu hoặc Trống (Lần lỗi 4/5)
2026-04-15 00:16:25,796 [INFO]       - Đang quét Page 5: https://www.dienmayxanh.com/tai-nghe/tai-nghe-bluetooth-true-wireless-sony-wf1000xm6/danh-gia?page=5
2026-04-15 00:16:33,123 [WARNING]         [!] Không thấy dữ liệu hoặc Trống (Lần lỗi 5/5)
2026-04-15 00:16:34,936 [INFO]  ✅ Hoàn tất cào sản phẩm: 363219
2026-04-15 00:16:34,937 [INFO]  -> [146/180] Lấy Breadcrumb & Review trang gốc: https://www.dienmayxanh.com/tai-nghe/tai-nghe-bluetooth-true-wireless-ava-go-p210
2026-04-15 00:16:43,037 [INFO]       ✅ Thu được 10 reviews từ trang gốc.
2026-04-15 00:16:43,037 [INFO]       - Đang quét Page 1: https://www.dienmayxanh.com/tai-nghe/tai-nghe-bluetooth-true-wireless-ava-go-p210/danh-gia?page=1
2026-04-15 00:16:50,148 [INFO]         ✅ Thêm 15 reviews mới từ Page 1.
2026-04-15 00:16:50,152 [INFO]         💾 Đã lưu 21 reviews.
2026-04-15 00:16:52,105 [INFO]       - Đang quét Page 2: https://www.dienmayxanh.com/tai-nghe/tai-nghe-bluetooth-true-wireless-ava-go-p210/danh-gia?page=2
2026-04-15 00:16:58,974 [INFO]         ✅ Thêm 19 reviews mới từ Page 2.
2026-04-15 00:17:00,746 [INFO]       - Đang quét Page 3: https://www.dienmayxanh.com/tai-nghe/tai-nghe-bluetooth-true-wireless-ava-go-p210/danh-gia?page=3
2026-04-15 00:17:08,447 [INFO]         ✅ Thêm 20 reviews mới từ Page 3.
2026-04-15 00:17:08,451 [INFO]         💾 Đã lưu 39 reviews.
2026-04-15 00:17:11,222 [INFO]       - Đang quét Page 4: https://www.dienmayxanh.com/tai-nghe/tai-nghe-bluetooth-true-wireless-ava-go-p210/danh-gia?page=4
2026-04-15 00:17:18,982 [INFO]         ✅ Thêm 19 reviews mới từ Page 4.
2026-04-15 00:17:20,712 [INFO]       - Đang quét Page 5: https://www.dienmayxanh.com/tai-nghe/tai-nghe-bluetooth-true-wireless-ava-go-p210/danh-gia?page=5
2026-04-15 00:17:28,044 [INFO]         ✅ Thêm 20 reviews mới từ Page 5.
2026-04-15 00:17:28,055 [INFO]         💾 Đã lưu 39 reviews.
2026-04-15 00:17:30,113 [INFO]       - Đang quét Page 6: https://www.dienmayxanh.com/tai-nghe/tai-nghe-bluetooth-true-wireless-ava-go-p210/danh-gia?page=6
2026-04-15 00:17:36,182 [INFO]         ✅ Thêm 7 reviews mới từ Page 6.
2026-04-15 00:17:38,429 [INFO]       - Đang quét Page 7: https://www.dienmayxanh.com/tai-nghe/tai-nghe-bluetooth-true-wireless-ava-go-p210/danh-gia?page=7
2026-04-15 00:17:46,317 [WARNING]         [!] Không thấy dữ liệu hoặc Trống (Lần lỗi 1/5)
2026-04-15 00:17:49,077 [INFO]       - Đang quét Page 8: https://www.dienmayxanh.com/tai-nghe/tai-nghe-bluetooth-true-wireless-ava-go-p210/danh-gia?page=8
2026-04-15 00:17:56,806 [WARNING]         [!] Không thấy dữ liệu hoặc Trống (Lần lỗi 2/5)
2026-04-15 00:17:59,096 [INFO]       - Đang quét Page 9: https://www.dienmayxanh.com/tai-nghe/tai-nghe-bluetooth-true-wireless-ava-go-p210/danh-gia?page=9
2026-04-15 00:18:06,605 [WARNING]         [!] Không thấy dữ liệu hoặc Trống (Lần lỗi 3/5)
2026-04-15 00:18:09,387 [INFO]       - Đang quét Page 10: https://www.dienmayxanh.com/tai-nghe/tai-nghe-bluetooth-true-wireless-ava-go-p210/danh-gia?page=10
2026-04-15 00:18:17,081 [WARNING]         [!] Không thấy dữ liệu hoặc Trống (Lần lỗi 4/5)
2026-04-15 00:18:19,568 [INFO]       - Đang quét Page 11: https://www.dienmayxanh.com/tai-nghe/tai-nghe-bluetooth-true-wireless-ava-go-p210/danh-gia?page=11
2026-04-15 00:18:27,029 [WARNING]         [!] Không thấy dữ liệu hoặc Trống (Lần lỗi 5/5)
2026-04-15 00:18:28,562 [INFO]         💾 Đã lưu 7 reviews cuối.
2026-04-15 00:18:28,562 [INFO]  ✅ Hoàn tất cào sản phẩm: 320391
2026-04-15 00:18:28,563 [INFO]  -> [147/180] Lấy Breadcrumb & Review trang gốc: https://www.dienmayxanh.com/tai-nghe/tai-nghe-chup-tai-logitech-h151
2026-04-15 00:18:33,553 [INFO]       - Đang quét Page 1: https://www.dienmayxanh.com/tai-nghe/tai-nghe-chup-tai-logitech-h151/danh-gia?page=1
2026-04-15 00:18:40,408 [WARNING]         [!] Không thấy dữ liệu hoặc Trống (Lần lỗi 1/5)
2026-04-15 00:18:42,447 [INFO]       - Đang quét Page 2: https://www.dienmayxanh.com/tai-nghe/tai-nghe-chup-tai-logitech-h151/danh-gia?page=2
2026-04-15 00:18:49,282 [WARNING]         [!] Không thấy dữ liệu hoặc Trống (Lần lỗi 2/5)
2026-04-15 00:18:51,276 [INFO]       - Đang quét Page 3: https://www.dienmayxanh.com/tai-nghe/tai-nghe-chup-tai-logitech-h151/danh-gia?page=3
2026-04-15 00:18:58,080 [WARNING]         [!] Không thấy dữ liệu hoặc Trống (Lần lỗi 3/5)
2026-04-15 00:19:00,587 [INFO]       - Đang quét Page 4: https://www.dienmayxanh.com/tai-nghe/tai-nghe-chup-tai-logitech-h151/danh-gia?page=4
2026-04-15 00:19:07,585 [WARNING]         [!] Không thấy dữ liệu hoặc Trống (Lần lỗi 4/5)
2026-04-15 00:19:09,152 [INFO]       - Đang quét Page 5: https://www.dienmayxanh.com/tai-nghe/tai-nghe-chup-tai-logitech-h151/danh-gia?page=5
2026-04-15 00:19:16,146 [WARNING]         [!] Không thấy dữ liệu hoặc Trống (Lần lỗi 5/5)
2026-04-15 00:19:19,080 [INFO]  ✅ Hoàn tất cào sản phẩm: 337172
2026-04-15 00:19:19,081 [INFO]  -> [148/180] Lấy Breadcrumb & Review trang gốc: https://www.dienmayxanh.com/tai-nghe/tai-nghe-chup-tai-logitech-h390
2026-04-15 00:19:25,029 [INFO]       ✅ Thu được 1 reviews từ trang gốc.
2026-04-15 00:19:25,029 [INFO]       - Đang quét Page 1: https://www.dienmayxanh.com/tai-nghe/tai-nghe-chup-tai-logitech-h390/danh-gia?page=1
2026-04-15 00:19:31,969 [WARNING]         [!] Không thấy dữ liệu hoặc Trống (Lần lỗi 1/5)
2026-04-15 00:19:34,828 [INFO]       - Đang quét Page 2: https://www.dienmayxanh.com/tai-nghe/tai-nghe-chup-tai-logitech-h390/danh-gia?page=2
2026-04-15 00:19:41,837 [WARNING]         [!] Không thấy dữ liệu hoặc Trống (Lần lỗi 2/5)
2026-04-15 00:19:43,788 [INFO]       - Đang quét Page 3: https://www.dienmayxanh.com/tai-nghe/tai-nghe-chup-tai-logitech-h390/danh-gia?page=3
2026-04-15 00:19:50,782 [WARNING]         [!] Không thấy dữ liệu hoặc Trống (Lần lỗi 3/5)
2026-04-15 00:19:52,676 [INFO]       - Đang quét Page 4: https://www.dienmayxanh.com/tai-nghe/tai-nghe-chup-tai-logitech-h390/danh-gia?page=4
2026-04-15 00:19:59,635 [WARNING]         [!] Không thấy dữ liệu hoặc Trống (Lần lỗi 4/5)
2026-04-15 00:20:02,113 [INFO]       - Đang quét Page 5: https://www.dienmayxanh.com/tai-nghe/tai-nghe-chup-tai-logitech-h390/danh-gia?page=5
2026-04-15 00:20:09,117 [WARNING]         [!] Không thấy dữ liệu hoặc Trống (Lần lỗi 5/5)
2026-04-15 00:20:11,466 [INFO]         💾 Đã lưu 1 reviews cuối.
2026-04-15 00:20:11,466 [INFO]  ✅ Hoàn tất cào sản phẩm: 337222
2026-04-15 00:20:11,467 [INFO]  -> [149/180] Lấy Breadcrumb & Review trang gốc: https://www.dienmayxanh.com/tai-nghe/tai-nghe-bluetooth-true-wireless-soundpeats-air5-pro
2026-04-15 00:20:16,868 [INFO]       - Đang quét Page 1: https://www.dienmayxanh.com/tai-nghe/tai-nghe-bluetooth-true-wireless-soundpeats-air5-pro/danh-gia?page=1
2026-04-15 00:20:23,836 [WARNING]         [!] Không thấy dữ liệu hoặc Trống (Lần lỗi 1/5)
2026-04-15 00:20:26,326 [INFO]       - Đang quét Page 2: https://www.dienmayxanh.com/tai-nghe/tai-nghe-bluetooth-true-wireless-soundpeats-air5-pro/danh-gia?page=2
2026-04-15 00:20:33,281 [WARNING]         [!] Không thấy dữ liệu hoặc Trống (Lần lỗi 2/5)
2026-04-15 00:20:35,679 [INFO]       - Đang quét Page 3: https://www.dienmayxanh.com/tai-nghe/tai-nghe-bluetooth-true-wireless-soundpeats-air5-pro/danh-gia?page=3
2026-04-15 00:20:42,604 [WARNING]         [!] Không thấy dữ liệu hoặc Trống (Lần lỗi 3/5)
2026-04-15 00:20:44,932 [INFO]       - Đang quét Page 4: https://www.dienmayxanh.com/tai-nghe/tai-nghe-bluetooth-true-wireless-soundpeats-air5-pro/danh-gia?page=4
2026-04-15 00:20:51,896 [WARNING]         [!] Không thấy dữ liệu hoặc Trống (Lần lỗi 4/5)
2026-04-15 00:20:54,320 [INFO]       - Đang quét Page 5: https://www.dienmayxanh.com/tai-nghe/tai-nghe-bluetooth-true-wireless-soundpeats-air5-pro/danh-gia?page=5
2026-04-15 00:21:01,319 [WARNING]         [!] Không thấy dữ liệu hoặc Trống (Lần lỗi 5/5)
2026-04-15 00:21:03,778 [INFO]  ✅ Hoàn tất cào sản phẩm: 359578
2026-04-15 00:21:03,778 [INFO] ♻️ Làm mới Session trình duyệt...
2026-04-15 00:21:04,964 [INFO]  -> [150/180] Lấy Breadcrumb & Review trang gốc: https://www.dienmayxanh.com/tai-nghe/tai-nghe-bluetooth-true-wireless-havit-h2590bt
2026-04-15 00:21:12,341 [INFO]       - Đang quét Page 1: https://www.dienmayxanh.com/tai-nghe/tai-nghe-bluetooth-true-wireless-havit-h2590bt/danh-gia?page=1
2026-04-15 00:21:19,396 [WARNING]         [!] Không thấy dữ liệu hoặc Trống (Lần lỗi 1/5)
2026-04-15 00:21:20,906 [INFO]       - Đang quét Page 2: https://www.dienmayxanh.com/tai-nghe/tai-nghe-bluetooth-true-wireless-havit-h2590bt/danh-gia?page=2
2026-04-15 00:21:27,881 [WARNING]         [!] Không thấy dữ liệu hoặc Trống (Lần lỗi 2/5)
2026-04-15 00:21:29,922 [INFO]       - Đang quét Page 3: https://www.dienmayxanh.com/tai-nghe/tai-nghe-bluetooth-true-wireless-havit-h2590bt/danh-gia?page=3
2026-04-15 00:21:36,875 [WARNING]         [!] Không thấy dữ liệu hoặc Trống (Lần lỗi 3/5)
2026-04-15 00:21:39,516 [INFO]       - Đang quét Page 4: https://www.dienmayxanh.com/tai-nghe/tai-nghe-bluetooth-true-wireless-havit-h2590bt/danh-gia?page=4
2026-04-15 00:21:46,532 [WARNING]         [!] Không thấy dữ liệu hoặc Trống (Lần lỗi 4/5)
2026-04-15 00:21:48,709 [INFO]       - Đang quét Page 5: https://www.dienmayxanh.com/tai-nghe/tai-nghe-bluetooth-true-wireless-havit-h2590bt/danh-gia?page=5
2026-04-15 00:21:55,637 [WARNING]         [!] Không thấy dữ liệu hoặc Trống (Lần lỗi 5/5)
2026-04-15 00:21:57,797 [INFO]  ✅ Hoàn tất cào sản phẩm: 360042
2026-04-15 00:21:57,797 [INFO]  -> [151/180] Lấy Breadcrumb & Review trang gốc: https://www.dienmayxanh.com/tai-nghe/tai-nghe-blutetooth-true-wireless-aukey-ep-m3a-trang
2026-04-15 00:22:04,361 [INFO]       - Đang quét Page 1: https://www.dienmayxanh.com/tai-nghe/tai-nghe-blutetooth-true-wireless-aukey-ep-m3a-trang/danh-gia?page=1
2026-04-15 00:22:11,282 [WARNING]         [!] Không thấy dữ liệu hoặc Trống (Lần lỗi 1/5)
2026-04-15 00:22:13,504 [INFO]       - Đang quét Page 2: https://www.dienmayxanh.com/tai-nghe/tai-nghe-blutetooth-true-wireless-aukey-ep-m3a-trang/danh-gia?page=2
2026-04-15 00:22:20,483 [WARNING]         [!] Không thấy dữ liệu hoặc Trống (Lần lỗi 2/5)
2026-04-15 00:22:22,819 [INFO]       - Đang quét Page 3: https://www.dienmayxanh.com/tai-nghe/tai-nghe-blutetooth-true-wireless-aukey-ep-m3a-trang/danh-gia?page=3
2026-04-15 00:22:29,804 [WARNING]         [!] Không thấy dữ liệu hoặc Trống (Lần lỗi 3/5)
2026-04-15 00:22:32,804 [INFO]       - Đang quét Page 4: https://www.dienmayxanh.com/tai-nghe/tai-nghe-blutetooth-true-wireless-aukey-ep-m3a-trang/danh-gia?page=4
2026-04-15 00:22:39,786 [WARNING]         [!] Không thấy dữ liệu hoặc Trống (Lần lỗi 4/5)
2026-04-15 00:22:41,689 [INFO]       - Đang quét Page 5: https://www.dienmayxanh.com/tai-nghe/tai-nghe-blutetooth-true-wireless-aukey-ep-m3a-trang/danh-gia?page=5
2026-04-15 00:22:48,682 [WARNING]         [!] Không thấy dữ liệu hoặc Trống (Lần lỗi 5/5)
2026-04-15 00:22:50,955 [INFO]  ✅ Hoàn tất cào sản phẩm: 361260
2026-04-15 00:22:50,956 [INFO]  -> [152/180] Lấy Breadcrumb & Review trang gốc: https://www.dienmayxanh.com/tai-nghe/tai-nghe-tws-jbl-tour-pro-3
2026-04-15 00:22:57,995 [INFO]       ✅ Thu được 4 reviews từ trang gốc.
2026-04-15 00:22:57,996 [INFO]       - Đang quét Page 1: https://www.dienmayxanh.com/tai-nghe/tai-nghe-tws-jbl-tour-pro-3/danh-gia?page=1
2026-04-15 00:23:02,295 [INFO]         ✅ Thêm 0 reviews mới từ Page 1.
2026-04-15 00:23:04,103 [INFO]       - Đang quét Page 2: https://www.dienmayxanh.com/tai-nghe/tai-nghe-tws-jbl-tour-pro-3/danh-gia?page=2
2026-04-15 00:23:12,104 [WARNING]         [!] Không thấy dữ liệu hoặc Trống (Lần lỗi 1/5)
2026-04-15 00:23:13,605 [INFO]       - Đang quét Page 3: https://www.dienmayxanh.com/tai-nghe/tai-nghe-tws-jbl-tour-pro-3/danh-gia?page=3
2026-04-15 00:23:21,332 [WARNING]         [!] Không thấy dữ liệu hoặc Trống (Lần lỗi 2/5)
2026-04-15 00:23:24,082 [INFO]       - Đang quét Page 4: https://www.dienmayxanh.com/tai-nghe/tai-nghe-tws-jbl-tour-pro-3/danh-gia?page=4
2026-04-15 00:23:31,784 [WARNING]         [!] Không thấy dữ liệu hoặc Trống (Lần lỗi 3/5)
2026-04-15 00:23:33,760 [INFO]       - Đang quét Page 5: https://www.dienmayxanh.com/tai-nghe/tai-nghe-tws-jbl-tour-pro-3/danh-gia?page=5
2026-04-15 00:23:41,493 [WARNING]         [!] Không thấy dữ liệu hoặc Trống (Lần lỗi 4/5)
2026-04-15 00:23:43,669 [INFO]       - Đang quét Page 6: https://www.dienmayxanh.com/tai-nghe/tai-nghe-tws-jbl-tour-pro-3/danh-gia?page=6
2026-04-15 00:23:51,529 [WARNING]         [!] Không thấy dữ liệu hoặc Trống (Lần lỗi 5/5)
2026-04-15 00:23:53,045 [INFO]         💾 Đã lưu 4 reviews cuối.
2026-04-15 00:23:53,046 [INFO]  ✅ Hoàn tất cào sản phẩm: 332454
2026-04-15 00:23:53,046 [INFO]  -> [153/180] Lấy Breadcrumb & Review trang gốc: https://www.dienmayxanh.com/tai-nghe/tai-nghe-bluetooth-open-ear-tws-ava-freego-ows02
2026-04-15 00:23:59,692 [INFO]       ✅ Thu được 9 reviews từ trang gốc.
2026-04-15 00:23:59,693 [INFO]       - Đang quét Page 1: https://www.dienmayxanh.com/tai-nghe/tai-nghe-bluetooth-open-ear-tws-ava-freego-ows02/danh-gia?page=1
2026-04-15 00:24:05,927 [INFO]         ✅ Thêm 5 reviews mới từ Page 1.
2026-04-15 00:24:08,635 [INFO]       - Đang quét Page 2: https://www.dienmayxanh.com/tai-nghe/tai-nghe-bluetooth-open-ear-tws-ava-freego-ows02/danh-gia?page=2
2026-04-15 00:24:16,464 [WARNING]         [!] Không thấy dữ liệu hoặc Trống (Lần lỗi 1/5)
2026-04-15 00:24:18,383 [INFO]       - Đang quét Page 3: https://www.dienmayxanh.com/tai-nghe/tai-nghe-bluetooth-open-ear-tws-ava-freego-ows02/danh-gia?page=3
2026-04-15 00:24:26,193 [WARNING]         [!] Không thấy dữ liệu hoặc Trống (Lần lỗi 2/5)
2026-04-15 00:24:28,238 [INFO]       - Đang quét Page 4: https://www.dienmayxanh.com/tai-nghe/tai-nghe-bluetooth-open-ear-tws-ava-freego-ows02/danh-gia?page=4
2026-04-15 00:24:36,326 [WARNING]         [!] Không thấy dữ liệu hoặc Trống (Lần lỗi 3/5)
2026-04-15 00:24:39,040 [INFO]       - Đang quét Page 5: https://www.dienmayxanh.com/tai-nghe/tai-nghe-bluetooth-open-ear-tws-ava-freego-ows02/danh-gia?page=5
2026-04-15 00:24:46,823 [WARNING]         [!] Không thấy dữ liệu hoặc Trống (Lần lỗi 4/5)
2026-04-15 00:24:49,016 [INFO]       - Đang quét Page 6: https://www.dienmayxanh.com/tai-nghe/tai-nghe-bluetooth-open-ear-tws-ava-freego-ows02/danh-gia?page=6
2026-04-15 00:24:57,048 [WARNING]         [!] Không thấy dữ liệu hoặc Trống (Lần lỗi 5/5)
2026-04-15 00:24:58,846 [INFO]         💾 Đã lưu 11 reviews cuối.
2026-04-15 00:24:58,846 [INFO]  ✅ Hoàn tất cào sản phẩm: 330246
2026-04-15 00:24:58,847 [INFO]  -> [154/180] Lấy Breadcrumb & Review trang gốc: https://www.dienmayxanh.com/tai-nghe/tai-nghe-bluetooth-true-wireless-havit-tw967-pro
2026-04-15 00:25:06,163 [INFO]       ✅ Thu được 5 reviews từ trang gốc.
2026-04-15 00:25:06,164 [INFO]       - Đang quét Page 1: https://www.dienmayxanh.com/tai-nghe/tai-nghe-bluetooth-true-wireless-havit-tw967-pro/danh-gia?page=1
2026-04-15 00:25:10,517 [INFO]         ✅ Thêm 0 reviews mới từ Page 1.
2026-04-15 00:25:13,149 [INFO]       - Đang quét Page 2: https://www.dienmayxanh.com/tai-nghe/tai-nghe-bluetooth-true-wireless-havit-tw967-pro/danh-gia?page=2
2026-04-15 00:25:21,176 [WARNING]         [!] Không thấy dữ liệu hoặc Trống (Lần lỗi 1/5)
2026-04-15 00:25:24,091 [INFO]       - Đang quét Page 3: https://www.dienmayxanh.com/tai-nghe/tai-nghe-bluetooth-true-wireless-havit-tw967-pro/danh-gia?page=3
2026-04-15 00:25:31,888 [WARNING]         [!] Không thấy dữ liệu hoặc Trống (Lần lỗi 2/5)
2026-04-15 00:25:34,373 [INFO]       - Đang quét Page 4: https://www.dienmayxanh.com/tai-nghe/tai-nghe-bluetooth-true-wireless-havit-tw967-pro/danh-gia?page=4
2026-04-15 00:25:42,081 [WARNING]         [!] Không thấy dữ liệu hoặc Trống (Lần lỗi 3/5)
2026-04-15 00:25:45,032 [INFO]       - Đang quét Page 5: https://www.dienmayxanh.com/tai-nghe/tai-nghe-bluetooth-true-wireless-havit-tw967-pro/danh-gia?page=5
2026-04-15 00:25:53,112 [WARNING]         [!] Không thấy dữ liệu hoặc Trống (Lần lỗi 4/5)
2026-04-15 00:25:55,520 [INFO]       - Đang quét Page 6: https://www.dienmayxanh.com/tai-nghe/tai-nghe-bluetooth-true-wireless-havit-tw967-pro/danh-gia?page=6
2026-04-15 00:26:03,541 [WARNING]         [!] Không thấy dữ liệu hoặc Trống (Lần lỗi 5/5)
2026-04-15 00:26:05,793 [INFO]         💾 Đã lưu 5 reviews cuối.
2026-04-15 00:26:05,794 [INFO]  ✅ Hoàn tất cào sản phẩm: 330491
2026-04-15 00:26:05,794 [INFO]  -> [155/180] Lấy Breadcrumb & Review trang gốc: https://www.dienmayxanh.com/tai-nghe/tai-nghe-tws-soundcore-liberty-4-pro-a3954
2026-04-15 00:26:11,544 [INFO]       ✅ Thu được 3 reviews từ trang gốc.
2026-04-15 00:26:11,545 [INFO]       - Đang quét Page 1: https://www.dienmayxanh.com/tai-nghe/tai-nghe-tws-soundcore-liberty-4-pro-a3954/danh-gia?page=1
2026-04-15 00:26:15,582 [INFO]         ✅ Thêm 0 reviews mới từ Page 1.
2026-04-15 00:26:18,500 [INFO]       - Đang quét Page 2: https://www.dienmayxanh.com/tai-nghe/tai-nghe-tws-soundcore-liberty-4-pro-a3954/danh-gia?page=2
2026-04-15 00:26:26,793 [WARNING]         [!] Không thấy dữ liệu hoặc Trống (Lần lỗi 1/5)
2026-04-15 00:26:29,170 [INFO]       - Đang quét Page 3: https://www.dienmayxanh.com/tai-nghe/tai-nghe-tws-soundcore-liberty-4-pro-a3954/danh-gia?page=3
2026-04-15 00:26:37,301 [WARNING]         [!] Không thấy dữ liệu hoặc Trống (Lần lỗi 2/5)
2026-04-15 00:26:39,898 [INFO]       - Đang quét Page 4: https://www.dienmayxanh.com/tai-nghe/tai-nghe-tws-soundcore-liberty-4-pro-a3954/danh-gia?page=4
2026-04-15 00:26:47,739 [WARNING]         [!] Không thấy dữ liệu hoặc Trống (Lần lỗi 3/5)
2026-04-15 00:26:49,355 [INFO]       - Đang quét Page 5: https://www.dienmayxanh.com/tai-nghe/tai-nghe-tws-soundcore-liberty-4-pro-a3954/danh-gia?page=5
2026-04-15 00:26:57,181 [WARNING]         [!] Không thấy dữ liệu hoặc Trống (Lần lỗi 4/5)
2026-04-15 00:27:00,032 [INFO]       - Đang quét Page 6: https://www.dienmayxanh.com/tai-nghe/tai-nghe-tws-soundcore-liberty-4-pro-a3954/danh-gia?page=6
2026-04-15 00:27:07,774 [WARNING]         [!] Không thấy dữ liệu hoặc Trống (Lần lỗi 5/5)
2026-04-15 00:27:09,516 [INFO]         💾 Đã lưu 3 reviews cuối.
2026-04-15 00:27:09,516 [INFO]  ✅ Hoàn tất cào sản phẩm: 332586
2026-04-15 00:27:09,517 [INFO]  -> [156/180] Lấy Breadcrumb & Review trang gốc: https://www.dienmayxanh.com/tai-nghe/tai-nghe-bluetooth-chup-tai-sony-wh1000xm6
2026-04-15 00:27:14,561 [INFO]       - Đang quét Page 1: https://www.dienmayxanh.com/tai-nghe/tai-nghe-bluetooth-chup-tai-sony-wh1000xm6/danh-gia?page=1
2026-04-15 00:27:21,744 [WARNING]         [!] Không thấy dữ liệu hoặc Trống (Lần lỗi 1/5)
2026-04-15 00:27:24,004 [INFO]       - Đang quét Page 2: https://www.dienmayxanh.com/tai-nghe/tai-nghe-bluetooth-chup-tai-sony-wh1000xm6/danh-gia?page=2
2026-04-15 00:27:30,930 [WARNING]         [!] Không thấy dữ liệu hoặc Trống (Lần lỗi 2/5)
2026-04-15 00:27:33,670 [INFO]       - Đang quét Page 3: https://www.dienmayxanh.com/tai-nghe/tai-nghe-bluetooth-chup-tai-sony-wh1000xm6/danh-gia?page=3
2026-04-15 00:27:40,621 [WARNING]         [!] Không thấy dữ liệu hoặc Trống (Lần lỗi 3/5)
2026-04-15 00:27:42,614 [INFO]       - Đang quét Page 4: https://www.dienmayxanh.com/tai-nghe/tai-nghe-bluetooth-chup-tai-sony-wh1000xm6/danh-gia?page=4
2026-04-15 00:27:49,594 [WARNING]         [!] Không thấy dữ liệu hoặc Trống (Lần lỗi 4/5)
2026-04-15 00:27:51,425 [INFO]       - Đang quét Page 5: https://www.dienmayxanh.com/tai-nghe/tai-nghe-bluetooth-chup-tai-sony-wh1000xm6/danh-gia?page=5
2026-04-15 00:27:58,387 [WARNING]         [!] Không thấy dữ liệu hoặc Trống (Lần lỗi 5/5)
2026-04-15 00:28:00,838 [INFO]  ✅ Hoàn tất cào sản phẩm: 339757
2026-04-15 00:28:00,839 [INFO]  -> [157/180] Lấy Breadcrumb & Review trang gốc: https://www.dienmayxanh.com/tai-nghe/tai-nghe-co-day-ep-razer-hammerhead-v3-earbuds
2026-04-15 00:28:06,504 [INFO]       ✅ Thu được 1 reviews từ trang gốc.
2026-04-15 00:28:06,505 [INFO]       - Đang quét Page 1: https://www.dienmayxanh.com/tai-nghe/tai-nghe-co-day-ep-razer-hammerhead-v3-earbuds/danh-gia?page=1
2026-04-15 00:28:14,008 [WARNING]         [!] Không thấy dữ liệu hoặc Trống (Lần lỗi 1/5)
2026-04-15 00:28:16,646 [INFO]       - Đang quét Page 2: https://www.dienmayxanh.com/tai-nghe/tai-nghe-co-day-ep-razer-hammerhead-v3-earbuds/danh-gia?page=2
2026-04-15 00:28:23,593 [WARNING]         [!] Không thấy dữ liệu hoặc Trống (Lần lỗi 2/5)
2026-04-15 00:28:26,036 [INFO]       - Đang quét Page 3: https://www.dienmayxanh.com/tai-nghe/tai-nghe-co-day-ep-razer-hammerhead-v3-earbuds/danh-gia?page=3
2026-04-15 00:28:33,201 [WARNING]         [!] Không thấy dữ liệu hoặc Trống (Lần lỗi 3/5)
2026-04-15 00:28:35,104 [INFO]       - Đang quét Page 4: https://www.dienmayxanh.com/tai-nghe/tai-nghe-co-day-ep-razer-hammerhead-v3-earbuds/danh-gia?page=4
2026-04-15 00:28:42,070 [WARNING]         [!] Không thấy dữ liệu hoặc Trống (Lần lỗi 4/5)
2026-04-15 00:28:44,168 [INFO]       - Đang quét Page 5: https://www.dienmayxanh.com/tai-nghe/tai-nghe-co-day-ep-razer-hammerhead-v3-earbuds/danh-gia?page=5
2026-04-15 00:28:51,149 [WARNING]         [!] Không thấy dữ liệu hoặc Trống (Lần lỗi 5/5)
2026-04-15 00:28:53,570 [INFO]         💾 Đã lưu 1 reviews cuối.
2026-04-15 00:28:53,570 [INFO]  ✅ Hoàn tất cào sản phẩm: 357876
2026-04-15 00:28:53,571 [INFO]  -> [158/180] Lấy Breadcrumb & Review trang gốc: https://www.dienmayxanh.com/tai-nghe/tai-nghe-bluetooth-jbl-endurance-pace
2026-04-15 00:28:58,968 [INFO]       - Đang quét Page 1: https://www.dienmayxanh.com/tai-nghe/tai-nghe-bluetooth-jbl-endurance-pace/danh-gia?page=1
2026-04-15 00:29:06,144 [WARNING]         [!] Không thấy dữ liệu hoặc Trống (Lần lỗi 1/5)
2026-04-15 00:29:08,841 [INFO]       - Đang quét Page 2: https://www.dienmayxanh.com/tai-nghe/tai-nghe-bluetooth-jbl-endurance-pace/danh-gia?page=2
2026-04-15 00:29:18,846 [WARNING]         [!] Không thấy dữ liệu hoặc Trống (Lần lỗi 2/5)
2026-04-15 00:29:21,804 [INFO]       - Đang quét Page 3: https://www.dienmayxanh.com/tai-nghe/tai-nghe-bluetooth-jbl-endurance-pace/danh-gia?page=3
2026-04-15 00:29:28,640 [WARNING]         [!] Không thấy dữ liệu hoặc Trống (Lần lỗi 3/5)
2026-04-15 00:29:30,933 [INFO]       - Đang quét Page 4: https://www.dienmayxanh.com/tai-nghe/tai-nghe-bluetooth-jbl-endurance-pace/danh-gia?page=4
2026-04-15 00:29:37,877 [WARNING]         [!] Không thấy dữ liệu hoặc Trống (Lần lỗi 4/5)
2026-04-15 00:29:39,382 [INFO]       - Đang quét Page 5: https://www.dienmayxanh.com/tai-nghe/tai-nghe-bluetooth-jbl-endurance-pace/danh-gia?page=5
2026-04-15 00:29:46,358 [WARNING]         [!] Không thấy dữ liệu hoặc Trống (Lần lỗi 5/5)
2026-04-15 00:29:48,090 [INFO]  ✅ Hoàn tất cào sản phẩm: 359059
2026-04-15 00:29:48,091 [INFO]  -> [159/180] Lấy Breadcrumb & Review trang gốc: https://www.dienmayxanh.com/tai-nghe/tai-nghe-bluetooth-true-wireless-soundcore-p41i-a3937
2026-04-15 00:29:53,529 [INFO]       ✅ Thu được 1 reviews từ trang gốc.
2026-04-15 00:29:53,529 [INFO]       - Đang quét Page 1: https://www.dienmayxanh.com/tai-nghe/tai-nghe-bluetooth-true-wireless-soundcore-p41i-a3937/danh-gia?page=1
2026-04-15 00:30:00,481 [WARNING]         [!] Không thấy dữ liệu hoặc Trống (Lần lỗi 1/5)
2026-04-15 00:30:02,059 [INFO]       - Đang quét Page 2: https://www.dienmayxanh.com/tai-nghe/tai-nghe-bluetooth-true-wireless-soundcore-p41i-a3937/danh-gia?page=2
2026-04-15 00:30:08,974 [WARNING]         [!] Không thấy dữ liệu hoặc Trống (Lần lỗi 2/5)
2026-04-15 00:30:11,583 [INFO]       - Đang quét Page 3: https://www.dienmayxanh.com/tai-nghe/tai-nghe-bluetooth-true-wireless-soundcore-p41i-a3937/danh-gia?page=3
2026-04-15 00:30:18,521 [WARNING]         [!] Không thấy dữ liệu hoặc Trống (Lần lỗi 3/5)
2026-04-15 00:30:21,261 [INFO]       - Đang quét Page 4: https://www.dienmayxanh.com/tai-nghe/tai-nghe-bluetooth-true-wireless-soundcore-p41i-a3937/danh-gia?page=4
2026-04-15 00:30:28,801 [WARNING]         [!] Không thấy dữ liệu hoặc Trống (Lần lỗi 4/5)
2026-04-15 00:30:30,776 [INFO]       - Đang quét Page 5: https://www.dienmayxanh.com/tai-nghe/tai-nghe-bluetooth-true-wireless-soundcore-p41i-a3937/danh-gia?page=5
2026-04-15 00:30:37,762 [WARNING]         [!] Không thấy dữ liệu hoặc Trống (Lần lỗi 5/5)
2026-04-15 00:30:40,503 [INFO]         💾 Đã lưu 1 reviews cuối.
2026-04-15 00:30:40,503 [INFO]  ✅ Hoàn tất cào sản phẩm: 359912
2026-04-15 00:30:40,503 [INFO] ♻️ Làm mới Session trình duyệt...
2026-04-15 00:30:41,648 [INFO]  -> [160/180] Lấy Breadcrumb & Review trang gốc: https://www.dienmayxanh.com/tai-nghe/tai-nghe-bluetooth-true-wireless-ugreen-hitune-t3-pro-ws206-35725
2026-04-15 00:30:54,331 [INFO]       - Đang quét Page 1: https://www.dienmayxanh.com/tai-nghe/tai-nghe-bluetooth-true-wireless-ugreen-hitune-t3-pro-ws206-35725/danh-gia?page=1
2026-04-15 00:31:01,413 [WARNING]         [!] Không thấy dữ liệu hoặc Trống (Lần lỗi 1/5)
2026-04-15 00:31:03,573 [INFO]       - Đang quét Page 2: https://www.dienmayxanh.com/tai-nghe/tai-nghe-bluetooth-true-wireless-ugreen-hitune-t3-pro-ws206-35725/danh-gia?page=2
2026-04-15 00:31:10,623 [WARNING]         [!] Không thấy dữ liệu hoặc Trống (Lần lỗi 2/5)
2026-04-15 00:31:12,626 [INFO]       - Đang quét Page 3: https://www.dienmayxanh.com/tai-nghe/tai-nghe-bluetooth-true-wireless-ugreen-hitune-t3-pro-ws206-35725/danh-gia?page=3
2026-04-15 00:31:20,191 [WARNING]         [!] Không thấy dữ liệu hoặc Trống (Lần lỗi 3/5)
2026-04-15 00:31:22,982 [INFO]       - Đang quét Page 4: https://www.dienmayxanh.com/tai-nghe/tai-nghe-bluetooth-true-wireless-ugreen-hitune-t3-pro-ws206-35725/danh-gia?page=4
2026-04-15 00:31:29,899 [WARNING]         [!] Không thấy dữ liệu hoặc Trống (Lần lỗi 4/5)
2026-04-15 00:31:32,841 [INFO]       - Đang quét Page 5: https://www.dienmayxanh.com/tai-nghe/tai-nghe-bluetooth-true-wireless-ugreen-hitune-t3-pro-ws206-35725/danh-gia?page=5
2026-04-15 00:31:39,763 [WARNING]         [!] Không thấy dữ liệu hoặc Trống (Lần lỗi 5/5)
2026-04-15 00:31:41,595 [INFO]  ✅ Hoàn tất cào sản phẩm: 360080
2026-04-15 00:31:41,596 [INFO]  -> [161/180] Lấy Breadcrumb & Review trang gốc: https://www.dienmayxanh.com/tai-nghe/tai-nghe-bluetooth-open-ear-true-wireless-ugreen-clipbuds-magic-ws208-55136
2026-04-15 00:31:47,326 [INFO]       ✅ Thu được 2 reviews từ trang gốc.
2026-04-15 00:31:47,327 [INFO]       - Đang quét Page 1: https://www.dienmayxanh.com/tai-nghe/tai-nghe-bluetooth-open-ear-true-wireless-ugreen-clipbuds-magic-ws208-55136/danh-gia?page=1
2026-04-15 00:31:54,218 [WARNING]         [!] Không thấy dữ liệu hoặc Trống (Lần lỗi 1/5)
2026-04-15 00:31:56,329 [INFO]       - Đang quét Page 2: https://www.dienmayxanh.com/tai-nghe/tai-nghe-bluetooth-open-ear-true-wireless-ugreen-clipbuds-magic-ws208-55136/danh-gia?page=2
2026-04-15 00:32:03,310 [WARNING]         [!] Không thấy dữ liệu hoặc Trống (Lần lỗi 2/5)
2026-04-15 00:32:05,578 [INFO]       - Đang quét Page 3: https://www.dienmayxanh.com/tai-nghe/tai-nghe-bluetooth-open-ear-true-wireless-ugreen-clipbuds-magic-ws208-55136/danh-gia?page=3
2026-04-15 00:32:12,526 [WARNING]         [!] Không thấy dữ liệu hoặc Trống (Lần lỗi 3/5)
2026-04-15 00:32:14,491 [INFO]       - Đang quét Page 4: https://www.dienmayxanh.com/tai-nghe/tai-nghe-bluetooth-open-ear-true-wireless-ugreen-clipbuds-magic-ws208-55136/danh-gia?page=4
2026-04-15 00:32:26,024 [WARNING]         [!] Không thấy dữ liệu hoặc Trống (Lần lỗi 4/5)
2026-04-15 00:32:27,820 [INFO]       - Đang quét Page 5: https://www.dienmayxanh.com/tai-nghe/tai-nghe-bluetooth-open-ear-true-wireless-ugreen-clipbuds-magic-ws208-55136/danh-gia?page=5
2026-04-15 00:32:34,779 [WARNING]         [!] Không thấy dữ liệu hoặc Trống (Lần lỗi 5/5)
2026-04-15 00:32:37,306 [INFO]         💾 Đã lưu 2 reviews cuối.
2026-04-15 00:32:37,306 [INFO]  ✅ Hoàn tất cào sản phẩm: 360085
2026-04-15 00:32:37,307 [INFO]  -> [162/180] Lấy Breadcrumb & Review trang gốc: https://www.dienmayxanh.com/tai-nghe/tai-nghe-chup-tai-gaming-sony-inzone-h3-mdr-g300
2026-04-15 00:32:43,363 [INFO]       ✅ Thu được 1 reviews từ trang gốc.
2026-04-15 00:32:43,364 [INFO]       - Đang quét Page 1: https://www.dienmayxanh.com/tai-nghe/tai-nghe-chup-tai-gaming-sony-inzone-h3-mdr-g300/danh-gia?page=1
2026-04-15 00:32:50,621 [WARNING]         [!] Không thấy dữ liệu hoặc Trống (Lần lỗi 1/5)
2026-04-15 00:32:52,207 [INFO]       - Đang quét Page 2: https://www.dienmayxanh.com/tai-nghe/tai-nghe-chup-tai-gaming-sony-inzone-h3-mdr-g300/danh-gia?page=2
2026-04-15 00:32:59,154 [WARNING]         [!] Không thấy dữ liệu hoặc Trống (Lần lỗi 2/5)
2026-04-15 00:33:01,026 [INFO]       - Đang quét Page 3: https://www.dienmayxanh.com/tai-nghe/tai-nghe-chup-tai-gaming-sony-inzone-h3-mdr-g300/danh-gia?page=3
2026-04-15 00:33:07,992 [WARNING]         [!] Không thấy dữ liệu hoặc Trống (Lần lỗi 3/5)
2026-04-15 00:33:09,699 [INFO]       - Đang quét Page 4: https://www.dienmayxanh.com/tai-nghe/tai-nghe-chup-tai-gaming-sony-inzone-h3-mdr-g300/danh-gia?page=4
2026-04-15 00:33:16,639 [WARNING]         [!] Không thấy dữ liệu hoặc Trống (Lần lỗi 4/5)
2026-04-15 00:33:19,578 [INFO]       - Đang quét Page 5: https://www.dienmayxanh.com/tai-nghe/tai-nghe-chup-tai-gaming-sony-inzone-h3-mdr-g300/danh-gia?page=5
2026-04-15 00:33:26,537 [WARNING]         [!] Không thấy dữ liệu hoặc Trống (Lần lỗi 5/5)
2026-04-15 00:33:29,374 [INFO]         💾 Đã lưu 1 reviews cuối.
2026-04-15 00:33:29,374 [INFO]  ✅ Hoàn tất cào sản phẩm: 313698
2026-04-15 00:33:29,375 [INFO]  -> [163/180] Lấy Breadcrumb & Review trang gốc: https://www.dienmayxanh.com/tai-nghe/tai-nghe-bluetooth-true-wireless-baseus-bass-bd1
2026-04-15 00:33:36,914 [INFO]       ✅ Thu được 5 reviews từ trang gốc.
2026-04-15 00:33:36,914 [INFO]       - Đang quét Page 1: https://www.dienmayxanh.com/tai-nghe/tai-nghe-bluetooth-true-wireless-baseus-bass-bd1/danh-gia?page=1
2026-04-15 00:33:41,617 [INFO]         ✅ Thêm 0 reviews mới từ Page 1.
2026-04-15 00:33:43,702 [INFO]       - Đang quét Page 2: https://www.dienmayxanh.com/tai-nghe/tai-nghe-bluetooth-true-wireless-baseus-bass-bd1/danh-gia?page=2
2026-04-15 00:33:51,717 [WARNING]         [!] Không thấy dữ liệu hoặc Trống (Lần lỗi 1/5)
2026-04-15 00:33:54,373 [INFO]       - Đang quét Page 3: https://www.dienmayxanh.com/tai-nghe/tai-nghe-bluetooth-true-wireless-baseus-bass-bd1/danh-gia?page=3
2026-04-15 00:34:02,287 [WARNING]         [!] Không thấy dữ liệu hoặc Trống (Lần lỗi 2/5)
2026-04-15 00:34:04,027 [INFO]       - Đang quét Page 4: https://www.dienmayxanh.com/tai-nghe/tai-nghe-bluetooth-true-wireless-baseus-bass-bd1/danh-gia?page=4
2026-04-15 00:34:12,033 [WARNING]         [!] Không thấy dữ liệu hoặc Trống (Lần lỗi 3/5)
2026-04-15 00:34:13,961 [INFO]       - Đang quét Page 5: https://www.dienmayxanh.com/tai-nghe/tai-nghe-bluetooth-true-wireless-baseus-bass-bd1/danh-gia?page=5
2026-04-15 00:34:22,268 [WARNING]         [!] Không thấy dữ liệu hoặc Trống (Lần lỗi 4/5)
2026-04-15 00:34:24,167 [INFO]       - Đang quét Page 6: https://www.dienmayxanh.com/tai-nghe/tai-nghe-bluetooth-true-wireless-baseus-bass-bd1/danh-gia?page=6
2026-04-15 00:34:31,126 [WARNING]         [!] Không thấy dữ liệu hoặc Trống (Lần lỗi 5/5)
2026-04-15 00:34:33,025 [INFO]         💾 Đã lưu 5 reviews cuối.
2026-04-15 00:34:33,025 [INFO]  ✅ Hoàn tất cào sản phẩm: 337462
2026-04-15 00:34:33,026 [INFO]  -> [164/180] Lấy Breadcrumb & Review trang gốc: https://www.dienmayxanh.com/tai-nghe/tai-nghe-bluetooth-true-wireless-soundpeats-c30
2026-04-15 00:34:38,646 [INFO]       ✅ Thu được 2 reviews từ trang gốc.
2026-04-15 00:34:38,646 [INFO]       - Đang quét Page 1: https://www.dienmayxanh.com/tai-nghe/tai-nghe-bluetooth-true-wireless-soundpeats-c30/danh-gia?page=1
2026-04-15 00:34:45,560 [WARNING]         [!] Không thấy dữ liệu hoặc Trống (Lần lỗi 1/5)
2026-04-15 00:34:47,580 [INFO]       - Đang quét Page 2: https://www.dienmayxanh.com/tai-nghe/tai-nghe-bluetooth-true-wireless-soundpeats-c30/danh-gia?page=2
2026-04-15 00:34:55,026 [WARNING]         [!] Không thấy dữ liệu hoặc Trống (Lần lỗi 2/5)
2026-04-15 00:34:56,805 [INFO]       - Đang quét Page 3: https://www.dienmayxanh.com/tai-nghe/tai-nghe-bluetooth-true-wireless-soundpeats-c30/danh-gia?page=3
2026-04-15 00:35:03,751 [WARNING]         [!] Không thấy dữ liệu hoặc Trống (Lần lỗi 3/5)
2026-04-15 00:35:06,283 [INFO]       - Đang quét Page 4: https://www.dienmayxanh.com/tai-nghe/tai-nghe-bluetooth-true-wireless-soundpeats-c30/danh-gia?page=4
2026-04-15 00:35:13,247 [WARNING]         [!] Không thấy dữ liệu hoặc Trống (Lần lỗi 4/5)
2026-04-15 00:35:15,245 [INFO]       - Đang quét Page 5: https://www.dienmayxanh.com/tai-nghe/tai-nghe-bluetooth-true-wireless-soundpeats-c30/danh-gia?page=5
2026-04-15 00:35:22,178 [WARNING]         [!] Không thấy dữ liệu hoặc Trống (Lần lỗi 5/5)
2026-04-15 00:35:24,416 [INFO]         💾 Đã lưu 2 reviews cuối.
2026-04-15 00:35:24,416 [INFO]  ✅ Hoàn tất cào sản phẩm: 360352
2026-04-15 00:35:24,417 [INFO]  -> [165/180] Lấy Breadcrumb & Review trang gốc: https://www.dienmayxanh.com/tai-nghe/tai-nghe-bluetooth-true-wireless-marshall-motif-ii-a-n-c
2026-04-15 00:35:30,389 [INFO]       ✅ Thu được 4 reviews từ trang gốc.
2026-04-15 00:35:30,389 [INFO]       - Đang quét Page 1: https://www.dienmayxanh.com/tai-nghe/tai-nghe-bluetooth-true-wireless-marshall-motif-ii-a-n-c/danh-gia?page=1
2026-04-15 00:35:35,119 [INFO]         ✅ Thêm 0 reviews mới từ Page 1.
2026-04-15 00:35:38,042 [INFO]       - Đang quét Page 2: https://www.dienmayxanh.com/tai-nghe/tai-nghe-bluetooth-true-wireless-marshall-motif-ii-a-n-c/danh-gia?page=2
2026-04-15 00:35:46,213 [WARNING]         [!] Không thấy dữ liệu hoặc Trống (Lần lỗi 1/5)
2026-04-15 00:35:47,864 [INFO]       - Đang quét Page 3: https://www.dienmayxanh.com/tai-nghe/tai-nghe-bluetooth-true-wireless-marshall-motif-ii-a-n-c/danh-gia?page=3
2026-04-15 00:35:55,645 [WARNING]         [!] Không thấy dữ liệu hoặc Trống (Lần lỗi 2/5)
2026-04-15 00:35:58,042 [INFO]       - Đang quét Page 4: https://www.dienmayxanh.com/tai-nghe/tai-nghe-bluetooth-true-wireless-marshall-motif-ii-a-n-c/danh-gia?page=4
2026-04-15 00:36:06,467 [WARNING]         [!] Không thấy dữ liệu hoặc Trống (Lần lỗi 3/5)
2026-04-15 00:36:09,434 [INFO]       - Đang quét Page 5: https://www.dienmayxanh.com/tai-nghe/tai-nghe-bluetooth-true-wireless-marshall-motif-ii-a-n-c/danh-gia?page=5
2026-04-15 00:36:17,915 [WARNING]         [!] Không thấy dữ liệu hoặc Trống (Lần lỗi 4/5)
2026-04-15 00:36:20,006 [INFO]       - Đang quét Page 6: https://www.dienmayxanh.com/tai-nghe/tai-nghe-bluetooth-true-wireless-marshall-motif-ii-a-n-c/danh-gia?page=6
2026-04-15 00:36:27,810 [WARNING]         [!] Không thấy dữ liệu hoặc Trống (Lần lỗi 5/5)
2026-04-15 00:36:29,857 [INFO]         💾 Đã lưu 4 reviews cuối.
2026-04-15 00:36:29,858 [INFO]  ✅ Hoàn tất cào sản phẩm: 325340
2026-04-15 00:36:29,858 [INFO]  -> [166/180] Lấy Breadcrumb & Review trang gốc: https://www.dienmayxanh.com/tai-nghe/tai-nghe-bluetooth-open-ear-tws-baseus-eli-sport-1
2026-04-15 00:36:36,330 [INFO]       ✅ Thu được 1 reviews từ trang gốc.
2026-04-15 00:36:36,331 [INFO]       - Đang quét Page 1: https://www.dienmayxanh.com/tai-nghe/tai-nghe-bluetooth-open-ear-tws-baseus-eli-sport-1/danh-gia?page=1
2026-04-15 00:36:43,266 [WARNING]         [!] Không thấy dữ liệu hoặc Trống (Lần lỗi 1/5)
2026-04-15 00:36:45,586 [INFO]       - Đang quét Page 2: https://www.dienmayxanh.com/tai-nghe/tai-nghe-bluetooth-open-ear-tws-baseus-eli-sport-1/danh-gia?page=2
2026-04-15 00:36:52,558 [WARNING]         [!] Không thấy dữ liệu hoặc Trống (Lần lỗi 2/5)
2026-04-15 00:36:54,159 [INFO]       - Đang quét Page 3: https://www.dienmayxanh.com/tai-nghe/tai-nghe-bluetooth-open-ear-tws-baseus-eli-sport-1/danh-gia?page=3
2026-04-15 00:37:01,139 [WARNING]         [!] Không thấy dữ liệu hoặc Trống (Lần lỗi 3/5)
2026-04-15 00:37:03,649 [INFO]       - Đang quét Page 4: https://www.dienmayxanh.com/tai-nghe/tai-nghe-bluetooth-open-ear-tws-baseus-eli-sport-1/danh-gia?page=4
2026-04-15 00:37:10,576 [WARNING]         [!] Không thấy dữ liệu hoặc Trống (Lần lỗi 4/5)
2026-04-15 00:37:12,382 [INFO]       - Đang quét Page 5: https://www.dienmayxanh.com/tai-nghe/tai-nghe-bluetooth-open-ear-tws-baseus-eli-sport-1/danh-gia?page=5
2026-04-15 00:37:19,324 [WARNING]         [!] Không thấy dữ liệu hoặc Trống (Lần lỗi 5/5)
2026-04-15 00:37:21,773 [INFO]         💾 Đã lưu 1 reviews cuối.
2026-04-15 00:37:21,773 [INFO]  ✅ Hoàn tất cào sản phẩm: 326587
2026-04-15 00:37:21,774 [INFO]  -> [167/180] Lấy Breadcrumb & Review trang gốc: https://www.dienmayxanh.com/tai-nghe/tai-nghe-chup-tai-gaming-baseus-goplay-1-max
2026-04-15 00:37:25,553 [INFO]       - Đang quét Page 1: https://www.dienmayxanh.com/tai-nghe/tai-nghe-chup-tai-gaming-baseus-goplay-1-max/danh-gia?page=1
2026-04-15 00:37:33,792 [WARNING]         [!] Không thấy dữ liệu hoặc Trống (Lần lỗi 1/5)
2026-04-15 00:37:36,026 [INFO]       - Đang quét Page 2: https://www.dienmayxanh.com/tai-nghe/tai-nghe-chup-tai-gaming-baseus-goplay-1-max/danh-gia?page=2
2026-04-15 00:37:43,027 [WARNING]         [!] Không thấy dữ liệu hoặc Trống (Lần lỗi 2/5)
2026-04-15 00:37:45,339 [INFO]       - Đang quét Page 3: https://www.dienmayxanh.com/tai-nghe/tai-nghe-chup-tai-gaming-baseus-goplay-1-max/danh-gia?page=3
2026-04-15 00:37:52,306 [WARNING]         [!] Không thấy dữ liệu hoặc Trống (Lần lỗi 3/5)
2026-04-15 00:37:54,312 [INFO]       - Đang quét Page 4: https://www.dienmayxanh.com/tai-nghe/tai-nghe-chup-tai-gaming-baseus-goplay-1-max/danh-gia?page=4
2026-04-15 00:38:01,249 [WARNING]         [!] Không thấy dữ liệu hoặc Trống (Lần lỗi 4/5)
2026-04-15 00:38:03,686 [INFO]       - Đang quét Page 5: https://www.dienmayxanh.com/tai-nghe/tai-nghe-chup-tai-gaming-baseus-goplay-1-max/danh-gia?page=5
2026-04-15 00:38:10,670 [WARNING]         [!] Không thấy dữ liệu hoặc Trống (Lần lỗi 5/5)
2026-04-15 00:38:13,190 [INFO]  ✅ Hoàn tất cào sản phẩm: 341110
2026-04-15 00:38:13,191 [INFO]  -> [168/180] Lấy Breadcrumb & Review trang gốc: https://www.dienmayxanh.com/tai-nghe/tai-nghe-chup-tai-sennheiser-accentum-acaebt?utm_flashsale=1
2026-04-15 00:38:18,066 [INFO]       - Đang quét Page 1: https://www.dienmayxanh.com/tai-nghe/tai-nghe-chup-tai-sennheiser-accentum-acaebt/danh-gia?page=1
2026-04-15 00:38:24,948 [WARNING]         [!] Không thấy dữ liệu hoặc Trống (Lần lỗi 1/5)
2026-04-15 00:38:27,529 [INFO]       - Đang quét Page 2: https://www.dienmayxanh.com/tai-nghe/tai-nghe-chup-tai-sennheiser-accentum-acaebt/danh-gia?page=2
2026-04-15 00:38:34,487 [WARNING]         [!] Không thấy dữ liệu hoặc Trống (Lần lỗi 2/5)
2026-04-15 00:38:36,998 [INFO]       - Đang quét Page 3: https://www.dienmayxanh.com/tai-nghe/tai-nghe-chup-tai-sennheiser-accentum-acaebt/danh-gia?page=3
2026-04-15 00:38:43,929 [WARNING]         [!] Không thấy dữ liệu hoặc Trống (Lần lỗi 3/5)
2026-04-15 00:38:46,602 [INFO]       - Đang quét Page 4: https://www.dienmayxanh.com/tai-nghe/tai-nghe-chup-tai-sennheiser-accentum-acaebt/danh-gia?page=4
2026-04-15 00:38:53,640 [WARNING]         [!] Không thấy dữ liệu hoặc Trống (Lần lỗi 4/5)
2026-04-15 00:38:55,314 [INFO]       - Đang quét Page 5: https://www.dienmayxanh.com/tai-nghe/tai-nghe-chup-tai-sennheiser-accentum-acaebt/danh-gia?page=5
2026-04-15 00:39:02,311 [WARNING]         [!] Không thấy dữ liệu hoặc Trống (Lần lỗi 5/5)
2026-04-15 00:39:03,895 [INFO]  ✅ Hoàn tất cào sản phẩm: 341521
2026-04-15 00:39:03,896 [INFO]  -> [169/180] Lấy Breadcrumb & Review trang gốc: https://www.dienmayxanh.com/tai-nghe/tai-nghe-bluetooth-chup-tai-sennheiser-momentum-4-m4aebt
2026-04-15 00:39:09,619 [INFO]       - Đang quét Page 1: https://www.dienmayxanh.com/tai-nghe/tai-nghe-bluetooth-chup-tai-sennheiser-momentum-4-m4aebt/danh-gia?page=1
2026-04-15 00:39:16,578 [WARNING]         [!] Không thấy dữ liệu hoặc Trống (Lần lỗi 1/5)
2026-04-15 00:39:18,718 [INFO]       - Đang quét Page 2: https://www.dienmayxanh.com/tai-nghe/tai-nghe-bluetooth-chup-tai-sennheiser-momentum-4-m4aebt/danh-gia?page=2
2026-04-15 00:39:25,704 [WARNING]         [!] Không thấy dữ liệu hoặc Trống (Lần lỗi 2/5)
2026-04-15 00:39:27,212 [INFO]       - Đang quét Page 3: https://www.dienmayxanh.com/tai-nghe/tai-nghe-bluetooth-chup-tai-sennheiser-momentum-4-m4aebt/danh-gia?page=3
2026-04-15 00:39:34,207 [WARNING]         [!] Không thấy dữ liệu hoặc Trống (Lần lỗi 3/5)
2026-04-15 00:39:36,844 [INFO]       - Đang quét Page 4: https://www.dienmayxanh.com/tai-nghe/tai-nghe-bluetooth-chup-tai-sennheiser-momentum-4-m4aebt/danh-gia?page=4
2026-04-15 00:39:43,792 [WARNING]         [!] Không thấy dữ liệu hoặc Trống (Lần lỗi 4/5)
2026-04-15 00:39:45,729 [INFO]       - Đang quét Page 5: https://www.dienmayxanh.com/tai-nghe/tai-nghe-bluetooth-chup-tai-sennheiser-momentum-4-m4aebt/danh-gia?page=5
2026-04-15 00:39:52,703 [WARNING]         [!] Không thấy dữ liệu hoặc Trống (Lần lỗi 5/5)
2026-04-15 00:39:55,585 [INFO]  ✅ Hoàn tất cào sản phẩm: 341524
2026-04-15 00:39:55,585 [INFO] ♻️ Làm mới Session trình duyệt...
2026-04-15 00:39:56,722 [INFO]  -> [170/180] Lấy Breadcrumb & Review trang gốc: https://www.dienmayxanh.com/tai-nghe/tai-nghe-bluetooth-true-wireless-xiaomi-openwear-stereo-pro
2026-04-15 00:40:03,486 [INFO]       ✅ Thu được 1 reviews từ trang gốc.
2026-04-15 00:40:03,486 [INFO]       - Đang quét Page 1: https://www.dienmayxanh.com/tai-nghe/tai-nghe-bluetooth-true-wireless-xiaomi-openwear-stereo-pro/danh-gia?page=1
2026-04-15 00:40:10,483 [WARNING]         [!] Không thấy dữ liệu hoặc Trống (Lần lỗi 1/5)
2026-04-15 00:40:13,168 [INFO]       - Đang quét Page 2: https://www.dienmayxanh.com/tai-nghe/tai-nghe-bluetooth-true-wireless-xiaomi-openwear-stereo-pro/danh-gia?page=2
2026-04-15 00:40:48,205 [WARNING]         [!] Không thấy dữ liệu hoặc Trống (Lần lỗi 2/5)
2026-04-15 00:40:50,431 [INFO]       - Đang quét Page 3: https://www.dienmayxanh.com/tai-nghe/tai-nghe-bluetooth-true-wireless-xiaomi-openwear-stereo-pro/danh-gia?page=3
2026-04-15 00:41:20,326 [WARNING]         [!] Không thấy dữ liệu hoặc Trống (Lần lỗi 3/5)
2026-04-15 00:41:22,303 [INFO]       - Đang quét Page 4: https://www.dienmayxanh.com/tai-nghe/tai-nghe-bluetooth-true-wireless-xiaomi-openwear-stereo-pro/danh-gia?page=4
2026-04-15 00:41:39,360 [WARNING]         [!] Không thấy dữ liệu hoặc Trống (Lần lỗi 4/5)
2026-04-15 00:41:40,993 [INFO]       - Đang quét Page 5: https://www.dienmayxanh.com/tai-nghe/tai-nghe-bluetooth-true-wireless-xiaomi-openwear-stereo-pro/danh-gia?page=5
2026-04-15 00:41:41,447 [WARNING]         [!] Không thấy dữ liệu hoặc Trống (Lần lỗi 5/5)
2026-04-15 00:41:44,244 [INFO]         💾 Đã lưu 1 reviews cuối.
2026-04-15 00:41:44,245 [INFO]  ✅ Hoàn tất cào sản phẩm: 349971
2026-04-15 00:41:44,245 [INFO]  -> [171/180] Lấy Breadcrumb & Review trang gốc: https://www.dienmayxanh.com/tai-nghe/tai-nghe-bluetooth-true-wireless-havit-tw991-pro
2026-04-15 00:41:46,343 [INFO]       - Đang quét Page 1: https://www.dienmayxanh.com/tai-nghe/tai-nghe-bluetooth-true-wireless-havit-tw991-pro/danh-gia?page=1
2026-04-15 00:42:01,706 [WARNING]         [!] Không thấy dữ liệu hoặc Trống (Lần lỗi 1/5)
2026-04-15 08:58:04,629 [INFO] 🚀 Hệ thống cào Điện Máy Xanh (Trang gốc + Pages) đã sẵn sàng.
2026-04-15 08:58:07,830 [INFO] patching driver executable C:\Users\CONG\appdata\roaming\undetected_chromedriver\undetected_chromedriver.exe
2026-04-15 08:58:16,220 [INFO] ===> ĐANG XỬ LÝ FILE: headphone_integrated.csv
2026-04-15 08:58:16,236 [INFO]  -> [1/180] Lấy Breadcrumb & Review trang gốc: https://www.dienmayxanh.com/tai-nghe/tai-nghe-bluetooth-true-wireless-ava-freego-pt52
2026-04-15 08:58:34,168 [INFO]       ✅ Thu được 9 reviews từ trang gốc.
2026-04-15 08:58:34,168 [INFO]       - Đang quét Page 1: https://www.dienmayxanh.com/tai-nghe/tai-nghe-bluetooth-true-wireless-ava-freego-pt52/danh-gia?page=1
2026-04-15 08:58:50,099 [INFO]         ✅ Thêm 14 reviews mới từ Page 1.
2026-04-15 08:58:51,868 [INFO]       - Đang quét Page 2: https://www.dienmayxanh.com/tai-nghe/tai-nghe-bluetooth-true-wireless-ava-freego-pt52/danh-gia?page=2
2026-04-15 08:58:55,550 [WARNING]         [!] Không thấy dữ liệu hoặc Trống (Lần lỗi 1/5)
2026-04-15 08:59:42,420 [INFO] 🚀 Hệ thống cào Điện Máy Xanh (Trang gốc + Pages) đã sẵn sàng.
2026-04-15 08:59:50,724 [INFO] patching driver executable C:\Users\CONG\appdata\roaming\undetected_chromedriver\undetected_chromedriver.exe
2026-04-15 08:59:57,894 [INFO] ===> ĐANG XỬ LÝ FILE: laptop_integrated.csv
2026-04-15 08:59:57,907 [INFO]  -> [1/179] Lấy Breadcrumb & Review trang gốc: https://www.dienmayxanh.com/laptop/asus-vivobook-go-e1504fa-r5-7520u-bq1160w
2026-04-15 09:00:11,369 [INFO]       - Đang quét Page 1: https://www.dienmayxanh.com/laptop/asus-vivobook-go-e1504fa-r5-7520u-bq1160w/danh-gia?page=1
2026-04-15 09:00:19,651 [WARNING]         [!] Không thấy dữ liệu hoặc Trống (Lần lỗi 1/5)
2026-04-15 09:00:22,604 [INFO]       - Đang quét Page 2: https://www.dienmayxanh.com/laptop/asus-vivobook-go-e1504fa-r5-7520u-bq1160w/danh-gia?page=2
2026-04-15 09:00:29,979 [WARNING]         [!] Không thấy dữ liệu hoặc Trống (Lần lỗi 2/5)
2026-04-15 09:00:32,351 [INFO]  ✅ Hoàn tất cào sản phẩm: 357993
2026-04-15 09:00:32,351 [INFO]  -> [2/179] Lấy Breadcrumb & Review trang gốc: https://www.dienmayxanh.com/laptop/macbook-air-13-inch-m4-16gb-256gb-sac-70w
2026-04-15 09:00:38,369 [INFO]       - Đang quét Page 1: https://www.dienmayxanh.com/laptop/macbook-air-13-inch-m4-16gb-256gb-sac-70w/danh-gia?page=1
2026-04-15 09:00:45,693 [WARNING]         [!] Không thấy dữ liệu hoặc Trống (Lần lỗi 1/5)
2026-04-15 09:00:47,517 [INFO]       - Đang quét Page 2: https://www.dienmayxanh.com/laptop/macbook-air-13-inch-m4-16gb-256gb-sac-70w/danh-gia?page=2
2026-04-15 09:00:54,797 [WARNING]         [!] Không thấy dữ liệu hoặc Trống (Lần lỗi 2/5)
2026-04-15 09:00:57,211 [INFO]  ✅ Hoàn tất cào sản phẩm: 342024
2026-04-15 09:00:57,211 [INFO]  -> [3/179] Lấy Breadcrumb & Review trang gốc: https://www.dienmayxanh.com/laptop/hp-15-fc0023au-r5-7520u-d0bh1pa
2026-04-15 09:01:03,562 [INFO]       - Đang quét Page 1: https://www.dienmayxanh.com/laptop/hp-15-fc0023au-r5-7520u-d0bh1pa/danh-gia?page=1
2026-04-15 09:01:10,949 [WARNING]         [!] Không thấy dữ liệu hoặc Trống (Lần lỗi 1/5)
2026-04-15 09:01:13,600 [INFO]       - Đang quét Page 2: https://www.dienmayxanh.com/laptop/hp-15-fc0023au-r5-7520u-d0bh1pa/danh-gia?page=2
2026-04-15 09:01:22,804 [WARNING]         [!] Không thấy dữ liệu hoặc Trống (Lần lỗi 2/5)
2026-04-15 09:01:24,835 [INFO]  ✅ Hoàn tất cào sản phẩm: 361311
2026-04-15 09:01:24,836 [INFO]  -> [4/179] Lấy Breadcrumb & Review trang gốc: https://www.dienmayxanh.com/laptop/macbook-air-13-inch-m4-16gb-256gb
2026-04-15 09:02:02,929 [INFO]       ✅ Thu được 9 reviews từ trang gốc.
2026-04-15 09:02:02,930 [INFO]       - Đang quét Page 1: https://www.dienmayxanh.com/laptop/macbook-air-13-inch-m4-16gb-256gb/danh-gia?page=1
2026-04-15 09:02:26,931 [INFO]         ✅ Thêm 6 reviews mới từ Page 1.
2026-04-15 09:02:28,559 [INFO]       - Đang quét Page 2: https://www.dienmayxanh.com/laptop/macbook-air-13-inch-m4-16gb-256gb/danh-gia?page=2
2026-04-15 09:02:39,095 [WARNING]         [!] Không thấy dữ liệu hoặc Trống (Lần lỗi 1/5)
2026-04-15 09:02:40,699 [INFO]       - Đang quét Page 3: https://www.dienmayxanh.com/laptop/macbook-air-13-inch-m4-16gb-256gb/danh-gia?page=3
2026-04-15 09:02:50,030 [WARNING]         [!] Không thấy dữ liệu hoặc Trống (Lần lỗi 2/5)
2026-04-15 09:02:52,684 [INFO]         💾 Đã lưu 11 reviews cuối.
2026-04-15 09:02:52,685 [INFO]  ✅ Hoàn tất cào sản phẩm: 335362
2026-04-15 09:02:52,685 [INFO]  -> [5/179] Lấy Breadcrumb & Review trang gốc: https://www.dienmayxanh.com/laptop/hp-245-g10-r5-b8pf9at
2026-04-15 09:03:03,692 [INFO]       - Đang quét Page 1: https://www.dienmayxanh.com/laptop/hp-245-g10-r5-b8pf9at/danh-gia?page=1
2026-04-15 09:03:11,116 [WARNING]         [!] Không thấy dữ liệu hoặc Trống (Lần lỗi 1/5)
2026-04-15 09:03:12,986 [INFO]       - Đang quét Page 2: https://www.dienmayxanh.com/laptop/hp-245-g10-r5-b8pf9at/danh-gia?page=2
2026-04-15 09:03:21,117 [WARNING]         [!] Không thấy dữ liệu hoặc Trống (Lần lỗi 2/5)
2026-04-15 09:03:23,420 [INFO]  ✅ Hoàn tất cào sản phẩm: 337420
2026-04-15 09:03:23,421 [INFO]  -> [6/179] Lấy Breadcrumb & Review trang gốc: https://www.dienmayxanh.com/laptop/dell-15-dc15250-i5-1334u-dc5i5897w1
2026-04-15 09:03:33,117 [INFO]       - Đang quét Page 1: https://www.dienmayxanh.com/laptop/dell-15-dc15250-i5-1334u-dc5i5897w1/danh-gia?page=1
2026-04-15 09:03:41,628 [WARNING]         [!] Không thấy dữ liệu hoặc Trống (Lần lỗi 1/5)
2026-04-15 09:03:43,916 [INFO]       - Đang quét Page 2: https://www.dienmayxanh.com/laptop/dell-15-dc15250-i5-1334u-dc5i5897w1/danh-gia?page=2
2026-04-15 09:03:52,353 [WARNING]         [!] Không thấy dữ liệu hoặc Trống (Lần lỗi 2/5)
2026-04-15 09:03:53,868 [INFO]  ✅ Hoàn tất cào sản phẩm: 362025
2026-04-15 09:03:53,869 [INFO]  -> [7/179] Lấy Breadcrumb & Review trang gốc: https://www.dienmayxanh.com/laptop/asus-x1504va-core-5-bq185ws
2026-04-15 09:04:00,343 [INFO]       - Đang quét Page 1: https://www.dienmayxanh.com/laptop/asus-x1504va-core-5-bq185ws/danh-gia?page=1
2026-04-15 09:04:07,752 [WARNING]         [!] Không thấy dữ liệu hoặc Trống (Lần lỗi 1/5)
2026-04-15 09:04:10,460 [INFO]       - Đang quét Page 2: https://www.dienmayxanh.com/laptop/asus-x1504va-core-5-bq185ws/danh-gia?page=2
2026-04-15 09:04:18,038 [WARNING]         [!] Không thấy dữ liệu hoặc Trống (Lần lỗi 2/5)
2026-04-15 09:04:19,869 [INFO]  ✅ Hoàn tất cào sản phẩm: 338323
2026-04-15 09:04:19,869 [INFO]  -> [8/179] Lấy Breadcrumb & Review trang gốc: https://www.dienmayxanh.com/laptop/dell-15-dc15250-i5-dc5i5357w1
2026-04-15 09:04:34,822 [INFO]       - Đang quét Page 1: https://www.dienmayxanh.com/laptop/dell-15-dc15250-i5-dc5i5357w1/danh-gia?page=1
2026-04-15 09:04:43,217 [WARNING]         [!] Không thấy dữ liệu hoặc Trống (Lần lỗi 1/5)
2026-04-15 09:04:45,118 [INFO]       - Đang quét Page 2: https://www.dienmayxanh.com/laptop/dell-15-dc15250-i5-dc5i5357w1/danh-gia?page=2
2026-04-15 09:04:52,779 [WARNING]         [!] Không thấy dữ liệu hoặc Trống (Lần lỗi 2/5)
2026-04-15 09:04:55,234 [INFO]  ✅ Hoàn tất cào sản phẩm: 340561
2026-04-15 09:04:55,235 [INFO]  -> [9/179] Lấy Breadcrumb & Review trang gốc: https://www.dienmayxanh.com/laptop/hp-probook-455-g10-r5-b8pg7at
2026-04-15 09:05:05,951 [INFO]       - Đang quét Page 1: https://www.dienmayxanh.com/laptop/hp-probook-455-g10-r5-b8pg7at/danh-gia?page=1
2026-04-15 09:05:13,703 [WARNING]         [!] Không thấy dữ liệu hoặc Trống (Lần lỗi 1/5)
2026-04-15 09:05:15,906 [INFO]       - Đang quét Page 2: https://www.dienmayxanh.com/laptop/hp-probook-455-g10-r5-b8pg7at/danh-gia?page=2
2026-04-15 09:05:23,345 [WARNING]         [!] Không thấy dữ liệu hoặc Trống (Lần lỗi 2/5)
2026-04-15 09:05:25,302 [INFO]  ✅ Hoàn tất cào sản phẩm: 340484
2026-04-15 09:05:25,302 [INFO] ♻️ Làm mới Session trình duyệt...
2026-04-15 09:05:26,343 [INFO]  -> [10/179] Lấy Breadcrumb & Review trang gốc: https://www.dienmayxanh.com/laptop/acer-aspire-lite-14-al14-71m-52gq-i5-12500h-nx-j4asv-001
2026-04-15 09:05:45,009 [INFO]       ✅ Thu được 2 reviews từ trang gốc.
2026-04-15 09:05:45,010 [INFO]       - Đang quét Page 1: https://www.dienmayxanh.com/laptop/acer-aspire-lite-14-al14-71m-52gq-i5-12500h-nx-j4asv-001/danh-gia?page=1
2026-04-15 09:05:53,071 [WARNING]         [!] Không thấy dữ liệu hoặc Trống (Lần lỗi 1/5)
2026-04-15 09:05:55,471 [INFO]       - Đang quét Page 2: https://www.dienmayxanh.com/laptop/acer-aspire-lite-14-al14-71m-52gq-i5-12500h-nx-j4asv-001/danh-gia?page=2
2026-04-15 09:06:03,015 [WARNING]         [!] Không thấy dữ liệu hoặc Trống (Lần lỗi 2/5)
2026-04-15 09:06:05,184 [INFO]         💾 Đã lưu 2 reviews cuối.
2026-04-15 09:06:05,184 [INFO]  ✅ Hoàn tất cào sản phẩm: 341605
2026-04-15 09:06:05,185 [INFO]  -> [11/179] Lấy Breadcrumb & Review trang gốc: https://www.dienmayxanh.com/laptop/dell-15-dc15255-r5-7530u-dc5r5802w1
2026-04-15 09:06:24,329 [INFO]       - Đang quét Page 1: https://www.dienmayxanh.com/laptop/dell-15-dc15255-r5-7530u-dc5r5802w1/danh-gia?page=1
2026-04-15 09:06:31,748 [WARNING]         [!] Không thấy dữ liệu hoặc Trống (Lần lỗi 1/5)
2026-04-15 09:06:33,548 [INFO]       - Đang quét Page 2: https://www.dienmayxanh.com/laptop/dell-15-dc15255-r5-7530u-dc5r5802w1/danh-gia?page=2
2026-04-15 09:06:41,181 [WARNING]         [!] Không thấy dữ liệu hoặc Trống (Lần lỗi 2/5)
2026-04-15 09:06:42,866 [INFO]  ✅ Hoàn tất cào sản phẩm: 342755
2026-04-15 09:06:42,866 [INFO]  -> [12/179] Lấy Breadcrumb & Review trang gốc: https://www.dienmayxanh.com/laptop/macbook-air-13-inch-m5-16gb-512gb
2026-04-15 09:06:54,781 [INFO]       - Đang quét Page 1: https://www.dienmayxanh.com/laptop/macbook-air-13-inch-m5-16gb-512gb/danh-gia?page=1
2026-04-15 09:07:02,785 [WARNING]         [!] Không thấy dữ liệu hoặc Trống (Lần lỗi 1/5)
2026-04-15 09:07:05,536 [INFO]       - Đang quét Page 2: https://www.dienmayxanh.com/laptop/macbook-air-13-inch-m5-16gb-512gb/danh-gia?page=2
2026-04-15 09:07:13,067 [WARNING]         [!] Không thấy dữ liệu hoặc Trống (Lần lỗi 2/5)
2026-04-15 09:07:15,972 [INFO]  ✅ Hoàn tất cào sản phẩm: 363474
2026-04-15 09:07:15,973 [INFO]  -> [13/179] Lấy Breadcrumb & Review trang gốc: https://www.dienmayxanh.com/laptop/lenovo-ideapad-slim-3-15irh10-i5-83k1000hvn
2026-04-15 09:07:51,879 [INFO]       ✅ Thu được 6 reviews từ trang gốc.
2026-04-15 09:07:51,880 [INFO]       - Đang quét Page 1: https://www.dienmayxanh.com/laptop/lenovo-ideapad-slim-3-15irh10-i5-83k1000hvn/danh-gia?page=1
2026-04-15 09:07:58,206 [INFO]         ✅ Thêm 1 reviews mới từ Page 1.
2026-04-15 09:08:00,979 [INFO]       - Đang quét Page 2: https://www.dienmayxanh.com/laptop/lenovo-ideapad-slim-3-15irh10-i5-83k1000hvn/danh-gia?page=2
2026-04-15 09:08:11,123 [WARNING]         [!] Không thấy dữ liệu hoặc Trống (Lần lỗi 1/5)
2026-04-15 09:08:13,095 [INFO]       - Đang quét Page 3: https://www.dienmayxanh.com/laptop/lenovo-ideapad-slim-3-15irh10-i5-83k1000hvn/danh-gia?page=3
2026-04-15 09:08:34,010 [WARNING]         [!] Không thấy dữ liệu hoặc Trống (Lần lỗi 2/5)
2026-04-15 09:08:35,587 [INFO]         💾 Đã lưu 7 reviews cuối.
2026-04-15 09:08:35,587 [INFO]  ✅ Hoàn tất cào sản phẩm: 334442
2026-04-15 09:08:35,588 [INFO]  -> [14/179] Lấy Breadcrumb & Review trang gốc: https://www.dienmayxanh.com/laptop/acer-aspire-lite-15-al15-42p-r50r-r5-7430u-nxd34sv004
2026-04-15 09:08:45,495 [INFO]       - Đang quét Page 1: https://www.dienmayxanh.com/laptop/acer-aspire-lite-15-al15-42p-r50r-r5-7430u-nxd34sv004/danh-gia?page=1
2026-04-15 09:08:53,074 [WARNING]         [!] Không thấy dữ liệu hoặc Trống (Lần lỗi 1/5)
2026-04-15 09:08:55,044 [INFO]       - Đang quét Page 2: https://www.dienmayxanh.com/laptop/acer-aspire-lite-15-al15-42p-r50r-r5-7430u-nxd34sv004/danh-gia?page=2
2026-04-15 09:09:02,661 [WARNING]         [!] Không thấy dữ liệu hoặc Trống (Lần lỗi 2/5)
2026-04-15 09:09:04,588 [INFO]  ✅ Hoàn tất cào sản phẩm: 354744
2026-04-15 09:09:04,589 [INFO]  -> [15/179] Lấy Breadcrumb & Review trang gốc: https://www.dienmayxanh.com/laptop/acer-aspire-lite-15-al15-33p-38ba-core-3-n355-nx-d2ksv-001
2026-04-15 09:09:16,966 [INFO]       - Đang quét Page 1: https://www.dienmayxanh.com/laptop/acer-aspire-lite-15-al15-33p-38ba-core-3-n355-nx-d2ksv-001/danh-gia?page=1
2026-04-15 09:09:24,671 [WARNING]         [!] Không thấy dữ liệu hoặc Trống (Lần lỗi 1/5)
2026-04-15 09:09:27,657 [INFO]       - Đang quét Page 2: https://www.dienmayxanh.com/laptop/acer-aspire-lite-15-al15-33p-38ba-core-3-n355-nx-d2ksv-001/danh-gia?page=2
2026-04-15 09:09:35,412 [WARNING]         [!] Không thấy dữ liệu hoặc Trống (Lần lỗi 2/5)
2026-04-15 09:09:37,098 [INFO]  ✅ Hoàn tất cào sản phẩm: 362354
2026-04-15 09:09:37,099 [INFO]  -> [16/179] Lấy Breadcrumb & Review trang gốc: https://www.dienmayxanh.com/laptop/lenovo-loq-15iax9e-i5-83lk0079vn
2026-04-15 09:09:59,677 [INFO]       ✅ Thu được 3 reviews từ trang gốc.
2026-04-15 09:09:59,677 [INFO]       - Đang quét Page 1: https://www.dienmayxanh.com/laptop/lenovo-loq-15iax9e-i5-83lk0079vn/danh-gia?page=1
2026-04-15 09:10:07,472 [INFO]         ✅ Thêm 0 reviews mới từ Page 1.
2026-04-15 09:10:09,108 [INFO]       - Đang quét Page 2: https://www.dienmayxanh.com/laptop/lenovo-loq-15iax9e-i5-83lk0079vn/danh-gia?page=2
2026-04-15 09:10:21,991 [WARNING]         [!] Không thấy dữ liệu hoặc Trống (Lần lỗi 1/5)
2026-04-15 09:10:24,809 [INFO]       - Đang quét Page 3: https://www.dienmayxanh.com/laptop/lenovo-loq-15iax9e-i5-83lk0079vn/danh-gia?page=3
2026-04-15 09:10:36,898 [WARNING]         [!] Không thấy dữ liệu hoặc Trống (Lần lỗi 2/5)
2026-04-15 09:10:39,362 [INFO]         💾 Đã lưu 3 reviews cuối.
2026-04-15 09:10:39,363 [INFO]  ✅ Hoàn tất cào sản phẩm: 335556
2026-04-15 09:10:39,363 [INFO]  -> [17/179] Lấy Breadcrumb & Review trang gốc: https://www.dienmayxanh.com/laptop/dell-15-dc15250-i7-dc5i7748w1
2026-04-15 09:10:45,162 [ERROR]       [!] Lỗi quét review trang gốc: Message: invalid session id; For documentation on this error, please visit: https://www.selenium.dev/documentation/webdriver/troubleshooting/errors#invalidsessionidexception
Stacktrace:
	undetected_chromedriver!GetHandleVerifier [0xfdcdf3+10b03]
	undetected_chromedriver!GetHandleVerifier [0xfdcf24+10c34]
	undetected_chromedriver!(No symbol) [0xdc1f5e]
	undetected_chromedriver!(No symbol) [0xdff4b7]
	undetected_chromedriver!(No symbol) [0xe2d9c6]
	undetected_chromedriver!(No symbol) [0xe28e42]
	undetected_chromedriver!(No symbol) [0xe28462]
	undetected_chromedriver!(No symbol) [0xd9534e]
	undetected_chromedriver!(No symbol) [0xd958ee]
	undetected_chromedriver!(No symbol) [0xd95dcd]
	undetected_chromedriver!GetHandleVerifier [0x12448b9+2785c9]
	undetected_chromedriver!GetHandleVerifier [0x123feb5+273bc5]
	undetected_chromedriver!GetHandleVerifier [0x125e06b+291d7b]
	undetected_chromedriver!GetHandleVerifier [0xff5cc8+299d8]
	undetected_chromedriver!GetHandleVerifier [0xffd9fd+3170d]
	undetected_chromedriver!(No symbol) [0xd94ee9]
	undetected_chromedriver!(No symbol) [0xd94530]
	undetected_chromedriver!GetHandleVerifier [0x1392e9f+3c6baf]
	KERNEL32!BaseThreadInitThunk [0x75245d49+19]
	ntdll!RtlInitializeExceptionChain [0x77b4d81b+6b]
	ntdll!RtlGetAppContainerNamedObjectPath [0x77b4d7a1+231]

2026-04-15 09:10:45,162 [INFO]       - Đang quét Page 1: https://www.dienmayxanh.com/laptop/dell-15-dc15250-i7-dc5i7748w1/danh-gia?page=1
2026-04-15 09:10:45,168 [WARNING]         [!] Không thấy dữ liệu hoặc Trống (Lần lỗi 1/5)
2026-04-15 09:10:46,741 [INFO]       - Đang quét Page 2: https://www.dienmayxanh.com/laptop/dell-15-dc15250-i7-dc5i7748w1/danh-gia?page=2
2026-04-15 09:10:46,742 [WARNING]         [!] Không thấy dữ liệu hoặc Trống (Lần lỗi 2/5)
2026-04-15 09:10:49,732 [INFO]  ✅ Hoàn tất cào sản phẩm: 340562
2026-04-15 09:10:49,732 [INFO]  -> [18/179] Lấy Breadcrumb & Review trang gốc: https://www.dienmayxanh.com/laptop/dell-14-dc14250-core-5-120u-dc4c5386w
2026-04-15 09:10:49,735 [ERROR]       [!] Lỗi quét review trang gốc: Message: invalid session id; For documentation on this error, please visit: https://www.selenium.dev/documentation/webdriver/troubleshooting/errors#invalidsessionidexception
Stacktrace:
	undetected_chromedriver!GetHandleVerifier [0xfdcdf3+10b03]
	undetected_chromedriver!GetHandleVerifier [0xfdcf24+10c34]
	undetected_chromedriver!(No symbol) [0xdc1f5e]
	undetected_chromedriver!(No symbol) [0xdff4b7]
	undetected_chromedriver!(No symbol) [0xe2d9c6]
	undetected_chromedriver!(No symbol) [0xe28e42]
	undetected_chromedriver!(No symbol) [0xe28462]
	undetected_chromedriver!(No symbol) [0xd9534e]
	undetected_chromedriver!(No symbol) [0xd958ee]
	undetected_chromedriver!(No symbol) [0xd95dcd]
	undetected_chromedriver!GetHandleVerifier [0x12448b9+2785c9]
	undetected_chromedriver!GetHandleVerifier [0x123feb5+273bc5]
	undetected_chromedriver!GetHandleVerifier [0x125e06b+291d7b]
	undetected_chromedriver!GetHandleVerifier [0xff5cc8+299d8]
	undetected_chromedriver!GetHandleVerifier [0xffd9fd+3170d]
	undetected_chromedriver!(No symbol) [0xd94ee9]
	undetected_chromedriver!(No symbol) [0xd94530]
	undetected_chromedriver!GetHandleVerifier [0x1392e9f+3c6baf]
	KERNEL32!BaseThreadInitThunk [0x75245d49+19]
	ntdll!RtlInitializeExceptionChain [0x77b4d81b+6b]
	ntdll!RtlGetAppContainerNamedObjectPath [0x77b4d7a1+231]

2026-04-15 09:10:49,735 [INFO]       - Đang quét Page 1: https://www.dienmayxanh.com/laptop/dell-14-dc14250-core-5-120u-dc4c5386w/danh-gia?page=1
2026-04-15 09:10:49,736 [WARNING]         [!] Không thấy dữ liệu hoặc Trống (Lần lỗi 1/5)
2026-04-15 09:10:52,700 [INFO]       - Đang quét Page 2: https://www.dienmayxanh.com/laptop/dell-14-dc14250-core-5-120u-dc4c5386w/danh-gia?page=2
2026-04-15 09:10:52,702 [WARNING]         [!] Không thấy dữ liệu hoặc Trống (Lần lỗi 2/5)
2026-04-15 09:10:55,120 [INFO]  ✅ Hoàn tất cào sản phẩm: 360690
2026-04-15 09:10:55,121 [INFO]  -> [19/179] Lấy Breadcrumb & Review trang gốc: https://www.dienmayxanh.com/laptop/dell-15-dc15250-i5-1334u-cph99
2026-04-15 09:10:55,126 [ERROR]       [!] Lỗi quét review trang gốc: Message: invalid session id; For documentation on this error, please visit: https://www.selenium.dev/documentation/webdriver/troubleshooting/errors#invalidsessionidexception
Stacktrace:
	undetected_chromedriver!GetHandleVerifier [0xfdcdf3+10b03]
	undetected_chromedriver!GetHandleVerifier [0xfdcf24+10c34]
	undetected_chromedriver!(No symbol) [0xdc1f5e]
	undetected_chromedriver!(No symbol) [0xdff4b7]
	undetected_chromedriver!(No symbol) [0xe2d9c6]
	undetected_chromedriver!(No symbol) [0xe28e42]
	undetected_chromedriver!(No symbol) [0xe28462]
	undetected_chromedriver!(No symbol) [0xd9534e]
	undetected_chromedriver!(No symbol) [0xd958ee]
	undetected_chromedriver!(No symbol) [0xd95dcd]
	undetected_chromedriver!GetHandleVerifier [0x12448b9+2785c9]
	undetected_chromedriver!GetHandleVerifier [0x123feb5+273bc5]
	undetected_chromedriver!GetHandleVerifier [0x125e06b+291d7b]
	undetected_chromedriver!GetHandleVerifier [0xff5cc8+299d8]
	undetected_chromedriver!GetHandleVerifier [0xffd9fd+3170d]
	undetected_chromedriver!(No symbol) [0xd94ee9]
	undetected_chromedriver!(No symbol) [0xd94530]
	undetected_chromedriver!GetHandleVerifier [0x1392e9f+3c6baf]
	KERNEL32!BaseThreadInitThunk [0x75245d49+19]
	ntdll!RtlInitializeExceptionChain [0x77b4d81b+6b]
	ntdll!RtlGetAppContainerNamedObjectPath [0x77b4d7a1+231]

2026-04-15 09:10:55,126 [INFO]       - Đang quét Page 1: https://www.dienmayxanh.com/laptop/dell-15-dc15250-i5-1334u-cph99/danh-gia?page=1
2026-04-15 09:10:55,128 [WARNING]         [!] Không thấy dữ liệu hoặc Trống (Lần lỗi 1/5)
2026-04-15 09:10:58,103 [INFO]       - Đang quét Page 2: https://www.dienmayxanh.com/laptop/dell-15-dc15250-i5-1334u-cph99/danh-gia?page=2
2026-04-15 09:10:58,104 [WARNING]         [!] Không thấy dữ liệu hoặc Trống (Lần lỗi 2/5)
2026-04-15 09:11:01,031 [INFO]  ✅ Hoàn tất cào sản phẩm: 357990
2026-04-15 09:11:01,032 [INFO] ♻️ Làm mới Session trình duyệt...
2026-04-15 09:11:02,036 [INFO]  -> [20/179] Lấy Breadcrumb & Review trang gốc: https://www.dienmayxanh.com/laptop/asus-vivobook-15-x1504va-i3-nj1634w
2026-04-15 09:11:39,110 [INFO]       - Đang quét Page 1: https://www.dienmayxanh.com/laptop/asus-vivobook-15-x1504va-i3-nj1634w/danh-gia?page=1
2026-04-15 09:11:46,957 [WARNING]         [!] Không thấy dữ liệu hoặc Trống (Lần lỗi 1/5)
2026-04-15 09:11:48,932 [INFO]       - Đang quét Page 2: https://www.dienmayxanh.com/laptop/asus-vivobook-15-x1504va-i3-nj1634w/danh-gia?page=2
2026-04-15 09:11:56,272 [WARNING]         [!] Không thấy dữ liệu hoặc Trống (Lần lỗi 2/5)
2026-04-15 09:11:58,416 [INFO]  ✅ Hoàn tất cào sản phẩm: 334792
2026-04-15 09:11:58,416 [INFO]  -> [21/179] Lấy Breadcrumb & Review trang gốc: https://www.dienmayxanh.com/laptop/dell-15-dc15250-i5-1334u-71084746
2026-04-15 09:12:08,099 [INFO]       - Đang quét Page 1: https://www.dienmayxanh.com/laptop/dell-15-dc15250-i5-1334u-71084746/danh-gia?page=1
2026-04-15 09:12:15,810 [WARNING]         [!] Không thấy dữ liệu hoặc Trống (Lần lỗi 1/5)
2026-04-15 09:12:18,443 [INFO]       - Đang quét Page 2: https://www.dienmayxanh.com/laptop/dell-15-dc15250-i5-1334u-71084746/danh-gia?page=2
2026-04-15 09:12:25,954 [WARNING]         [!] Không thấy dữ liệu hoặc Trống (Lần lỗi 2/5)
2026-04-15 09:12:27,563 [INFO]  ✅ Hoàn tất cào sản phẩm: 360691
2026-04-15 09:12:27,564 [INFO]  -> [22/179] Lấy Breadcrumb & Review trang gốc: https://www.dienmayxanh.com/laptop/acer-aspire-lite-15-al15-41p-r3ql-r7-nxj54sv001
2026-04-15 09:13:04,621 [INFO]       - Đang quét Page 1: https://www.dienmayxanh.com/laptop/acer-aspire-lite-15-al15-41p-r3ql-r7-nxj54sv001/danh-gia?page=1
2026-04-15 09:13:12,226 [WARNING]         [!] Không thấy dữ liệu hoặc Trống (Lần lỗi 1/5)
2026-04-15 09:13:14,381 [INFO]       - Đang quét Page 2: https://www.dienmayxanh.com/laptop/acer-aspire-lite-15-al15-41p-r3ql-r7-nxj54sv001/danh-gia?page=2
2026-04-15 09:13:22,896 [WARNING]         [!] Không thấy dữ liệu hoặc Trống (Lần lỗi 2/5)
2026-04-15 09:13:25,758 [INFO]  ✅ Hoàn tất cào sản phẩm: 334999
2026-04-15 09:13:25,759 [INFO]  -> [23/179] Lấy Breadcrumb & Review trang gốc: https://www.dienmayxanh.com/laptop/hp-15-fc0655au-r5-7430u-c81ngpa
2026-04-15 09:14:02,829 [INFO]       - Đang quét Page 1: https://www.dienmayxanh.com/laptop/hp-15-fc0655au-r5-7430u-c81ngpa/danh-gia?page=1
2026-04-15 09:14:11,095 [WARNING]         [!] Không thấy dữ liệu hoặc Trống (Lần lỗi 1/5)
2026-04-15 09:14:13,930 [INFO]       - Đang quét Page 2: https://www.dienmayxanh.com/laptop/hp-15-fc0655au-r5-7430u-c81ngpa/danh-gia?page=2
2026-04-15 09:14:22,034 [WARNING]         [!] Không thấy dữ liệu hoặc Trống (Lần lỗi 2/5)
2026-04-15 09:14:23,932 [INFO]  ✅ Hoàn tất cào sản phẩm: 358079
2026-04-15 09:14:23,933 [INFO]  -> [24/179] Lấy Breadcrumb & Review trang gốc: https://www.dienmayxanh.com/laptop/hp-15-fd0234tu-core-5-120u-9q969pa-120u
2026-04-15 09:14:36,210 [INFO]       - Đang quét Page 1: https://www.dienmayxanh.com/laptop/hp-15-fd0234tu-core-5-120u-9q969pa-120u/danh-gia?page=1
2026-04-15 09:14:43,583 [WARNING]         [!] Không thấy dữ liệu hoặc Trống (Lần lỗi 1/5)
2026-04-15 09:14:45,256 [INFO]       - Đang quét Page 2: https://www.dienmayxanh.com/laptop/hp-15-fd0234tu-core-5-120u-9q969pa-120u/danh-gia?page=2
2026-04-15 09:14:53,972 [WARNING]         [!] Không thấy dữ liệu hoặc Trống (Lần lỗi 2/5)
2026-04-15 09:14:56,872 [INFO]  ✅ Hoàn tất cào sản phẩm: 341270
2026-04-15 09:14:56,873 [INFO]  -> [25/179] Lấy Breadcrumb & Review trang gốc: https://www.dienmayxanh.com/laptop/hp-pavilion-16-af0055tu-ultra-5-ay8c4pa
2026-04-15 09:15:33,918 [INFO]       - Đang quét Page 1: https://www.dienmayxanh.com/laptop/hp-pavilion-16-af0055tu-ultra-5-ay8c4pa/danh-gia?page=1
2026-04-15 09:15:42,545 [WARNING]         [!] Không thấy dữ liệu hoặc Trống (Lần lỗi 1/5)
2026-04-15 09:15:45,087 [INFO]       - Đang quét Page 2: https://www.dienmayxanh.com/laptop/hp-pavilion-16-af0055tu-ultra-5-ay8c4pa/danh-gia?page=2
2026-04-15 09:15:52,774 [WARNING]         [!] Không thấy dữ liệu hoặc Trống (Lần lỗi 2/5)
2026-04-15 09:15:54,869 [INFO]  ✅ Hoàn tất cào sản phẩm: 337044
2026-04-15 09:15:54,869 [INFO]  -> [26/179] Lấy Breadcrumb & Review trang gốc: https://www.dienmayxanh.com/laptop/hp-240r-g10-core-5-120u-c3ru7at
2026-04-15 09:16:04,624 [INFO]       - Đang quét Page 1: https://www.dienmayxanh.com/laptop/hp-240r-g10-core-5-120u-c3ru7at/danh-gia?page=1
2026-04-15 09:16:12,349 [WARNING]         [!] Không thấy dữ liệu hoặc Trống (Lần lỗi 1/5)
2026-04-15 09:16:15,156 [INFO]       - Đang quét Page 2: https://www.dienmayxanh.com/laptop/hp-240r-g10-core-5-120u-c3ru7at/danh-gia?page=2
2026-04-15 09:16:23,067 [WARNING]         [!] Không thấy dữ liệu hoặc Trống (Lần lỗi 2/5)
2026-04-15 09:16:25,697 [INFO]  ✅ Hoàn tất cào sản phẩm: 355729
2026-04-15 09:16:25,698 [INFO]  -> [27/179] Lấy Breadcrumb & Review trang gốc: https://www.dienmayxanh.com/laptop/asus-vivobook-14-x1404va-core-5-eb155ws
2026-04-15 09:16:37,162 [INFO]       - Đang quét Page 1: https://www.dienmayxanh.com/laptop/asus-vivobook-14-x1404va-core-5-eb155ws/danh-gia?page=1
2026-04-15 09:16:45,523 [WARNING]         [!] Không thấy dữ liệu hoặc Trống (Lần lỗi 1/5)
2026-04-15 09:16:47,511 [INFO]       - Đang quét Page 2: https://www.dienmayxanh.com/laptop/asus-vivobook-14-x1404va-core-5-eb155ws/danh-gia?page=2
2026-04-15 09:16:54,890 [WARNING]         [!] Không thấy dữ liệu hoặc Trống (Lần lỗi 2/5)
2026-04-15 09:16:57,440 [INFO]  ✅ Hoàn tất cào sản phẩm: 339683
2026-04-15 09:16:57,441 [INFO]  -> [28/179] Lấy Breadcrumb & Review trang gốc: https://www.dienmayxanh.com/laptop/hp-240r-g10-core-3-100u-c3ru6at
2026-04-15 09:17:34,505 [INFO]       - Đang quét Page 1: https://www.dienmayxanh.com/laptop/hp-240r-g10-core-3-100u-c3ru6at/danh-gia?page=1
2026-04-15 09:17:50,841 [WARNING]         [!] Không thấy dữ liệu hoặc Trống (Lần lỗi 1/5)
2026-04-15 09:17:52,860 [INFO]       - Đang quét Page 2: https://www.dienmayxanh.com/laptop/hp-240r-g10-core-3-100u-c3ru6at/danh-gia?page=2
2026-04-15 09:18:00,651 [WARNING]         [!] Không thấy dữ liệu hoặc Trống (Lần lỗi 2/5)
2026-04-15 09:18:02,288 [INFO]  ✅ Hoàn tất cào sản phẩm: 355730
2026-04-15 09:18:02,288 [INFO]  -> [29/179] Lấy Breadcrumb & Review trang gốc: https://www.dienmayxanh.com/laptop/asus-k3605vc-i5-rp364w
2026-04-15 09:18:39,361 [INFO]       - Đang quét Page 1: https://www.dienmayxanh.com/laptop/asus-k3605vc-i5-rp364w/danh-gia?page=1
2026-04-15 09:18:49,971 [WARNING]         [!] Không thấy dữ liệu hoặc Trống (Lần lỗi 1/5)
2026-04-15 09:18:52,128 [INFO]       - Đang quét Page 2: https://www.dienmayxanh.com/laptop/asus-k3605vc-i5-rp364w/danh-gia?page=2
2026-04-15 09:18:59,687 [WARNING]         [!] Không thấy dữ liệu hoặc Trống (Lần lỗi 2/5)
2026-04-15 09:19:02,103 [INFO]  ✅ Hoàn tất cào sản phẩm: 338324
2026-04-15 09:19:02,103 [INFO] ♻️ Làm mới Session trình duyệt...
2026-04-15 09:19:03,295 [INFO]  -> [30/179] Lấy Breadcrumb & Review trang gốc: https://www.dienmayxanh.com/laptop/asus-vivobook-s14-s3407va-core-5-210h-ly146w
2026-04-15 09:19:41,214 [INFO]       - Đang quét Page 1: https://www.dienmayxanh.com/laptop/asus-vivobook-s14-s3407va-core-5-210h-ly146w/danh-gia?page=1
2026-04-15 09:19:51,396 [WARNING]         [!] Không thấy dữ liệu hoặc Trống (Lần lỗi 1/5)
2026-04-15 09:19:53,249 [INFO]       - Đang quét Page 2: https://www.dienmayxanh.com/laptop/asus-vivobook-s14-s3407va-core-5-210h-ly146w/danh-gia?page=2
2026-04-15 09:20:02,453 [WARNING]         [!] Không thấy dữ liệu hoặc Trống (Lần lỗi 2/5)
2026-04-15 09:20:04,802 [INFO]  ✅ Hoàn tất cào sản phẩm: 358132
2026-04-15 09:20:04,802 [INFO]  -> [31/179] Lấy Breadcrumb & Review trang gốc: https://www.dienmayxanh.com/laptop/dell-pro-14-essential-pv14250-core-5-120u-pv14250-120u-16512w-bl
2026-04-15 09:20:41,860 [INFO]       - Đang quét Page 1: https://www.dienmayxanh.com/laptop/dell-pro-14-essential-pv14250-core-5-120u-pv14250-120u-16512w-bl/danh-gia?page=1
2026-04-15 09:20:53,277 [WARNING]         [!] Không thấy dữ liệu hoặc Trống (Lần lỗi 1/5)
2026-04-15 09:20:55,131 [INFO]       - Đang quét Page 2: https://www.dienmayxanh.com/laptop/dell-pro-14-essential-pv14250-core-5-120u-pv14250-120u-16512w-bl/danh-gia?page=2
2026-04-15 09:21:02,723 [WARNING]         [!] Không thấy dữ liệu hoặc Trống (Lần lỗi 2/5)
2026-04-15 09:21:05,590 [INFO]  ✅ Hoàn tất cào sản phẩm: 362024
2026-04-15 09:21:05,591 [INFO]  -> [32/179] Lấy Breadcrumb & Review trang gốc: https://www.dienmayxanh.com/laptop/dell-15-dc15250-i5-1334u-dc15250-i5u165w11slu
2026-04-15 09:21:42,649 [INFO]       - Đang quét Page 1: https://www.dienmayxanh.com/laptop/dell-15-dc15250-i5-1334u-dc15250-i5u165w11slu/danh-gia?page=1
2026-04-15 09:21:50,134 [WARNING]         [!] Không thấy dữ liệu hoặc Trống (Lần lỗi 1/5)
2026-04-15 09:21:51,757 [INFO]       - Đang quét Page 2: https://www.dienmayxanh.com/laptop/dell-15-dc15250-i5-1334u-dc15250-i5u165w11slu/danh-gia?page=2
2026-04-15 09:21:59,754 [WARNING]         [!] Không thấy dữ liệu hoặc Trống (Lần lỗi 2/5)
2026-04-15 09:22:02,181 [INFO]  ✅ Hoàn tất cào sản phẩm: 342754
2026-04-15 09:22:02,182 [INFO]  -> [33/179] Lấy Breadcrumb & Review trang gốc: https://www.dienmayxanh.com/laptop/asus-vivobook-15-x1504va-i3-1315u-bq3394w
2026-04-15 09:22:16,866 [INFO]       - Đang quét Page 1: https://www.dienmayxanh.com/laptop/asus-vivobook-15-x1504va-i3-1315u-bq3394w/danh-gia?page=1
2026-04-15 09:22:24,305 [WARNING]         [!] Không thấy dữ liệu hoặc Trống (Lần lỗi 1/5)
2026-04-15 09:22:25,832 [INFO]       - Đang quét Page 2: https://www.dienmayxanh.com/laptop/asus-vivobook-15-x1504va-i3-1315u-bq3394w/danh-gia?page=2
2026-04-15 09:22:33,375 [WARNING]         [!] Không thấy dữ liệu hoặc Trống (Lần lỗi 2/5)
2026-04-15 09:22:36,246 [INFO]  ✅ Hoàn tất cào sản phẩm: 342759
2026-04-15 09:22:36,247 [INFO]  -> [34/179] Lấy Breadcrumb & Review trang gốc: https://www.dienmayxanh.com/laptop/hp-15-fd0303tu-i3-a2nl4pa
2026-04-15 09:23:09,788 [INFO]       ✅ Thu được 4 reviews từ trang gốc.
2026-04-15 09:23:09,788 [INFO]       - Đang quét Page 1: https://www.dienmayxanh.com/laptop/hp-15-fd0303tu-i3-a2nl4pa/danh-gia?page=1
2026-04-15 09:23:22,556 [INFO]         ✅ Thêm 0 reviews mới từ Page 1.
2026-04-15 09:23:25,408 [INFO]       - Đang quét Page 2: https://www.dienmayxanh.com/laptop/hp-15-fd0303tu-i3-a2nl4pa/danh-gia?page=2
2026-04-15 09:23:41,407 [WARNING]         [!] Không thấy dữ liệu hoặc Trống (Lần lỗi 1/5)
2026-04-15 09:23:43,831 [INFO]       - Đang quét Page 3: https://www.dienmayxanh.com/laptop/hp-15-fd0303tu-i3-a2nl4pa/danh-gia?page=3
2026-04-15 09:23:55,768 [WARNING]         [!] Không thấy dữ liệu hoặc Trống (Lần lỗi 2/5)
2026-04-15 09:23:57,371 [INFO]         💾 Đã lưu 4 reviews cuối.
2026-04-15 09:23:57,372 [INFO]  ✅ Hoàn tất cào sản phẩm: 326050
2026-04-15 09:23:57,372 [INFO]  -> [35/179] Lấy Breadcrumb & Review trang gốc: https://www.dienmayxanh.com/laptop/asus-vivobook-s16-s3607va-core-5-210h-rp155ws
2026-04-15 09:24:10,808 [INFO]       - Đang quét Page 1: https://www.dienmayxanh.com/laptop/asus-vivobook-s16-s3607va-core-5-210h-rp155ws/danh-gia?page=1
2026-04-15 09:24:19,017 [WARNING]         [!] Không thấy dữ liệu hoặc Trống (Lần lỗi 1/5)
2026-04-15 09:24:20,636 [INFO]       - Đang quét Page 2: https://www.dienmayxanh.com/laptop/asus-vivobook-s16-s3607va-core-5-210h-rp155ws/danh-gia?page=2
2026-04-15 09:24:28,288 [WARNING]         [!] Không thấy dữ liệu hoặc Trống (Lần lỗi 2/5)
2026-04-15 09:24:31,213 [INFO]  ✅ Hoàn tất cào sản phẩm: 342758
2026-04-15 09:24:31,214 [INFO]  -> [36/179] Lấy Breadcrumb & Review trang gốc: https://www.dienmayxanh.com/laptop/dell-15-dc15250-i7-1355u-dc15250-i7u161w11slu
2026-04-15 09:24:54,096 [INFO]       - Đang quét Page 1: https://www.dienmayxanh.com/laptop/dell-15-dc15250-i7-1355u-dc15250-i7u161w11slu/danh-gia?page=1
2026-04-15 09:25:03,065 [WARNING]         [!] Không thấy dữ liệu hoặc Trống (Lần lỗi 1/5)
2026-04-15 09:25:05,342 [INFO]       - Đang quét Page 2: https://www.dienmayxanh.com/laptop/dell-15-dc15250-i7-1355u-dc15250-i7u161w11slu/danh-gia?page=2
2026-04-15 09:25:12,717 [WARNING]         [!] Không thấy dữ liệu hoặc Trống (Lần lỗi 2/5)
2026-04-15 09:25:15,451 [INFO]  ✅ Hoàn tất cào sản phẩm: 351613
2026-04-15 09:25:15,452 [INFO]  -> [37/179] Lấy Breadcrumb & Review trang gốc: https://www.dienmayxanh.com/laptop/hp-15-fd0235tu-9q970pa-120u-core-5-120u-16gb-512gb-full-hd-win11
2026-04-15 09:25:52,527 [INFO]       - Đang quét Page 1: https://www.dienmayxanh.com/laptop/hp-15-fd0235tu-9q970pa-120u-core-5-120u-16gb-512gb-full-hd-win11/danh-gia?page=1
2026-04-15 09:26:25,549 [WARNING]         [!] Không thấy dữ liệu hoặc Trống (Lần lỗi 1/5)
2026-04-15 09:26:27,668 [INFO]       - Đang quét Page 2: https://www.dienmayxanh.com/laptop/hp-15-fd0235tu-9q970pa-120u-core-5-120u-16gb-512gb-full-hd-win11/danh-gia?page=2
2026-04-15 09:26:41,410 [WARNING]         [!] Không thấy dữ liệu hoặc Trống (Lần lỗi 2/5)
2026-04-15 09:26:42,965 [INFO]  ✅ Hoàn tất cào sản phẩm: 341618
2026-04-15 09:26:42,966 [INFO]  -> [38/179] Lấy Breadcrumb & Review trang gốc: https://www.dienmayxanh.com/laptop/dell-15-dc15250-i7-1355u-dc15250-i7u161w11slu-5
2026-04-15 09:27:20,039 [INFO]       - Đang quét Page 1: https://www.dienmayxanh.com/laptop/dell-15-dc15250-i7-1355u-dc15250-i7u161w11slu-5/danh-gia?page=1
2026-04-15 09:27:27,915 [WARNING]         [!] Không thấy dữ liệu hoặc Trống (Lần lỗi 1/5)
2026-04-15 09:27:29,694 [INFO]       - Đang quét Page 2: https://www.dienmayxanh.com/laptop/dell-15-dc15250-i7-1355u-dc15250-i7u161w11slu-5/danh-gia?page=2
2026-04-15 09:27:37,502 [WARNING]         [!] Không thấy dữ liệu hoặc Trống (Lần lỗi 2/5)
2026-04-15 09:27:40,476 [INFO]  ✅ Hoàn tất cào sản phẩm: 362667
2026-04-15 09:27:40,477 [INFO]  -> [39/179] Lấy Breadcrumb & Review trang gốc: https://www.dienmayxanh.com/laptop/dell-15-dc15250-i5-1334u-71071928
2026-04-15 09:28:17,176 [INFO]       - Đang quét Page 1: https://www.dienmayxanh.com/laptop/dell-15-dc15250-i5-1334u-71071928/danh-gia?page=1
2026-04-15 09:28:24,713 [WARNING]         [!] Không thấy dữ liệu hoặc Trống (Lần lỗi 1/5)
2026-04-15 09:28:26,842 [INFO]       - Đang quét Page 2: https://www.dienmayxanh.com/laptop/dell-15-dc15250-i5-1334u-71071928/danh-gia?page=2
2026-04-15 09:28:36,348 [WARNING]         [!] Không thấy dữ liệu hoặc Trống (Lần lỗi 2/5)
2026-04-15 09:28:38,035 [INFO]  ✅ Hoàn tất cào sản phẩm: 358498
2026-04-15 09:28:38,035 [INFO] ♻️ Làm mới Session trình duyệt...
2026-04-15 09:28:39,222 [INFO]  -> [40/179] Lấy Breadcrumb & Review trang gốc: https://www.dienmayxanh.com/laptop/dell-15-dc15250-i7-1355u-cph991
2026-04-15 09:29:16,299 [INFO]       - Đang quét Page 1: https://www.dienmayxanh.com/laptop/dell-15-dc15250-i7-1355u-cph991/danh-gia?page=1
2026-04-15 09:29:25,230 [WARNING]         [!] Không thấy dữ liệu hoặc Trống (Lần lỗi 1/5)
2026-04-15 09:29:27,510 [INFO]       - Đang quét Page 2: https://www.dienmayxanh.com/laptop/dell-15-dc15250-i7-1355u-cph991/danh-gia?page=2
2026-04-15 09:29:37,187 [WARNING]         [!] Không thấy dữ liệu hoặc Trống (Lần lỗi 2/5)
2026-04-15 09:29:38,946 [INFO]  ✅ Hoàn tất cào sản phẩm: 362020
2026-04-15 09:29:38,947 [INFO]  -> [41/179] Lấy Breadcrumb & Review trang gốc: https://www.dienmayxanh.com/laptop/dell-15-dc15250-i5-1334u-dc15250-i5u165w11slu-5
2026-04-15 09:30:16,039 [INFO]       - Đang quét Page 1: https://www.dienmayxanh.com/laptop/dell-15-dc15250-i5-1334u-dc15250-i5u165w11slu-5/danh-gia?page=1
2026-04-15 09:30:24,602 [WARNING]         [!] Không thấy dữ liệu hoặc Trống (Lần lỗi 1/5)
2026-04-15 09:30:26,394 [INFO]       - Đang quét Page 2: https://www.dienmayxanh.com/laptop/dell-15-dc15250-i5-1334u-dc15250-i5u165w11slu-5/danh-gia?page=2
2026-04-15 09:30:33,920 [WARNING]         [!] Không thấy dữ liệu hoặc Trống (Lần lỗi 2/5)
2026-04-15 09:30:35,664 [INFO]  ✅ Hoàn tất cào sản phẩm: 362666
2026-04-15 09:30:35,665 [INFO]  -> [42/179] Lấy Breadcrumb & Review trang gốc: https://www.dienmayxanh.com/laptop/lenovo-ideapad-slim-5-oled-14akp10-r5-ai-350-83hx0065vn
2026-04-15 09:31:12,905 [INFO]       ✅ Thu được 1 reviews từ trang gốc.
2026-04-15 09:31:12,905 [INFO]       - Đang quét Page 1: https://www.dienmayxanh.com/laptop/lenovo-ideapad-slim-5-oled-14akp10-r5-ai-350-83hx0065vn/danh-gia?page=1
2026-04-15 09:31:20,309 [WARNING]         [!] Không thấy dữ liệu hoặc Trống (Lần lỗi 1/5)
2026-04-15 09:31:21,810 [INFO]       - Đang quét Page 2: https://www.dienmayxanh.com/laptop/lenovo-ideapad-slim-5-oled-14akp10-r5-ai-350-83hx0065vn/danh-gia?page=2
2026-04-15 09:31:30,734 [WARNING]         [!] Không thấy dữ liệu hoặc Trống (Lần lỗi 2/5)
2026-04-15 09:31:32,690 [INFO]         💾 Đã lưu 1 reviews cuối.
2026-04-15 09:31:32,691 [INFO]  ✅ Hoàn tất cào sản phẩm: 339581
2026-04-15 09:31:32,691 [INFO]  -> [43/179] Lấy Breadcrumb & Review trang gốc: https://www.dienmayxanh.com/laptop/acer-nitro-v-15-anv15-41-r1jy-r5-nhqpfsv001
2026-04-15 09:32:10,117 [INFO]       ✅ Thu được 3 reviews từ trang gốc.
2026-04-15 09:32:10,117 [INFO]       - Đang quét Page 1: https://www.dienmayxanh.com/laptop/acer-nitro-v-15-anv15-41-r1jy-r5-nhqpfsv001/danh-gia?page=1
2026-04-15 09:32:45,140 [WARNING]         [!] Không thấy dữ liệu hoặc Trống (Lần lỗi 1/5)
2026-04-15 09:32:47,145 [INFO]       - Đang quét Page 2: https://www.dienmayxanh.com/laptop/acer-nitro-v-15-anv15-41-r1jy-r5-nhqpfsv001/danh-gia?page=2
2026-04-15 09:33:22,174 [WARNING]         [!] Không thấy dữ liệu hoặc Trống (Lần lỗi 2/5)
2026-04-15 09:33:24,582 [INFO]         💾 Đã lưu 3 reviews cuối.
2026-04-15 09:33:24,583 [INFO]  ✅ Hoàn tất cào sản phẩm: 333427
2026-04-15 09:33:24,584 [INFO]  -> [44/179] Lấy Breadcrumb & Review trang gốc: https://www.dienmayxanh.com/laptop/acer-nitro-v-15-anv15-41-r2up-r5-nhqpgsv004
2026-04-15 09:34:02,744 [INFO]       ✅ Thu được 9 reviews từ trang gốc.
2026-04-15 09:34:02,744 [INFO]       - Đang quét Page 1: https://www.dienmayxanh.com/laptop/acer-nitro-v-15-anv15-41-r2up-r5-nhqpgsv004/danh-gia?page=1
2026-04-15 09:34:37,775 [WARNING]         [!] Không thấy dữ liệu hoặc Trống (Lần lỗi 1/5)
2026-04-15 09:34:39,631 [INFO]       - Đang quét Page 2: https://www.dienmayxanh.com/laptop/acer-nitro-v-15-anv15-41-r2up-r5-nhqpgsv004/danh-gia?page=2
2026-04-15 09:35:14,663 [WARNING]         [!] Không thấy dữ liệu hoặc Trống (Lần lỗi 2/5)
2026-04-15 09:35:16,560 [INFO]         💾 Đã lưu 6 reviews cuối.
2026-04-15 09:35:16,561 [INFO]  ✅ Hoàn tất cào sản phẩm: 333430
2026-04-15 09:35:16,561 [INFO]  -> [45/179] Lấy Breadcrumb & Review trang gốc: https://www.dienmayxanh.com/laptop/lenovo-ideapad-slim-3-16irh10-i5-83k20003vn
2026-04-15 09:35:54,259 [INFO]       ✅ Thu được 5 reviews từ trang gốc.
2026-04-15 09:35:54,259 [INFO]       - Đang quét Page 1: https://www.dienmayxanh.com/laptop/lenovo-ideapad-slim-3-16irh10-i5-83k20003vn/danh-gia?page=1
2026-04-15 09:36:29,283 [WARNING]         [!] Không thấy dữ liệu hoặc Trống (Lần lỗi 1/5)
2026-04-15 09:36:30,880 [INFO]       - Đang quét Page 2: https://www.dienmayxanh.com/laptop/lenovo-ideapad-slim-3-16irh10-i5-83k20003vn/danh-gia?page=2
2026-04-15 09:37:05,917 [WARNING]         [!] Không thấy dữ liệu hoặc Trống (Lần lỗi 2/5)
2026-04-15 09:37:08,164 [INFO]         💾 Đã lưu 5 reviews cuối.
2026-04-15 09:37:08,164 [INFO]  ✅ Hoàn tất cào sản phẩm: 334450
2026-04-15 09:37:08,165 [INFO]  -> [46/179] Lấy Breadcrumb & Review trang gốc: https://www.dienmayxanh.com/laptop/lenovo-v14-g4-i3-1315u-83a000s4vn
2026-04-15 09:37:46,099 [INFO]       - Đang quét Page 1: https://www.dienmayxanh.com/laptop/lenovo-v14-g4-i3-1315u-83a000s4vn/danh-gia?page=1
2026-04-15 09:37:54,090 [WARNING]         [!] Không thấy dữ liệu hoặc Trống (Lần lỗi 1/5)
2026-04-15 09:37:56,361 [INFO]       - Đang quét Page 2: https://www.dienmayxanh.com/laptop/lenovo-v14-g4-i3-1315u-83a000s4vn/danh-gia?page=2
2026-04-15 09:38:31,390 [WARNING]         [!] Không thấy dữ liệu hoặc Trống (Lần lỗi 2/5)
2026-04-15 09:38:33,492 [INFO]  ✅ Hoàn tất cào sản phẩm: 358375
2026-04-15 09:38:33,493 [INFO]  -> [47/179] Lấy Breadcrumb & Review trang gốc: https://www.dienmayxanh.com/laptop/macbook-neo-13-inch-a18-pro-8gb-256gb
2026-04-15 09:38:51,353 [INFO]       - Đang quét Page 1: https://www.dienmayxanh.com/laptop/macbook-neo-13-inch-a18-pro-8gb-256gb/danh-gia?page=1
2026-04-15 09:38:58,795 [WARNING]         [!] Không thấy dữ liệu hoặc Trống (Lần lỗi 1/5)
2026-04-15 09:39:01,430 [INFO]       - Đang quét Page 2: https://www.dienmayxanh.com/laptop/macbook-neo-13-inch-a18-pro-8gb-256gb/danh-gia?page=2
2026-04-15 09:39:09,002 [WARNING]         [!] Không thấy dữ liệu hoặc Trống (Lần lỗi 2/5)
2026-04-15 09:39:11,244 [INFO]  ✅ Hoàn tất cào sản phẩm: 363537
2026-04-15 09:39:11,244 [INFO]  -> [48/179] Lấy Breadcrumb & Review trang gốc: https://www.dienmayxanh.com/laptop/hp-15-fd0015tu-i7-a19c5pa
2026-04-15 09:39:49,282 [INFO]       ✅ Thu được 8 reviews từ trang gốc.
2026-04-15 09:39:49,283 [INFO]       - Đang quét Page 1: https://www.dienmayxanh.com/laptop/hp-15-fd0015tu-i7-a19c5pa/danh-gia?page=1
2026-04-15 09:40:24,315 [WARNING]         [!] Không thấy dữ liệu hoặc Trống (Lần lỗi 1/5)
2026-04-15 09:40:26,222 [INFO]       - Đang quét Page 2: https://www.dienmayxanh.com/laptop/hp-15-fd0015tu-i7-a19c5pa/danh-gia?page=2
2026-04-15 09:41:02,410 [WARNING]         [!] Không thấy dữ liệu hoặc Trống (Lần lỗi 2/5)
2026-04-15 09:41:03,995 [INFO]         💾 Đã lưu 6 reviews cuối.
2026-04-15 09:41:03,995 [INFO]  ✅ Hoàn tất cào sản phẩm: 325691
2026-04-15 09:41:03,995 [INFO]  -> [49/179] Lấy Breadcrumb & Review trang gốc: https://www.dienmayxanh.com/laptop/acer-aspire-lite-15-al15-71p-517d-i5-nxj7ksv001
2026-04-15 09:41:21,230 [INFO]       - Đang quét Page 1: https://www.dienmayxanh.com/laptop/acer-aspire-lite-15-al15-71p-517d-i5-nxj7ksv001/danh-gia?page=1
2026-04-15 09:41:28,955 [WARNING]         [!] Không thấy dữ liệu hoặc Trống (Lần lỗi 1/5)
2026-04-15 09:41:30,583 [INFO]       - Đang quét Page 2: https://www.dienmayxanh.com/laptop/acer-aspire-lite-15-al15-71p-517d-i5-nxj7ksv001/danh-gia?page=2
2026-04-15 09:41:38,626 [WARNING]         [!] Không thấy dữ liệu hoặc Trống (Lần lỗi 2/5)
2026-04-15 09:41:41,023 [INFO]  ✅ Hoàn tất cào sản phẩm: 336967
2026-04-15 09:41:41,024 [INFO] ♻️ Làm mới Session trình duyệt...
2026-04-15 09:41:42,305 [INFO]  -> [50/179] Lấy Breadcrumb & Review trang gốc: https://www.dienmayxanh.com/laptop/asus-vivobook-go-e1404fa-r5-7520u-eb482w
2026-04-15 09:42:19,495 [INFO]       - Đang quét Page 1: https://www.dienmayxanh.com/laptop/asus-vivobook-go-e1404fa-r5-7520u-eb482w/danh-gia?page=1
2026-04-15 09:42:28,658 [WARNING]         [!] Không thấy dữ liệu hoặc Trống (Lần lỗi 1/5)
2026-04-15 09:42:31,257 [INFO]       - Đang quét Page 2: https://www.dienmayxanh.com/laptop/asus-vivobook-go-e1404fa-r5-7520u-eb482w/danh-gia?page=2
2026-04-15 09:42:40,615 [WARNING]         [!] Không thấy dữ liệu hoặc Trống (Lần lỗi 2/5)
2026-04-15 09:42:43,370 [INFO]  ✅ Hoàn tất cào sản phẩm: 359250
2026-04-15 09:42:43,371 [INFO]  -> [51/179] Lấy Breadcrumb & Review trang gốc: https://www.dienmayxanh.com/laptop/dell-inspiron-15-3530-i5-n5i5530w1
2026-04-15 09:43:20,614 [INFO]       ✅ Thu được 1 reviews từ trang gốc.
2026-04-15 09:43:20,614 [INFO]       - Đang quét Page 1: https://www.dienmayxanh.com/laptop/dell-inspiron-15-3530-i5-n5i5530w1/danh-gia?page=1
2026-04-15 09:43:29,870 [WARNING]         [!] Không thấy dữ liệu hoặc Trống (Lần lỗi 1/5)
2026-04-15 09:43:31,663 [INFO]       - Đang quét Page 2: https://www.dienmayxanh.com/laptop/dell-inspiron-15-3530-i5-n5i5530w1/danh-gia?page=2
2026-04-15 09:43:44,534 [WARNING]         [!] Không thấy dữ liệu hoặc Trống (Lần lỗi 2/5)
2026-04-15 09:43:46,550 [INFO]         💾 Đã lưu 1 reviews cuối.
2026-04-15 09:43:46,551 [INFO]  ✅ Hoàn tất cào sản phẩm: 334803
2026-04-15 09:43:46,551 [INFO]  -> [52/179] Lấy Breadcrumb & Review trang gốc: https://www.dienmayxanh.com/laptop/msi-gaming-thin-15-b13uc-i5-13420h-3247vn-16gb
2026-04-15 09:44:03,603 [INFO]       - Đang quét Page 1: https://www.dienmayxanh.com/laptop/msi-gaming-thin-15-b13uc-i5-13420h-3247vn-16gb/danh-gia?page=1
2026-04-15 09:44:11,236 [WARNING]         [!] Không thấy dữ liệu hoặc Trống (Lần lỗi 1/5)
2026-04-15 09:44:13,418 [INFO]       - Đang quét Page 2: https://www.dienmayxanh.com/laptop/msi-gaming-thin-15-b13uc-i5-13420h-3247vn-16gb/danh-gia?page=2
2026-04-15 09:44:20,862 [WARNING]         [!] Không thấy dữ liệu hoặc Trống (Lần lỗi 2/5)
2026-04-15 09:44:23,639 [INFO]  ✅ Hoàn tất cào sản phẩm: 342942
2026-04-15 09:44:23,640 [INFO]  -> [53/179] Lấy Breadcrumb & Review trang gốc: https://www.dienmayxanh.com/laptop/acer-aspire-lite-al14-52m-54cj-i5-nxj39sv002
2026-04-15 09:44:32,205 [INFO]       - Đang quét Page 1: https://www.dienmayxanh.com/laptop/acer-aspire-lite-al14-52m-54cj-i5-nxj39sv002/danh-gia?page=1
2026-04-15 09:44:39,664 [WARNING]         [!] Không thấy dữ liệu hoặc Trống (Lần lỗi 1/5)
2026-04-15 09:44:41,598 [INFO]       - Đang quét Page 2: https://www.dienmayxanh.com/laptop/acer-aspire-lite-al14-52m-54cj-i5-nxj39sv002/danh-gia?page=2
2026-04-15 09:44:49,849 [WARNING]         [!] Không thấy dữ liệu hoặc Trống (Lần lỗi 2/5)
2026-04-15 09:44:52,785 [INFO]  ✅ Hoàn tất cào sản phẩm: 334996
2026-04-15 09:44:52,785 [INFO]  -> [54/179] Lấy Breadcrumb & Review trang gốc: https://www.dienmayxanh.com/laptop/dell-latitude-3450-i5-l34501335u16512wn
2026-04-15 09:45:11,091 [INFO]       ✅ Thu được 2 reviews từ trang gốc.
2026-04-15 09:45:11,091 [INFO]       - Đang quét Page 1: https://www.dienmayxanh.com/laptop/dell-latitude-3450-i5-l34501335u16512wn/danh-gia?page=1
2026-04-15 09:45:18,618 [WARNING]         [!] Không thấy dữ liệu hoặc Trống (Lần lỗi 1/5)
2026-04-15 09:45:20,748 [INFO]       - Đang quét Page 2: https://www.dienmayxanh.com/laptop/dell-latitude-3450-i5-l34501335u16512wn/danh-gia?page=2
2026-04-15 09:45:34,453 [WARNING]         [!] Không thấy dữ liệu hoặc Trống (Lần lỗi 2/5)
2026-04-15 09:45:36,906 [INFO]         💾 Đã lưu 2 reviews cuối.
2026-04-15 09:45:36,907 [INFO]  ✅ Hoàn tất cào sản phẩm: 339679
2026-04-15 09:45:36,907 [INFO]  -> [55/179] Lấy Breadcrumb & Review trang gốc: https://www.dienmayxanh.com/laptop/asus-x1502va-i7-bq986ws
2026-04-15 09:45:50,903 [INFO]       - Đang quét Page 1: https://www.dienmayxanh.com/laptop/asus-x1502va-i7-bq986ws/danh-gia?page=1
2026-04-15 09:45:58,648 [WARNING]         [!] Không thấy dữ liệu hoặc Trống (Lần lỗi 1/5)
2026-04-15 09:46:00,400 [INFO]       - Đang quét Page 2: https://www.dienmayxanh.com/laptop/asus-x1502va-i7-bq986ws/danh-gia?page=2
2026-04-15 09:46:08,192 [WARNING]         [!] Không thấy dữ liệu hoặc Trống (Lần lỗi 2/5)
2026-04-15 09:46:10,700 [INFO]  ✅ Hoàn tất cào sản phẩm: 338318
2026-04-15 09:46:10,701 [INFO]  -> [56/179] Lấy Breadcrumb & Review trang gốc: https://www.dienmayxanh.com/laptop/asus-s3607va-i5-rp055ws
2026-04-15 09:46:47,961 [INFO]       ✅ Thu được 1 reviews từ trang gốc.
2026-04-15 09:46:47,961 [INFO]       - Đang quét Page 1: https://www.dienmayxanh.com/laptop/asus-s3607va-i5-rp055ws/danh-gia?page=1
2026-04-15 09:46:55,387 [WARNING]         [!] Không thấy dữ liệu hoặc Trống (Lần lỗi 1/5)
2026-04-15 09:46:57,973 [INFO]       - Đang quét Page 2: https://www.dienmayxanh.com/laptop/asus-s3607va-i5-rp055ws/danh-gia?page=2
2026-04-15 09:47:05,655 [WARNING]         [!] Không thấy dữ liệu hoặc Trống (Lần lỗi 2/5)
2026-04-15 09:47:07,852 [INFO]         💾 Đã lưu 1 reviews cuối.
2026-04-15 09:47:07,852 [INFO]  ✅ Hoàn tất cào sản phẩm: 338322
2026-04-15 09:47:07,853 [INFO]  -> [57/179] Lấy Breadcrumb & Review trang gốc: https://www.dienmayxanh.com/laptop/asus-vivobook-15-x1504va-core-7-150u-bq295w
2026-04-15 09:47:44,923 [INFO]       - Đang quét Page 1: https://www.dienmayxanh.com/laptop/asus-vivobook-15-x1504va-core-7-150u-bq295w/danh-gia?page=1
2026-04-15 09:47:53,778 [WARNING]         [!] Không thấy dữ liệu hoặc Trống (Lần lỗi 1/5)
2026-04-15 09:47:56,733 [INFO]       - Đang quét Page 2: https://www.dienmayxanh.com/laptop/asus-vivobook-15-x1504va-core-7-150u-bq295w/danh-gia?page=2
2026-04-15 09:48:30,773 [WARNING]         [!] Không thấy dữ liệu hoặc Trống (Lần lỗi 2/5)
2026-04-15 09:48:32,822 [INFO]  ✅ Hoàn tất cào sản phẩm: 360420
2026-04-15 09:48:32,823 [INFO]  -> [58/179] Lấy Breadcrumb & Review trang gốc: https://www.dienmayxanh.com/laptop/lenovo-ideapad-slim-3-15irh10-i7-83k1000fvn
2026-04-15 09:49:09,977 [INFO]       ✅ Thu được 1 reviews từ trang gốc.
2026-04-15 09:49:09,977 [INFO]       - Đang quét Page 1: https://www.dienmayxanh.com/laptop/lenovo-ideapad-slim-3-15irh10-i7-83k1000fvn/danh-gia?page=1
2026-04-15 09:49:19,674 [WARNING]         [!] Không thấy dữ liệu hoặc Trống (Lần lỗi 1/5)
2026-04-15 09:49:22,322 [INFO]       - Đang quét Page 2: https://www.dienmayxanh.com/laptop/lenovo-ideapad-slim-3-15irh10-i7-83k1000fvn/danh-gia?page=2
2026-04-15 09:49:33,063 [WARNING]         [!] Không thấy dữ liệu hoặc Trống (Lần lỗi 2/5)
2026-04-15 09:49:34,714 [INFO]         💾 Đã lưu 1 reviews cuối.
2026-04-15 09:49:34,714 [INFO]  ✅ Hoàn tất cào sản phẩm: 334446
2026-04-15 09:49:34,715 [INFO]  -> [59/179] Lấy Breadcrumb & Review trang gốc: https://www.dienmayxanh.com/laptop/asus-tuf-gaming-f16-fx607vj-core-5-rl034w
2026-04-15 09:50:12,080 [INFO]       ✅ Thu được 2 reviews từ trang gốc.
2026-04-15 09:50:12,080 [INFO]       - Đang quét Page 1: https://www.dienmayxanh.com/laptop/asus-tuf-gaming-f16-fx607vj-core-5-rl034w/danh-gia?page=1
2026-04-15 09:50:20,700 [WARNING]         [!] Không thấy dữ liệu hoặc Trống (Lần lỗi 1/5)
2026-04-15 09:50:22,843 [INFO]       - Đang quét Page 2: https://www.dienmayxanh.com/laptop/asus-tuf-gaming-f16-fx607vj-core-5-rl034w/danh-gia?page=2
2026-04-15 09:50:30,301 [WARNING]         [!] Không thấy dữ liệu hoặc Trống (Lần lỗi 2/5)
2026-04-15 09:50:32,972 [INFO]         💾 Đã lưu 2 reviews cuối.
2026-04-15 09:50:32,972 [INFO]  ✅ Hoàn tất cào sản phẩm: 339687
2026-04-15 09:50:32,972 [INFO] ♻️ Làm mới Session trình duyệt...
2026-04-15 09:50:34,100 [INFO]  -> [60/179] Lấy Breadcrumb & Review trang gốc: https://www.dienmayxanh.com/laptop/dell-inspiron-15-3530-i5-71070372
2026-04-15 09:51:11,166 [INFO]       - Đang quét Page 1: https://www.dienmayxanh.com/laptop/dell-inspiron-15-3530-i5-71070372/danh-gia?page=1
2026-04-15 09:51:20,995 [WARNING]         [!] Không thấy dữ liệu hoặc Trống (Lần lỗi 1/5)
2026-04-15 09:51:23,042 [INFO]       - Đang quét Page 2: https://www.dienmayxanh.com/laptop/dell-inspiron-15-3530-i5-71070372/danh-gia?page=2
2026-04-15 09:51:31,675 [WARNING]         [!] Không thấy dữ liệu hoặc Trống (Lần lỗi 2/5)
2026-04-15 09:51:34,382 [INFO]  ✅ Hoàn tất cào sản phẩm: 340560
2026-04-15 09:51:34,382 [INFO]  -> [61/179] Lấy Breadcrumb & Review trang gốc: https://www.dienmayxanh.com/laptop/asus-s3407ca-ultra-5-ly095ws
2026-04-15 09:52:11,753 [INFO]       ✅ Thu được 2 reviews từ trang gốc.
2026-04-15 09:52:11,753 [INFO]       - Đang quét Page 1: https://www.dienmayxanh.com/laptop/asus-s3407ca-ultra-5-ly095ws/danh-gia?page=1
2026-04-15 09:52:26,175 [WARNING]         [!] Không thấy dữ liệu hoặc Trống (Lần lỗi 1/5)
2026-04-15 09:52:29,107 [INFO]       - Đang quét Page 2: https://www.dienmayxanh.com/laptop/asus-s3407ca-ultra-5-ly095ws/danh-gia?page=2
2026-04-15 09:52:36,832 [WARNING]         [!] Không thấy dữ liệu hoặc Trống (Lần lỗi 2/5)
2026-04-15 09:52:39,244 [INFO]         💾 Đã lưu 2 reviews cuối.
2026-04-15 09:52:39,244 [INFO]  ✅ Hoàn tất cào sản phẩm: 338320
2026-04-15 09:52:39,245 [INFO]  -> [62/179] Lấy Breadcrumb & Review trang gốc: https://www.dienmayxanh.com/laptop/hp-240-g10-i3-b73tjat
2026-04-15 09:53:16,731 [INFO]       ✅ Thu được 3 reviews từ trang gốc.
2026-04-15 09:53:16,732 [INFO]       - Đang quét Page 1: https://www.dienmayxanh.com/laptop/hp-240-g10-i3-b73tjat/danh-gia?page=1
2026-04-15 09:53:51,761 [WARNING]         [!] Không thấy dữ liệu hoặc Trống (Lần lỗi 1/5)
2026-04-15 09:53:53,744 [INFO]       - Đang quét Page 2: https://www.dienmayxanh.com/laptop/hp-240-g10-i3-b73tjat/danh-gia?page=2
2026-04-15 09:54:28,770 [WARNING]         [!] Không thấy dữ liệu hoặc Trống (Lần lỗi 2/5)
2026-04-15 09:54:31,021 [INFO]         💾 Đã lưu 3 reviews cuối.
2026-04-15 09:54:31,022 [INFO]  ✅ Hoàn tất cào sản phẩm: 338206
2026-04-15 09:54:31,022 [INFO]  -> [63/179] Lấy Breadcrumb & Review trang gốc: https://www.dienmayxanh.com/laptop/hp-omnibook-5-flip-14-fp0057tu-core-5-120u-bz7q6pa
2026-04-15 09:55:08,110 [INFO]       - Đang quét Page 1: https://www.dienmayxanh.com/laptop/hp-omnibook-5-flip-14-fp0057tu-core-5-120u-bz7q6pa/danh-gia?page=1
2026-04-15 09:55:15,609 [WARNING]         [!] Không thấy dữ liệu hoặc Trống (Lần lỗi 1/5)
2026-04-15 09:55:18,530 [INFO]       - Đang quét Page 2: https://www.dienmayxanh.com/laptop/hp-omnibook-5-flip-14-fp0057tu-core-5-120u-bz7q6pa/danh-gia?page=2
2026-04-15 09:55:31,687 [WARNING]         [!] Không thấy dữ liệu hoặc Trống (Lần lỗi 2/5)
2026-04-15 09:55:34,013 [INFO]  ✅ Hoàn tất cào sản phẩm: 358078
2026-04-15 09:55:34,014 [INFO]  -> [64/179] Lấy Breadcrumb & Review trang gốc: https://www.dienmayxanh.com/laptop/lenovo-ideapad-slim-3-15arp10-r5-7535hs-83k700epvn
2026-04-15 09:56:11,082 [INFO]       - Đang quét Page 1: https://www.dienmayxanh.com/laptop/lenovo-ideapad-slim-3-15arp10-r5-7535hs-83k700epvn/danh-gia?page=1
2026-04-15 09:56:19,733 [WARNING]         [!] Không thấy dữ liệu hoặc Trống (Lần lỗi 1/5)
2026-04-15 09:56:22,451 [INFO]       - Đang quét Page 2: https://www.dienmayxanh.com/laptop/lenovo-ideapad-slim-3-15arp10-r5-7535hs-83k700epvn/danh-gia?page=2
2026-04-15 09:56:30,767 [WARNING]         [!] Không thấy dữ liệu hoặc Trống (Lần lỗi 2/5)
2026-04-15 09:56:33,754 [INFO]  ✅ Hoàn tất cào sản phẩm: 361632
2026-04-15 09:56:33,755 [INFO]  -> [65/179] Lấy Breadcrumb & Review trang gốc: https://www.dienmayxanh.com/laptop/asus-vivobook-14-x1404va-core-5-120u-eb155w
2026-04-15 09:57:10,827 [INFO]       - Đang quét Page 1: https://www.dienmayxanh.com/laptop/asus-vivobook-14-x1404va-core-5-120u-eb155w/danh-gia?page=1
2026-04-15 09:57:45,851 [WARNING]         [!] Không thấy dữ liệu hoặc Trống (Lần lỗi 1/5)
2026-04-15 09:57:47,785 [INFO]       - Đang quét Page 2: https://www.dienmayxanh.com/laptop/asus-vivobook-14-x1404va-core-5-120u-eb155w/danh-gia?page=2
2026-04-15 09:57:56,880 [WARNING]         [!] Không thấy dữ liệu hoặc Trống (Lần lỗi 2/5)
2026-04-15 09:57:58,510 [INFO]  ✅ Hoàn tất cào sản phẩm: 362405
2026-04-15 09:57:58,511 [INFO]  -> [66/179] Lấy Breadcrumb & Review trang gốc: https://www.dienmayxanh.com/laptop/hp-pavilion-x360-14-ek2024tu-core-5-9z2v6pa
2026-04-15 09:58:09,894 [INFO]       - Đang quét Page 1: https://www.dienmayxanh.com/laptop/hp-pavilion-x360-14-ek2024tu-core-5-9z2v6pa/danh-gia?page=1
2026-04-15 09:58:18,676 [WARNING]         [!] Không thấy dữ liệu hoặc Trống (Lần lỗi 1/5)
2026-04-15 09:58:21,494 [INFO]       - Đang quét Page 2: https://www.dienmayxanh.com/laptop/hp-pavilion-x360-14-ek2024tu-core-5-9z2v6pa/danh-gia?page=2
2026-04-15 09:58:29,345 [WARNING]         [!] Không thấy dữ liệu hoặc Trống (Lần lỗi 2/5)
2026-04-15 09:58:31,905 [INFO]  ✅ Hoàn tất cào sản phẩm: 326830
2026-04-15 09:58:31,906 [INFO]  -> [67/179] Lấy Breadcrumb & Review trang gốc: https://www.dienmayxanh.com/laptop/macbook-pro-14-inch-m5-16gb-512gb-sac-96w
2026-04-15 09:58:52,702 [INFO]       - Đang quét Page 1: https://www.dienmayxanh.com/laptop/macbook-pro-14-inch-m5-16gb-512gb-sac-96w/danh-gia?page=1
2026-04-15 09:59:07,073 [WARNING]         [!] Không thấy dữ liệu hoặc Trống (Lần lỗi 1/5)
2026-04-15 09:59:09,588 [INFO]       - Đang quét Page 2: https://www.dienmayxanh.com/laptop/macbook-pro-14-inch-m5-16gb-512gb-sac-96w/danh-gia?page=2
2026-04-15 09:59:17,494 [WARNING]         [!] Không thấy dữ liệu hoặc Trống (Lần lỗi 2/5)
2026-04-15 09:59:19,568 [INFO]  ✅ Hoàn tất cào sản phẩm: 358087
2026-04-15 09:59:19,569 [INFO]  -> [68/179] Lấy Breadcrumb & Review trang gốc: https://www.dienmayxanh.com/laptop/asus-tuf-gaming-fa506ncq-r7-170-hn005w
2026-04-15 09:59:56,637 [INFO]       - Đang quét Page 1: https://www.dienmayxanh.com/laptop/asus-tuf-gaming-fa506ncq-r7-170-hn005w/danh-gia?page=1
2026-04-15 10:00:21,319 [WARNING]         [!] Không thấy dữ liệu hoặc Trống (Lần lỗi 1/5)
2026-04-15 10:00:23,791 [INFO]       - Đang quét Page 2: https://www.dienmayxanh.com/laptop/asus-tuf-gaming-fa506ncq-r7-170-hn005w/danh-gia?page=2
2026-04-15 10:00:42,815 [WARNING]         [!] Không thấy dữ liệu hoặc Trống (Lần lỗi 2/5)
2026-04-15 10:00:45,120 [INFO]  ✅ Hoàn tất cào sản phẩm: 362621
2026-04-15 10:00:45,121 [INFO]  -> [69/179] Lấy Breadcrumb & Review trang gốc: https://www.dienmayxanh.com/laptop/dell-inspiron-15-3530-i5-p16wd22
2026-04-15 10:01:22,431 [INFO]       ✅ Thu được 1 reviews từ trang gốc.
2026-04-15 10:01:22,431 [INFO]       - Đang quét Page 1: https://www.dienmayxanh.com/laptop/dell-inspiron-15-3530-i5-p16wd22/danh-gia?page=1
2026-04-15 10:01:43,643 [WARNING]         [!] Không thấy dữ liệu hoặc Trống (Lần lỗi 1/5)
2026-04-15 10:01:45,592 [INFO]       - Đang quét Page 2: https://www.dienmayxanh.com/laptop/dell-inspiron-15-3530-i5-p16wd22/danh-gia?page=2
2026-04-15 10:01:53,038 [WARNING]         [!] Không thấy dữ liệu hoặc Trống (Lần lỗi 2/5)
2026-04-15 10:01:55,863 [INFO]         💾 Đã lưu 1 reviews cuối.
2026-04-15 10:01:55,864 [INFO]  ✅ Hoàn tất cào sản phẩm: 339681
2026-04-15 10:01:55,864 [INFO] ♻️ Làm mới Session trình duyệt...
2026-04-15 10:01:56,792 [INFO]  -> [70/179] Lấy Breadcrumb & Review trang gốc: https://www.dienmayxanh.com/laptop/asus-vivobook-15-x1504va-core-5-120u-bq185w
2026-04-15 10:02:08,060 [INFO]       - Đang quét Page 1: https://www.dienmayxanh.com/laptop/asus-vivobook-15-x1504va-core-5-120u-bq185w/danh-gia?page=1
2026-04-15 10:02:15,834 [WARNING]         [!] Không thấy dữ liệu hoặc Trống (Lần lỗi 1/5)
2026-04-15 10:02:18,391 [INFO]       - Đang quét Page 2: https://www.dienmayxanh.com/laptop/asus-vivobook-15-x1504va-core-5-120u-bq185w/danh-gia?page=2
2026-04-15 10:02:25,754 [WARNING]         [!] Không thấy dữ liệu hoặc Trống (Lần lỗi 2/5)
2026-04-15 10:02:27,551 [INFO]  ✅ Hoàn tất cào sản phẩm: 360418
2026-04-15 10:02:27,552 [INFO]  -> [71/179] Lấy Breadcrumb & Review trang gốc: https://www.dienmayxanh.com/laptop/dell-15-dc15255-r7-7730u-x9ym41
2026-04-15 10:02:39,941 [INFO]       - Đang quét Page 1: https://www.dienmayxanh.com/laptop/dell-15-dc15255-r7-7730u-x9ym41/danh-gia?page=1
2026-04-15 10:02:47,507 [WARNING]         [!] Không thấy dữ liệu hoặc Trống (Lần lỗi 1/5)
2026-04-15 10:02:50,269 [INFO]       - Đang quét Page 2: https://www.dienmayxanh.com/laptop/dell-15-dc15255-r7-7730u-x9ym41/danh-gia?page=2
2026-04-15 10:02:57,974 [WARNING]         [!] Không thấy dữ liệu hoặc Trống (Lần lỗi 2/5)
2026-04-15 10:02:59,718 [INFO]  ✅ Hoàn tất cào sản phẩm: 357992
2026-04-15 10:02:59,718 [INFO]  -> [72/179] Lấy Breadcrumb & Review trang gốc: https://www.dienmayxanh.com/laptop/hp-15-fc0085au-r5-a6vv8pa
2026-04-15 10:03:05,307 [INFO]       ✅ Thu được 10 reviews từ trang gốc.
2026-04-15 10:03:05,308 [INFO]       - Đang quét Page 1: https://www.dienmayxanh.com/laptop/hp-15-fc0085au-r5-a6vv8pa/danh-gia?page=1
2026-04-15 10:03:14,962 [INFO]         ✅ Thêm 10 reviews mới từ Page 1.
2026-04-15 10:03:17,631 [INFO]       - Đang quét Page 2: https://www.dienmayxanh.com/laptop/hp-15-fc0085au-r5-a6vv8pa/danh-gia?page=2
2026-04-15 10:03:33,103 [WARNING]         [!] Không thấy dữ liệu hoặc Trống (Lần lỗi 1/5)
2026-04-15 10:03:35,775 [INFO]       - Đang quét Page 3: https://www.dienmayxanh.com/laptop/hp-15-fc0085au-r5-a6vv8pa/danh-gia?page=3
2026-04-15 10:03:48,714 [WARNING]         [!] Không thấy dữ liệu hoặc Trống (Lần lỗi 2/5)
2026-04-15 10:03:51,134 [INFO]         💾 Đã lưu 16 reviews cuối.
2026-04-15 10:03:51,134 [INFO]  ✅ Hoàn tất cào sản phẩm: 327098
2026-04-15 10:03:51,136 [INFO]  -> [73/179] Lấy Breadcrumb & Review trang gốc: https://www.dienmayxanh.com/laptop/acer-aspire-go-ag15-31p-30m4-i3-nxkrpsv004
2026-04-15 10:04:01,952 [INFO]       ✅ Thu được 4 reviews từ trang gốc.
2026-04-15 10:04:01,953 [INFO]       - Đang quét Page 1: https://www.dienmayxanh.com/laptop/acer-aspire-go-ag15-31p-30m4-i3-nxkrpsv004/danh-gia?page=1
2026-04-15 10:04:08,705 [INFO]         ✅ Thêm 0 reviews mới từ Page 1.
2026-04-15 10:04:10,628 [INFO]       - Đang quét Page 2: https://www.dienmayxanh.com/laptop/acer-aspire-go-ag15-31p-30m4-i3-nxkrpsv004/danh-gia?page=2
2026-04-15 10:04:22,684 [WARNING]         [!] Không thấy dữ liệu hoặc Trống (Lần lỗi 1/5)
2026-04-15 10:04:25,677 [INFO]       - Đang quét Page 3: https://www.dienmayxanh.com/laptop/acer-aspire-go-ag15-31p-30m4-i3-nxkrpsv004/danh-gia?page=3
2026-04-15 10:04:36,846 [WARNING]         [!] Không thấy dữ liệu hoặc Trống (Lần lỗi 2/5)
2026-04-15 10:04:38,602 [INFO]         💾 Đã lưu 4 reviews cuối.
2026-04-15 10:04:38,602 [INFO]  ✅ Hoàn tất cào sản phẩm: 334997
2026-04-15 10:04:38,602 [INFO]  -> [74/179] Lấy Breadcrumb & Review trang gốc: https://www.dienmayxanh.com/laptop/dell-inspiron-15-3530-i5-n3530-i5u165w11slu-hs24
2026-04-15 10:04:55,421 [INFO]       - Đang quét Page 1: https://www.dienmayxanh.com/laptop/dell-inspiron-15-3530-i5-n3530-i5u165w11slu-hs24/danh-gia?page=1
2026-04-15 10:05:04,111 [WARNING]         [!] Không thấy dữ liệu hoặc Trống (Lần lỗi 1/5)
2026-04-15 10:05:06,584 [INFO]       - Đang quét Page 2: https://www.dienmayxanh.com/laptop/dell-inspiron-15-3530-i5-n3530-i5u165w11slu-hs24/danh-gia?page=2
2026-04-15 10:05:14,059 [WARNING]         [!] Không thấy dữ liệu hoặc Trống (Lần lỗi 2/5)
2026-04-15 10:05:17,037 [INFO]  ✅ Hoàn tất cào sản phẩm: 340558
2026-04-15 10:05:17,038 [INFO]  -> [75/179] Lấy Breadcrumb & Review trang gốc: https://www.dienmayxanh.com/laptop/hp-15-fr0036tu-i5-13420h-bz7u2pa
2026-04-15 10:05:25,386 [INFO]       - Đang quét Page 1: https://www.dienmayxanh.com/laptop/hp-15-fr0036tu-i5-13420h-bz7u2pa/danh-gia?page=1
2026-04-15 10:05:41,979 [WARNING]         [!] Không thấy dữ liệu hoặc Trống (Lần lỗi 1/5)
2026-04-15 10:05:44,799 [INFO]       - Đang quét Page 2: https://www.dienmayxanh.com/laptop/hp-15-fr0036tu-i5-13420h-bz7u2pa/danh-gia?page=2
2026-04-15 10:05:52,441 [WARNING]         [!] Không thấy dữ liệu hoặc Trống (Lần lỗi 2/5)
2026-04-15 10:05:54,182 [INFO]  ✅ Hoàn tất cào sản phẩm: 342725
2026-04-15 10:05:54,183 [INFO]  -> [76/179] Lấy Breadcrumb & Review trang gốc: https://www.dienmayxanh.com/laptop/hp-victus-15-fa2731tx-i5-b85lnpa
2026-04-15 10:06:03,491 [INFO]       ✅ Thu được 1 reviews từ trang gốc.
2026-04-15 10:06:03,492 [INFO]       - Đang quét Page 1: https://www.dienmayxanh.com/laptop/hp-victus-15-fa2731tx-i5-b85lnpa/danh-gia?page=1
2026-04-15 10:06:11,360 [WARNING]         [!] Không thấy dữ liệu hoặc Trống (Lần lỗi 1/5)
2026-04-15 10:06:13,836 [INFO]       - Đang quét Page 2: https://www.dienmayxanh.com/laptop/hp-victus-15-fa2731tx-i5-b85lnpa/danh-gia?page=2
2026-04-15 10:06:21,547 [WARNING]         [!] Không thấy dữ liệu hoặc Trống (Lần lỗi 2/5)
2026-04-15 10:06:23,738 [INFO]         💾 Đã lưu 1 reviews cuối.
2026-04-15 10:06:23,738 [INFO]  ✅ Hoàn tất cào sản phẩm: 338204
2026-04-15 10:06:23,739 [INFO]  -> [77/179] Lấy Breadcrumb & Review trang gốc: https://www.dienmayxanh.com/laptop/dell-15-dc15250-i7-1355u-71084747
2026-04-15 10:06:30,465 [INFO]       - Đang quét Page 1: https://www.dienmayxanh.com/laptop/dell-15-dc15250-i7-1355u-71084747/danh-gia?page=1
2026-04-15 10:06:37,974 [WARNING]         [!] Không thấy dữ liệu hoặc Trống (Lần lỗi 1/5)
2026-04-15 10:06:39,759 [INFO]       - Đang quét Page 2: https://www.dienmayxanh.com/laptop/dell-15-dc15250-i7-1355u-71084747/danh-gia?page=2
2026-04-15 10:06:47,572 [WARNING]         [!] Không thấy dữ liệu hoặc Trống (Lần lỗi 2/5)
2026-04-15 10:06:49,625 [INFO]  ✅ Hoàn tất cào sản phẩm: 360692
2026-04-15 10:06:49,626 [INFO]  -> [78/179] Lấy Breadcrumb & Review trang gốc: https://www.dienmayxanh.com/laptop/msi-katana-15-b13vfk-i7-676vn
2026-04-15 10:06:57,942 [INFO]       ✅ Thu được 4 reviews từ trang gốc.
2026-04-15 10:06:57,942 [INFO]       - Đang quét Page 1: https://www.dienmayxanh.com/laptop/msi-katana-15-b13vfk-i7-676vn/danh-gia?page=1
2026-04-15 10:07:05,353 [INFO]         ✅ Thêm 0 reviews mới từ Page 1.
2026-04-15 10:07:06,959 [INFO]       - Đang quét Page 2: https://www.dienmayxanh.com/laptop/msi-katana-15-b13vfk-i7-676vn/danh-gia?page=2
2026-04-15 10:07:20,516 [WARNING]         [!] Không thấy dữ liệu hoặc Trống (Lần lỗi 1/5)
2026-04-15 10:07:23,468 [INFO]       - Đang quét Page 3: https://www.dienmayxanh.com/laptop/msi-katana-15-b13vfk-i7-676vn/danh-gia?page=3
2026-04-15 10:07:36,873 [WARNING]         [!] Không thấy dữ liệu hoặc Trống (Lần lỗi 2/5)
2026-04-15 10:07:39,202 [INFO]         💾 Đã lưu 4 reviews cuối.
2026-04-15 10:07:39,202 [INFO]  ✅ Hoàn tất cào sản phẩm: 310447
2026-04-15 10:07:39,203 [INFO]  -> [79/179] Lấy Breadcrumb & Review trang gốc: https://www.dienmayxanh.com/laptop/acer-aspire-lite-16-g2-al16-52p-572a-i5-nxj2ssv004
2026-04-15 10:08:18,242 [INFO]       ✅ Thu được 5 reviews từ trang gốc.
2026-04-15 10:08:18,243 [INFO]       - Đang quét Page 1: https://www.dienmayxanh.com/laptop/acer-aspire-lite-16-g2-al16-52p-572a-i5-nxj2ssv004/danh-gia?page=1
2026-04-15 10:08:40,271 [INFO]         ✅ Thêm 0 reviews mới từ Page 1.
2026-04-15 10:08:42,389 [INFO]       - Đang quét Page 2: https://www.dienmayxanh.com/laptop/acer-aspire-lite-16-g2-al16-52p-572a-i5-nxj2ssv004/danh-gia?page=2
2026-04-15 10:08:53,888 [WARNING]         [!] Không thấy dữ liệu hoặc Trống (Lần lỗi 1/5)
2026-04-15 10:08:56,411 [INFO]       - Đang quét Page 3: https://www.dienmayxanh.com/laptop/acer-aspire-lite-16-g2-al16-52p-572a-i5-nxj2ssv004/danh-gia?page=3
2026-04-15 10:09:05,410 [WARNING]         [!] Không thấy dữ liệu hoặc Trống (Lần lỗi 2/5)
2026-04-15 10:09:07,053 [INFO]         💾 Đã lưu 5 reviews cuối.
2026-04-15 10:09:07,053 [INFO]  ✅ Hoàn tất cào sản phẩm: 333423
2026-04-15 10:09:07,054 [INFO] ♻️ Làm mới Session trình duyệt...
2026-04-15 10:09:07,984 [INFO]  -> [80/179] Lấy Breadcrumb & Review trang gốc: https://www.dienmayxanh.com/laptop/hp-245-g10-r5-a20tdpt
2026-04-15 10:09:45,509 [INFO]       ✅ Thu được 5 reviews từ trang gốc.
2026-04-15 10:09:45,509 [INFO]       - Đang quét Page 1: https://www.dienmayxanh.com/laptop/hp-245-g10-r5-a20tdpt/danh-gia?page=1
2026-04-15 10:10:20,523 [WARNING]         [!] Không thấy dữ liệu hoặc Trống (Lần lỗi 1/5)
2026-04-15 10:10:22,900 [INFO]       - Đang quét Page 2: https://www.dienmayxanh.com/laptop/hp-245-g10-r5-a20tdpt/danh-gia?page=2
2026-04-15 10:11:04,657 [WARNING]         [!] Không thấy dữ liệu hoặc Trống (Lần lỗi 2/5)
2026-04-15 10:11:06,456 [INFO]         💾 Đã lưu 5 reviews cuối.
2026-04-15 10:11:06,457 [INFO]  ✅ Hoàn tất cào sản phẩm: 326049
2026-04-15 10:11:06,457 [INFO]  -> [81/179] Lấy Breadcrumb & Review trang gốc: https://www.dienmayxanh.com/laptop/dell-inspiron-14-5440-i5-ndy5v1
2026-04-15 10:11:16,242 [INFO]       - Đang quét Page 1: https://www.dienmayxanh.com/laptop/dell-inspiron-14-5440-i5-ndy5v1/danh-gia?page=1
2026-04-15 10:11:25,010 [WARNING]         [!] Không thấy dữ liệu hoặc Trống (Lần lỗi 1/5)
2026-04-15 10:11:26,807 [INFO]       - Đang quét Page 2: https://www.dienmayxanh.com/laptop/dell-inspiron-14-5440-i5-ndy5v1/danh-gia?page=2
2026-04-15 10:11:35,230 [WARNING]         [!] Không thấy dữ liệu hoặc Trống (Lần lỗi 2/5)
2026-04-15 10:11:37,043 [INFO]  ✅ Hoàn tất cào sản phẩm: 333107
2026-04-15 10:11:37,044 [INFO]  -> [82/179] Lấy Breadcrumb & Review trang gốc: https://www.dienmayxanh.com/laptop/asus-vivobook-a1505va-i5-ma515ws
2026-04-15 10:11:45,200 [INFO]       ✅ Thu được 1 reviews từ trang gốc.
2026-04-15 10:11:45,201 [INFO]       - Đang quét Page 1: https://www.dienmayxanh.com/laptop/asus-vivobook-a1505va-i5-ma515ws/danh-gia?page=1
2026-04-15 10:11:53,373 [WARNING]         [!] Không thấy dữ liệu hoặc Trống (Lần lỗi 1/5)
2026-04-15 10:11:56,287 [INFO]       - Đang quét Page 2: https://www.dienmayxanh.com/laptop/asus-vivobook-a1505va-i5-ma515ws/danh-gia?page=2
2026-04-15 10:12:03,689 [WARNING]         [!] Không thấy dữ liệu hoặc Trống (Lần lỗi 2/5)
2026-04-15 10:12:05,631 [INFO]         💾 Đã lưu 1 reviews cuối.
2026-04-15 10:12:05,631 [INFO]  ✅ Hoàn tất cào sản phẩm: 340564
2026-04-15 10:12:05,631 [INFO]  -> [83/179] Lấy Breadcrumb & Review trang gốc: https://www.dienmayxanh.com/laptop/acer-aspire-a515-58gm-53pz-i5-nxkq4sv008
2026-04-15 10:12:15,274 [INFO]       ✅ Thu được 2 reviews từ trang gốc.
2026-04-15 10:12:15,275 [INFO]       - Đang quét Page 1: https://www.dienmayxanh.com/laptop/acer-aspire-a515-58gm-53pz-i5-nxkq4sv008/danh-gia?page=1
2026-04-15 10:12:22,984 [WARNING]         [!] Không thấy dữ liệu hoặc Trống (Lần lỗi 1/5)
2026-04-15 10:12:24,882 [INFO]       - Đang quét Page 2: https://www.dienmayxanh.com/laptop/acer-aspire-a515-58gm-53pz-i5-nxkq4sv008/danh-gia?page=2
2026-04-15 10:12:32,941 [WARNING]         [!] Không thấy dữ liệu hoặc Trống (Lần lỗi 2/5)
2026-04-15 10:12:35,034 [INFO]         💾 Đã lưu 2 reviews cuối.
2026-04-15 10:12:35,034 [INFO]  ✅ Hoàn tất cào sản phẩm: 325699
2026-04-15 10:12:35,035 [INFO]  -> [84/179] Lấy Breadcrumb & Review trang gốc: https://www.dienmayxanh.com/laptop/msi-gf63-thin-12ve-i5-460vn
2026-04-15 10:12:41,265 [INFO]       ✅ Thu được 10 reviews từ trang gốc.
2026-04-15 10:12:41,265 [INFO]       - Đang quét Page 1: https://www.dienmayxanh.com/laptop/msi-gf63-thin-12ve-i5-460vn/danh-gia?page=1
2026-04-15 10:12:47,342 [INFO]         ✅ Thêm 5 reviews mới từ Page 1.
2026-04-15 10:12:49,374 [INFO]       - Đang quét Page 2: https://www.dienmayxanh.com/laptop/msi-gf63-thin-12ve-i5-460vn/danh-gia?page=2
2026-04-15 10:12:58,326 [WARNING]         [!] Không thấy dữ liệu hoặc Trống (Lần lỗi 1/5)
2026-04-15 10:13:00,473 [INFO]       - Đang quét Page 3: https://www.dienmayxanh.com/laptop/msi-gf63-thin-12ve-i5-460vn/danh-gia?page=3
2026-04-15 10:13:11,756 [WARNING]         [!] Không thấy dữ liệu hoặc Trống (Lần lỗi 2/5)
2026-04-15 10:13:14,430 [INFO]         💾 Đã lưu 11 reviews cuối.
2026-04-15 10:13:14,430 [INFO]  ✅ Hoàn tất cào sản phẩm: 326861
2026-04-15 10:13:14,431 [INFO]  -> [85/179] Lấy Breadcrumb & Review trang gốc: https://www.dienmayxanh.com/laptop/asus-gaming-v16-v3607vu-core-5-rp192w
2026-04-15 10:13:21,415 [INFO]       ✅ Thu được 2 reviews từ trang gốc.
2026-04-15 10:13:21,415 [INFO]       - Đang quét Page 1: https://www.dienmayxanh.com/laptop/asus-gaming-v16-v3607vu-core-5-rp192w/danh-gia?page=1
2026-04-15 10:13:28,863 [WARNING]         [!] Không thấy dữ liệu hoặc Trống (Lần lỗi 1/5)
2026-04-15 10:13:31,012 [INFO]       - Đang quét Page 2: https://www.dienmayxanh.com/laptop/asus-gaming-v16-v3607vu-core-5-rp192w/danh-gia?page=2
2026-04-15 10:13:38,673 [WARNING]         [!] Không thấy dữ liệu hoặc Trống (Lần lỗi 2/5)
2026-04-15 10:13:41,174 [INFO]         💾 Đã lưu 2 reviews cuối.
2026-04-15 10:13:41,174 [INFO]  ✅ Hoàn tất cào sản phẩm: 339688
2026-04-15 10:13:41,175 [INFO]  -> [86/179] Lấy Breadcrumb & Review trang gốc: https://www.dienmayxanh.com/laptop/dell-15-dc15250-i5-1334u-71092479
2026-04-15 10:13:50,494 [INFO]       - Đang quét Page 1: https://www.dienmayxanh.com/laptop/dell-15-dc15250-i5-1334u-71092479/danh-gia?page=1
2026-04-15 10:13:58,083 [WARNING]         [!] Không thấy dữ liệu hoặc Trống (Lần lỗi 1/5)
2026-04-15 10:13:59,782 [INFO]       - Đang quét Page 2: https://www.dienmayxanh.com/laptop/dell-15-dc15250-i5-1334u-71092479/danh-gia?page=2
2026-04-15 10:14:07,382 [WARNING]         [!] Không thấy dữ liệu hoặc Trống (Lần lỗi 2/5)
2026-04-15 10:14:08,964 [INFO]  ✅ Hoàn tất cào sản phẩm: 364859
2026-04-15 10:14:08,965 [INFO]  -> [87/179] Lấy Breadcrumb & Review trang gốc: https://www.dienmayxanh.com/laptop/hp-victus-15-fb3116ax-r7-7445hs-bx8u4pa
2026-04-15 10:14:26,654 [INFO]       - Đang quét Page 1: https://www.dienmayxanh.com/laptop/hp-victus-15-fb3116ax-r7-7445hs-bx8u4pa/danh-gia?page=1
2026-04-15 10:14:35,432 [WARNING]         [!] Không thấy dữ liệu hoặc Trống (Lần lỗi 1/5)
2026-04-15 10:14:37,520 [INFO]       - Đang quét Page 2: https://www.dienmayxanh.com/laptop/hp-victus-15-fb3116ax-r7-7445hs-bx8u4pa/danh-gia?page=2
2026-04-15 10:14:45,185 [WARNING]         [!] Không thấy dữ liệu hoặc Trống (Lần lỗi 2/5)
2026-04-15 10:14:47,715 [INFO]  ✅ Hoàn tất cào sản phẩm: 341623
2026-04-15 10:14:47,716 [INFO]  -> [88/179] Lấy Breadcrumb & Review trang gốc: https://www.dienmayxanh.com/laptop/acer-aspire-lite-15-al15-42p-r86y-r7-7730u-nxd3qsv003
2026-04-15 10:15:01,476 [INFO]       - Đang quét Page 1: https://www.dienmayxanh.com/laptop/acer-aspire-lite-15-al15-42p-r86y-r7-7730u-nxd3qsv003/danh-gia?page=1
2026-04-15 10:15:09,858 [WARNING]         [!] Không thấy dữ liệu hoặc Trống (Lần lỗi 1/5)
2026-04-15 10:15:12,639 [INFO]       - Đang quét Page 2: https://www.dienmayxanh.com/laptop/acer-aspire-lite-15-al15-42p-r86y-r7-7730u-nxd3qsv003/danh-gia?page=2
2026-04-15 10:15:20,067 [WARNING]         [!] Không thấy dữ liệu hoặc Trống (Lần lỗi 2/5)
2026-04-15 10:15:21,569 [INFO]  ✅ Hoàn tất cào sản phẩm: 354745
2026-04-15 10:15:21,569 [INFO]  -> [89/179] Lấy Breadcrumb & Review trang gốc: https://www.dienmayxanh.com/laptop/hp-15-fd0234tu-i5-9q969pa
2026-04-15 10:15:35,365 [INFO]       ✅ Thu được 10 reviews từ trang gốc.
2026-04-15 10:15:35,366 [INFO]       - Đang quét Page 1: https://www.dienmayxanh.com/laptop/hp-15-fd0234tu-i5-9q969pa/danh-gia?page=1
2026-04-15 10:15:44,697 [INFO]         ✅ Thêm 6 reviews mới từ Page 1.
2026-04-15 10:15:46,694 [INFO]       - Đang quét Page 2: https://www.dienmayxanh.com/laptop/hp-15-fd0234tu-i5-9q969pa/danh-gia?page=2
2026-04-15 10:16:24,299 [WARNING]         [!] Không thấy dữ liệu hoặc Trống (Lần lỗi 1/5)
2026-04-15 10:16:27,150 [INFO]       - Đang quét Page 3: https://www.dienmayxanh.com/laptop/hp-15-fd0234tu-i5-9q969pa/danh-gia?page=3
2026-04-15 10:16:38,959 [WARNING]         [!] Không thấy dữ liệu hoặc Trống (Lần lỗi 2/5)
2026-04-15 10:16:40,986 [INFO]         💾 Đã lưu 12 reviews cuối.
2026-04-15 10:16:40,987 [INFO]  ✅ Hoàn tất cào sản phẩm: 323920
2026-04-15 10:16:40,988 [INFO] ♻️ Làm mới Session trình duyệt...
2026-04-15 10:16:46,050 [INFO]  -> [90/179] Lấy Breadcrumb & Review trang gốc: https://www.dienmayxanh.com/laptop/acer-aspire-lite-15-al15-72p-581v-i5-13500h-nx-d4csv-001
2026-04-15 10:17:18,948 [INFO]       - Đang quét Page 1: https://www.dienmayxanh.com/laptop/acer-aspire-lite-15-al15-72p-581v-i5-13500h-nx-d4csv-001/danh-gia?page=1
2026-04-15 10:17:27,463 [WARNING]         [!] Không thấy dữ liệu hoặc Trống (Lần lỗi 1/5)
2026-04-15 10:17:30,434 [INFO]       - Đang quét Page 2: https://www.dienmayxanh.com/laptop/acer-aspire-lite-15-al15-72p-581v-i5-13500h-nx-d4csv-001/danh-gia?page=2
2026-04-15 10:17:38,071 [WARNING]         [!] Không thấy dữ liệu hoặc Trống (Lần lỗi 2/5)
2026-04-15 10:17:40,490 [INFO]  ✅ Hoàn tất cào sản phẩm: 343122
2026-04-15 10:17:40,490 [INFO]  -> [91/179] Lấy Breadcrumb & Review trang gốc: https://www.dienmayxanh.com/laptop/acer-nitro-v-anv15-51-55ca-i5-nhqn8sv004
2026-04-15 10:18:17,600 [INFO]       - Đang quét Page 1: https://www.dienmayxanh.com/laptop/acer-nitro-v-anv15-51-55ca-i5-nhqn8sv004/danh-gia?page=1
2026-04-15 10:18:25,418 [WARNING]         [!] Không thấy dữ liệu hoặc Trống (Lần lỗi 1/5)
2026-04-15 10:18:28,060 [INFO]       - Đang quét Page 2: https://www.dienmayxanh.com/laptop/acer-nitro-v-anv15-51-55ca-i5-nhqn8sv004/danh-gia?page=2
2026-04-15 10:18:36,773 [WARNING]         [!] Không thấy dữ liệu hoặc Trống (Lần lỗi 2/5)
2026-04-15 10:18:38,483 [INFO]  ✅ Hoàn tất cào sản phẩm: 325697
2026-04-15 10:18:38,483 [INFO]  -> [92/179] Lấy Breadcrumb & Review trang gốc: https://www.dienmayxanh.com/laptop/dell-inspiron-15-3530-i5-n3530-i5u165w11slu-bl
2026-04-15 10:19:04,318 [INFO]       ✅ Thu được 2 reviews từ trang gốc.
2026-04-15 10:19:04,319 [INFO]       - Đang quét Page 1: https://www.dienmayxanh.com/laptop/dell-inspiron-15-3530-i5-n3530-i5u165w11slu-bl/danh-gia?page=1
2026-04-15 10:19:11,805 [WARNING]         [!] Không thấy dữ liệu hoặc Trống (Lần lỗi 1/5)
2026-04-15 10:19:13,733 [INFO]       - Đang quét Page 2: https://www.dienmayxanh.com/laptop/dell-inspiron-15-3530-i5-n3530-i5u165w11slu-bl/danh-gia?page=2
2026-04-15 10:19:21,331 [WARNING]         [!] Không thấy dữ liệu hoặc Trống (Lần lỗi 2/5)
2026-04-15 10:19:24,087 [INFO]         💾 Đã lưu 2 reviews cuối.
2026-04-15 10:19:24,088 [INFO]  ✅ Hoàn tất cào sản phẩm: 338316
2026-04-15 10:19:24,088 [INFO]  -> [93/179] Lấy Breadcrumb & Review trang gốc: https://www.dienmayxanh.com/laptop/hp-envy-x360-14-fa0047au-r7-a19bppa
2026-04-15 10:19:43,684 [INFO]       ✅ Thu được 1 reviews từ trang gốc.
2026-04-15 10:19:43,684 [INFO]       - Đang quét Page 1: https://www.dienmayxanh.com/laptop/hp-envy-x360-14-fa0047au-r7-a19bppa/danh-gia?page=1
2026-04-15 10:19:51,163 [WARNING]         [!] Không thấy dữ liệu hoặc Trống (Lần lỗi 1/5)
2026-04-15 10:19:53,859 [INFO]       - Đang quét Page 2: https://www.dienmayxanh.com/laptop/hp-envy-x360-14-fa0047au-r7-a19bppa/danh-gia?page=2
2026-04-15 10:20:02,663 [WARNING]         [!] Không thấy dữ liệu hoặc Trống (Lần lỗi 2/5)
2026-04-15 10:20:04,894 [INFO]         💾 Đã lưu 1 reviews cuối.
2026-04-15 10:20:04,895 [INFO]  ✅ Hoàn tất cào sản phẩm: 338208
2026-04-15 10:20:04,896 [INFO]  -> [94/179] Lấy Breadcrumb & Review trang gốc: https://www.dienmayxanh.com/laptop/msi-katana-15-b13vek-i7-13620h-2256vn
2026-04-15 10:20:13,433 [INFO]       ✅ Thu được 1 reviews từ trang gốc.
2026-04-15 10:20:13,433 [INFO]       - Đang quét Page 1: https://www.dienmayxanh.com/laptop/msi-katana-15-b13vek-i7-13620h-2256vn/danh-gia?page=1
2026-04-15 10:20:21,016 [WARNING]         [!] Không thấy dữ liệu hoặc Trống (Lần lỗi 1/5)
2026-04-15 10:20:23,172 [INFO]       - Đang quét Page 2: https://www.dienmayxanh.com/laptop/msi-katana-15-b13vek-i7-13620h-2256vn/danh-gia?page=2
2026-04-15 10:20:31,827 [WARNING]         [!] Không thấy dữ liệu hoặc Trống (Lần lỗi 2/5)
2026-04-15 10:20:34,317 [INFO]         💾 Đã lưu 1 reviews cuối.
2026-04-15 10:20:34,318 [INFO]  ✅ Hoàn tất cào sản phẩm: 341612
2026-04-15 10:20:34,319 [INFO]  -> [95/179] Lấy Breadcrumb & Review trang gốc: https://www.dienmayxanh.com/laptop/msi-modern-15-f13mg-i5-1334u-667vn-16gb
2026-04-15 10:20:42,213 [INFO]       - Đang quét Page 1: https://www.dienmayxanh.com/laptop/msi-modern-15-f13mg-i5-1334u-667vn-16gb/danh-gia?page=1
2026-04-15 10:20:49,752 [WARNING]         [!] Không thấy dữ liệu hoặc Trống (Lần lỗi 1/5)
2026-04-15 10:20:52,737 [INFO]       - Đang quét Page 2: https://www.dienmayxanh.com/laptop/msi-modern-15-f13mg-i5-1334u-667vn-16gb/danh-gia?page=2
2026-04-15 10:21:27,779 [WARNING]         [!] Không thấy dữ liệu hoặc Trống (Lần lỗi 2/5)
2026-04-15 10:21:30,231 [INFO]  ✅ Hoàn tất cào sản phẩm: 342941
2026-04-15 10:21:30,232 [INFO]  -> [96/179] Lấy Breadcrumb & Review trang gốc: https://www.dienmayxanh.com/laptop/hp-14-ep1137tu-ultra-7-155h-c2cy8pa
2026-04-15 10:21:39,191 [INFO]       - Đang quét Page 1: https://www.dienmayxanh.com/laptop/hp-14-ep1137tu-ultra-7-155h-c2cy8pa/danh-gia?page=1
2026-04-15 10:21:48,405 [WARNING]         [!] Không thấy dữ liệu hoặc Trống (Lần lỗi 1/5)
2026-04-15 10:21:50,296 [INFO]       - Đang quét Page 2: https://www.dienmayxanh.com/laptop/hp-14-ep1137tu-ultra-7-155h-c2cy8pa/danh-gia?page=2
2026-04-15 10:21:57,702 [WARNING]         [!] Không thấy dữ liệu hoặc Trống (Lần lỗi 2/5)
2026-04-15 10:22:00,408 [INFO]  ✅ Hoàn tất cào sản phẩm: 358796
2026-04-15 10:22:00,408 [INFO]  -> [97/179] Lấy Breadcrumb & Review trang gốc: https://www.dienmayxanh.com/laptop/hp-15-fd1288tu-ultra-7-155h-c2cv7pa
2026-04-15 10:22:06,229 [INFO]       - Đang quét Page 1: https://www.dienmayxanh.com/laptop/hp-15-fd1288tu-ultra-7-155h-c2cv7pa/danh-gia?page=1
2026-04-15 10:22:13,824 [WARNING]         [!] Không thấy dữ liệu hoặc Trống (Lần lỗi 1/5)
2026-04-15 10:22:15,627 [INFO]       - Đang quét Page 2: https://www.dienmayxanh.com/laptop/hp-15-fd1288tu-ultra-7-155h-c2cv7pa/danh-gia?page=2
2026-04-15 10:22:23,259 [WARNING]         [!] Không thấy dữ liệu hoặc Trống (Lần lỗi 2/5)
2026-04-15 10:22:24,862 [INFO]  ✅ Hoàn tất cào sản phẩm: 358797
2026-04-15 10:22:24,863 [INFO]  -> [98/179] Lấy Breadcrumb & Review trang gốc: https://www.dienmayxanh.com/laptop/asus-vivobook-15-x1504va-core-5-120u-bq285w
2026-04-15 10:22:30,934 [INFO]       - Đang quét Page 1: https://www.dienmayxanh.com/laptop/asus-vivobook-15-x1504va-core-5-120u-bq285w/danh-gia?page=1
2026-04-15 10:22:38,587 [WARNING]         [!] Không thấy dữ liệu hoặc Trống (Lần lỗi 1/5)
2026-04-15 10:22:40,599 [INFO]       - Đang quét Page 2: https://www.dienmayxanh.com/laptop/asus-vivobook-15-x1504va-core-5-120u-bq285w/danh-gia?page=2
2026-04-15 10:22:49,954 [WARNING]         [!] Không thấy dữ liệu hoặc Trống (Lần lỗi 2/5)
2026-04-15 10:22:52,011 [INFO]  ✅ Hoàn tất cào sản phẩm: 360419
2026-04-15 10:22:52,012 [INFO]  -> [99/179] Lấy Breadcrumb & Review trang gốc: https://www.dienmayxanh.com/laptop/lenovo-ideapad-slim-3-15amn8-r5-82xq00j0vn
2026-04-15 10:23:30,135 [INFO]       ✅ Thu được 8 reviews từ trang gốc.
2026-04-15 10:23:30,135 [INFO]       - Đang quét Page 1: https://www.dienmayxanh.com/laptop/lenovo-ideapad-slim-3-15amn8-r5-82xq00j0vn/danh-gia?page=1
2026-04-15 10:24:05,164 [WARNING]         [!] Không thấy dữ liệu hoặc Trống (Lần lỗi 1/5)
2026-04-15 10:24:07,656 [INFO]       - Đang quét Page 2: https://www.dienmayxanh.com/laptop/lenovo-ideapad-slim-3-15amn8-r5-82xq00j0vn/danh-gia?page=2
2026-04-15 10:24:42,683 [WARNING]         [!] Không thấy dữ liệu hoặc Trống (Lần lỗi 2/5)
2026-04-15 10:24:44,703 [INFO]         💾 Đã lưu 6 reviews cuối.
2026-04-15 10:24:44,703 [INFO]  ✅ Hoàn tất cào sản phẩm: 325500
2026-04-15 10:24:44,704 [INFO] ♻️ Làm mới Session trình duyệt...
2026-04-15 10:24:46,032 [INFO]  -> [100/179] Lấy Breadcrumb & Review trang gốc: https://www.dienmayxanh.com/laptop/asus-gaming-v16-v3607vh-core-5-210h-rp084w
2026-04-15 10:25:23,128 [INFO]       - Đang quét Page 1: https://www.dienmayxanh.com/laptop/asus-gaming-v16-v3607vh-core-5-210h-rp084w/danh-gia?page=1
2026-04-15 10:25:31,146 [WARNING]         [!] Không thấy dữ liệu hoặc Trống (Lần lỗi 1/5)
2026-04-15 10:25:32,910 [INFO]       - Đang quét Page 2: https://www.dienmayxanh.com/laptop/asus-gaming-v16-v3607vh-core-5-210h-rp084w/danh-gia?page=2
2026-04-15 10:25:41,463 [WARNING]         [!] Không thấy dữ liệu hoặc Trống (Lần lỗi 2/5)
2026-04-15 10:25:43,426 [INFO]  ✅ Hoàn tất cào sản phẩm: 342752
2026-04-15 10:25:43,429 [INFO]  -> [101/179] Lấy Breadcrumb & Review trang gốc: https://www.dienmayxanh.com/laptop/hp-15-fd1486tu-ultra-5-125h-d0bh3pa
2026-04-15 10:25:54,178 [INFO]       - Đang quét Page 1: https://www.dienmayxanh.com/laptop/hp-15-fd1486tu-ultra-5-125h-d0bh3pa/danh-gia?page=1
2026-04-15 10:26:02,479 [WARNING]         [!] Không thấy dữ liệu hoặc Trống (Lần lỗi 1/5)
2026-04-15 10:26:04,447 [INFO]       - Đang quét Page 2: https://www.dienmayxanh.com/laptop/hp-15-fd1486tu-ultra-5-125h-d0bh3pa/danh-gia?page=2
2026-04-15 10:26:21,043 [WARNING]         [!] Không thấy dữ liệu hoặc Trống (Lần lỗi 2/5)
2026-04-15 10:26:23,627 [INFO]  ✅ Hoàn tất cào sản phẩm: 362398
2026-04-15 10:26:23,628 [INFO]  -> [102/179] Lấy Breadcrumb & Review trang gốc: https://www.dienmayxanh.com/laptop/lenovo-thinkbook-14-gen-8-ultra-5-135h-21sj00eavn
2026-04-15 10:27:00,686 [INFO]       - Đang quét Page 1: https://www.dienmayxanh.com/laptop/lenovo-thinkbook-14-gen-8-ultra-5-135h-21sj00eavn/danh-gia?page=1
2026-04-15 10:27:23,792 [WARNING]         [!] Không thấy dữ liệu hoặc Trống (Lần lỗi 1/5)
2026-04-15 10:27:25,741 [INFO]       - Đang quét Page 2: https://www.dienmayxanh.com/laptop/lenovo-thinkbook-14-gen-8-ultra-5-135h-21sj00eavn/danh-gia?page=2
2026-04-15 10:27:35,284 [WARNING]         [!] Không thấy dữ liệu hoặc Trống (Lần lỗi 2/5)
2026-04-15 10:27:37,436 [INFO]  ✅ Hoàn tất cào sản phẩm: 363897
2026-04-15 10:27:37,437 [INFO]  -> [103/179] Lấy Breadcrumb & Review trang gốc: https://www.dienmayxanh.com/laptop/acer-nitro-v-15-propanel-anv15-41-r9m1-r5-7535hs-nh-qpfsv-004
2026-04-15 10:28:14,538 [INFO]       - Đang quét Page 1: https://www.dienmayxanh.com/laptop/acer-nitro-v-15-propanel-anv15-41-r9m1-r5-7535hs-nh-qpfsv-004/danh-gia?page=1
2026-04-15 10:28:22,564 [WARNING]         [!] Không thấy dữ liệu hoặc Trống (Lần lỗi 1/5)
2026-04-15 10:28:24,386 [INFO]       - Đang quét Page 2: https://www.dienmayxanh.com/laptop/acer-nitro-v-15-propanel-anv15-41-r9m1-r5-7535hs-nh-qpfsv-004/danh-gia?page=2
2026-04-15 10:28:43,932 [WARNING]         [!] Không thấy dữ liệu hoặc Trống (Lần lỗi 2/5)
2026-04-15 10:28:45,728 [INFO]  ✅ Hoàn tất cào sản phẩm: 341608
2026-04-15 10:28:45,729 [INFO]  -> [104/179] Lấy Breadcrumb & Review trang gốc: https://www.dienmayxanh.com/laptop/macbook-pro-14-inch-m5-16gb-512gb
2026-04-15 10:28:56,003 [INFO]       ✅ Thu được 1 reviews từ trang gốc.
2026-04-15 10:28:56,004 [INFO]       - Đang quét Page 1: https://www.dienmayxanh.com/laptop/macbook-pro-14-inch-m5-16gb-512gb/danh-gia?page=1
2026-04-15 10:29:03,824 [WARNING]         [!] Không thấy dữ liệu hoặc Trống (Lần lỗi 1/5)
2026-04-15 10:29:05,924 [INFO]       - Đang quét Page 2: https://www.dienmayxanh.com/laptop/macbook-pro-14-inch-m5-16gb-512gb/danh-gia?page=2
2026-04-15 10:29:13,446 [WARNING]         [!] Không thấy dữ liệu hoặc Trống (Lần lỗi 2/5)
2026-04-15 10:29:15,654 [INFO]         💾 Đã lưu 1 reviews cuối.
2026-04-15 10:29:15,654 [INFO]  ✅ Hoàn tất cào sản phẩm: 358086
2026-04-15 10:29:15,654 [INFO]  -> [105/179] Lấy Breadcrumb & Review trang gốc: https://www.dienmayxanh.com/laptop/asus-vivobook-14-x1404va-core-5-120u-eb260w
2026-04-15 10:29:25,889 [INFO]       - Đang quét Page 1: https://www.dienmayxanh.com/laptop/asus-vivobook-14-x1404va-core-5-120u-eb260w/danh-gia?page=1
2026-04-15 10:29:33,395 [WARNING]         [!] Không thấy dữ liệu hoặc Trống (Lần lỗi 1/5)
2026-04-15 10:29:35,268 [INFO]       - Đang quét Page 2: https://www.dienmayxanh.com/laptop/asus-vivobook-14-x1404va-core-5-120u-eb260w/danh-gia?page=2
2026-04-15 10:29:43,849 [WARNING]         [!] Không thấy dữ liệu hoặc Trống (Lần lỗi 2/5)
2026-04-15 10:29:45,390 [INFO]  ✅ Hoàn tất cào sản phẩm: 360417
2026-04-15 10:29:45,391 [INFO]  -> [106/179] Lấy Breadcrumb & Review trang gốc: https://www.dienmayxanh.com/laptop/hp-15-fd0235tu-i5-9q970pa
2026-04-15 10:30:21,570 [INFO]       - Đang quét Page 1: https://www.dienmayxanh.com/laptop/hp-15-fd0235tu-i5-9q970pa/danh-gia?page=1
2026-04-15 10:30:29,047 [WARNING]         [!] Không thấy dữ liệu hoặc Trống (Lần lỗi 1/5)
2026-04-15 10:30:31,140 [INFO]       - Đang quét Page 2: https://www.dienmayxanh.com/laptop/hp-15-fd0235tu-i5-9q970pa/danh-gia?page=2
2026-04-15 10:30:39,021 [WARNING]         [!] Không thấy dữ liệu hoặc Trống (Lần lỗi 2/5)
2026-04-15 10:30:41,141 [INFO]  ✅ Hoàn tất cào sản phẩm: 340486
2026-04-15 10:30:41,142 [INFO]  -> [107/179] Lấy Breadcrumb & Review trang gốc: https://www.dienmayxanh.com/laptop/dell-15-dc15250-i7-1355u-dc5i7952w1
2026-04-15 10:30:46,150 [INFO]       - Đang quét Page 1: https://www.dienmayxanh.com/laptop/dell-15-dc15250-i7-1355u-dc5i7952w1/danh-gia?page=1
2026-04-15 10:30:53,648 [WARNING]         [!] Không thấy dữ liệu hoặc Trống (Lần lỗi 1/5)
2026-04-15 10:30:55,738 [INFO]       - Đang quét Page 2: https://www.dienmayxanh.com/laptop/dell-15-dc15250-i7-1355u-dc5i7952w1/danh-gia?page=2
2026-04-15 10:31:04,192 [WARNING]         [!] Không thấy dữ liệu hoặc Trống (Lần lỗi 2/5)
2026-04-15 10:31:05,863 [INFO]  ✅ Hoàn tất cào sản phẩm: 362026
2026-04-15 10:31:05,864 [INFO]  -> [108/179] Lấy Breadcrumb & Review trang gốc: https://www.dienmayxanh.com/laptop/samsung-galaxy-chromebook-go-xe310xda-ka1vn-n4500
2026-04-15 10:31:16,719 [INFO]       - Đang quét Page 1: https://www.dienmayxanh.com/laptop/samsung-galaxy-chromebook-go-xe310xda-ka1vn-n4500/danh-gia?page=1
2026-04-15 10:31:24,404 [WARNING]         [!] Không thấy dữ liệu hoặc Trống (Lần lỗi 1/5)
2026-04-15 10:31:26,343 [INFO]       - Đang quét Page 2: https://www.dienmayxanh.com/laptop/samsung-galaxy-chromebook-go-xe310xda-ka1vn-n4500/danh-gia?page=2
2026-04-15 10:31:33,927 [WARNING]         [!] Không thấy dữ liệu hoặc Trống (Lần lỗi 2/5)
2026-04-15 10:31:36,723 [INFO]  ✅ Hoàn tất cào sản phẩm: 362627
2026-04-15 10:31:36,723 [INFO]  -> [109/179] Lấy Breadcrumb & Review trang gốc: https://www.dienmayxanh.com/laptop/hp-pavilion-15-eg3093tu-i5-8c5l4pa
2026-04-15 10:31:44,273 [INFO]       ✅ Thu được 1 reviews từ trang gốc.
2026-04-15 10:31:44,273 [INFO]       - Đang quét Page 1: https://www.dienmayxanh.com/laptop/hp-pavilion-15-eg3093tu-i5-8c5l4pa/danh-gia?page=1
2026-04-15 10:31:51,770 [WARNING]         [!] Không thấy dữ liệu hoặc Trống (Lần lỗi 1/5)
2026-04-15 10:31:54,312 [INFO]       - Đang quét Page 2: https://www.dienmayxanh.com/laptop/hp-pavilion-15-eg3093tu-i5-8c5l4pa/danh-gia?page=2
2026-04-15 10:32:02,113 [WARNING]         [!] Không thấy dữ liệu hoặc Trống (Lần lỗi 2/5)
2026-04-15 10:32:04,252 [INFO]         💾 Đã lưu 1 reviews cuối.
2026-04-15 10:32:04,253 [INFO]  ✅ Hoàn tất cào sản phẩm: 311176
2026-04-15 10:32:04,253 [INFO] ♻️ Làm mới Session trình duyệt...
2026-04-15 10:32:05,372 [INFO]  -> [110/179] Lấy Breadcrumb & Review trang gốc: https://www.dienmayxanh.com/laptop/hp-pavilion-15-eg3091tu-i7-8c5l2pa
2026-04-15 10:32:31,482 [INFO]       ✅ Thu được 7 reviews từ trang gốc.
2026-04-15 10:32:31,482 [INFO]       - Đang quét Page 1: https://www.dienmayxanh.com/laptop/hp-pavilion-15-eg3091tu-i7-8c5l2pa/danh-gia?page=1
2026-04-15 10:32:38,810 [INFO]         ✅ Thêm 2 reviews mới từ Page 1.
2026-04-15 10:32:40,770 [INFO]       - Đang quét Page 2: https://www.dienmayxanh.com/laptop/hp-pavilion-15-eg3091tu-i7-8c5l2pa/danh-gia?page=2
2026-04-15 10:32:50,693 [WARNING]         [!] Không thấy dữ liệu hoặc Trống (Lần lỗi 1/5)
2026-04-15 10:32:52,792 [INFO]       - Đang quét Page 3: https://www.dienmayxanh.com/laptop/hp-pavilion-15-eg3091tu-i7-8c5l2pa/danh-gia?page=3
2026-04-15 10:33:03,872 [WARNING]         [!] Không thấy dữ liệu hoặc Trống (Lần lỗi 2/5)
2026-04-15 10:33:06,202 [INFO]         💾 Đã lưu 8 reviews cuối.
2026-04-15 10:33:06,202 [INFO]  ✅ Hoàn tất cào sản phẩm: 311177
2026-04-15 10:33:06,203 [INFO]  -> [111/179] Lấy Breadcrumb & Review trang gốc: https://www.dienmayxanh.com/laptop/hp-pavilion-16-af0054tu-ultra-5-ay8c3pa
2026-04-15 10:33:43,271 [INFO]       - Đang quét Page 1: https://www.dienmayxanh.com/laptop/hp-pavilion-16-af0054tu-ultra-5-ay8c3pa/danh-gia?page=1
2026-04-15 10:33:51,405 [WARNING]         [!] Không thấy dữ liệu hoặc Trống (Lần lỗi 1/5)
2026-04-15 10:33:53,006 [INFO]       - Đang quét Page 2: https://www.dienmayxanh.com/laptop/hp-pavilion-16-af0054tu-ultra-5-ay8c3pa/danh-gia?page=2
2026-04-15 10:34:00,715 [WARNING]         [!] Không thấy dữ liệu hoặc Trống (Lần lỗi 2/5)
2026-04-15 10:34:02,990 [INFO]  ✅ Hoàn tất cào sản phẩm: 337043
2026-04-15 10:34:02,991 [INFO]  -> [112/179] Lấy Breadcrumb & Review trang gốc: https://www.dienmayxanh.com/laptop/hp-240-g10-i5-b93gzat
2026-04-15 10:34:11,388 [INFO]       ✅ Thu được 3 reviews từ trang gốc.
2026-04-15 10:34:11,388 [INFO]       - Đang quét Page 1: https://www.dienmayxanh.com/laptop/hp-240-g10-i5-b93gzat/danh-gia?page=1
2026-04-15 10:34:16,538 [INFO]         ✅ Thêm 0 reviews mới từ Page 1.
2026-04-15 10:34:19,044 [INFO]       - Đang quét Page 2: https://www.dienmayxanh.com/laptop/hp-240-g10-i5-b93gzat/danh-gia?page=2
2026-04-15 10:34:28,395 [WARNING]         [!] Không thấy dữ liệu hoặc Trống (Lần lỗi 1/5)
2026-04-15 10:34:31,331 [INFO]       - Đang quét Page 3: https://www.dienmayxanh.com/laptop/hp-240-g10-i5-b93gzat/danh-gia?page=3
2026-04-15 10:34:41,794 [WARNING]         [!] Không thấy dữ liệu hoặc Trống (Lần lỗi 2/5)
2026-04-15 10:34:44,205 [INFO]         💾 Đã lưu 3 reviews cuối.
2026-04-15 10:34:44,205 [INFO]  ✅ Hoàn tất cào sản phẩm: 338207
2026-04-15 10:34:44,205 [INFO]  -> [113/179] Lấy Breadcrumb & Review trang gốc: https://www.dienmayxanh.com/laptop/dell-15-dc15250-i7-1355u-cph997
2026-04-15 10:35:21,271 [INFO]       - Đang quét Page 1: https://www.dienmayxanh.com/laptop/dell-15-dc15250-i7-1355u-cph997/danh-gia?page=1
2026-04-15 10:35:29,022 [WARNING]         [!] Không thấy dữ liệu hoặc Trống (Lần lỗi 1/5)
2026-04-15 10:35:30,849 [INFO]       - Đang quét Page 2: https://www.dienmayxanh.com/laptop/dell-15-dc15250-i7-1355u-cph997/danh-gia?page=2
2026-04-15 10:35:38,406 [WARNING]         [!] Không thấy dữ liệu hoặc Trống (Lần lỗi 2/5)
2026-04-15 10:35:40,475 [INFO]  ✅ Hoàn tất cào sản phẩm: 357991
2026-04-15 10:35:40,476 [INFO]  -> [114/179] Lấy Breadcrumb & Review trang gốc: https://www.dienmayxanh.com/laptop/macbook-pro-14-inch-nano-m5-16gb-512gb?utm_flashsale=1
2026-04-15 10:35:48,361 [INFO]       - Đang quét Page 1: https://www.dienmayxanh.com/laptop/macbook-pro-14-inch-nano-m5-16gb-512gb/danh-gia?page=1
2026-04-15 10:35:55,995 [WARNING]         [!] Không thấy dữ liệu hoặc Trống (Lần lỗi 1/5)
2026-04-15 10:35:58,856 [INFO]       - Đang quét Page 2: https://www.dienmayxanh.com/laptop/macbook-pro-14-inch-nano-m5-16gb-512gb/danh-gia?page=2
2026-04-15 10:36:06,459 [WARNING]         [!] Không thấy dữ liệu hoặc Trống (Lần lỗi 2/5)
2026-04-15 10:36:09,286 [INFO]  ✅ Hoàn tất cào sản phẩm: 358093
2026-04-15 10:36:09,287 [INFO]  -> [115/179] Lấy Breadcrumb & Review trang gốc: https://www.dienmayxanh.com/laptop/dell-14-dc1425-core-7-150u-71083580
2026-04-15 10:36:16,570 [INFO]       - Đang quét Page 1: https://www.dienmayxanh.com/laptop/dell-14-dc1425-core-7-150u-71083580/danh-gia?page=1
2026-04-15 10:36:25,120 [WARNING]         [!] Không thấy dữ liệu hoặc Trống (Lần lỗi 1/5)
2026-04-15 10:36:27,590 [INFO]       - Đang quét Page 2: https://www.dienmayxanh.com/laptop/dell-14-dc1425-core-7-150u-71083580/danh-gia?page=2
2026-04-15 10:36:35,100 [WARNING]         [!] Không thấy dữ liệu hoặc Trống (Lần lỗi 2/5)
2026-04-15 10:36:37,570 [INFO]  ✅ Hoàn tất cào sản phẩm: 361536
2026-04-15 10:36:37,571 [INFO]  -> [116/179] Lấy Breadcrumb & Review trang gốc: https://www.dienmayxanh.com/laptop/asus-vivobook-go-14-e1404fa-r5-40-eb945w
2026-04-15 10:36:44,847 [INFO]       - Đang quét Page 1: https://www.dienmayxanh.com/laptop/asus-vivobook-go-14-e1404fa-r5-40-eb945w/danh-gia?page=1
2026-04-15 10:36:52,360 [WARNING]         [!] Không thấy dữ liệu hoặc Trống (Lần lỗi 1/5)
2026-04-15 10:36:54,561 [INFO]       - Đang quét Page 2: https://www.dienmayxanh.com/laptop/asus-vivobook-go-14-e1404fa-r5-40-eb945w/danh-gia?page=2
2026-04-15 10:37:02,144 [WARNING]         [!] Không thấy dữ liệu hoặc Trống (Lần lỗi 2/5)
2026-04-15 10:37:04,661 [INFO]  ✅ Hoàn tất cào sản phẩm: 364183
2026-04-15 10:37:04,661 [INFO]  -> [117/179] Lấy Breadcrumb & Review trang gốc: https://www.dienmayxanh.com/laptop/acer-aspire-3-a314-42p-r3b3-r7-nxksfsv001
2026-04-15 10:37:41,759 [INFO]       ✅ Thu được 9 reviews từ trang gốc.
2026-04-15 10:37:41,760 [INFO]       - Đang quét Page 1: https://www.dienmayxanh.com/laptop/acer-aspire-3-a314-42p-r3b3-r7-nxksfsv001/danh-gia?page=1
2026-04-15 10:37:47,992 [INFO]         ✅ Thêm 4 reviews mới từ Page 1.
2026-04-15 10:37:50,930 [INFO]       - Đang quét Page 2: https://www.dienmayxanh.com/laptop/acer-aspire-3-a314-42p-r3b3-r7-nxksfsv001/danh-gia?page=2
2026-04-15 10:38:00,492 [WARNING]         [!] Không thấy dữ liệu hoặc Trống (Lần lỗi 1/5)
2026-04-15 10:38:03,116 [INFO]       - Đang quét Page 3: https://www.dienmayxanh.com/laptop/acer-aspire-3-a314-42p-r3b3-r7-nxksfsv001/danh-gia?page=3
2026-04-15 10:38:13,727 [WARNING]         [!] Không thấy dữ liệu hoặc Trống (Lần lỗi 2/5)
2026-04-15 10:38:16,617 [INFO]         💾 Đã lưu 10 reviews cuối.
2026-04-15 10:38:16,618 [INFO]  ✅ Hoàn tất cào sản phẩm: 322222
2026-04-15 10:38:16,618 [INFO]  -> [118/179] Lấy Breadcrumb & Review trang gốc: https://www.dienmayxanh.com/laptop/dell-inspiron-14-5440-core-7-n4i7204w1
2026-04-15 10:38:29,912 [INFO]       ✅ Thu được 1 reviews từ trang gốc.
2026-04-15 10:38:29,912 [INFO]       - Đang quét Page 1: https://www.dienmayxanh.com/laptop/dell-inspiron-14-5440-core-7-n4i7204w1/danh-gia?page=1
2026-04-15 10:38:37,400 [WARNING]         [!] Không thấy dữ liệu hoặc Trống (Lần lỗi 1/5)
2026-04-15 10:38:40,381 [INFO]       - Đang quét Page 2: https://www.dienmayxanh.com/laptop/dell-inspiron-14-5440-core-7-n4i7204w1/danh-gia?page=2
2026-04-15 10:38:48,475 [WARNING]         [!] Không thấy dữ liệu hoặc Trống (Lần lỗi 2/5)
2026-04-15 10:38:50,262 [INFO]         💾 Đã lưu 1 reviews cuối.
2026-04-15 10:38:50,263 [INFO]  ✅ Hoàn tất cào sản phẩm: 325244
2026-04-15 10:38:50,263 [INFO]  -> [119/179] Lấy Breadcrumb & Review trang gốc: https://www.dienmayxanh.com/laptop/msi-katana-15-b13vek-i5-2416vn
2026-04-15 10:39:18,638 [INFO]       - Đang quét Page 1: https://www.dienmayxanh.com/laptop/msi-katana-15-b13vek-i5-2416vn/danh-gia?page=1
2026-04-15 10:39:26,137 [WARNING]         [!] Không thấy dữ liệu hoặc Trống (Lần lỗi 1/5)
2026-04-15 10:39:27,660 [INFO]       - Đang quét Page 2: https://www.dienmayxanh.com/laptop/msi-katana-15-b13vek-i5-2416vn/danh-gia?page=2
2026-04-15 10:39:35,221 [WARNING]         [!] Không thấy dữ liệu hoặc Trống (Lần lỗi 2/5)
2026-04-15 10:39:37,903 [INFO]  ✅ Hoàn tất cào sản phẩm: 338000
2026-04-15 10:39:37,904 [INFO] ♻️ Làm mới Session trình duyệt...
2026-04-15 10:39:41,357 [INFO]  -> [120/179] Lấy Breadcrumb & Review trang gốc: https://www.dienmayxanh.com/laptop/acer-aspire-lite-14-al14-51p-35qd-i3-nxj84sv001
2026-04-15 10:39:57,106 [INFO]       ✅ Thu được 2 reviews từ trang gốc.
2026-04-15 10:39:57,106 [INFO]       - Đang quét Page 1: https://www.dienmayxanh.com/laptop/acer-aspire-lite-14-al14-51p-35qd-i3-nxj84sv001/danh-gia?page=1
2026-04-15 10:40:07,530 [WARNING]         [!] Không thấy dữ liệu hoặc Trống (Lần lỗi 1/5)
2026-04-15 10:40:09,764 [INFO]       - Đang quét Page 2: https://www.dienmayxanh.com/laptop/acer-aspire-lite-14-al14-51p-35qd-i3-nxj84sv001/danh-gia?page=2
2026-04-15 10:40:17,151 [WARNING]         [!] Không thấy dữ liệu hoặc Trống (Lần lỗi 2/5)
2026-04-15 10:40:19,662 [INFO]         💾 Đã lưu 2 reviews cuối.
2026-04-15 10:40:19,663 [INFO]  ✅ Hoàn tất cào sản phẩm: 339202
2026-04-15 10:40:19,663 [INFO]  -> [121/179] Lấy Breadcrumb & Review trang gốc: https://www.dienmayxanh.com/laptop/hp-pavilion-x360-14-ek2017tu-core-5-9z2v5pa
2026-04-15 10:40:30,636 [INFO]       - Đang quét Page 1: https://www.dienmayxanh.com/laptop/hp-pavilion-x360-14-ek2017tu-core-5-9z2v5pa/danh-gia?page=1
2026-04-15 10:40:38,147 [WARNING]         [!] Không thấy dữ liệu hoặc Trống (Lần lỗi 1/5)
2026-04-15 10:40:40,240 [INFO]       - Đang quét Page 2: https://www.dienmayxanh.com/laptop/hp-pavilion-x360-14-ek2017tu-core-5-9z2v5pa/danh-gia?page=2
2026-04-15 10:40:48,809 [WARNING]         [!] Không thấy dữ liệu hoặc Trống (Lần lỗi 2/5)
2026-04-15 10:40:51,655 [INFO]  ✅ Hoàn tất cào sản phẩm: 340483
2026-04-15 10:40:51,656 [INFO]  -> [122/179] Lấy Breadcrumb & Review trang gốc: https://www.dienmayxanh.com/laptop/hp-probook-4-g1i-16-ultra-5-225u-bq5d4pt
2026-04-15 10:41:00,271 [INFO]       - Đang quét Page 1: https://www.dienmayxanh.com/laptop/hp-probook-4-g1i-16-ultra-5-225u-bq5d4pt/danh-gia?page=1
2026-04-15 10:41:07,674 [WARNING]         [!] Không thấy dữ liệu hoặc Trống (Lần lỗi 1/5)
2026-04-15 10:41:09,652 [INFO]       - Đang quét Page 2: https://www.dienmayxanh.com/laptop/hp-probook-4-g1i-16-ultra-5-225u-bq5d4pt/danh-gia?page=2
2026-04-15 10:41:17,334 [WARNING]         [!] Không thấy dữ liệu hoặc Trống (Lần lỗi 2/5)
2026-04-15 10:41:19,784 [INFO]  ✅ Hoàn tất cào sản phẩm: 345500
2026-04-15 10:41:19,785 [INFO]  -> [123/179] Lấy Breadcrumb & Review trang gốc: https://www.dienmayxanh.com/laptop/macbook-pro-14-inch-m5-16gb-1tb
2026-04-15 10:41:28,346 [INFO]       - Đang quét Page 1: https://www.dienmayxanh.com/laptop/macbook-pro-14-inch-m5-16gb-1tb/danh-gia?page=1
2026-04-15 10:41:35,784 [WARNING]         [!] Không thấy dữ liệu hoặc Trống (Lần lỗi 1/5)
2026-04-15 10:41:37,433 [INFO]       - Đang quét Page 2: https://www.dienmayxanh.com/laptop/macbook-pro-14-inch-m5-16gb-1tb/danh-gia?page=2
2026-04-15 10:41:44,871 [WARNING]         [!] Không thấy dữ liệu hoặc Trống (Lần lỗi 2/5)
2026-04-15 10:41:47,294 [INFO]  ✅ Hoàn tất cào sản phẩm: 358088
2026-04-15 10:41:47,294 [INFO]  -> [124/179] Lấy Breadcrumb & Review trang gốc: https://www.dienmayxanh.com/laptop/asus-zenbook-14-ux3405ca-ultra-9-pz204ws
2026-04-15 10:41:57,897 [INFO]       - Đang quét Page 1: https://www.dienmayxanh.com/laptop/asus-zenbook-14-ux3405ca-ultra-9-pz204ws/danh-gia?page=1
2026-04-15 10:42:05,366 [WARNING]         [!] Không thấy dữ liệu hoặc Trống (Lần lỗi 1/5)
2026-04-15 10:42:06,988 [INFO]       - Đang quét Page 2: https://www.dienmayxanh.com/laptop/asus-zenbook-14-ux3405ca-ultra-9-pz204ws/danh-gia?page=2
2026-04-15 10:42:14,394 [WARNING]         [!] Không thấy dữ liệu hoặc Trống (Lần lỗi 2/5)
2026-04-15 10:42:16,005 [INFO]  ✅ Hoàn tất cào sản phẩm: 336031
2026-04-15 10:42:16,006 [INFO]  -> [125/179] Lấy Breadcrumb & Review trang gốc: https://www.dienmayxanh.com/laptop/dell-inspiron-15-3530-i7-n3530-i7u161w11slu
2026-04-15 10:42:24,821 [INFO]       - Đang quét Page 1: https://www.dienmayxanh.com/laptop/dell-inspiron-15-3530-i7-n3530-i7u161w11slu/danh-gia?page=1
2026-04-15 10:42:32,251 [WARNING]         [!] Không thấy dữ liệu hoặc Trống (Lần lỗi 1/5)
2026-04-15 10:42:34,273 [INFO]       - Đang quét Page 2: https://www.dienmayxanh.com/laptop/dell-inspiron-15-3530-i7-n3530-i7u161w11slu/danh-gia?page=2
2026-04-15 10:42:41,748 [WARNING]         [!] Không thấy dữ liệu hoặc Trống (Lần lỗi 2/5)
2026-04-15 10:42:43,770 [INFO]  ✅ Hoàn tất cào sản phẩm: 340559
2026-04-15 10:42:43,770 [INFO]  -> [126/179] Lấy Breadcrumb & Review trang gốc: https://www.dienmayxanh.com/laptop/asus-vivobook-14-x1407ca-ultra-5-225h-ly008w
2026-04-15 10:42:49,056 [INFO]       - Đang quét Page 1: https://www.dienmayxanh.com/laptop/asus-vivobook-14-x1407ca-ultra-5-225h-ly008w/danh-gia?page=1
2026-04-15 10:42:56,425 [WARNING]         [!] Không thấy dữ liệu hoặc Trống (Lần lỗi 1/5)
2026-04-15 10:42:59,006 [INFO]       - Đang quét Page 2: https://www.dienmayxanh.com/laptop/asus-vivobook-14-x1407ca-ultra-5-225h-ly008w/danh-gia?page=2
2026-04-15 10:43:06,380 [WARNING]         [!] Không thấy dữ liệu hoặc Trống (Lần lỗi 2/5)
2026-04-15 10:43:08,569 [INFO]  ✅ Hoàn tất cào sản phẩm: 362410
2026-04-15 10:43:08,570 [INFO]  -> [127/179] Lấy Breadcrumb & Review trang gốc: https://www.dienmayxanh.com/laptop/dell-alienware-16-aurora-ac16250-core-5-210h-71072939
2026-04-15 10:43:17,201 [INFO]       - Đang quét Page 1: https://www.dienmayxanh.com/laptop/dell-alienware-16-aurora-ac16250-core-5-210h-71072939/danh-gia?page=1
2026-04-15 10:43:24,638 [WARNING]         [!] Không thấy dữ liệu hoặc Trống (Lần lỗi 1/5)
2026-04-15 10:43:26,785 [INFO]       - Đang quét Page 2: https://www.dienmayxanh.com/laptop/dell-alienware-16-aurora-ac16250-core-5-210h-71072939/danh-gia?page=2
2026-04-15 10:43:34,333 [WARNING]         [!] Không thấy dữ liệu hoặc Trống (Lần lỗi 2/5)
2026-04-15 10:43:36,464 [INFO]  ✅ Hoàn tất cào sản phẩm: 341563
2026-04-15 10:43:36,465 [INFO]  -> [128/179] Lấy Breadcrumb & Review trang gốc: https://www.dienmayxanh.com/laptop/acer-aspire-lite-16-ai-al16-71p-5674-ultra-5-125h-nx-d4xsv-001
2026-04-15 10:43:58,415 [INFO]       ✅ Thu được 1 reviews từ trang gốc.
2026-04-15 10:43:58,415 [INFO]       - Đang quét Page 1: https://www.dienmayxanh.com/laptop/acer-aspire-lite-16-ai-al16-71p-5674-ultra-5-125h-nx-d4xsv-001/danh-gia?page=1
2026-04-15 10:44:07,165 [WARNING]         [!] Không thấy dữ liệu hoặc Trống (Lần lỗi 1/5)
2026-04-15 10:44:09,521 [INFO]       - Đang quét Page 2: https://www.dienmayxanh.com/laptop/acer-aspire-lite-16-ai-al16-71p-5674-ultra-5-125h-nx-d4xsv-001/danh-gia?page=2
2026-04-15 10:44:17,095 [WARNING]         [!] Không thấy dữ liệu hoặc Trống (Lần lỗi 2/5)
2026-04-15 10:44:19,890 [INFO]         💾 Đã lưu 1 reviews cuối.
2026-04-15 10:44:19,891 [INFO]  ✅ Hoàn tất cào sản phẩm: 341602
2026-04-15 10:44:19,891 [INFO]  -> [129/179] Lấy Breadcrumb & Review trang gốc: https://www.dienmayxanh.com/laptop/asus-tuf-gaming-f16-fx607vjb-core-5-210h-rl151w
2026-04-15 10:44:25,596 [INFO]       - Đang quét Page 1: https://www.dienmayxanh.com/laptop/asus-tuf-gaming-f16-fx607vjb-core-5-210h-rl151w/danh-gia?page=1
2026-04-15 10:44:33,004 [WARNING]         [!] Không thấy dữ liệu hoặc Trống (Lần lỗi 1/5)
2026-04-15 10:44:35,846 [INFO]       - Đang quét Page 2: https://www.dienmayxanh.com/laptop/asus-tuf-gaming-f16-fx607vjb-core-5-210h-rl151w/danh-gia?page=2
2026-04-15 10:44:43,486 [WARNING]         [!] Không thấy dữ liệu hoặc Trống (Lần lỗi 2/5)
2026-04-15 10:44:45,204 [INFO]  ✅ Hoàn tất cào sản phẩm: 359251
2026-04-15 10:44:45,205 [INFO] ♻️ Làm mới Session trình duyệt...
2026-04-15 10:44:46,242 [INFO]  -> [130/179] Lấy Breadcrumb & Review trang gốc: https://www.dienmayxanh.com/laptop/dell-16-plus-db16250-ultra-7-256v-x65nw7
2026-04-15 10:44:56,541 [INFO]       - Đang quét Page 1: https://www.dienmayxanh.com/laptop/dell-16-plus-db16250-ultra-7-256v-x65nw7/danh-gia?page=1
2026-04-15 10:45:04,213 [WARNING]         [!] Không thấy dữ liệu hoặc Trống (Lần lỗi 1/5)
2026-04-15 10:45:05,807 [INFO]       - Đang quét Page 2: https://www.dienmayxanh.com/laptop/dell-16-plus-db16250-ultra-7-256v-x65nw7/danh-gia?page=2
2026-04-15 10:45:13,253 [WARNING]         [!] Không thấy dữ liệu hoặc Trống (Lần lỗi 2/5)
2026-04-15 10:45:15,743 [INFO]  ✅ Hoàn tất cào sản phẩm: 361538
2026-04-15 10:45:15,743 [INFO]  -> [131/179] Lấy Breadcrumb & Review trang gốc: https://www.dienmayxanh.com/laptop/dell-14-dc14250-core-5-120u-f0ftk5
2026-04-15 10:45:23,624 [INFO]       - Đang quét Page 1: https://www.dienmayxanh.com/laptop/dell-14-dc14250-core-5-120u-f0ftk5/danh-gia?page=1
2026-04-15 10:45:30,992 [WARNING]         [!] Không thấy dữ liệu hoặc Trống (Lần lỗi 1/5)
2026-04-15 10:45:32,798 [INFO]       - Đang quét Page 2: https://www.dienmayxanh.com/laptop/dell-14-dc14250-core-5-120u-f0ftk5/danh-gia?page=2
2026-04-15 10:45:40,211 [WARNING]         [!] Không thấy dữ liệu hoặc Trống (Lần lỗi 2/5)
2026-04-15 10:45:42,402 [INFO]  ✅ Hoàn tất cào sản phẩm: 362021
2026-04-15 10:45:42,403 [INFO]  -> [132/179] Lấy Breadcrumb & Review trang gốc: https://www.dienmayxanh.com/laptop/lenovo-ideapad-slim-3-oled-14irh10-i5-83k0000cvn
2026-04-15 10:45:51,586 [INFO]       - Đang quét Page 1: https://www.dienmayxanh.com/laptop/lenovo-ideapad-slim-3-oled-14irh10-i5-83k0000cvn/danh-gia?page=1
2026-04-15 10:45:59,066 [WARNING]         [!] Không thấy dữ liệu hoặc Trống (Lần lỗi 1/5)
2026-04-15 10:46:01,360 [INFO]       - Đang quét Page 2: https://www.dienmayxanh.com/laptop/lenovo-ideapad-slim-3-oled-14irh10-i5-83k0000cvn/danh-gia?page=2
2026-04-15 10:46:08,862 [WARNING]         [!] Không thấy dữ liệu hoặc Trống (Lần lỗi 2/5)
2026-04-15 10:46:11,269 [INFO]  ✅ Hoàn tất cào sản phẩm: 337233
2026-04-15 10:46:11,270 [INFO]  -> [133/179] Lấy Breadcrumb & Review trang gốc: https://www.dienmayxanh.com/laptop/asus-s3407ca-ultra-7-ly096ws
2026-04-15 10:46:23,485 [INFO]       - Đang quét Page 1: https://www.dienmayxanh.com/laptop/asus-s3407ca-ultra-7-ly096ws/danh-gia?page=1
2026-04-15 10:46:31,019 [WARNING]         [!] Không thấy dữ liệu hoặc Trống (Lần lỗi 1/5)
2026-04-15 10:46:33,268 [INFO]       - Đang quét Page 2: https://www.dienmayxanh.com/laptop/asus-s3407ca-ultra-7-ly096ws/danh-gia?page=2
2026-04-15 10:46:40,838 [WARNING]         [!] Không thấy dữ liệu hoặc Trống (Lần lỗi 2/5)
2026-04-15 10:46:43,049 [INFO]  ✅ Hoàn tất cào sản phẩm: 338321
2026-04-15 10:46:43,050 [INFO]  -> [134/179] Lấy Breadcrumb & Review trang gốc: https://www.dienmayxanh.com/laptop/hp-omnibook-5-ai-16-af1048tu-ultra-5-225u-bz7q9pa
2026-04-15 10:47:01,581 [INFO]       - Đang quét Page 1: https://www.dienmayxanh.com/laptop/hp-omnibook-5-ai-16-af1048tu-ultra-5-225u-bz7q9pa/danh-gia?page=1
2026-04-15 10:47:10,474 [WARNING]         [!] Không thấy dữ liệu hoặc Trống (Lần lỗi 1/5)
2026-04-15 10:47:12,149 [INFO]       - Đang quét Page 2: https://www.dienmayxanh.com/laptop/hp-omnibook-5-ai-16-af1048tu-ultra-5-225u-bz7q9pa/danh-gia?page=2
2026-04-15 10:47:19,667 [WARNING]         [!] Không thấy dữ liệu hoặc Trống (Lần lỗi 2/5)
2026-04-15 10:47:21,536 [INFO]  ✅ Hoàn tất cào sản phẩm: 341267
2026-04-15 10:47:21,537 [INFO]  -> [135/179] Lấy Breadcrumb & Review trang gốc: https://www.dienmayxanh.com/laptop/lenovo-gaming-loq-15irx9-i5-83dv01anvn
2026-04-15 10:47:58,882 [INFO]       ✅ Thu được 2 reviews từ trang gốc.
2026-04-15 10:47:58,882 [INFO]       - Đang quét Page 1: https://www.dienmayxanh.com/laptop/lenovo-gaming-loq-15irx9-i5-83dv01anvn/danh-gia?page=1
2026-04-15 10:48:09,477 [WARNING]         [!] Không thấy dữ liệu hoặc Trống (Lần lỗi 1/5)
2026-04-15 10:48:12,220 [INFO]       - Đang quét Page 2: https://www.dienmayxanh.com/laptop/lenovo-gaming-loq-15irx9-i5-83dv01anvn/danh-gia?page=2
2026-04-15 10:48:21,057 [WARNING]         [!] Không thấy dữ liệu hoặc Trống (Lần lỗi 2/5)
2026-04-15 10:48:24,029 [INFO]         💾 Đã lưu 2 reviews cuối.
2026-04-15 10:48:24,029 [INFO]  ✅ Hoàn tất cào sản phẩm: 342524
2026-04-15 10:48:24,030 [INFO]  -> [136/179] Lấy Breadcrumb & Review trang gốc: https://www.dienmayxanh.com/laptop/asus-vivobook-s16-s3607ca-ultra-7-255h-sh083ws
2026-04-15 10:49:01,088 [INFO]       - Đang quét Page 1: https://www.dienmayxanh.com/laptop/asus-vivobook-s16-s3607ca-ultra-7-255h-sh083ws/danh-gia?page=1
2026-04-15 10:49:09,168 [WARNING]         [!] Không thấy dữ liệu hoặc Trống (Lần lỗi 1/5)
2026-04-15 10:49:11,669 [INFO]       - Đang quét Page 2: https://www.dienmayxanh.com/laptop/asus-vivobook-s16-s3607ca-ultra-7-255h-sh083ws/danh-gia?page=2
2026-04-15 10:49:21,217 [WARNING]         [!] Không thấy dữ liệu hoặc Trống (Lần lỗi 2/5)
2026-04-15 10:49:23,725 [INFO]  ✅ Hoàn tất cào sản phẩm: 351620
2026-04-15 10:49:23,726 [INFO]  -> [137/179] Lấy Breadcrumb & Review trang gốc: https://www.dienmayxanh.com/laptop/macbook-pro-14-inch-m5-24gb-1tb
2026-04-15 10:49:33,875 [INFO]       - Đang quét Page 1: https://www.dienmayxanh.com/laptop/macbook-pro-14-inch-m5-24gb-1tb/danh-gia?page=1
2026-04-15 10:49:41,444 [WARNING]         [!] Không thấy dữ liệu hoặc Trống (Lần lỗi 1/5)
2026-04-15 10:49:43,683 [INFO]       - Đang quét Page 2: https://www.dienmayxanh.com/laptop/macbook-pro-14-inch-m5-24gb-1tb/danh-gia?page=2
2026-04-15 10:49:51,065 [WARNING]         [!] Không thấy dữ liệu hoặc Trống (Lần lỗi 2/5)
2026-04-15 10:49:53,322 [INFO]  ✅ Hoàn tất cào sản phẩm: 358089
2026-04-15 10:49:53,323 [INFO]  -> [138/179] Lấy Breadcrumb & Review trang gốc: https://www.dienmayxanh.com/laptop/samsung-galaxy-chromebook-go-xe340xda-ka1vn-n4500
2026-04-15 10:49:58,122 [INFO]       - Đang quét Page 1: https://www.dienmayxanh.com/laptop/samsung-galaxy-chromebook-go-xe340xda-ka1vn-n4500/danh-gia?page=1
2026-04-15 10:50:05,501 [WARNING]         [!] Không thấy dữ liệu hoặc Trống (Lần lỗi 1/5)
2026-04-15 10:50:07,169 [INFO]       - Đang quét Page 2: https://www.dienmayxanh.com/laptop/samsung-galaxy-chromebook-go-xe340xda-ka1vn-n4500/danh-gia?page=2
2026-04-15 10:50:14,587 [WARNING]         [!] Không thấy dữ liệu hoặc Trống (Lần lỗi 2/5)
2026-04-15 10:50:16,333 [INFO]  ✅ Hoàn tất cào sản phẩm: 362628
2026-04-15 10:50:16,334 [INFO]  -> [139/179] Lấy Breadcrumb & Review trang gốc: https://www.dienmayxanh.com/laptop/macbook-air-15-inch-m4-16gb-256gb
2026-04-15 10:50:21,350 [INFO]       - Đang quét Page 1: https://www.dienmayxanh.com/laptop/macbook-air-15-inch-m4-16gb-256gb/danh-gia?page=1
2026-04-15 10:50:28,996 [WARNING]         [!] Không thấy dữ liệu hoặc Trống (Lần lỗi 1/5)
2026-04-15 10:50:30,818 [INFO]       - Đang quét Page 2: https://www.dienmayxanh.com/laptop/macbook-air-15-inch-m4-16gb-256gb/danh-gia?page=2
2026-04-15 10:50:38,169 [WARNING]         [!] Không thấy dữ liệu hoặc Trống (Lần lỗi 2/5)
2026-04-15 10:50:40,230 [INFO]  ✅ Hoàn tất cào sản phẩm: 335372
2026-04-15 10:50:40,230 [INFO] ♻️ Làm mới Session trình duyệt...
2026-04-15 10:50:41,260 [INFO]  -> [140/179] Lấy Breadcrumb & Review trang gốc: https://www.dienmayxanh.com/laptop/lenovo-loq-15arp9-r7-83jc00j0vn
2026-04-15 10:51:18,923 [INFO]       ✅ Thu được 4 reviews từ trang gốc.
2026-04-15 10:51:18,923 [INFO]       - Đang quét Page 1: https://www.dienmayxanh.com/laptop/lenovo-loq-15arp9-r7-83jc00j0vn/danh-gia?page=1
2026-04-15 10:51:30,935 [INFO]         ✅ Thêm 0 reviews mới từ Page 1.
2026-04-15 10:51:33,472 [INFO]       - Đang quét Page 2: https://www.dienmayxanh.com/laptop/lenovo-loq-15arp9-r7-83jc00j0vn/danh-gia?page=2
2026-04-15 10:51:44,044 [WARNING]         [!] Không thấy dữ liệu hoặc Trống (Lần lỗi 1/5)
2026-04-15 10:51:46,593 [INFO]       - Đang quét Page 3: https://www.dienmayxanh.com/laptop/lenovo-loq-15arp9-r7-83jc00j0vn/danh-gia?page=3
2026-04-15 10:51:59,562 [WARNING]         [!] Không thấy dữ liệu hoặc Trống (Lần lỗi 2/5)
2026-04-15 10:52:01,197 [INFO]         💾 Đã lưu 4 reviews cuối.
2026-04-15 10:52:01,197 [INFO]  ✅ Hoàn tất cào sản phẩm: 338278
2026-04-15 10:52:01,198 [INFO]  -> [141/179] Lấy Breadcrumb & Review trang gốc: https://www.dienmayxanh.com/laptop/lenovo-thinkbook-14-core-7-240h-21sg007vvn
2026-04-15 10:52:21,059 [INFO]       - Đang quét Page 1: https://www.dienmayxanh.com/laptop/lenovo-thinkbook-14-core-7-240h-21sg007vvn/danh-gia?page=1
2026-04-15 10:52:31,877 [WARNING]         [!] Không thấy dữ liệu hoặc Trống (Lần lỗi 1/5)
2026-04-15 10:52:34,387 [INFO]       - Đang quét Page 2: https://www.dienmayxanh.com/laptop/lenovo-thinkbook-14-core-7-240h-21sg007vvn/danh-gia?page=2
2026-04-15 10:52:42,722 [WARNING]         [!] Không thấy dữ liệu hoặc Trống (Lần lỗi 2/5)
2026-04-15 10:52:45,298 [INFO]  ✅ Hoàn tất cào sản phẩm: 342513
2026-04-15 10:52:45,299 [INFO]  -> [142/179] Lấy Breadcrumb & Review trang gốc: https://www.dienmayxanh.com/laptop/asus-zenbook-ux3405ca-ultra-7-255h-pz188ws
2026-04-15 10:53:22,367 [INFO]       - Đang quét Page 1: https://www.dienmayxanh.com/laptop/asus-zenbook-ux3405ca-ultra-7-255h-pz188ws/danh-gia?page=1
2026-04-15 10:53:30,723 [WARNING]         [!] Không thấy dữ liệu hoặc Trống (Lần lỗi 1/5)
2026-04-15 10:53:32,642 [INFO]       - Đang quét Page 2: https://www.dienmayxanh.com/laptop/asus-zenbook-ux3405ca-ultra-7-255h-pz188ws/danh-gia?page=2
2026-04-15 10:53:41,982 [WARNING]         [!] Không thấy dữ liệu hoặc Trống (Lần lỗi 2/5)
2026-04-15 10:53:43,948 [INFO]  ✅ Hoàn tất cào sản phẩm: 342751
2026-04-15 10:53:43,949 [INFO]  -> [143/179] Lấy Breadcrumb & Review trang gốc: https://www.dienmayxanh.com/laptop/hp-omnibook-5-flip-14-fp0055tu-core-7-150u-bz7q4pa
2026-04-15 10:54:21,016 [INFO]       - Đang quét Page 1: https://www.dienmayxanh.com/laptop/hp-omnibook-5-flip-14-fp0055tu-core-7-150u-bz7q4pa/danh-gia?page=1
2026-04-15 10:54:28,614 [WARNING]         [!] Không thấy dữ liệu hoặc Trống (Lần lỗi 1/5)
2026-04-15 10:54:30,355 [INFO]       - Đang quét Page 2: https://www.dienmayxanh.com/laptop/hp-omnibook-5-flip-14-fp0055tu-core-7-150u-bz7q4pa/danh-gia?page=2
2026-04-15 10:54:38,851 [WARNING]         [!] Không thấy dữ liệu hoặc Trống (Lần lỗi 2/5)
2026-04-15 10:54:41,224 [INFO]  ✅ Hoàn tất cào sản phẩm: 358077
2026-04-15 10:54:41,225 [INFO]  -> [144/179] Lấy Breadcrumb & Review trang gốc: https://www.dienmayxanh.com/laptop/asus-vivobook-15-x1504va-core-3-100u-bq793w
2026-04-15 10:55:18,288 [INFO]       - Đang quét Page 1: https://www.dienmayxanh.com/laptop/asus-vivobook-15-x1504va-core-3-100u-bq793w/danh-gia?page=1
2026-04-15 10:55:25,944 [WARNING]         [!] Không thấy dữ liệu hoặc Trống (Lần lỗi 1/5)
2026-04-15 10:55:28,597 [INFO]       - Đang quét Page 2: https://www.dienmayxanh.com/laptop/asus-vivobook-15-x1504va-core-3-100u-bq793w/danh-gia?page=2
2026-04-15 10:55:36,441 [WARNING]         [!] Không thấy dữ liệu hoặc Trống (Lần lỗi 2/5)
2026-04-15 10:55:39,128 [INFO]  ✅ Hoàn tất cào sản phẩm: 364393
2026-04-15 10:55:39,129 [INFO]  -> [145/179] Lấy Breadcrumb & Review trang gốc: https://www.dienmayxanh.com/laptop/acer-aspire-7-gaming-a715-76g-5806-i5-nhqmfsv002
2026-04-15 10:55:55,747 [INFO]       ✅ Thu được 6 reviews từ trang gốc.
2026-04-15 10:55:55,748 [INFO]       - Đang quét Page 1: https://www.dienmayxanh.com/laptop/acer-aspire-7-gaming-a715-76g-5806-i5-nhqmfsv002/danh-gia?page=1
2026-04-15 10:56:02,910 [INFO]         ✅ Thêm 1 reviews mới từ Page 1.
2026-04-15 10:56:05,853 [INFO]       - Đang quét Page 2: https://www.dienmayxanh.com/laptop/acer-aspire-7-gaming-a715-76g-5806-i5-nhqmfsv002/danh-gia?page=2
2026-04-15 10:56:13,691 [WARNING]         [!] Không thấy dữ liệu hoặc Trống (Lần lỗi 1/5)
2026-04-15 10:56:16,571 [INFO]       - Đang quét Page 3: https://www.dienmayxanh.com/laptop/acer-aspire-7-gaming-a715-76g-5806-i5-nhqmfsv002/danh-gia?page=3
2026-04-15 10:56:26,395 [WARNING]         [!] Không thấy dữ liệu hoặc Trống (Lần lỗi 2/5)
2026-04-15 10:56:28,378 [INFO]         💾 Đã lưu 7 reviews cuối.
2026-04-15 10:56:28,378 [INFO]  ✅ Hoàn tất cào sản phẩm: 313177
2026-04-15 10:56:28,379 [INFO]  -> [146/179] Lấy Breadcrumb & Review trang gốc: https://www.dienmayxanh.com/laptop/dell-inspiron-15-3520-i7-n3520i7u165w11blufp
2026-04-15 10:57:05,467 [INFO]       - Đang quét Page 1: https://www.dienmayxanh.com/laptop/dell-inspiron-15-3520-i7-n3520i7u165w11blufp/danh-gia?page=1
2026-04-15 10:57:13,095 [WARNING]         [!] Không thấy dữ liệu hoặc Trống (Lần lỗi 1/5)
2026-04-15 10:57:15,305 [INFO]       - Đang quét Page 2: https://www.dienmayxanh.com/laptop/dell-inspiron-15-3520-i7-n3520i7u165w11blufp/danh-gia?page=2
2026-04-15 10:57:22,948 [WARNING]         [!] Không thấy dữ liệu hoặc Trống (Lần lỗi 2/5)
2026-04-15 10:57:25,032 [INFO]  ✅ Hoàn tất cào sản phẩm: 333102
2026-04-15 10:57:25,033 [INFO]  -> [147/179] Lấy Breadcrumb & Review trang gốc: https://www.dienmayxanh.com/laptop/asus-zenbook-14-ux3405ca-ultra-5-pz187ws
2026-04-15 10:57:46,781 [INFO]       ✅ Thu được 1 reviews từ trang gốc.
2026-04-15 10:57:46,781 [INFO]       - Đang quét Page 1: https://www.dienmayxanh.com/laptop/asus-zenbook-14-ux3405ca-ultra-5-pz187ws/danh-gia?page=1
2026-04-15 10:57:54,554 [WARNING]         [!] Không thấy dữ liệu hoặc Trống (Lần lỗi 1/5)
2026-04-15 10:57:56,609 [INFO]       - Đang quét Page 2: https://www.dienmayxanh.com/laptop/asus-zenbook-14-ux3405ca-ultra-5-pz187ws/danh-gia?page=2
2026-04-15 10:58:04,731 [WARNING]         [!] Không thấy dữ liệu hoặc Trống (Lần lỗi 2/5)
2026-04-15 10:58:06,253 [INFO]         💾 Đã lưu 1 reviews cuối.
2026-04-15 10:58:06,253 [INFO]  ✅ Hoàn tất cào sản phẩm: 334796
2026-04-15 10:58:06,254 [INFO]  -> [148/179] Lấy Breadcrumb & Review trang gốc: https://www.dienmayxanh.com/laptop/dell-inspiron-15-3530-i7-71053721
2026-04-15 10:58:14,587 [INFO]       ✅ Thu được 1 reviews từ trang gốc.
2026-04-15 10:58:14,587 [INFO]       - Đang quét Page 1: https://www.dienmayxanh.com/laptop/dell-inspiron-15-3530-i7-71053721/danh-gia?page=1
2026-04-15 10:58:22,026 [WARNING]         [!] Không thấy dữ liệu hoặc Trống (Lần lỗi 1/5)
2026-04-15 10:58:24,390 [INFO]       - Đang quét Page 2: https://www.dienmayxanh.com/laptop/dell-inspiron-15-3530-i7-71053721/danh-gia?page=2
2026-04-15 10:58:32,006 [WARNING]         [!] Không thấy dữ liệu hoặc Trống (Lần lỗi 2/5)
2026-04-15 10:58:33,987 [INFO]         💾 Đã lưu 1 reviews cuối.
2026-04-15 10:58:33,988 [INFO]  ✅ Hoàn tất cào sản phẩm: 337472
2026-04-15 10:58:33,988 [INFO]  -> [149/179] Lấy Breadcrumb & Review trang gốc: https://www.dienmayxanh.com/laptop/hp-15-fd1039tu-core-7-150u-9z2w7pa?utm_flashsale=1
2026-04-15 10:58:40,754 [INFO]       - Đang quét Page 1: https://www.dienmayxanh.com/laptop/hp-15-fd1039tu-core-7-150u-9z2w7pa/danh-gia?page=1
2026-04-15 10:58:48,270 [WARNING]         [!] Không thấy dữ liệu hoặc Trống (Lần lỗi 1/5)
2026-04-15 10:58:50,663 [INFO]       - Đang quét Page 2: https://www.dienmayxanh.com/laptop/hp-15-fd1039tu-core-7-150u-9z2w7pa/danh-gia?page=2
2026-04-15 10:58:59,199 [WARNING]         [!] Không thấy dữ liệu hoặc Trống (Lần lỗi 2/5)
2026-04-15 10:59:01,519 [INFO]  ✅ Hoàn tất cào sản phẩm: 341622
2026-04-15 10:59:01,519 [INFO] ♻️ Làm mới Session trình duyệt...
2026-04-15 10:59:02,623 [INFO]  -> [150/179] Lấy Breadcrumb & Review trang gốc: https://www.dienmayxanh.com/laptop/dell-inspiron-14-5440-core-7-7fn5j
2026-04-15 10:59:27,214 [INFO]       - Đang quét Page 1: https://www.dienmayxanh.com/laptop/dell-inspiron-14-5440-core-7-7fn5j/danh-gia?page=1
2026-04-15 10:59:36,153 [WARNING]         [!] Không thấy dữ liệu hoặc Trống (Lần lỗi 1/5)
2026-04-15 10:59:37,686 [INFO]       - Đang quét Page 2: https://www.dienmayxanh.com/laptop/dell-inspiron-14-5440-core-7-7fn5j/danh-gia?page=2
2026-04-15 10:59:45,105 [WARNING]         [!] Không thấy dữ liệu hoặc Trống (Lần lỗi 2/5)
2026-04-15 10:59:46,950 [INFO]  ✅ Hoàn tất cào sản phẩm: 325953
2026-04-15 10:59:46,951 [INFO]  -> [151/179] Lấy Breadcrumb & Review trang gốc: https://www.dienmayxanh.com/laptop/msi-katana-15-b13udxk-i7-2077vn
2026-04-15 11:00:10,223 [INFO]       ✅ Thu được 1 reviews từ trang gốc.
2026-04-15 11:00:10,224 [INFO]       - Đang quét Page 1: https://www.dienmayxanh.com/laptop/msi-katana-15-b13udxk-i7-2077vn/danh-gia?page=1
2026-04-15 11:00:17,686 [WARNING]         [!] Không thấy dữ liệu hoặc Trống (Lần lỗi 1/5)
2026-04-15 11:00:20,553 [INFO]       - Đang quét Page 2: https://www.dienmayxanh.com/laptop/msi-katana-15-b13udxk-i7-2077vn/danh-gia?page=2
2026-04-15 11:00:28,049 [WARNING]         [!] Không thấy dữ liệu hoặc Trống (Lần lỗi 2/5)
2026-04-15 11:00:30,944 [INFO]         💾 Đã lưu 1 reviews cuối.
2026-04-15 11:00:30,944 [INFO]  ✅ Hoàn tất cào sản phẩm: 326122
2026-04-15 11:00:30,945 [INFO]  -> [152/179] Lấy Breadcrumb & Review trang gốc: https://www.dienmayxanh.com/laptop/hp-probook-450-g10-i5-9h1n5pt
2026-04-15 11:01:04,685 [INFO]       - Đang quét Page 1: https://www.dienmayxanh.com/laptop/hp-probook-450-g10-i5-9h1n5pt/danh-gia?page=1
2026-04-15 11:01:12,687 [WARNING]         [!] Không thấy dữ liệu hoặc Trống (Lần lỗi 1/5)
2026-04-15 11:01:14,698 [INFO]       - Đang quét Page 2: https://www.dienmayxanh.com/laptop/hp-probook-450-g10-i5-9h1n5pt/danh-gia?page=2
2026-04-15 11:01:22,279 [WARNING]         [!] Không thấy dữ liệu hoặc Trống (Lần lỗi 2/5)
2026-04-15 11:01:24,979 [INFO]  ✅ Hoàn tất cào sản phẩm: 327406
2026-04-15 11:01:24,979 [INFO]  -> [153/179] Lấy Breadcrumb & Review trang gốc: https://www.dienmayxanh.com/laptop/lenovo-ideapad-slim-3-16irh10-i7-83k20004vn
2026-04-15 11:01:46,104 [INFO]       - Đang quét Page 1: https://www.dienmayxanh.com/laptop/lenovo-ideapad-slim-3-16irh10-i7-83k20004vn/danh-gia?page=1
2026-04-15 11:01:53,502 [WARNING]         [!] Không thấy dữ liệu hoặc Trống (Lần lỗi 1/5)
2026-04-15 11:01:55,401 [INFO]       - Đang quét Page 2: https://www.dienmayxanh.com/laptop/lenovo-ideapad-slim-3-16irh10-i7-83k20004vn/danh-gia?page=2
2026-04-15 11:02:03,787 [WARNING]         [!] Không thấy dữ liệu hoặc Trống (Lần lỗi 2/5)
2026-04-15 11:02:06,662 [INFO]  ✅ Hoàn tất cào sản phẩm: 334448
2026-04-15 11:02:06,662 [INFO]  -> [154/179] Lấy Breadcrumb & Review trang gốc: https://www.dienmayxanh.com/laptop/lenovo-loq-15arp9-r5-83jc00kuvn
2026-04-15 11:02:43,729 [INFO]       - Đang quét Page 1: https://www.dienmayxanh.com/laptop/lenovo-loq-15arp9-r5-83jc00kuvn/danh-gia?page=1
2026-04-15 11:02:48,122 [WARNING]         [!] Không thấy dữ liệu hoặc Trống (Lần lỗi 1/5)
2026-04-15 11:02:50,293 [INFO]       - Đang quét Page 2: https://www.dienmayxanh.com/laptop/lenovo-loq-15arp9-r5-83jc00kuvn/danh-gia?page=2
2026-04-15 11:02:50,296 [WARNING]         [!] Không thấy dữ liệu hoặc Trống (Lần lỗi 2/5)
2026-04-15 11:02:53,231 [INFO]  ✅ Hoàn tất cào sản phẩm: 339857
2026-04-15 11:02:53,231 [INFO]  -> [155/179] Lấy Breadcrumb & Review trang gốc: https://www.dienmayxanh.com/laptop/hp-pavilion-15-eg3095tu-i5-8c5l6pa-16g
2026-04-15 11:02:53,236 [ERROR]       [!] Lỗi quét review trang gốc: Message: invalid session id; For documentation on this error, please visit: https://www.selenium.dev/documentation/webdriver/troubleshooting/errors#invalidsessionidexception
Stacktrace:
	undetected_chromedriver!GetHandleVerifier [0xfdcdf3+10b03]
	undetected_chromedriver!GetHandleVerifier [0xfdcf24+10c34]
	undetected_chromedriver!(No symbol) [0xdc1f5e]
	undetected_chromedriver!(No symbol) [0xdff4b7]
	undetected_chromedriver!(No symbol) [0xe2d9c6]
	undetected_chromedriver!(No symbol) [0xe28e42]
	undetected_chromedriver!(No symbol) [0xe28462]
	undetected_chromedriver!(No symbol) [0xd9534e]
	undetected_chromedriver!(No symbol) [0xd958ee]
	undetected_chromedriver!(No symbol) [0xd95dcd]
	undetected_chromedriver!GetHandleVerifier [0x12448b9+2785c9]
	undetected_chromedriver!GetHandleVerifier [0x123feb5+273bc5]
	undetected_chromedriver!GetHandleVerifier [0x125e06b+291d7b]
	undetected_chromedriver!GetHandleVerifier [0xff5cc8+299d8]
	undetected_chromedriver!GetHandleVerifier [0xffd9fd+3170d]
	undetected_chromedriver!(No symbol) [0xd94ee9]
	undetected_chromedriver!(No symbol) [0xd94530]
	undetected_chromedriver!GetHandleVerifier [0x1392e9f+3c6baf]
	KERNEL32!BaseThreadInitThunk [0x75245d49+19]
	ntdll!RtlInitializeExceptionChain [0x77b4d81b+6b]
	ntdll!RtlGetAppContainerNamedObjectPath [0x77b4d7a1+231]

2026-04-15 11:02:53,236 [INFO]       - Đang quét Page 1: https://www.dienmayxanh.com/laptop/hp-pavilion-15-eg3095tu-i5-8c5l6pa-16g/danh-gia?page=1
2026-04-15 11:02:53,238 [WARNING]         [!] Không thấy dữ liệu hoặc Trống (Lần lỗi 1/5)
2026-04-15 11:02:54,923 [INFO]       - Đang quét Page 2: https://www.dienmayxanh.com/laptop/hp-pavilion-15-eg3095tu-i5-8c5l6pa-16g/danh-gia?page=2
2026-04-15 11:02:54,924 [WARNING]         [!] Không thấy dữ liệu hoặc Trống (Lần lỗi 2/5)
2026-04-15 11:02:57,786 [INFO]  ✅ Hoàn tất cào sản phẩm: 340478
2026-04-15 11:02:57,787 [INFO]  -> [156/179] Lấy Breadcrumb & Review trang gốc: https://www.dienmayxanh.com/laptop/acer-aspire-7-a715-59g-73lb-i7-12650h-nh-qx6sv-002
2026-04-15 11:02:57,789 [ERROR]       [!] Lỗi quét review trang gốc: Message: invalid session id; For documentation on this error, please visit: https://www.selenium.dev/documentation/webdriver/troubleshooting/errors#invalidsessionidexception
Stacktrace:
	undetected_chromedriver!GetHandleVerifier [0xfdcdf3+10b03]
	undetected_chromedriver!GetHandleVerifier [0xfdcf24+10c34]
	undetected_chromedriver!(No symbol) [0xdc1f5e]
	undetected_chromedriver!(No symbol) [0xdff4b7]
	undetected_chromedriver!(No symbol) [0xe2d9c6]
	undetected_chromedriver!(No symbol) [0xe28e42]
	undetected_chromedriver!(No symbol) [0xe28462]
	undetected_chromedriver!(No symbol) [0xd9534e]
	undetected_chromedriver!(No symbol) [0xd958ee]
	undetected_chromedriver!(No symbol) [0xd95dcd]
	undetected_chromedriver!GetHandleVerifier [0x12448b9+2785c9]
	undetected_chromedriver!GetHandleVerifier [0x123feb5+273bc5]
	undetected_chromedriver!GetHandleVerifier [0x125e06b+291d7b]
	undetected_chromedriver!GetHandleVerifier [0xff5cc8+299d8]
	undetected_chromedriver!GetHandleVerifier [0xffd9fd+3170d]
	undetected_chromedriver!(No symbol) [0xd94ee9]
	undetected_chromedriver!(No symbol) [0xd94530]
	undetected_chromedriver!GetHandleVerifier [0x1392e9f+3c6baf]
	KERNEL32!BaseThreadInitThunk [0x75245d49+19]
	ntdll!RtlInitializeExceptionChain [0x77b4d81b+6b]
	ntdll!RtlGetAppContainerNamedObjectPath [0x77b4d7a1+231]

2026-04-15 11:02:57,789 [INFO]       - Đang quét Page 1: https://www.dienmayxanh.com/laptop/acer-aspire-7-a715-59g-73lb-i7-12650h-nh-qx6sv-002/danh-gia?page=1
2026-04-15 11:02:57,790 [WARNING]         [!] Không thấy dữ liệu hoặc Trống (Lần lỗi 1/5)
2026-04-15 11:03:00,441 [INFO]       - Đang quét Page 2: https://www.dienmayxanh.com/laptop/acer-aspire-7-a715-59g-73lb-i7-12650h-nh-qx6sv-002/danh-gia?page=2
2026-04-15 11:03:00,443 [WARNING]         [!] Không thấy dữ liệu hoặc Trống (Lần lỗi 2/5)
2026-04-15 11:03:02,697 [INFO]  ✅ Hoàn tất cào sản phẩm: 341604
2026-04-15 11:03:02,698 [INFO]  -> [157/179] Lấy Breadcrumb & Review trang gốc: https://www.dienmayxanh.com/laptop/lenovo-gaming-loq-15irx9-i7-13650hx-83dv01alvn
2026-04-15 11:03:02,704 [ERROR]       [!] Lỗi quét review trang gốc: Message: invalid session id; For documentation on this error, please visit: https://www.selenium.dev/documentation/webdriver/troubleshooting/errors#invalidsessionidexception
Stacktrace:
	undetected_chromedriver!GetHandleVerifier [0xfdcdf3+10b03]
	undetected_chromedriver!GetHandleVerifier [0xfdcf24+10c34]
	undetected_chromedriver!(No symbol) [0xdc1f5e]
	undetected_chromedriver!(No symbol) [0xdff4b7]
	undetected_chromedriver!(No symbol) [0xe2d9c6]
	undetected_chromedriver!(No symbol) [0xe28e42]
	undetected_chromedriver!(No symbol) [0xe28462]
	undetected_chromedriver!(No symbol) [0xd9534e]
	undetected_chromedriver!(No symbol) [0xd958ee]
	undetected_chromedriver!(No symbol) [0xd95dcd]
	undetected_chromedriver!GetHandleVerifier [0x12448b9+2785c9]
	undetected_chromedriver!GetHandleVerifier [0x123feb5+273bc5]
	undetected_chromedriver!GetHandleVerifier [0x125e06b+291d7b]
	undetected_chromedriver!GetHandleVerifier [0xff5cc8+299d8]
	undetected_chromedriver!GetHandleVerifier [0xffd9fd+3170d]
	undetected_chromedriver!(No symbol) [0xd94ee9]
	undetected_chromedriver!(No symbol) [0xd94530]
	undetected_chromedriver!GetHandleVerifier [0x1392e9f+3c6baf]
	KERNEL32!BaseThreadInitThunk [0x75245d49+19]
	ntdll!RtlInitializeExceptionChain [0x77b4d81b+6b]
	ntdll!RtlGetAppContainerNamedObjectPath [0x77b4d7a1+231]

2026-04-15 11:03:02,704 [INFO]       - Đang quét Page 1: https://www.dienmayxanh.com/laptop/lenovo-gaming-loq-15irx9-i7-13650hx-83dv01alvn/danh-gia?page=1
2026-04-15 11:03:02,706 [WARNING]         [!] Không thấy dữ liệu hoặc Trống (Lần lỗi 1/5)
2026-04-15 11:03:04,886 [INFO]       - Đang quét Page 2: https://www.dienmayxanh.com/laptop/lenovo-gaming-loq-15irx9-i7-13650hx-83dv01alvn/danh-gia?page=2
2026-04-15 11:03:04,889 [WARNING]         [!] Không thấy dữ liệu hoặc Trống (Lần lỗi 2/5)
2026-04-15 11:03:07,173 [INFO]  ✅ Hoàn tất cào sản phẩm: 344606
2026-04-15 11:03:07,174 [INFO]  -> [158/179] Lấy Breadcrumb & Review trang gốc: https://www.dienmayxanh.com/laptop/hp-omnibook-5-ai-16-af1054tu-ultra-7-255u-c1mn8pa
2026-04-15 11:03:07,181 [ERROR]       [!] Lỗi quét review trang gốc: Message: invalid session id; For documentation on this error, please visit: https://www.selenium.dev/documentation/webdriver/troubleshooting/errors#invalidsessionidexception
Stacktrace:
	undetected_chromedriver!GetHandleVerifier [0xfdcdf3+10b03]
	undetected_chromedriver!GetHandleVerifier [0xfdcf24+10c34]
	undetected_chromedriver!(No symbol) [0xdc1f5e]
	undetected_chromedriver!(No symbol) [0xdff4b7]
	undetected_chromedriver!(No symbol) [0xe2d9c6]
	undetected_chromedriver!(No symbol) [0xe28e42]
	undetected_chromedriver!(No symbol) [0xe28462]
	undetected_chromedriver!(No symbol) [0xd9534e]
	undetected_chromedriver!(No symbol) [0xd958ee]
	undetected_chromedriver!(No symbol) [0xd95dcd]
	undetected_chromedriver!GetHandleVerifier [0x12448b9+2785c9]
	undetected_chromedriver!GetHandleVerifier [0x123feb5+273bc5]
	undetected_chromedriver!GetHandleVerifier [0x125e06b+291d7b]
	undetected_chromedriver!GetHandleVerifier [0xff5cc8+299d8]
	undetected_chromedriver!GetHandleVerifier [0xffd9fd+3170d]
	undetected_chromedriver!(No symbol) [0xd94ee9]
	undetected_chromedriver!(No symbol) [0xd94530]
	undetected_chromedriver!GetHandleVerifier [0x1392e9f+3c6baf]
	KERNEL32!BaseThreadInitThunk [0x75245d49+19]
	ntdll!RtlInitializeExceptionChain [0x77b4d81b+6b]
	ntdll!RtlGetAppContainerNamedObjectPath [0x77b4d7a1+231]

2026-04-15 11:03:07,181 [INFO]       - Đang quét Page 1: https://www.dienmayxanh.com/laptop/hp-omnibook-5-ai-16-af1054tu-ultra-7-255u-c1mn8pa/danh-gia?page=1
2026-04-15 11:03:07,183 [WARNING]         [!] Không thấy dữ liệu hoặc Trống (Lần lỗi 1/5)
2026-04-15 11:03:10,005 [INFO]       - Đang quét Page 2: https://www.dienmayxanh.com/laptop/hp-omnibook-5-ai-16-af1054tu-ultra-7-255u-c1mn8pa/danh-gia?page=2
2026-04-15 11:03:10,007 [WARNING]         [!] Không thấy dữ liệu hoặc Trống (Lần lỗi 2/5)
2026-04-15 11:03:12,639 [INFO]  ✅ Hoàn tất cào sản phẩm: 358074
2026-04-15 11:03:12,639 [INFO]  -> [159/179] Lấy Breadcrumb & Review trang gốc: https://www.dienmayxanh.com/laptop/hp-omnibook-x-flip-14-fm0076tu-ultra-7-258v-bz7p6pa
2026-04-15 11:03:12,642 [ERROR]       [!] Lỗi quét review trang gốc: Message: invalid session id; For documentation on this error, please visit: https://www.selenium.dev/documentation/webdriver/troubleshooting/errors#invalidsessionidexception
Stacktrace:
	undetected_chromedriver!GetHandleVerifier [0xfdcdf3+10b03]
	undetected_chromedriver!GetHandleVerifier [0xfdcf24+10c34]
	undetected_chromedriver!(No symbol) [0xdc1f5e]
	undetected_chromedriver!(No symbol) [0xdff4b7]
	undetected_chromedriver!(No symbol) [0xe2d9c6]
	undetected_chromedriver!(No symbol) [0xe28e42]
	undetected_chromedriver!(No symbol) [0xe28462]
	undetected_chromedriver!(No symbol) [0xd9534e]
	undetected_chromedriver!(No symbol) [0xd958ee]
	undetected_chromedriver!(No symbol) [0xd95dcd]
	undetected_chromedriver!GetHandleVerifier [0x12448b9+2785c9]
	undetected_chromedriver!GetHandleVerifier [0x123feb5+273bc5]
	undetected_chromedriver!GetHandleVerifier [0x125e06b+291d7b]
	undetected_chromedriver!GetHandleVerifier [0xff5cc8+299d8]
	undetected_chromedriver!GetHandleVerifier [0xffd9fd+3170d]
	undetected_chromedriver!(No symbol) [0xd94ee9]
	undetected_chromedriver!(No symbol) [0xd94530]
	undetected_chromedriver!GetHandleVerifier [0x1392e9f+3c6baf]
	KERNEL32!BaseThreadInitThunk [0x75245d49+19]
	ntdll!RtlInitializeExceptionChain [0x77b4d81b+6b]
	ntdll!RtlGetAppContainerNamedObjectPath [0x77b4d7a1+231]

2026-04-15 11:03:12,642 [INFO]       - Đang quét Page 1: https://www.dienmayxanh.com/laptop/hp-omnibook-x-flip-14-fm0076tu-ultra-7-258v-bz7p6pa/danh-gia?page=1
2026-04-15 11:03:12,643 [WARNING]         [!] Không thấy dữ liệu hoặc Trống (Lần lỗi 1/5)
2026-04-15 11:03:15,350 [INFO]       - Đang quét Page 2: https://www.dienmayxanh.com/laptop/hp-omnibook-x-flip-14-fm0076tu-ultra-7-258v-bz7p6pa/danh-gia?page=2
2026-04-15 11:03:15,355 [WARNING]         [!] Không thấy dữ liệu hoặc Trống (Lần lỗi 2/5)
2026-04-15 11:03:17,290 [INFO]  ✅ Hoàn tất cào sản phẩm: 358076
2026-04-15 11:03:17,290 [INFO] ♻️ Làm mới Session trình duyệt...
2026-04-15 11:03:18,102 [INFO]  -> [160/179] Lấy Breadcrumb & Review trang gốc: https://www.dienmayxanh.com/laptop/lenovo-yoga-slim-7-oled-14imh9-ultra-5-125h-83cv00d8vn
2026-04-15 11:03:32,450 [INFO]       - Đang quét Page 1: https://www.dienmayxanh.com/laptop/lenovo-yoga-slim-7-oled-14imh9-ultra-5-125h-83cv00d8vn/danh-gia?page=1
2026-04-15 11:03:40,704 [WARNING]         [!] Không thấy dữ liệu hoặc Trống (Lần lỗi 1/5)
2026-04-15 11:03:43,091 [INFO]       - Đang quét Page 2: https://www.dienmayxanh.com/laptop/lenovo-yoga-slim-7-oled-14imh9-ultra-5-125h-83cv00d8vn/danh-gia?page=2
2026-04-15 11:03:50,983 [WARNING]         [!] Không thấy dữ liệu hoặc Trống (Lần lỗi 2/5)
2026-04-15 11:03:53,820 [INFO]  ✅ Hoàn tất cào sản phẩm: 358377
2026-04-15 11:03:53,821 [INFO]  -> [161/179] Lấy Breadcrumb & Review trang gốc: https://www.dienmayxanh.com/laptop/asus-gaming-v16-v3607vj-core-5-210h-rp071w
2026-04-15 11:04:08,921 [INFO]       ✅ Thu được 2 reviews từ trang gốc.
2026-04-15 11:04:08,922 [INFO]       - Đang quét Page 1: https://www.dienmayxanh.com/laptop/asus-gaming-v16-v3607vj-core-5-210h-rp071w/danh-gia?page=1
2026-04-15 11:04:16,374 [WARNING]         [!] Không thấy dữ liệu hoặc Trống (Lần lỗi 1/5)
2026-04-15 11:04:18,628 [INFO]       - Đang quét Page 2: https://www.dienmayxanh.com/laptop/asus-gaming-v16-v3607vj-core-5-210h-rp071w/danh-gia?page=2
2026-04-15 11:04:26,287 [WARNING]         [!] Không thấy dữ liệu hoặc Trống (Lần lỗi 2/5)
2026-04-15 11:04:28,350 [INFO]         💾 Đã lưu 2 reviews cuối.
2026-04-15 11:04:28,350 [INFO]  ✅ Hoàn tất cào sản phẩm: 360421
2026-04-15 11:04:28,351 [INFO]  -> [162/179] Lấy Breadcrumb & Review trang gốc: https://www.dienmayxanh.com/laptop/asus-tuf-gaming-fx607vu-core-5-210h-rl045w
2026-04-15 11:04:42,810 [INFO]       - Đang quét Page 1: https://www.dienmayxanh.com/laptop/asus-tuf-gaming-fx607vu-core-5-210h-rl045w/danh-gia?page=1
2026-04-15 11:04:51,739 [WARNING]         [!] Không thấy dữ liệu hoặc Trống (Lần lỗi 1/5)
2026-04-15 11:04:54,402 [INFO]       - Đang quét Page 2: https://www.dienmayxanh.com/laptop/asus-tuf-gaming-fx607vu-core-5-210h-rl045w/danh-gia?page=2
2026-04-15 11:05:03,016 [WARNING]         [!] Không thấy dữ liệu hoặc Trống (Lần lỗi 2/5)
2026-04-15 11:05:05,315 [INFO]  ✅ Hoàn tất cào sản phẩm: 362619
2026-04-15 11:05:05,316 [INFO]  -> [163/179] Lấy Breadcrumb & Review trang gốc: https://www.dienmayxanh.com/laptop/dell-inspiron-15-3530-i7-p16wd
2026-04-15 11:05:22,283 [INFO]       ✅ Thu được 2 reviews từ trang gốc.
2026-04-15 11:05:22,284 [INFO]       - Đang quét Page 1: https://www.dienmayxanh.com/laptop/dell-inspiron-15-3530-i7-p16wd/danh-gia?page=1
2026-04-15 11:05:30,341 [WARNING]         [!] Không thấy dữ liệu hoặc Trống (Lần lỗi 1/5)
2026-04-15 11:05:32,257 [INFO]       - Đang quét Page 2: https://www.dienmayxanh.com/laptop/dell-inspiron-15-3530-i7-p16wd/danh-gia?page=2
2026-04-15 11:05:39,843 [WARNING]         [!] Không thấy dữ liệu hoặc Trống (Lần lỗi 2/5)
2026-04-15 11:05:41,438 [INFO]         💾 Đã lưu 2 reviews cuối.
2026-04-15 11:05:41,439 [INFO]  ✅ Hoàn tất cào sản phẩm: 325247
2026-04-15 11:05:41,440 [INFO]  -> [164/179] Lấy Breadcrumb & Review trang gốc: https://www.dienmayxanh.com/laptop/acer-aspire-5-a515-58gm-598j-i5-nxkw1sv002
2026-04-15 11:05:47,920 [INFO]       ✅ Thu được 2 reviews từ trang gốc.
2026-04-15 11:05:47,920 [INFO]       - Đang quét Page 1: https://www.dienmayxanh.com/laptop/acer-aspire-5-a515-58gm-598j-i5-nxkw1sv002/danh-gia?page=1
2026-04-15 11:05:56,329 [WARNING]         [!] Không thấy dữ liệu hoặc Trống (Lần lỗi 1/5)
2026-04-15 11:05:58,095 [INFO]       - Đang quét Page 2: https://www.dienmayxanh.com/laptop/acer-aspire-5-a515-58gm-598j-i5-nxkw1sv002/danh-gia?page=2
2026-04-15 11:06:05,501 [WARNING]         [!] Không thấy dữ liệu hoặc Trống (Lần lỗi 2/5)
2026-04-15 11:06:07,332 [INFO]         💾 Đã lưu 2 reviews cuối.
2026-04-15 11:06:07,332 [INFO]  ✅ Hoàn tất cào sản phẩm: 334998
2026-04-15 11:06:07,333 [INFO]  -> [165/179] Lấy Breadcrumb & Review trang gốc: https://www.dienmayxanh.com/laptop/asus-vivobook-16-a1607ca-ultra-5-mb038ws
2026-04-15 11:06:18,209 [INFO]       - Đang quét Page 1: https://www.dienmayxanh.com/laptop/asus-vivobook-16-a1607ca-ultra-5-mb038ws/danh-gia?page=1
2026-04-15 11:06:25,816 [WARNING]         [!] Không thấy dữ liệu hoặc Trống (Lần lỗi 1/5)
2026-04-15 11:06:27,592 [INFO]       - Đang quét Page 2: https://www.dienmayxanh.com/laptop/asus-vivobook-16-a1607ca-ultra-5-mb038ws/danh-gia?page=2
2026-04-15 11:06:35,436 [WARNING]         [!] Không thấy dữ liệu hoặc Trống (Lần lỗi 2/5)
2026-04-15 11:06:37,817 [INFO]  ✅ Hoàn tất cào sản phẩm: 335171
2026-04-15 11:06:37,817 [INFO]  -> [166/179] Lấy Breadcrumb & Review trang gốc: https://www.dienmayxanh.com/laptop/lenovo-loq-15irx9-i5-83dv003cvn
2026-04-15 11:06:53,931 [INFO]       - Đang quét Page 1: https://www.dienmayxanh.com/laptop/lenovo-loq-15irx9-i5-83dv003cvn/danh-gia?page=1
2026-04-15 11:07:02,770 [WARNING]         [!] Không thấy dữ liệu hoặc Trống (Lần lỗi 1/5)
2026-04-15 11:07:05,132 [INFO]       - Đang quét Page 2: https://www.dienmayxanh.com/laptop/lenovo-loq-15irx9-i5-83dv003cvn/danh-gia?page=2
2026-04-15 11:07:12,896 [WARNING]         [!] Không thấy dữ liệu hoặc Trống (Lần lỗi 2/5)
2026-04-15 11:07:14,482 [INFO]  ✅ Hoàn tất cào sản phẩm: 335554
2026-04-15 11:07:14,483 [INFO]  -> [167/179] Lấy Breadcrumb & Review trang gốc: https://www.dienmayxanh.com/laptop/dell-inspiron-15-3530-i5-71053696
2026-04-15 11:07:21,559 [INFO]       - Đang quét Page 1: https://www.dienmayxanh.com/laptop/dell-inspiron-15-3530-i5-71053696/danh-gia?page=1
2026-04-15 11:07:29,300 [WARNING]         [!] Không thấy dữ liệu hoặc Trống (Lần lỗi 1/5)
2026-04-15 11:07:32,239 [INFO]       - Đang quét Page 2: https://www.dienmayxanh.com/laptop/dell-inspiron-15-3530-i5-71053696/danh-gia?page=2
2026-04-15 11:07:39,719 [WARNING]         [!] Không thấy dữ liệu hoặc Trống (Lần lỗi 2/5)
2026-04-15 11:07:42,099 [INFO]  ✅ Hoàn tất cào sản phẩm: 337471
2026-04-15 11:07:42,099 [INFO]  -> [168/179] Lấy Breadcrumb & Review trang gốc: https://www.dienmayxanh.com/laptop/lenovo-ideapad-slim-5-oled-14irh10r-core-5-83j0006dvn
2026-04-15 11:07:56,622 [INFO]       - Đang quét Page 1: https://www.dienmayxanh.com/laptop/lenovo-ideapad-slim-5-oled-14irh10r-core-5-83j0006dvn/danh-gia?page=1
2026-04-15 11:08:04,270 [WARNING]         [!] Không thấy dữ liệu hoặc Trống (Lần lỗi 1/5)
2026-04-15 11:08:06,980 [INFO]       - Đang quét Page 2: https://www.dienmayxanh.com/laptop/lenovo-ideapad-slim-5-oled-14irh10r-core-5-83j0006dvn/danh-gia?page=2
2026-04-15 11:08:14,538 [WARNING]         [!] Không thấy dữ liệu hoặc Trống (Lần lỗi 2/5)
2026-04-15 11:08:16,263 [INFO]  ✅ Hoàn tất cào sản phẩm: 342501
2026-04-15 11:08:16,264 [INFO]  -> [169/179] Lấy Breadcrumb & Review trang gốc: https://www.dienmayxanh.com/laptop/asus-x1607ca-ultra-5-225h-mb980w
2026-04-15 11:08:23,230 [INFO]       - Đang quét Page 1: https://www.dienmayxanh.com/laptop/asus-x1607ca-ultra-5-225h-mb980w/danh-gia?page=1
2026-04-15 11:08:30,697 [WARNING]         [!] Không thấy dữ liệu hoặc Trống (Lần lỗi 1/5)
2026-04-15 11:08:32,753 [INFO]       - Đang quét Page 2: https://www.dienmayxanh.com/laptop/asus-x1607ca-ultra-5-225h-mb980w/danh-gia?page=2
2026-04-15 11:08:40,185 [WARNING]         [!] Không thấy dữ liệu hoặc Trống (Lần lỗi 2/5)
2026-04-15 11:08:42,142 [INFO]  ✅ Hoàn tất cào sản phẩm: 363257
2026-04-15 11:08:42,142 [INFO] ♻️ Làm mới Session trình duyệt...
2026-04-15 11:08:43,241 [INFO]  -> [170/179] Lấy Breadcrumb & Review trang gốc: https://www.dienmayxanh.com/laptop/acer-aspire-5-a515-58gm-51lb-i5-nxkq4sv002
2026-04-15 11:09:13,082 [INFO]       ✅ Thu được 10 reviews từ trang gốc.
2026-04-15 11:09:13,082 [INFO]       - Đang quét Page 1: https://www.dienmayxanh.com/laptop/acer-aspire-5-a515-58gm-51lb-i5-nxkq4sv002/danh-gia?page=1
2026-04-15 11:09:36,405 [WARNING]         [!] Không thấy dữ liệu hoặc Trống (Lần lỗi 1/5)
2026-04-15 11:09:38,434 [INFO]       - Đang quét Page 2: https://www.dienmayxanh.com/laptop/acer-aspire-5-a515-58gm-51lb-i5-nxkq4sv002/danh-gia?page=2
2026-04-15 11:10:08,235 [INFO]         ✅ Thêm 11 reviews mới từ Page 2.
2026-04-15 11:10:10,954 [INFO]       - Đang quét Page 3: https://www.dienmayxanh.com/laptop/acer-aspire-5-a515-58gm-51lb-i5-nxkq4sv002/danh-gia?page=3
2026-04-15 11:10:20,621 [WARNING]         [!] Không thấy dữ liệu hoặc Trống (Lần lỗi 1/5)
2026-04-15 11:10:23,569 [INFO]       - Đang quét Page 4: https://www.dienmayxanh.com/laptop/acer-aspire-5-a515-58gm-51lb-i5-nxkq4sv002/danh-gia?page=4
2026-04-15 11:10:33,161 [WARNING]         [!] Không thấy dữ liệu hoặc Trống (Lần lỗi 2/5)
2026-04-15 11:10:35,013 [INFO]         💾 Đã lưu 17 reviews cuối.
2026-04-15 11:10:35,014 [INFO]  ✅ Hoàn tất cào sản phẩm: 314630
2026-04-15 11:10:35,014 [INFO]  -> [171/179] Lấy Breadcrumb & Review trang gốc: https://www.dienmayxanh.com/laptop/acer-nitro-v-anv15-51-57b2-i5-nhqn8sv001
2026-04-15 11:10:57,772 [INFO]       - Đang quét Page 1: https://www.dienmayxanh.com/laptop/acer-nitro-v-anv15-51-57b2-i5-nhqn8sv001/danh-gia?page=1
2026-04-15 11:11:06,198 [WARNING]         [!] Không thấy dữ liệu hoặc Trống (Lần lỗi 1/5)
2026-04-15 11:11:08,273 [INFO]       - Đang quét Page 2: https://www.dienmayxanh.com/laptop/acer-nitro-v-anv15-51-57b2-i5-nhqn8sv001/danh-gia?page=2
2026-04-15 11:11:16,015 [WARNING]         [!] Không thấy dữ liệu hoặc Trống (Lần lỗi 2/5)
2026-04-15 11:11:18,937 [INFO]  ✅ Hoàn tất cào sản phẩm: 318354
2026-04-15 11:11:18,937 [INFO]  -> [172/179] Lấy Breadcrumb & Review trang gốc: https://www.dienmayxanh.com/laptop/hp-elitebook-635-aero-g11-r7-b91d3pt
2026-04-15 11:11:26,193 [INFO]       - Đang quét Page 1: https://www.dienmayxanh.com/laptop/hp-elitebook-635-aero-g11-r7-b91d3pt/danh-gia?page=1
2026-04-15 11:11:33,799 [WARNING]         [!] Không thấy dữ liệu hoặc Trống (Lần lỗi 1/5)
2026-04-15 11:11:35,553 [INFO]       - Đang quét Page 2: https://www.dienmayxanh.com/laptop/hp-elitebook-635-aero-g11-r7-b91d3pt/danh-gia?page=2
2026-04-15 11:11:44,327 [WARNING]         [!] Không thấy dữ liệu hoặc Trống (Lần lỗi 2/5)
2026-04-15 11:11:47,065 [INFO]  ✅ Hoàn tất cào sản phẩm: 339265
2026-04-15 11:11:47,067 [INFO]  -> [173/179] Lấy Breadcrumb & Review trang gốc: https://www.dienmayxanh.com/laptop/lenovo-gaming-loq-15arp9-r5-83jc00lvvn
2026-04-15 11:12:19,460 [INFO]       - Đang quét Page 1: https://www.dienmayxanh.com/laptop/lenovo-gaming-loq-15arp9-r5-83jc00lvvn/danh-gia?page=1
2026-04-15 11:12:26,880 [WARNING]         [!] Không thấy dữ liệu hoặc Trống (Lần lỗi 1/5)
2026-04-15 11:12:28,615 [INFO]       - Đang quét Page 2: https://www.dienmayxanh.com/laptop/lenovo-gaming-loq-15arp9-r5-83jc00lvvn/danh-gia?page=2
2026-04-15 11:12:36,067 [WARNING]         [!] Không thấy dữ liệu hoặc Trống (Lần lỗi 2/5)
2026-04-15 11:12:38,685 [INFO]  ✅ Hoàn tất cào sản phẩm: 342522
2026-04-15 11:12:38,686 [INFO]  -> [174/179] Lấy Breadcrumb & Review trang gốc: https://www.dienmayxanh.com/laptop/asus-vivobook-s14-s3407va-i7-13620h-ly053w
2026-04-15 11:13:02,307 [INFO]       - Đang quét Page 1: https://www.dienmayxanh.com/laptop/asus-vivobook-s14-s3407va-i7-13620h-ly053w/danh-gia?page=1
2026-04-15 11:13:09,998 [WARNING]         [!] Không thấy dữ liệu hoặc Trống (Lần lỗi 1/5)
2026-04-15 11:13:12,404 [INFO]       - Đang quét Page 2: https://www.dienmayxanh.com/laptop/asus-vivobook-s14-s3407va-i7-13620h-ly053w/danh-gia?page=2
2026-04-15 11:13:19,851 [WARNING]         [!] Không thấy dữ liệu hoặc Trống (Lần lỗi 2/5)
2026-04-15 11:13:22,673 [INFO]  ✅ Hoàn tất cào sản phẩm: 342749
2026-04-15 11:13:22,673 [INFO]  -> [175/179] Lấy Breadcrumb & Review trang gốc: https://www.dienmayxanh.com/laptop/acer-aspire-lite-15-al15-42p-r8e6-r5-7430u-nx-d34sv-001
2026-04-15 11:13:27,457 [INFO]       - Đang quét Page 1: https://www.dienmayxanh.com/laptop/acer-aspire-lite-15-al15-42p-r8e6-r5-7430u-nx-d34sv-001/danh-gia?page=1
2026-04-15 11:13:35,101 [WARNING]         [!] Không thấy dữ liệu hoặc Trống (Lần lỗi 1/5)
2026-04-15 11:13:37,569 [INFO]       - Đang quét Page 2: https://www.dienmayxanh.com/laptop/acer-aspire-lite-15-al15-42p-r8e6-r5-7430u-nx-d34sv-001/danh-gia?page=2
2026-04-15 11:13:44,973 [WARNING]         [!] Không thấy dữ liệu hoặc Trống (Lần lỗi 2/5)
2026-04-15 11:13:46,846 [INFO]  ✅ Hoàn tất cào sản phẩm: 343121
2026-04-15 11:13:46,847 [INFO]  -> [176/179] Lấy Breadcrumb & Review trang gốc: https://www.dienmayxanh.com/laptop/dell-15-dc15250-i7-1355u-71073959
2026-04-15 11:13:54,723 [INFO]       - Đang quét Page 1: https://www.dienmayxanh.com/laptop/dell-15-dc15250-i7-1355u-71073959/danh-gia?page=1
2026-04-15 11:14:02,196 [WARNING]         [!] Không thấy dữ liệu hoặc Trống (Lần lỗi 1/5)
2026-04-15 11:14:04,672 [INFO]       - Đang quét Page 2: https://www.dienmayxanh.com/laptop/dell-15-dc15250-i7-1355u-71073959/danh-gia?page=2
2026-04-15 11:14:13,461 [WARNING]         [!] Không thấy dữ liệu hoặc Trống (Lần lỗi 2/5)
2026-04-15 11:14:15,030 [INFO]  ✅ Hoàn tất cào sản phẩm: 358499
2026-04-15 11:14:15,032 [INFO]  -> [177/179] Lấy Breadcrumb & Review trang gốc: https://www.dienmayxanh.com/laptop/dell-16-dc16250-core-7-150u-c7u161w11blu
2026-04-15 11:14:27,174 [INFO]       - Đang quét Page 1: https://www.dienmayxanh.com/laptop/dell-16-dc16250-core-7-150u-c7u161w11blu/danh-gia?page=1
2026-04-15 11:14:34,718 [WARNING]         [!] Không thấy dữ liệu hoặc Trống (Lần lỗi 1/5)
2026-04-15 11:14:37,061 [INFO]       - Đang quét Page 2: https://www.dienmayxanh.com/laptop/dell-16-dc16250-core-7-150u-c7u161w11blu/danh-gia?page=2
2026-04-15 11:14:46,004 [WARNING]         [!] Không thấy dữ liệu hoặc Trống (Lần lỗi 2/5)
2026-04-15 11:14:48,754 [INFO]  ✅ Hoàn tất cào sản phẩm: 360694
2026-04-15 11:14:48,755 [INFO]  -> [178/179] Lấy Breadcrumb & Review trang gốc: https://www.dienmayxanh.com/laptop/msi-gaming-cyborg-15-a13uc-i5-13420h-2088vn
2026-04-15 11:15:03,542 [INFO]       - Đang quét Page 1: https://www.dienmayxanh.com/laptop/msi-gaming-cyborg-15-a13uc-i5-13420h-2088vn/danh-gia?page=1
2026-04-15 11:15:11,085 [WARNING]         [!] Không thấy dữ liệu hoặc Trống (Lần lỗi 1/5)
2026-04-15 11:15:13,153 [INFO]       - Đang quét Page 2: https://www.dienmayxanh.com/laptop/msi-gaming-cyborg-15-a13uc-i5-13420h-2088vn/danh-gia?page=2
2026-04-15 11:15:20,823 [WARNING]         [!] Không thấy dữ liệu hoặc Trống (Lần lỗi 2/5)
2026-04-15 11:15:23,189 [INFO]  ✅ Hoàn tất cào sản phẩm: 363690
2026-04-15 11:15:23,189 [INFO]  -> [179/179] Lấy Breadcrumb & Review trang gốc: https://www.dienmayxanh.com/laptop/lenovo-v15-g5-irl-i5-13420h-83hf00bvvn
2026-04-15 11:15:32,632 [INFO]       - Đang quét Page 1: https://www.dienmayxanh.com/laptop/lenovo-v15-g5-irl-i5-13420h-83hf00bvvn/danh-gia?page=1
2026-04-15 11:15:41,347 [WARNING]         [!] Không thấy dữ liệu hoặc Trống (Lần lỗi 1/5)
2026-04-15 11:15:43,836 [INFO]       - Đang quét Page 2: https://www.dienmayxanh.com/laptop/lenovo-v15-g5-irl-i5-13420h-83hf00bvvn/danh-gia?page=2
2026-04-15 11:15:51,874 [WARNING]         [!] Không thấy dữ liệu hoặc Trống (Lần lỗi 2/5)
2026-04-15 11:15:53,736 [INFO]  ✅ Hoàn tất cào sản phẩm: 363902
2026-04-15 11:15:53,737 [INFO] ===> ĐANG XỬ LÝ FILE: pc_integrated.csv
2026-04-15 11:15:53,889 [INFO] ♻️ Làm mới Session trình duyệt...
2026-04-15 11:15:54,972 [INFO]  -> [1/40] Lấy Breadcrumb & Review trang gốc: https://www.dienmayxanh.com/may-tinh-nguyen-bo/singpc-r54m495sf-w-r5-4650g
2026-04-15 11:16:19,172 [INFO]       ✅ Thu được 3 reviews từ trang gốc.
2026-04-15 11:16:19,173 [INFO]       - Đang quét Page 1: https://www.dienmayxanh.com/may-tinh-nguyen-bo/singpc-r54m495sf-w-r5-4650g/danh-gia?page=1
2026-04-15 11:16:25,269 [INFO]         ✅ Thêm 0 reviews mới từ Page 1.
2026-04-15 11:16:28,128 [INFO]       - Đang quét Page 2: https://www.dienmayxanh.com/may-tinh-nguyen-bo/singpc-r54m495sf-w-r5-4650g/danh-gia?page=2
2026-04-15 11:16:38,255 [WARNING]         [!] Không thấy dữ liệu hoặc Trống (Lần lỗi 1/5)
2026-04-15 11:16:39,791 [INFO]       - Đang quét Page 3: https://www.dienmayxanh.com/may-tinh-nguyen-bo/singpc-r54m495sf-w-r5-4650g/danh-gia?page=3
2026-04-15 11:16:50,647 [WARNING]         [!] Không thấy dữ liệu hoặc Trống (Lần lỗi 2/5)
2026-04-15 11:16:53,312 [INFO]         💾 Đã lưu 3 reviews cuối.
2026-04-15 11:16:53,312 [INFO]  ✅ Hoàn tất cào sản phẩm: 341120
2026-04-15 11:16:53,313 [INFO]  -> [2/40] Lấy Breadcrumb & Review trang gốc: https://www.dienmayxanh.com/may-tinh-nguyen-bo/singpc-i713h695sf-w-i7-13620h
2026-04-15 11:17:03,634 [INFO]       ✅ Thu được 1 reviews từ trang gốc.
2026-04-15 11:17:03,635 [INFO]       - Đang quét Page 1: https://www.dienmayxanh.com/may-tinh-nguyen-bo/singpc-i713h695sf-w-i7-13620h/danh-gia?page=1
2026-04-15 11:17:12,523 [WARNING]         [!] Không thấy dữ liệu hoặc Trống (Lần lỗi 1/5)
2026-04-15 11:17:15,239 [INFO]       - Đang quét Page 2: https://www.dienmayxanh.com/may-tinh-nguyen-bo/singpc-i713h695sf-w-i7-13620h/danh-gia?page=2
2026-04-15 11:17:22,646 [WARNING]         [!] Không thấy dữ liệu hoặc Trống (Lần lỗi 2/5)
2026-04-15 11:17:24,870 [INFO]         💾 Đã lưu 1 reviews cuối.
2026-04-15 11:17:24,870 [INFO]  ✅ Hoàn tất cào sản phẩm: 330875
2026-04-15 11:17:24,871 [INFO]  -> [3/40] Lấy Breadcrumb & Review trang gốc: https://www.dienmayxanh.com/may-tinh-nguyen-bo/singpc-i512h682sf-w-i5-12450h
2026-04-15 11:17:38,941 [INFO]       - Đang quét Page 1: https://www.dienmayxanh.com/may-tinh-nguyen-bo/singpc-i512h682sf-w-i5-12450h/danh-gia?page=1
2026-04-15 11:17:46,378 [WARNING]         [!] Không thấy dữ liệu hoặc Trống (Lần lỗi 1/5)
2026-04-15 11:17:48,972 [INFO]       - Đang quét Page 2: https://www.dienmayxanh.com/may-tinh-nguyen-bo/singpc-i512h682sf-w-i5-12450h/danh-gia?page=2
2026-04-15 11:17:56,371 [WARNING]         [!] Không thấy dữ liệu hoặc Trống (Lần lỗi 2/5)
2026-04-15 11:17:59,362 [INFO]  ✅ Hoàn tất cào sản phẩm: 330873
2026-04-15 11:17:59,363 [INFO]  -> [4/40] Lấy Breadcrumb & Review trang gốc: https://www.dienmayxanh.com/may-tinh-nguyen-bo/singpc-r33b482sf-w-r3-3200g
2026-04-15 11:18:07,300 [INFO]       ✅ Thu được 2 reviews từ trang gốc.
2026-04-15 11:18:07,300 [INFO]       - Đang quét Page 1: https://www.dienmayxanh.com/may-tinh-nguyen-bo/singpc-r33b482sf-w-r3-3200g/danh-gia?page=1
2026-04-15 11:18:15,904 [WARNING]         [!] Không thấy dữ liệu hoặc Trống (Lần lỗi 1/5)
2026-04-15 11:18:18,698 [INFO]       - Đang quét Page 2: https://www.dienmayxanh.com/may-tinh-nguyen-bo/singpc-r33b482sf-w-r3-3200g/danh-gia?page=2
2026-04-15 11:18:26,289 [WARNING]         [!] Không thấy dữ liệu hoặc Trống (Lần lỗi 2/5)
2026-04-15 11:18:29,199 [INFO]         💾 Đã lưu 2 reviews cuối.
2026-04-15 11:18:29,199 [INFO]  ✅ Hoàn tất cào sản phẩm: 341119
2026-04-15 11:18:29,200 [INFO]  -> [5/40] Lấy Breadcrumb & Review trang gốc: https://www.dienmayxanh.com/may-tinh-nguyen-bo/minipc-singpc-i12450h682-w-i5-12450h
2026-04-15 11:18:37,814 [INFO]       - Đang quét Page 1: https://www.dienmayxanh.com/may-tinh-nguyen-bo/minipc-singpc-i12450h682-w-i5-12450h/danh-gia?page=1
2026-04-15 11:18:45,375 [WARNING]         [!] Không thấy dữ liệu hoặc Trống (Lần lỗi 1/5)
2026-04-15 11:18:47,459 [INFO]       - Đang quét Page 2: https://www.dienmayxanh.com/may-tinh-nguyen-bo/minipc-singpc-i12450h682-w-i5-12450h/danh-gia?page=2
2026-04-15 11:18:55,132 [WARNING]         [!] Không thấy dữ liệu hoặc Trống (Lần lỗi 2/5)
2026-04-15 11:18:57,421 [INFO]  ✅ Hoàn tất cào sản phẩm: 334320
2026-04-15 11:18:57,422 [INFO]  -> [6/40] Lấy Breadcrumb & Review trang gốc: https://www.dienmayxanh.com/may-tinh-nguyen-bo/aio-asus-v440vak-i3-1315u-8gb-512gb
2026-04-15 11:19:09,094 [INFO]       ✅ Thu được 1 reviews từ trang gốc.
2026-04-15 11:19:09,094 [INFO]       - Đang quét Page 1: https://www.dienmayxanh.com/may-tinh-nguyen-bo/aio-asus-v440vak-i3-1315u-8gb-512gb/danh-gia?page=1
2026-04-15 11:19:16,538 [WARNING]         [!] Không thấy dữ liệu hoặc Trống (Lần lỗi 1/5)
2026-04-15 11:19:18,067 [INFO]       - Đang quét Page 2: https://www.dienmayxanh.com/may-tinh-nguyen-bo/aio-asus-v440vak-i3-1315u-8gb-512gb/danh-gia?page=2
2026-04-15 11:19:25,458 [WARNING]         [!] Không thấy dữ liệu hoặc Trống (Lần lỗi 2/5)
2026-04-15 11:19:27,265 [INFO]         💾 Đã lưu 1 reviews cuối.
2026-04-15 11:19:27,265 [INFO]  ✅ Hoàn tất cào sản phẩm: 337419
2026-04-15 11:19:27,266 [INFO]  -> [7/40] Lấy Breadcrumb & Review trang gốc: https://www.dienmayxanh.com/may-tinh-nguyen-bo/rosa-crystal-a10-ryzen-3-3200g-8gb-256gb-win11
2026-04-15 11:19:43,854 [INFO]       - Đang quét Page 1: https://www.dienmayxanh.com/may-tinh-nguyen-bo/rosa-crystal-a10-ryzen-3-3200g-8gb-256gb-win11/danh-gia?page=1
2026-04-15 11:19:52,376 [WARNING]         [!] Không thấy dữ liệu hoặc Trống (Lần lỗi 1/5)
2026-04-15 11:19:55,355 [INFO]       - Đang quét Page 2: https://www.dienmayxanh.com/may-tinh-nguyen-bo/rosa-crystal-a10-ryzen-3-3200g-8gb-256gb-win11/danh-gia?page=2
2026-04-15 11:20:03,155 [WARNING]         [!] Không thấy dữ liệu hoặc Trống (Lần lỗi 2/5)
2026-04-15 11:20:05,254 [INFO]  ✅ Hoàn tất cào sản phẩm: 329465
2026-04-15 11:20:05,255 [INFO]  -> [8/40] Lấy Breadcrumb & Review trang gốc: https://www.dienmayxanh.com/may-tinh-nguyen-bo/rosa-x-asus-rezo-i121-core-i5-12400f-16gb-500gb-rtx-5060-8gb-win11pro
2026-04-15 11:20:15,608 [INFO]       - Đang quét Page 1: https://www.dienmayxanh.com/may-tinh-nguyen-bo/rosa-x-asus-rezo-i121-core-i5-12400f-16gb-500gb-rtx-5060-8gb-win11pro/danh-gia?page=1
2026-04-15 11:20:23,213 [WARNING]         [!] Không thấy dữ liệu hoặc Trống (Lần lỗi 1/5)
2026-04-15 11:20:26,013 [INFO]       - Đang quét Page 2: https://www.dienmayxanh.com/may-tinh-nguyen-bo/rosa-x-asus-rezo-i121-core-i5-12400f-16gb-500gb-rtx-5060-8gb-win11pro/danh-gia?page=2
2026-04-15 11:20:33,657 [WARNING]         [!] Không thấy dữ liệu hoặc Trống (Lần lỗi 2/5)
2026-04-15 11:20:35,231 [INFO]  ✅ Hoàn tất cào sản phẩm: 358732
2026-04-15 11:20:35,231 [INFO]  -> [9/40] Lấy Breadcrumb & Review trang gốc: https://www.dienmayxanh.com/may-tinh-nguyen-bo/asus-aio-v440vak-i5-13420h-16gb-512g
2026-04-15 11:21:12,464 [INFO]       ✅ Thu được 1 reviews từ trang gốc.
2026-04-15 11:21:12,464 [INFO]       - Đang quét Page 1: https://www.dienmayxanh.com/may-tinh-nguyen-bo/asus-aio-v440vak-i5-13420h-16gb-512g/danh-gia?page=1
2026-04-15 11:21:19,939 [WARNING]         [!] Không thấy dữ liệu hoặc Trống (Lần lỗi 1/5)
2026-04-15 11:21:21,835 [INFO]       - Đang quét Page 2: https://www.dienmayxanh.com/may-tinh-nguyen-bo/asus-aio-v440vak-i5-13420h-16gb-512g/danh-gia?page=2
2026-04-15 11:21:30,195 [WARNING]         [!] Không thấy dữ liệu hoặc Trống (Lần lỗi 2/5)
2026-04-15 11:21:32,779 [INFO]         💾 Đã lưu 1 reviews cuối.
2026-04-15 11:21:32,780 [INFO]  ✅ Hoàn tất cào sản phẩm: 337421
2026-04-15 11:21:32,780 [INFO]  -> [10/40] Lấy Breadcrumb & Review trang gốc: https://www.dienmayxanh.com/may-tinh-nguyen-bo/imac-24-inch-m4-16gb-256gb
2026-04-15 11:21:45,564 [INFO]       - Đang quét Page 1: https://www.dienmayxanh.com/may-tinh-nguyen-bo/imac-24-inch-m4-16gb-256gb/danh-gia?page=1
2026-04-15 11:21:53,114 [WARNING]         [!] Không thấy dữ liệu hoặc Trống (Lần lỗi 1/5)
2026-04-15 11:21:55,386 [INFO]       - Đang quét Page 2: https://www.dienmayxanh.com/may-tinh-nguyen-bo/imac-24-inch-m4-16gb-256gb/danh-gia?page=2
2026-04-15 11:22:02,891 [WARNING]         [!] Không thấy dữ liệu hoặc Trống (Lần lỗi 2/5)
2026-04-15 11:22:04,864 [INFO]  ✅ Hoàn tất cào sản phẩm: 331480
2026-04-15 11:22:04,865 [INFO] ♻️ Làm mới Session trình duyệt...
2026-04-15 11:22:05,935 [INFO]  -> [11/40] Lấy Breadcrumb & Review trang gốc: https://www.dienmayxanh.com/may-tinh-nguyen-bo/rosa-rezo-i120-core-i5-12400f-16gb-ssd-500gb-rtx3050-6gb-win11
2026-04-15 11:22:20,016 [INFO]       - Đang quét Page 1: https://www.dienmayxanh.com/may-tinh-nguyen-bo/rosa-rezo-i120-core-i5-12400f-16gb-ssd-500gb-rtx3050-6gb-win11/danh-gia?page=1
2026-04-15 11:22:27,761 [WARNING]         [!] Không thấy dữ liệu hoặc Trống (Lần lỗi 1/5)
2026-04-15 11:22:30,638 [INFO]       - Đang quét Page 2: https://www.dienmayxanh.com/may-tinh-nguyen-bo/rosa-rezo-i120-core-i5-12400f-16gb-ssd-500gb-rtx3050-6gb-win11/danh-gia?page=2
2026-04-15 11:22:38,287 [WARNING]         [!] Không thấy dữ liệu hoặc Trống (Lần lỗi 2/5)
2026-04-15 11:22:40,224 [INFO]  ✅ Hoàn tất cào sản phẩm: 335910
2026-04-15 11:22:40,225 [INFO]  -> [12/40] Lấy Breadcrumb & Review trang gốc: https://www.dienmayxanh.com/may-tinh-nguyen-bo/minipc-msi-cubi-n-adl-235xvn-n100
2026-04-15 11:22:49,813 [INFO]       - Đang quét Page 1: https://www.dienmayxanh.com/may-tinh-nguyen-bo/minipc-msi-cubi-n-adl-235xvn-n100/danh-gia?page=1
2026-04-15 11:22:58,553 [WARNING]         [!] Không thấy dữ liệu hoặc Trống (Lần lỗi 1/5)
2026-04-15 11:23:00,208 [INFO]       - Đang quét Page 2: https://www.dienmayxanh.com/may-tinh-nguyen-bo/minipc-msi-cubi-n-adl-235xvn-n100/danh-gia?page=2
2026-04-15 11:23:09,479 [WARNING]         [!] Không thấy dữ liệu hoặc Trống (Lần lỗi 2/5)
2026-04-15 11:23:11,710 [INFO]  ✅ Hoàn tất cào sản phẩm: 360061
2026-04-15 11:23:11,711 [INFO]  -> [13/40] Lấy Breadcrumb & Review trang gốc: https://www.dienmayxanh.com/may-tinh-nguyen-bo/msi-aio-modern-am242-12m-i5-1235u-8gb-512gb-23-8-full-hd-ban-phim-chuot-win11
2026-04-15 11:23:20,730 [INFO]       - Đang quét Page 1: https://www.dienmayxanh.com/may-tinh-nguyen-bo/msi-aio-modern-am242-12m-i5-1235u-8gb-512gb-23-8-full-hd-ban-phim-chuot-win11/danh-gia?page=1
2026-04-15 11:23:28,211 [WARNING]         [!] Không thấy dữ liệu hoặc Trống (Lần lỗi 1/5)
2026-04-15 11:23:29,960 [INFO]       - Đang quét Page 2: https://www.dienmayxanh.com/may-tinh-nguyen-bo/msi-aio-modern-am242-12m-i5-1235u-8gb-512gb-23-8-full-hd-ban-phim-chuot-win11/danh-gia?page=2
2026-04-15 11:23:37,625 [WARNING]         [!] Không thấy dữ liệu hoặc Trống (Lần lỗi 2/5)
2026-04-15 11:23:39,270 [INFO]  ✅ Hoàn tất cào sản phẩm: 358387
2026-04-15 11:23:39,271 [INFO]  -> [14/40] Lấy Breadcrumb & Review trang gốc: https://www.dienmayxanh.com/may-tinh-nguyen-bo/singpc-aio-m24n18m2-w-n100-23-8-inch
2026-04-15 11:23:49,838 [INFO]       - Đang quét Page 1: https://www.dienmayxanh.com/may-tinh-nguyen-bo/singpc-aio-m24n18m2-w-n100-23-8-inch/danh-gia?page=1
2026-04-15 11:23:58,652 [WARNING]         [!] Không thấy dữ liệu hoặc Trống (Lần lỗi 1/5)
2026-04-15 11:24:01,480 [INFO]       - Đang quét Page 2: https://www.dienmayxanh.com/may-tinh-nguyen-bo/singpc-aio-m24n18m2-w-n100-23-8-inch/danh-gia?page=2
2026-04-15 11:24:09,179 [WARNING]         [!] Không thấy dữ liệu hoặc Trống (Lần lỗi 2/5)
2026-04-15 11:24:11,370 [INFO]  ✅ Hoàn tất cào sản phẩm: 361292
2026-04-15 11:24:11,371 [INFO]  -> [15/40] Lấy Breadcrumb & Review trang gốc: https://www.dienmayxanh.com/may-tinh-nguyen-bo/asus-v501sv-core-5-210h-v501sv-05210h040w
2026-04-15 11:24:18,358 [INFO]       - Đang quét Page 1: https://www.dienmayxanh.com/may-tinh-nguyen-bo/asus-v501sv-core-5-210h-v501sv-05210h040w/danh-gia?page=1
2026-04-15 11:24:25,822 [WARNING]         [!] Không thấy dữ liệu hoặc Trống (Lần lỗi 1/5)
2026-04-15 11:24:28,257 [INFO]       - Đang quét Page 2: https://www.dienmayxanh.com/may-tinh-nguyen-bo/asus-v501sv-core-5-210h-v501sv-05210h040w/danh-gia?page=2
2026-04-15 11:24:35,782 [WARNING]         [!] Không thấy dữ liệu hoặc Trống (Lần lỗi 2/5)
2026-04-15 11:24:37,398 [INFO]  ✅ Hoàn tất cào sản phẩm: 363817
2026-04-15 11:24:37,399 [INFO]  -> [16/40] Lấy Breadcrumb & Review trang gốc: https://www.dienmayxanh.com/may-tinh-nguyen-bo/singpc-aio-m24ai512h9m5-w-i5-12450h-23-8-inch
2026-04-15 11:24:46,243 [INFO]       - Đang quét Page 1: https://www.dienmayxanh.com/may-tinh-nguyen-bo/singpc-aio-m24ai512h9m5-w-i5-12450h-23-8-inch/danh-gia?page=1
2026-04-15 11:24:53,847 [WARNING]         [!] Không thấy dữ liệu hoặc Trống (Lần lỗi 1/5)
2026-04-15 11:24:55,490 [INFO]       - Đang quét Page 2: https://www.dienmayxanh.com/may-tinh-nguyen-bo/singpc-aio-m24ai512h9m5-w-i5-12450h-23-8-inch/danh-gia?page=2
2026-04-15 11:25:30,526 [WARNING]         [!] Không thấy dữ liệu hoặc Trống (Lần lỗi 2/5)
2026-04-15 11:25:32,360 [INFO]  ✅ Hoàn tất cào sản phẩm: 361290
2026-04-15 11:25:32,361 [INFO]  -> [17/40] Lấy Breadcrumb & Review trang gốc: https://www.dienmayxanh.com/may-tinh-nguyen-bo/imac-24-inch-m4-24gb-512gb
2026-04-15 11:26:09,415 [INFO]       - Đang quét Page 1: https://www.dienmayxanh.com/may-tinh-nguyen-bo/imac-24-inch-m4-24gb-512gb/danh-gia?page=1
2026-04-15 11:26:16,975 [WARNING]         [!] Không thấy dữ liệu hoặc Trống (Lần lỗi 1/5)
2026-04-15 11:26:19,519 [INFO]       - Đang quét Page 2: https://www.dienmayxanh.com/may-tinh-nguyen-bo/imac-24-inch-m4-24gb-512gb/danh-gia?page=2
2026-04-15 11:26:45,787 [WARNING]         [!] Không thấy dữ liệu hoặc Trống (Lần lỗi 2/5)
2026-04-15 11:26:47,955 [INFO]  ✅ Hoàn tất cào sản phẩm: 331483
2026-04-15 11:26:47,956 [INFO]  -> [18/40] Lấy Breadcrumb & Review trang gốc: https://www.dienmayxanh.com/may-tinh-nguyen-bo/asus-aio-v440vat-i5-13420h-16gb-512gb
2026-04-15 11:27:25,025 [INFO]       - Đang quét Page 1: https://www.dienmayxanh.com/may-tinh-nguyen-bo/asus-aio-v440vat-i5-13420h-16gb-512gb/danh-gia?page=1
2026-04-15 11:27:32,589 [WARNING]         [!] Không thấy dữ liệu hoặc Trống (Lần lỗi 1/5)
2026-04-15 11:27:35,131 [INFO]       - Đang quét Page 2: https://www.dienmayxanh.com/may-tinh-nguyen-bo/asus-aio-v440vat-i5-13420h-16gb-512gb/danh-gia?page=2
2026-04-15 11:27:42,818 [WARNING]         [!] Không thấy dữ liệu hoặc Trống (Lần lỗi 2/5)
2026-04-15 11:27:44,530 [INFO]  ✅ Hoàn tất cào sản phẩm: 337416
2026-04-15 11:27:44,531 [INFO]  -> [19/40] Lấy Breadcrumb & Review trang gốc: https://www.dienmayxanh.com/may-tinh-nguyen-bo/imac-24-inch-m4-16gb-512gb
2026-04-15 11:27:54,409 [INFO]       - Đang quét Page 1: https://www.dienmayxanh.com/may-tinh-nguyen-bo/imac-24-inch-m4-16gb-512gb/danh-gia?page=1
2026-04-15 11:28:02,175 [WARNING]         [!] Không thấy dữ liệu hoặc Trống (Lần lỗi 1/5)
2026-04-15 11:28:04,143 [INFO]       - Đang quét Page 2: https://www.dienmayxanh.com/may-tinh-nguyen-bo/imac-24-inch-m4-16gb-512gb/danh-gia?page=2
2026-04-15 11:28:11,707 [WARNING]         [!] Không thấy dữ liệu hoặc Trống (Lần lỗi 2/5)
2026-04-15 11:28:13,478 [INFO]  ✅ Hoàn tất cào sản phẩm: 331482
2026-04-15 11:28:13,478 [INFO]  -> [20/40] Lấy Breadcrumb & Review trang gốc: https://www.dienmayxanh.com/may-tinh-nguyen-bo/asus-v500mv-i5-13420h-8gb-512gb
2026-04-15 11:28:50,551 [INFO]       - Đang quét Page 1: https://www.dienmayxanh.com/may-tinh-nguyen-bo/asus-v500mv-i5-13420h-8gb-512gb/danh-gia?page=1
2026-04-15 11:28:57,962 [WARNING]         [!] Không thấy dữ liệu hoặc Trống (Lần lỗi 1/5)
2026-04-15 11:29:00,456 [INFO]       - Đang quét Page 2: https://www.dienmayxanh.com/may-tinh-nguyen-bo/asus-v500mv-i5-13420h-8gb-512gb/danh-gia?page=2
2026-04-15 11:29:09,185 [WARNING]         [!] Không thấy dữ liệu hoặc Trống (Lần lỗi 2/5)
2026-04-15 11:29:10,701 [INFO]  ✅ Hoàn tất cào sản phẩm: 335812
2026-04-15 11:29:10,702 [INFO] ♻️ Làm mới Session trình duyệt...
2026-04-15 11:29:11,825 [INFO]  -> [21/40] Lấy Breadcrumb & Review trang gốc: https://www.dienmayxanh.com/may-tinh-nguyen-bo/singpc-aio-m24n19m5-w-n100-23-8-inch
2026-04-15 11:29:27,472 [INFO]       - Đang quét Page 1: https://www.dienmayxanh.com/may-tinh-nguyen-bo/singpc-aio-m24n19m5-w-n100-23-8-inch/danh-gia?page=1
2026-04-15 11:29:38,993 [WARNING]         [!] Không thấy dữ liệu hoặc Trống (Lần lỗi 1/5)
2026-04-15 11:29:41,292 [INFO]       - Đang quét Page 2: https://www.dienmayxanh.com/may-tinh-nguyen-bo/singpc-aio-m24n19m5-w-n100-23-8-inch/danh-gia?page=2
2026-04-15 11:29:49,190 [WARNING]         [!] Không thấy dữ liệu hoặc Trống (Lần lỗi 2/5)
2026-04-15 11:29:51,753 [INFO]  ✅ Hoàn tất cào sản phẩm: 361295
2026-04-15 11:29:51,754 [INFO]  -> [22/40] Lấy Breadcrumb & Review trang gốc: https://www.dienmayxanh.com/may-tinh-nguyen-bo/msi-pro-dp180-i5-14400-9s6-b0a761-1220
2026-04-15 11:30:09,246 [INFO]       ✅ Thu được 2 reviews từ trang gốc.
2026-04-15 11:30:09,246 [INFO]       - Đang quét Page 1: https://www.dienmayxanh.com/may-tinh-nguyen-bo/msi-pro-dp180-i5-14400-9s6-b0a761-1220/danh-gia?page=1
2026-04-15 11:30:16,706 [WARNING]         [!] Không thấy dữ liệu hoặc Trống (Lần lỗi 1/5)
2026-04-15 11:30:19,002 [INFO]       - Đang quét Page 2: https://www.dienmayxanh.com/may-tinh-nguyen-bo/msi-pro-dp180-i5-14400-9s6-b0a761-1220/danh-gia?page=2
2026-04-15 11:30:27,866 [WARNING]         [!] Không thấy dữ liệu hoặc Trống (Lần lỗi 2/5)
2026-04-15 11:30:29,895 [INFO]         💾 Đã lưu 2 reviews cuối.
2026-04-15 11:30:29,895 [INFO]  ✅ Hoàn tất cào sản phẩm: 361943
2026-04-15 11:30:29,896 [INFO]  -> [23/40] Lấy Breadcrumb & Review trang gốc: https://www.dienmayxanh.com/may-tinh-nguyen-bo/asus-aio-v440va-core-7-240h-23-8-inch-v440vak-wpc408w
2026-04-15 11:30:44,289 [INFO]       - Đang quét Page 1: https://www.dienmayxanh.com/may-tinh-nguyen-bo/asus-aio-v440va-core-7-240h-23-8-inch-v440vak-wpc408w/danh-gia?page=1
2026-04-15 11:30:51,903 [WARNING]         [!] Không thấy dữ liệu hoặc Trống (Lần lỗi 1/5)
2026-04-15 11:30:53,926 [INFO]       - Đang quét Page 2: https://www.dienmayxanh.com/may-tinh-nguyen-bo/asus-aio-v440va-core-7-240h-23-8-inch-v440vak-wpc408w/danh-gia?page=2
2026-04-15 11:31:01,773 [WARNING]         [!] Không thấy dữ liệu hoặc Trống (Lần lỗi 2/5)
2026-04-15 11:31:04,096 [INFO]  ✅ Hoàn tất cào sản phẩm: 364500
2026-04-15 11:31:04,096 [INFO]  -> [24/40] Lấy Breadcrumb & Review trang gốc: https://www.dienmayxanh.com/may-tinh-nguyen-bo/imac-24-inch-m4-16gb-256gb-10gpu
2026-04-15 11:31:17,101 [INFO]       - Đang quét Page 1: https://www.dienmayxanh.com/may-tinh-nguyen-bo/imac-24-inch-m4-16gb-256gb-10gpu/danh-gia?page=1
2026-04-15 11:31:24,845 [WARNING]         [!] Không thấy dữ liệu hoặc Trống (Lần lỗi 1/5)
2026-04-15 11:31:26,598 [INFO]       - Đang quét Page 2: https://www.dienmayxanh.com/may-tinh-nguyen-bo/imac-24-inch-m4-16gb-256gb-10gpu/danh-gia?page=2
2026-04-15 11:31:34,669 [WARNING]         [!] Không thấy dữ liệu hoặc Trống (Lần lỗi 2/5)
2026-04-15 11:31:37,166 [INFO]  ✅ Hoàn tất cào sản phẩm: 331484
2026-04-15 11:31:37,167 [INFO]  -> [25/40] Lấy Breadcrumb & Review trang gốc: https://www.dienmayxanh.com/may-tinh-nguyen-bo/imac-24-inch-m4-24gb-256gb
2026-04-15 11:31:47,207 [INFO]       - Đang quét Page 1: https://www.dienmayxanh.com/may-tinh-nguyen-bo/imac-24-inch-m4-24gb-256gb/danh-gia?page=1
2026-04-15 11:31:54,902 [WARNING]         [!] Không thấy dữ liệu hoặc Trống (Lần lỗi 1/5)
2026-04-15 11:31:56,446 [INFO]       - Đang quét Page 2: https://www.dienmayxanh.com/may-tinh-nguyen-bo/imac-24-inch-m4-24gb-256gb/danh-gia?page=2
2026-04-15 11:32:05,308 [WARNING]         [!] Không thấy dữ liệu hoặc Trống (Lần lỗi 2/5)
2026-04-15 11:32:07,107 [INFO]  ✅ Hoàn tất cào sản phẩm: 335185
2026-04-15 11:32:07,108 [INFO]  -> [26/40] Lấy Breadcrumb & Review trang gốc: https://www.dienmayxanh.com/may-tinh-nguyen-bo/rosa-rezo-i110-core-i3-12100f-8gb-ssd-256gb-rtx3050-6gb-win11
2026-04-15 11:32:34,585 [INFO]       - Đang quét Page 1: https://www.dienmayxanh.com/may-tinh-nguyen-bo/rosa-rezo-i110-core-i3-12100f-8gb-ssd-256gb-rtx3050-6gb-win11/danh-gia?page=1
2026-04-15 11:32:42,762 [WARNING]         [!] Không thấy dữ liệu hoặc Trống (Lần lỗi 1/5)
2026-04-15 11:32:44,562 [INFO]       - Đang quét Page 2: https://www.dienmayxanh.com/may-tinh-nguyen-bo/rosa-rezo-i110-core-i3-12100f-8gb-ssd-256gb-rtx3050-6gb-win11/danh-gia?page=2
2026-04-15 11:32:51,999 [WARNING]         [!] Không thấy dữ liệu hoặc Trống (Lần lỗi 2/5)
2026-04-15 11:32:54,247 [INFO]  ✅ Hoàn tất cào sản phẩm: 335909
2026-04-15 11:32:54,248 [INFO]  -> [27/40] Lấy Breadcrumb & Review trang gốc: https://www.dienmayxanh.com/may-tinh-nguyen-bo/singpc-aio-m24ei5129m5-w-i5-12400
2026-04-15 11:33:12,887 [INFO]       - Đang quét Page 1: https://www.dienmayxanh.com/may-tinh-nguyen-bo/singpc-aio-m24ei5129m5-w-i5-12400/danh-gia?page=1
2026-04-15 11:33:20,833 [WARNING]         [!] Không thấy dữ liệu hoặc Trống (Lần lỗi 1/5)
2026-04-15 11:33:22,618 [INFO]       - Đang quét Page 2: https://www.dienmayxanh.com/may-tinh-nguyen-bo/singpc-aio-m24ei5129m5-w-i5-12400/danh-gia?page=2
2026-04-15 11:33:30,470 [WARNING]         [!] Không thấy dữ liệu hoặc Trống (Lần lỗi 2/5)
2026-04-15 11:33:33,109 [INFO]  ✅ Hoàn tất cào sản phẩm: 341116
2026-04-15 11:33:33,110 [INFO]  -> [28/40] Lấy Breadcrumb & Review trang gốc: https://www.dienmayxanh.com/may-tinh-nguyen-bo/minipc-singpc-nuc-u512u695-w-ultra-5-125u
2026-04-15 11:33:41,153 [INFO]       - Đang quét Page 1: https://www.dienmayxanh.com/may-tinh-nguyen-bo/minipc-singpc-nuc-u512u695-w-ultra-5-125u/danh-gia?page=1
2026-04-15 11:33:48,921 [WARNING]         [!] Không thấy dữ liệu hoặc Trống (Lần lỗi 1/5)
2026-04-15 11:33:50,972 [INFO]       - Đang quét Page 2: https://www.dienmayxanh.com/may-tinh-nguyen-bo/minipc-singpc-nuc-u512u695-w-ultra-5-125u/danh-gia?page=2
2026-04-15 11:33:58,690 [WARNING]         [!] Không thấy dữ liệu hoặc Trống (Lần lỗi 2/5)
2026-04-15 11:34:01,132 [INFO]  ✅ Hoàn tất cào sản phẩm: 357648
2026-04-15 11:34:01,133 [INFO]  -> [29/40] Lấy Breadcrumb & Review trang gốc: https://www.dienmayxanh.com/may-tinh-nguyen-bo/minipc-singpc-nuc-u715u695-w-ultra-7-155u
2026-04-15 11:34:12,861 [INFO]       - Đang quét Page 1: https://www.dienmayxanh.com/may-tinh-nguyen-bo/minipc-singpc-nuc-u715u695-w-ultra-7-155u/danh-gia?page=1
2026-04-15 11:34:20,410 [WARNING]         [!] Không thấy dữ liệu hoặc Trống (Lần lỗi 1/5)
2026-04-15 11:34:23,072 [INFO]       - Đang quét Page 2: https://www.dienmayxanh.com/may-tinh-nguyen-bo/minipc-singpc-nuc-u715u695-w-ultra-7-155u/danh-gia?page=2
2026-04-15 11:34:31,176 [WARNING]         [!] Không thấy dữ liệu hoặc Trống (Lần lỗi 2/5)
2026-04-15 11:34:33,310 [INFO]  ✅ Hoàn tất cào sản phẩm: 357649
2026-04-15 11:34:33,311 [INFO]  -> [30/40] Lấy Breadcrumb & Review trang gốc: https://www.dienmayxanh.com/may-tinh-nguyen-bo/rosa-rezo-i131-core-i7-12700f-16gb-500gb-rtx-3050-6gb-win11pro
2026-04-15 11:34:41,868 [INFO]       - Đang quét Page 1: https://www.dienmayxanh.com/may-tinh-nguyen-bo/rosa-rezo-i131-core-i7-12700f-16gb-500gb-rtx-3050-6gb-win11pro/danh-gia?page=1
2026-04-15 11:34:49,472 [WARNING]         [!] Không thấy dữ liệu hoặc Trống (Lần lỗi 1/5)
2026-04-15 11:34:51,941 [INFO]       - Đang quét Page 2: https://www.dienmayxanh.com/may-tinh-nguyen-bo/rosa-rezo-i131-core-i7-12700f-16gb-500gb-rtx-3050-6gb-win11pro/danh-gia?page=2
2026-04-15 11:34:59,648 [WARNING]         [!] Không thấy dữ liệu hoặc Trống (Lần lỗi 2/5)
2026-04-15 11:35:01,499 [INFO]  ✅ Hoàn tất cào sản phẩm: 358730
2026-04-15 11:35:01,500 [INFO] ♻️ Làm mới Session trình duyệt...
2026-04-15 11:35:02,621 [INFO]  -> [31/40] Lấy Breadcrumb & Review trang gốc: https://www.dienmayxanh.com/may-tinh-nguyen-bo/rosa-x-asus-rezo-i120-core-i5-12400f-16gb-500gb-rtx-5050-8gb-win11pro
2026-04-15 11:35:39,719 [INFO]       - Đang quét Page 1: https://www.dienmayxanh.com/may-tinh-nguyen-bo/rosa-x-asus-rezo-i120-core-i5-12400f-16gb-500gb-rtx-5050-8gb-win11pro/danh-gia?page=1
2026-04-15 11:35:48,908 [WARNING]         [!] Không thấy dữ liệu hoặc Trống (Lần lỗi 1/5)
2026-04-15 11:35:50,901 [INFO]       - Đang quét Page 2: https://www.dienmayxanh.com/may-tinh-nguyen-bo/rosa-x-asus-rezo-i120-core-i5-12400f-16gb-500gb-rtx-5050-8gb-win11pro/danh-gia?page=2
2026-04-15 11:35:59,729 [WARNING]         [!] Không thấy dữ liệu hoặc Trống (Lần lỗi 2/5)
2026-04-15 11:36:02,515 [INFO]  ✅ Hoàn tất cào sản phẩm: 358731
2026-04-15 11:36:02,515 [INFO]  -> [32/40] Lấy Breadcrumb & Review trang gốc: https://www.dienmayxanh.com/may-tinh-nguyen-bo/msi-pro-dp180-i3-14100-8gb-512gb-ban-phim-chuot-win11
2026-04-15 11:36:35,717 [INFO]       - Đang quét Page 1: https://www.dienmayxanh.com/may-tinh-nguyen-bo/msi-pro-dp180-i3-14100-8gb-512gb-ban-phim-chuot-win11/danh-gia?page=1
2026-04-15 11:36:43,557 [WARNING]         [!] Không thấy dữ liệu hoặc Trống (Lần lỗi 1/5)
2026-04-15 11:36:45,097 [INFO]       - Đang quét Page 2: https://www.dienmayxanh.com/may-tinh-nguyen-bo/msi-pro-dp180-i3-14100-8gb-512gb-ban-phim-chuot-win11/danh-gia?page=2
2026-04-15 11:36:52,438 [WARNING]         [!] Không thấy dữ liệu hoặc Trống (Lần lỗi 2/5)
2026-04-15 11:36:54,327 [INFO]  ✅ Hoàn tất cào sản phẩm: 361945
2026-04-15 11:36:54,328 [INFO]  -> [33/40] Lấy Breadcrumb & Review trang gốc: https://www.dienmayxanh.com/may-tinh-nguyen-bo/asus-v501mv-core-5-210h-v501mv-05210h048w
2026-04-15 11:37:00,925 [INFO]       - Đang quét Page 1: https://www.dienmayxanh.com/may-tinh-nguyen-bo/asus-v501mv-core-5-210h-v501mv-05210h048w/danh-gia?page=1
2026-04-15 11:37:08,356 [WARNING]         [!] Không thấy dữ liệu hoặc Trống (Lần lỗi 1/5)
2026-04-15 11:37:10,948 [INFO]       - Đang quét Page 2: https://www.dienmayxanh.com/may-tinh-nguyen-bo/asus-v501mv-core-5-210h-v501mv-05210h048w/danh-gia?page=2
2026-04-15 11:37:18,393 [WARNING]         [!] Không thấy dữ liệu hoặc Trống (Lần lỗi 2/5)
2026-04-15 11:37:20,065 [INFO]  ✅ Hoàn tất cào sản phẩm: 363816
2026-04-15 11:37:20,066 [INFO]  -> [34/40] Lấy Breadcrumb & Review trang gốc: https://www.dienmayxanh.com/may-tinh-nguyen-bo/mac-mini-m4-16gb-256gb
2026-04-15 11:37:28,986 [INFO]       ✅ Thu được 1 reviews từ trang gốc.
2026-04-15 11:37:28,987 [INFO]       - Đang quét Page 1: https://www.dienmayxanh.com/may-tinh-nguyen-bo/mac-mini-m4-16gb-256gb/danh-gia?page=1
2026-04-15 11:37:36,406 [WARNING]         [!] Không thấy dữ liệu hoặc Trống (Lần lỗi 1/5)
2026-04-15 11:37:39,237 [INFO]       - Đang quét Page 2: https://www.dienmayxanh.com/may-tinh-nguyen-bo/mac-mini-m4-16gb-256gb/danh-gia?page=2
2026-04-15 11:37:46,868 [WARNING]         [!] Không thấy dữ liệu hoặc Trống (Lần lỗi 2/5)
2026-04-15 11:37:49,349 [INFO]         💾 Đã lưu 1 reviews cuối.
2026-04-15 11:37:49,353 [INFO]  ✅ Hoàn tất cào sản phẩm: 331493
2026-04-15 11:37:49,353 [INFO]  -> [35/40] Lấy Breadcrumb & Review trang gốc: https://www.dienmayxanh.com/may-tinh-nguyen-bo/mac-mini-m4-pro-24gb-1tb
2026-04-15 11:37:57,011 [INFO]       - Đang quét Page 1: https://www.dienmayxanh.com/may-tinh-nguyen-bo/mac-mini-m4-pro-24gb-1tb/danh-gia?page=1
2026-04-15 11:38:04,581 [WARNING]         [!] Không thấy dữ liệu hoặc Trống (Lần lỗi 1/5)
2026-04-15 11:38:07,238 [INFO]       - Đang quét Page 2: https://www.dienmayxanh.com/may-tinh-nguyen-bo/mac-mini-m4-pro-24gb-1tb/danh-gia?page=2
2026-04-15 11:38:14,717 [WARNING]         [!] Không thấy dữ liệu hoặc Trống (Lần lỗi 2/5)
2026-04-15 11:38:17,142 [INFO]  ✅ Hoàn tất cào sản phẩm: 331503
2026-04-15 11:38:17,143 [INFO]  -> [36/40] Lấy Breadcrumb & Review trang gốc: https://www.dienmayxanh.com/may-tinh-nguyen-bo/asus-v501mv-core-3-100u-v501mv-03100u014w
2026-04-15 11:38:41,768 [INFO]       - Đang quét Page 1: https://www.dienmayxanh.com/may-tinh-nguyen-bo/asus-v501mv-core-3-100u-v501mv-03100u014w/danh-gia?page=1
2026-04-15 11:38:50,310 [WARNING]         [!] Không thấy dữ liệu hoặc Trống (Lần lỗi 1/5)
2026-04-15 11:38:52,624 [INFO]       - Đang quét Page 2: https://www.dienmayxanh.com/may-tinh-nguyen-bo/asus-v501mv-core-3-100u-v501mv-03100u014w/danh-gia?page=2
2026-04-15 11:39:00,183 [WARNING]         [!] Không thấy dữ liệu hoặc Trống (Lần lỗi 2/5)
2026-04-15 11:39:02,412 [INFO]  ✅ Hoàn tất cào sản phẩm: 363814
2026-04-15 11:39:02,413 [INFO]  -> [37/40] Lấy Breadcrumb & Review trang gốc: https://www.dienmayxanh.com/may-tinh-nguyen-bo/asus-aio-v440va-core-5-210h-23-8-inch-v440vak-wpc407w
2026-04-15 11:39:09,817 [INFO]       - Đang quét Page 1: https://www.dienmayxanh.com/may-tinh-nguyen-bo/asus-aio-v440va-core-5-210h-23-8-inch-v440vak-wpc407w/danh-gia?page=1
2026-04-15 11:39:17,223 [WARNING]         [!] Không thấy dữ liệu hoặc Trống (Lần lỗi 1/5)
2026-04-15 11:39:19,722 [INFO]       - Đang quét Page 2: https://www.dienmayxanh.com/may-tinh-nguyen-bo/asus-aio-v440va-core-5-210h-23-8-inch-v440vak-wpc407w/danh-gia?page=2
2026-04-15 11:39:27,865 [WARNING]         [!] Không thấy dữ liệu hoặc Trống (Lần lỗi 2/5)
2026-04-15 11:39:30,785 [INFO]  ✅ Hoàn tất cào sản phẩm: 364499
2026-04-15 11:39:30,786 [INFO]  -> [38/40] Lấy Breadcrumb & Review trang gốc: https://www.dienmayxanh.com/may-tinh-nguyen-bo/asus-aio-v440va-core-5-210h-23-8-inch-v440vat-wpd089w
2026-04-15 11:39:37,042 [INFO]       - Đang quét Page 1: https://www.dienmayxanh.com/may-tinh-nguyen-bo/asus-aio-v440va-core-5-210h-23-8-inch-v440vat-wpd089w/danh-gia?page=1
2026-04-15 11:39:44,480 [WARNING]         [!] Không thấy dữ liệu hoặc Trống (Lần lỗi 1/5)
2026-04-15 11:39:46,234 [INFO]       - Đang quét Page 2: https://www.dienmayxanh.com/may-tinh-nguyen-bo/asus-aio-v440va-core-5-210h-23-8-inch-v440vat-wpd089w/danh-gia?page=2
2026-04-15 11:39:55,336 [WARNING]         [!] Không thấy dữ liệu hoặc Trống (Lần lỗi 2/5)
2026-04-15 11:39:56,953 [INFO]  ✅ Hoàn tất cào sản phẩm: 364501
2026-04-15 11:39:56,953 [INFO]  -> [39/40] Lấy Breadcrumb & Review trang gốc: https://www.dienmayxanh.com/may-tinh-nguyen-bo/asus-aio-v440va-core-3-100u-23-8-inch-v440vak-wpc406w
2026-04-15 11:40:02,419 [INFO]       - Đang quét Page 1: https://www.dienmayxanh.com/may-tinh-nguyen-bo/asus-aio-v440va-core-3-100u-23-8-inch-v440vak-wpc406w/danh-gia?page=1
2026-04-15 11:40:09,870 [WARNING]         [!] Không thấy dữ liệu hoặc Trống (Lần lỗi 1/5)
2026-04-15 11:40:12,230 [INFO]       - Đang quét Page 2: https://www.dienmayxanh.com/may-tinh-nguyen-bo/asus-aio-v440va-core-3-100u-23-8-inch-v440vak-wpc406w/danh-gia?page=2
2026-04-15 11:40:19,784 [WARNING]         [!] Không thấy dữ liệu hoặc Trống (Lần lỗi 2/5)
2026-04-15 11:40:22,423 [INFO]  ✅ Hoàn tất cào sản phẩm: 364993
2026-04-15 11:40:22,424 [INFO]  -> [40/40] Lấy Breadcrumb & Review trang gốc: https://www.dienmayxanh.com/may-tinh-nguyen-bo/asus-v501mv-core-7-240h-v501mv-07240h073w
2026-04-15 11:40:28,610 [INFO]       - Đang quét Page 1: https://www.dienmayxanh.com/may-tinh-nguyen-bo/asus-v501mv-core-7-240h-v501mv-07240h073w/danh-gia?page=1
2026-04-15 11:40:36,366 [WARNING]         [!] Không thấy dữ liệu hoặc Trống (Lần lỗi 1/5)
2026-04-15 11:40:38,342 [INFO]       - Đang quét Page 2: https://www.dienmayxanh.com/may-tinh-nguyen-bo/asus-v501mv-core-7-240h-v501mv-07240h073w/danh-gia?page=2
2026-04-15 11:40:47,699 [WARNING]         [!] Không thấy dữ liệu hoặc Trống (Lần lỗi 2/5)
2026-04-15 11:40:50,690 [INFO]  ✅ Hoàn tất cào sản phẩm: 364994
2026-04-15 11:40:50,690 [INFO] ===> ĐANG XỬ LÝ FILE: smartphone_integrated.csv
2026-04-15 11:40:50,704 [INFO] ♻️ Làm mới Session trình duyệt...
2026-04-15 11:40:51,836 [INFO]  -> [1/174] Lấy Breadcrumb & Review trang gốc: https://www.dienmayxanh.com/dien-thoai/iphone-17-pro-max
2026-04-15 11:41:30,218 [INFO]       ✅ Thu được 10 reviews từ trang gốc.
2026-04-15 11:41:30,218 [INFO]       - Đang quét Page 1: https://www.dienmayxanh.com/dien-thoai/iphone-17-pro-max/danh-gia?page=1
2026-04-15 11:42:05,281 [WARNING]         [!] Không thấy dữ liệu hoặc Trống (Lần lỗi 1/5)
2026-04-15 11:42:07,756 [INFO]       - Đang quét Page 2: https://www.dienmayxanh.com/dien-thoai/iphone-17-pro-max/danh-gia?page=2
2026-04-15 11:42:42,779 [WARNING]         [!] Không thấy dữ liệu hoặc Trống (Lần lỗi 2/5)
2026-04-15 11:42:44,952 [INFO]         💾 Đã lưu 6 reviews cuối.
2026-04-15 11:42:44,952 [INFO]  ✅ Hoàn tất cào sản phẩm: 342679
2026-04-15 11:42:44,953 [INFO]  -> [2/174] Lấy Breadcrumb & Review trang gốc: https://www.dienmayxanh.com/dien-thoai/samsung-galaxy-a17-4gb-128gb?utm_flashsale=1
2026-04-15 11:43:23,732 [INFO]       ✅ Thu được 10 reviews từ trang gốc.
2026-04-15 11:43:23,733 [INFO]       - Đang quét Page 1: https://www.dienmayxanh.com/dien-thoai/samsung-galaxy-a17-4gb-128gb/danh-gia?page=1
2026-04-15 11:43:42,833 [INFO]         ✅ Thêm 5 reviews mới từ Page 1.
2026-04-15 11:43:44,992 [INFO]       - Đang quét Page 2: https://www.dienmayxanh.com/dien-thoai/samsung-galaxy-a17-4gb-128gb/danh-gia?page=2
2026-04-15 11:43:54,861 [WARNING]         [!] Không thấy dữ liệu hoặc Trống (Lần lỗi 1/5)
2026-04-15 11:43:57,431 [INFO]       - Đang quét Page 3: https://www.dienmayxanh.com/dien-thoai/samsung-galaxy-a17-4gb-128gb/danh-gia?page=3
2026-04-15 11:44:07,166 [WARNING]         [!] Không thấy dữ liệu hoặc Trống (Lần lỗi 2/5)
2026-04-15 11:44:09,793 [INFO]         💾 Đã lưu 11 reviews cuối.
2026-04-15 11:44:09,794 [INFO]  ✅ Hoàn tất cào sản phẩm: 341797
2026-04-15 11:44:09,794 [INFO]  -> [3/174] Lấy Breadcrumb & Review trang gốc: https://www.dienmayxanh.com/dien-thoai/nokia-105-4g-pro
2026-04-15 11:44:20,453 [INFO]       ✅ Thu được 10 reviews từ trang gốc.
2026-04-15 11:44:20,453 [INFO]       - Đang quét Page 1: https://www.dienmayxanh.com/dien-thoai/nokia-105-4g-pro/danh-gia?page=1
2026-04-15 11:44:51,276 [INFO]         ✅ Thêm 15 reviews mới từ Page 1.
2026-04-15 11:44:51,279 [INFO]         💾 Đã lưu 21 reviews.
2026-04-15 11:44:53,988 [INFO]       - Đang quét Page 2: https://www.dienmayxanh.com/dien-thoai/nokia-105-4g-pro/danh-gia?page=2
2026-04-15 11:45:08,266 [INFO]         ✅ Thêm 17 reviews mới từ Page 2.
2026-04-15 11:45:09,940 [INFO]       - Đang quét Page 3: https://www.dienmayxanh.com/dien-thoai/nokia-105-4g-pro/danh-gia?page=3
2026-04-15 11:45:19,734 [INFO]         ✅ Thêm 19 reviews mới từ Page 3.
2026-04-15 11:45:19,736 [INFO]         💾 Đã lưu 36 reviews.
2026-04-15 11:45:21,867 [INFO]       - Đang quét Page 4: https://www.dienmayxanh.com/dien-thoai/nokia-105-4g-pro/danh-gia?page=4
2026-04-15 11:45:56,884 [WARNING]         [!] Không thấy dữ liệu hoặc Trống (Lần lỗi 1/5)
2026-04-15 11:45:59,871 [INFO]       - Đang quét Page 5: https://www.dienmayxanh.com/dien-thoai/nokia-105-4g-pro/danh-gia?page=5
2026-04-15 11:46:09,883 [WARNING]         [!] Không thấy dữ liệu hoặc Trống (Lần lỗi 2/5)
2026-04-15 11:46:12,158 [INFO]  ✅ Hoàn tất cào sản phẩm: 311033
2026-04-15 11:46:12,159 [INFO]  -> [4/174] Lấy Breadcrumb & Review trang gốc: https://www.dienmayxanh.com/dien-thoai/oppo-a6-8gb-128gb
2026-04-15 11:46:18,614 [INFO]       - Đang quét Page 1: https://www.dienmayxanh.com/dien-thoai/oppo-a6-8gb-128gb/danh-gia?page=1
2026-04-15 11:46:26,525 [WARNING]         [!] Không thấy dữ liệu hoặc Trống (Lần lỗi 1/5)
2026-04-15 11:46:28,555 [INFO]       - Đang quét Page 2: https://www.dienmayxanh.com/dien-thoai/oppo-a6-8gb-128gb/danh-gia?page=2
2026-04-15 11:46:36,191 [WARNING]         [!] Không thấy dữ liệu hoặc Trống (Lần lỗi 2/5)
2026-04-15 11:46:37,820 [INFO]  ✅ Hoàn tất cào sản phẩm: 363217
2026-04-15 11:46:37,820 [INFO]  -> [5/174] Lấy Breadcrumb & Review trang gốc: https://www.dienmayxanh.com/dien-thoai/masstel-izi-t6
2026-04-15 11:47:16,112 [INFO]       ✅ Thu được 10 reviews từ trang gốc.
2026-04-15 11:47:16,112 [INFO]       - Đang quét Page 1: https://www.dienmayxanh.com/dien-thoai/masstel-izi-t6/danh-gia?page=1
2026-04-15 11:47:23,775 [INFO]         ✅ Thêm 15 reviews mới từ Page 1.
2026-04-15 11:47:23,776 [INFO]         💾 Đã lưu 21 reviews.
2026-04-15 11:47:26,546 [INFO]       - Đang quét Page 2: https://www.dienmayxanh.com/dien-thoai/masstel-izi-t6/danh-gia?page=2
2026-04-15 11:47:52,928 [INFO]         ✅ Thêm 11 reviews mới từ Page 2.
2026-04-15 11:47:55,659 [INFO]       - Đang quét Page 3: https://www.dienmayxanh.com/dien-thoai/masstel-izi-t6/danh-gia?page=3
2026-04-15 11:48:05,012 [WARNING]         [!] Không thấy dữ liệu hoặc Trống (Lần lỗi 1/5)
2026-04-15 11:48:06,527 [INFO]       - Đang quét Page 4: https://www.dienmayxanh.com/dien-thoai/masstel-izi-t6/danh-gia?page=4
2026-04-15 11:48:16,143 [WARNING]         [!] Không thấy dữ liệu hoặc Trống (Lần lỗi 2/5)
2026-04-15 11:48:17,657 [INFO]         💾 Đã lưu 11 reviews cuối.
2026-04-15 11:48:17,657 [INFO]  ✅ Hoàn tất cào sản phẩm: 322877
2026-04-15 11:48:17,658 [INFO]  -> [6/174] Lấy Breadcrumb & Review trang gốc: https://www.dienmayxanh.com/dien-thoai/xiaomi-redmi-15-8gb-128gb
2026-04-15 11:48:48,030 [INFO]       ✅ Thu được 10 reviews từ trang gốc.
2026-04-15 11:48:48,030 [INFO]       - Đang quét Page 1: https://www.dienmayxanh.com/dien-thoai/xiaomi-redmi-15-8gb-128gb/danh-gia?page=1
2026-04-15 11:48:56,079 [INFO]         ✅ Thêm 15 reviews mới từ Page 1.
2026-04-15 11:48:56,083 [INFO]         💾 Đã lưu 21 reviews.
2026-04-15 11:48:58,032 [INFO]       - Đang quét Page 2: https://www.dienmayxanh.com/dien-thoai/xiaomi-redmi-15-8gb-128gb/danh-gia?page=2
2026-04-15 11:49:03,632 [INFO]         ✅ Thêm 4 reviews mới từ Page 2.
2026-04-15 11:49:05,717 [INFO]       - Đang quét Page 3: https://www.dienmayxanh.com/dien-thoai/xiaomi-redmi-15-8gb-128gb/danh-gia?page=3
2026-04-15 11:49:14,633 [WARNING]         [!] Không thấy dữ liệu hoặc Trống (Lần lỗi 1/5)
2026-04-15 11:49:16,909 [INFO]       - Đang quét Page 4: https://www.dienmayxanh.com/dien-thoai/xiaomi-redmi-15-8gb-128gb/danh-gia?page=4
2026-04-15 11:49:25,779 [WARNING]         [!] Không thấy dữ liệu hoặc Trống (Lần lỗi 2/5)
2026-04-15 11:49:28,402 [INFO]         💾 Đã lưu 4 reviews cuối.
2026-04-15 11:49:28,402 [INFO]  ✅ Hoàn tất cào sản phẩm: 341274
2026-04-15 11:49:28,402 [INFO]  -> [7/174] Lấy Breadcrumb & Review trang gốc: https://www.dienmayxanh.com/dien-thoai/samsung-galaxy-a07-4gb-64gb
2026-04-15 11:50:06,887 [INFO]       ✅ Thu được 9 reviews từ trang gốc.
2026-04-15 11:50:06,888 [INFO]       - Đang quét Page 1: https://www.dienmayxanh.com/dien-thoai/samsung-galaxy-a07-4gb-64gb/danh-gia?page=1
2026-04-15 11:50:41,921 [WARNING]         [!] Không thấy dữ liệu hoặc Trống (Lần lỗi 1/5)
2026-04-15 11:50:43,603 [INFO]       - Đang quét Page 2: https://www.dienmayxanh.com/dien-thoai/samsung-galaxy-a07-4gb-64gb/danh-gia?page=2
2026-04-15 11:50:52,263 [WARNING]         [!] Không thấy dữ liệu hoặc Trống (Lần lỗi 2/5)
2026-04-15 11:50:53,964 [INFO]         💾 Đã lưu 6 reviews cuối.
2026-04-15 11:50:53,964 [INFO]  ✅ Hoàn tất cào sản phẩm: 341802
2026-04-15 11:50:53,965 [INFO]  -> [8/174] Lấy Breadcrumb & Review trang gốc: https://www.dienmayxanh.com/dien-thoai/iphone-17
2026-04-15 11:51:27,982 [INFO]       ✅ Thu được 10 reviews từ trang gốc.
2026-04-15 11:51:27,983 [INFO]       - Đang quét Page 1: https://www.dienmayxanh.com/dien-thoai/iphone-17/danh-gia?page=1
2026-04-15 11:51:33,860 [INFO]         ✅ Thêm 9 reviews mới từ Page 1.
2026-04-15 11:51:36,518 [INFO]       - Đang quét Page 2: https://www.dienmayxanh.com/dien-thoai/iphone-17/danh-gia?page=2
2026-04-15 11:51:47,398 [WARNING]         [!] Không thấy dữ liệu hoặc Trống (Lần lỗi 1/5)
2026-04-15 11:51:49,625 [INFO]       - Đang quét Page 3: https://www.dienmayxanh.com/dien-thoai/iphone-17/danh-gia?page=3
2026-04-15 11:51:58,913 [WARNING]         [!] Không thấy dữ liệu hoặc Trống (Lần lỗi 2/5)
2026-04-15 11:52:00,858 [INFO]         💾 Đã lưu 15 reviews cuối.
2026-04-15 11:52:00,859 [INFO]  ✅ Hoàn tất cào sản phẩm: 342667
2026-04-15 11:52:00,859 [INFO]  -> [9/174] Lấy Breadcrumb & Review trang gốc: https://www.dienmayxanh.com/dien-thoai/motorola-moto-g06-power-4gb-128gb?utm_flashsale=1
2026-04-15 11:52:16,042 [INFO]       ✅ Thu được 10 reviews từ trang gốc.
2026-04-15 11:52:16,042 [INFO]       - Đang quét Page 1: https://www.dienmayxanh.com/dien-thoai/motorola-moto-g06-power-4gb-128gb/danh-gia?page=1
2026-04-15 11:52:51,060 [WARNING]         [!] Không thấy dữ liệu hoặc Trống (Lần lỗi 1/5)
2026-04-15 11:52:52,999 [INFO]       - Đang quét Page 2: https://www.dienmayxanh.com/dien-thoai/motorola-moto-g06-power-4gb-128gb/danh-gia?page=2
2026-04-15 11:53:01,926 [WARNING]         [!] Không thấy dữ liệu hoặc Trống (Lần lỗi 2/5)
2026-04-15 11:53:04,095 [INFO]         💾 Đã lưu 6 reviews cuối.
2026-04-15 11:53:04,095 [INFO]  ✅ Hoàn tất cào sản phẩm: 358226
2026-04-15 11:53:04,096 [INFO]  -> [10/174] Lấy Breadcrumb & Review trang gốc: https://www.dienmayxanh.com/dien-thoai/oppo-reno14-f-5g-12gb-256gb
2026-04-15 11:53:42,425 [INFO]       ✅ Thu được 10 reviews từ trang gốc.
2026-04-15 11:53:42,425 [INFO]       - Đang quét Page 1: https://www.dienmayxanh.com/dien-thoai/oppo-reno14-f-5g-12gb-256gb/danh-gia?page=1
2026-04-15 11:53:50,439 [INFO]         ✅ Thêm 17 reviews mới từ Page 1.
2026-04-15 11:53:50,441 [INFO]         💾 Đã lưu 23 reviews.
2026-04-15 11:53:52,778 [INFO]       - Đang quét Page 2: https://www.dienmayxanh.com/dien-thoai/oppo-reno14-f-5g-12gb-256gb/danh-gia?page=2
2026-04-15 11:54:31,119 [WARNING]         [!] Không thấy dữ liệu hoặc Trống (Lần lỗi 1/5)
2026-04-15 11:54:33,507 [INFO]       - Đang quét Page 3: https://www.dienmayxanh.com/dien-thoai/oppo-reno14-f-5g-12gb-256gb/danh-gia?page=3
2026-04-15 11:54:46,275 [WARNING]         [!] Không thấy dữ liệu hoặc Trống (Lần lỗi 2/5)
2026-04-15 11:54:48,774 [INFO]  ✅ Hoàn tất cào sản phẩm: 339177
2026-04-15 11:54:48,775 [INFO] ♻️ Làm mới Session trình duyệt...
2026-04-15 11:54:49,861 [INFO]  -> [11/174] Lấy Breadcrumb & Review trang gốc: https://www.dienmayxanh.com/dien-thoai/oppo-a6x-4gb-64gb
2026-04-15 11:55:03,083 [INFO]       ✅ Thu được 1 reviews từ trang gốc.
2026-04-15 11:55:03,084 [INFO]       - Đang quét Page 1: https://www.dienmayxanh.com/dien-thoai/oppo-a6x-4gb-64gb/danh-gia?page=1
2026-04-15 11:55:10,821 [WARNING]         [!] Không thấy dữ liệu hoặc Trống (Lần lỗi 1/5)
2026-04-15 11:55:13,432 [INFO]       - Đang quét Page 2: https://www.dienmayxanh.com/dien-thoai/oppo-a6x-4gb-64gb/danh-gia?page=2
2026-04-15 11:55:20,846 [WARNING]         [!] Không thấy dữ liệu hoặc Trống (Lần lỗi 2/5)
2026-04-15 11:55:23,261 [INFO]         💾 Đã lưu 1 reviews cuối.
2026-04-15 11:55:23,261 [INFO]  ✅ Hoàn tất cào sản phẩm: 360244
2026-04-15 11:55:23,262 [INFO]  -> [12/174] Lấy Breadcrumb & Review trang gốc: https://www.dienmayxanh.com/dien-thoai/iphone-15-plus
2026-04-15 11:55:30,797 [INFO]       ✅ Thu được 10 reviews từ trang gốc.
2026-04-15 11:55:30,798 [INFO]       - Đang quét Page 1: https://www.dienmayxanh.com/dien-thoai/iphone-15-plus/danh-gia?page=1
2026-04-15 11:56:05,817 [WARNING]         [!] Không thấy dữ liệu hoặc Trống (Lần lỗi 1/5)
2026-04-15 11:56:08,552 [INFO]       - Đang quét Page 2: https://www.dienmayxanh.com/dien-thoai/iphone-15-plus/danh-gia?page=2
2026-04-15 11:56:16,203 [INFO]         ✅ Thêm 20 reviews mới từ Page 2.
2026-04-15 11:56:16,204 [INFO]         💾 Đã lưu 26 reviews.
2026-04-15 11:56:18,530 [INFO]       - Đang quét Page 3: https://www.dienmayxanh.com/dien-thoai/iphone-15-plus/danh-gia?page=3
2026-04-15 11:56:26,482 [INFO]         ✅ Thêm 20 reviews mới từ Page 3.
2026-04-15 11:56:26,486 [INFO]         💾 Đã lưu 20 reviews.
2026-04-15 11:56:28,221 [INFO]       - Đang quét Page 4: https://www.dienmayxanh.com/dien-thoai/iphone-15-plus/danh-gia?page=4
2026-04-15 11:56:40,569 [INFO]         ✅ Thêm 8 reviews mới từ Page 4.
2026-04-15 11:56:43,105 [INFO]       - Đang quét Page 5: https://www.dienmayxanh.com/dien-thoai/iphone-15-plus/danh-gia?page=5
2026-04-15 11:56:55,615 [WARNING]         [!] Không thấy dữ liệu hoặc Trống (Lần lỗi 1/5)
2026-04-15 11:56:57,165 [INFO]       - Đang quét Page 6: https://www.dienmayxanh.com/dien-thoai/iphone-15-plus/danh-gia?page=6
2026-04-15 11:57:32,268 [WARNING]         [!] Không thấy dữ liệu hoặc Trống (Lần lỗi 2/5)
2026-04-15 11:57:34,614 [INFO]         💾 Đã lưu 8 reviews cuối.
2026-04-15 11:57:34,614 [INFO]  ✅ Hoàn tất cào sản phẩm: 303891
2026-04-15 11:57:34,614 [INFO]  -> [13/174] Lấy Breadcrumb & Review trang gốc: https://www.dienmayxanh.com/dien-thoai/iphone-13
2026-04-15 11:57:43,805 [INFO]       ✅ Thu được 10 reviews từ trang gốc.
2026-04-15 11:57:43,805 [INFO]       - Đang quét Page 1: https://www.dienmayxanh.com/dien-thoai/iphone-13/danh-gia?page=1
2026-04-15 11:58:01,974 [INFO]         ✅ Thêm 15 reviews mới từ Page 1.
2026-04-15 11:58:01,978 [INFO]         💾 Đã lưu 21 reviews.
2026-04-15 11:58:04,047 [INFO]       - Đang quét Page 2: https://www.dienmayxanh.com/dien-thoai/iphone-13/danh-gia?page=2
2026-04-15 11:58:39,068 [WARNING]         [!] Không thấy dữ liệu hoặc Trống (Lần lỗi 1/5)
2026-04-15 11:58:41,270 [INFO]       - Đang quét Page 3: https://www.dienmayxanh.com/dien-thoai/iphone-13/danh-gia?page=3
2026-04-15 11:58:57,092 [INFO]         ✅ Thêm 20 reviews mới từ Page 3.
2026-04-15 11:58:57,093 [INFO]         💾 Đã lưu 20 reviews.
2026-04-15 11:58:59,762 [INFO]       - Đang quét Page 4: https://www.dienmayxanh.com/dien-thoai/iphone-13/danh-gia?page=4
2026-04-15 11:59:38,410 [INFO]         ✅ Thêm 20 reviews mới từ Page 4.
2026-04-15 11:59:38,414 [INFO]         💾 Đã lưu 20 reviews.
2026-04-15 11:59:41,163 [INFO]       - Đang quét Page 5: https://www.dienmayxanh.com/dien-thoai/iphone-13/danh-gia?page=5
2026-04-15 12:00:16,195 [WARNING]         [!] Không thấy dữ liệu hoặc Trống (Lần lỗi 1/5)
2026-04-15 12:00:18,643 [INFO]       - Đang quét Page 6: https://www.dienmayxanh.com/dien-thoai/iphone-13/danh-gia?page=6
2026-04-15 12:00:53,670 [WARNING]         [!] Không thấy dữ liệu hoặc Trống (Lần lỗi 2/5)
2026-04-15 12:00:55,766 [INFO]  ✅ Hoàn tất cào sản phẩm: 223602
2026-04-15 12:00:55,767 [INFO]  -> [14/174] Lấy Breadcrumb & Review trang gốc: https://www.dienmayxanh.com/dien-thoai/xiaomi-15t-12gb-256gb
2026-04-15 12:01:31,974 [INFO]       ✅ Thu được 10 reviews từ trang gốc.
2026-04-15 12:01:31,974 [INFO]       - Đang quét Page 1: https://www.dienmayxanh.com/dien-thoai/xiaomi-15t-12gb-256gb/danh-gia?page=1
2026-04-15 12:02:07,006 [WARNING]         [!] Không thấy dữ liệu hoặc Trống (Lần lỗi 1/5)
2026-04-15 12:02:09,731 [INFO]       - Đang quét Page 2: https://www.dienmayxanh.com/dien-thoai/xiaomi-15t-12gb-256gb/danh-gia?page=2
2026-04-15 12:02:25,665 [WARNING]         [!] Không thấy dữ liệu hoặc Trống (Lần lỗi 2/5)
2026-04-15 12:02:27,843 [INFO]         💾 Đã lưu 6 reviews cuối.
2026-04-15 12:02:27,844 [INFO]  ✅ Hoàn tất cào sản phẩm: 344644
2026-04-15 12:02:27,844 [INFO]  -> [15/174] Lấy Breadcrumb & Review trang gốc: https://www.dienmayxanh.com/dien-thoai/realme-note-80-4gb-64gb
2026-04-15 12:02:40,492 [INFO]       - Đang quét Page 1: https://www.dienmayxanh.com/dien-thoai/realme-note-80-4gb-64gb/danh-gia?page=1
2026-04-15 12:02:48,107 [WARNING]         [!] Không thấy dữ liệu hoặc Trống (Lần lỗi 1/5)
2026-04-15 12:02:50,564 [INFO]       - Đang quét Page 2: https://www.dienmayxanh.com/dien-thoai/realme-note-80-4gb-64gb/danh-gia?page=2
2026-04-15 12:02:58,624 [WARNING]         [!] Không thấy dữ liệu hoặc Trống (Lần lỗi 2/5)
2026-04-15 12:03:00,704 [INFO]  ✅ Hoàn tất cào sản phẩm: 363437
2026-04-15 12:03:00,704 [INFO]  -> [16/174] Lấy Breadcrumb & Review trang gốc: https://www.dienmayxanh.com/dien-thoai/oppo-reno15-5g-8gb-256gb
2026-04-15 12:03:09,071 [INFO]       ✅ Thu được 5 reviews từ trang gốc.
2026-04-15 12:03:09,071 [INFO]       - Đang quét Page 1: https://www.dienmayxanh.com/dien-thoai/oppo-reno15-5g-8gb-256gb/danh-gia?page=1
2026-04-15 12:03:14,465 [INFO]         ✅ Thêm 0 reviews mới từ Page 1.
2026-04-15 12:03:16,522 [INFO]       - Đang quét Page 2: https://www.dienmayxanh.com/dien-thoai/oppo-reno15-5g-8gb-256gb/danh-gia?page=2
2026-04-15 12:03:26,799 [WARNING]         [!] Không thấy dữ liệu hoặc Trống (Lần lỗi 1/5)
2026-04-15 12:03:28,960 [INFO]       - Đang quét Page 3: https://www.dienmayxanh.com/dien-thoai/oppo-reno15-5g-8gb-256gb/danh-gia?page=3
2026-04-15 12:03:39,167 [WARNING]         [!] Không thấy dữ liệu hoặc Trống (Lần lỗi 2/5)
2026-04-15 12:03:41,066 [INFO]         💾 Đã lưu 5 reviews cuối.
2026-04-15 12:03:41,066 [INFO]  ✅ Hoàn tất cào sản phẩm: 360238
2026-04-15 12:03:41,067 [INFO]  -> [17/174] Lấy Breadcrumb & Review trang gốc: https://www.dienmayxanh.com/dien-thoai/vivo-y21d-4gb-128gb
2026-04-15 12:03:50,846 [INFO]       - Đang quét Page 1: https://www.dienmayxanh.com/dien-thoai/vivo-y21d-4gb-128gb/danh-gia?page=1
2026-04-15 12:03:58,366 [WARNING]         [!] Không thấy dữ liệu hoặc Trống (Lần lỗi 1/5)
2026-04-15 12:04:00,455 [INFO]       - Đang quét Page 2: https://www.dienmayxanh.com/dien-thoai/vivo-y21d-4gb-128gb/danh-gia?page=2
2026-04-15 12:04:07,875 [WARNING]         [!] Không thấy dữ liệu hoặc Trống (Lần lỗi 2/5)
2026-04-15 12:04:09,969 [INFO]  ✅ Hoàn tất cào sản phẩm: 358672
2026-04-15 12:04:09,970 [INFO]  -> [18/174] Lấy Breadcrumb & Review trang gốc: https://www.dienmayxanh.com/dien-thoai/xiaomi-redmi-note-15-pro-5g-12gb-256gb
2026-04-15 12:04:20,600 [INFO]       - Đang quét Page 1: https://www.dienmayxanh.com/dien-thoai/xiaomi-redmi-note-15-pro-5g-12gb-256gb/danh-gia?page=1
2026-04-15 12:04:28,048 [WARNING]         [!] Không thấy dữ liệu hoặc Trống (Lần lỗi 1/5)
2026-04-15 12:04:30,746 [INFO]       - Đang quét Page 2: https://www.dienmayxanh.com/dien-thoai/xiaomi-redmi-note-15-pro-5g-12gb-256gb/danh-gia?page=2
2026-04-15 12:04:38,381 [WARNING]         [!] Không thấy dữ liệu hoặc Trống (Lần lỗi 2/5)
2026-04-15 12:04:40,702 [INFO]  ✅ Hoàn tất cào sản phẩm: 362551
2026-04-15 12:04:40,703 [INFO]  -> [19/174] Lấy Breadcrumb & Review trang gốc: https://www.dienmayxanh.com/dien-thoai/iphone-14
2026-04-15 12:04:50,089 [INFO]       ✅ Thu được 10 reviews từ trang gốc.
2026-04-15 12:04:50,089 [INFO]       - Đang quét Page 1: https://www.dienmayxanh.com/dien-thoai/iphone-14/danh-gia?page=1
2026-04-15 12:04:58,091 [INFO]         ✅ Thêm 15 reviews mới từ Page 1.
2026-04-15 12:04:58,092 [INFO]         💾 Đã lưu 21 reviews.
2026-04-15 12:05:00,840 [INFO]       - Đang quét Page 2: https://www.dienmayxanh.com/dien-thoai/iphone-14/danh-gia?page=2
2026-04-15 12:05:09,636 [INFO]         ✅ Thêm 20 reviews mới từ Page 2.
2026-04-15 12:05:09,639 [INFO]         💾 Đã lưu 20 reviews.
2026-04-15 12:05:12,142 [INFO]       - Đang quét Page 3: https://www.dienmayxanh.com/dien-thoai/iphone-14/danh-gia?page=3
2026-04-15 12:05:23,768 [INFO]         ✅ Thêm 20 reviews mới từ Page 3.
2026-04-15 12:05:23,772 [INFO]         💾 Đã lưu 20 reviews.
2026-04-15 12:05:25,596 [INFO]       - Đang quét Page 4: https://www.dienmayxanh.com/dien-thoai/iphone-14/danh-gia?page=4
2026-04-15 12:05:35,281 [INFO]         ✅ Thêm 20 reviews mới từ Page 4.
2026-04-15 12:05:35,283 [INFO]         💾 Đã lưu 20 reviews.
2026-04-15 12:05:37,571 [INFO]       - Đang quét Page 5: https://www.dienmayxanh.com/dien-thoai/iphone-14/danh-gia?page=5
2026-04-15 12:05:55,379 [INFO]         ✅ Thêm 20 reviews mới từ Page 5.
2026-04-15 12:05:55,381 [INFO]         💾 Đã lưu 20 reviews.
2026-04-15 12:05:57,992 [INFO]       - Đang quét Page 6: https://www.dienmayxanh.com/dien-thoai/iphone-14/danh-gia?page=6
2026-04-15 12:06:06,169 [INFO]         ✅ Thêm 20 reviews mới từ Page 6.
2026-04-15 12:06:06,172 [INFO]         💾 Đã lưu 20 reviews.
2026-04-15 12:06:09,119 [INFO]       - Đang quét Page 7: https://www.dienmayxanh.com/dien-thoai/iphone-14/danh-gia?page=7
2026-04-15 12:06:17,618 [INFO]         ✅ Thêm 20 reviews mới từ Page 7.
2026-04-15 12:06:17,619 [INFO]         💾 Đã lưu 20 reviews.
2026-04-15 12:06:20,280 [INFO]       - Đang quét Page 8: https://www.dienmayxanh.com/dien-thoai/iphone-14/danh-gia?page=8
2026-04-15 12:06:29,052 [INFO]         ✅ Thêm 20 reviews mới từ Page 8.
2026-04-15 12:06:29,054 [INFO]         💾 Đã lưu 20 reviews.
2026-04-15 12:06:31,126 [INFO]       - Đang quét Page 9: https://www.dienmayxanh.com/dien-thoai/iphone-14/danh-gia?page=9
2026-04-15 12:06:38,938 [INFO]         ✅ Thêm 20 reviews mới từ Page 9.
2026-04-15 12:06:38,939 [INFO]         💾 Đã lưu 20 reviews.
2026-04-15 12:06:41,002 [INFO]       - Đang quét Page 10: https://www.dienmayxanh.com/dien-thoai/iphone-14/danh-gia?page=10
2026-04-15 12:06:47,360 [INFO]         ✅ Thêm 11 reviews mới từ Page 10.
2026-04-15 12:06:49,634 [INFO]       - Đang quét Page 11: https://www.dienmayxanh.com/dien-thoai/iphone-14/danh-gia?page=11
2026-04-15 12:06:58,138 [WARNING]         [!] Không thấy dữ liệu hoặc Trống (Lần lỗi 1/5)
2026-04-15 12:07:00,601 [INFO]       - Đang quét Page 12: https://www.dienmayxanh.com/dien-thoai/iphone-14/danh-gia?page=12
2026-04-15 12:07:09,501 [WARNING]         [!] Không thấy dữ liệu hoặc Trống (Lần lỗi 2/5)
2026-04-15 12:07:11,129 [INFO]         💾 Đã lưu 11 reviews cuối.
2026-04-15 12:07:11,129 [INFO]  ✅ Hoàn tất cào sản phẩm: 240259
2026-04-15 12:07:11,130 [INFO]  -> [20/174] Lấy Breadcrumb & Review trang gốc: https://www.dienmayxanh.com/dien-thoai/oppo-reno15f-5g-12gb-256gb
2026-04-15 12:07:18,253 [INFO]       ✅ Thu được 10 reviews từ trang gốc.
2026-04-15 12:07:18,253 [INFO]       - Đang quét Page 1: https://www.dienmayxanh.com/dien-thoai/oppo-reno15f-5g-12gb-256gb/danh-gia?page=1
2026-04-15 12:07:25,157 [INFO]         ✅ Thêm 9 reviews mới từ Page 1.
2026-04-15 12:07:26,967 [INFO]       - Đang quét Page 2: https://www.dienmayxanh.com/dien-thoai/oppo-reno15f-5g-12gb-256gb/danh-gia?page=2
2026-04-15 12:07:36,110 [WARNING]         [!] Không thấy dữ liệu hoặc Trống (Lần lỗi 1/5)
2026-04-15 12:07:38,244 [INFO]       - Đang quét Page 3: https://www.dienmayxanh.com/dien-thoai/oppo-reno15f-5g-12gb-256gb/danh-gia?page=3
2026-04-15 12:07:49,269 [WARNING]         [!] Không thấy dữ liệu hoặc Trống (Lần lỗi 2/5)
2026-04-15 12:07:51,471 [INFO]         💾 Đã lưu 15 reviews cuối.
2026-04-15 12:07:51,472 [INFO]  ✅ Hoàn tất cào sản phẩm: 360239
2026-04-15 12:07:51,472 [INFO] ♻️ Làm mới Session trình duyệt...
2026-04-15 12:07:52,569 [INFO]  -> [21/174] Lấy Breadcrumb & Review trang gốc: https://www.dienmayxanh.com/dien-thoai/nokia-hmd-105-4g
2026-04-15 12:08:09,660 [INFO]       ✅ Thu được 10 reviews từ trang gốc.
2026-04-15 12:08:09,661 [INFO]       - Đang quét Page 1: https://www.dienmayxanh.com/dien-thoai/nokia-hmd-105-4g/danh-gia?page=1
2026-04-15 12:08:18,363 [INFO]         ✅ Thêm 15 reviews mới từ Page 1.
2026-04-15 12:08:18,366 [INFO]         💾 Đã lưu 21 reviews.
2026-04-15 12:08:20,162 [INFO]       - Đang quét Page 2: https://www.dienmayxanh.com/dien-thoai/nokia-hmd-105-4g/danh-gia?page=2
2026-04-15 12:08:26,982 [INFO]         ✅ Thêm 8 reviews mới từ Page 2.
2026-04-15 12:08:28,921 [INFO]       - Đang quét Page 3: https://www.dienmayxanh.com/dien-thoai/nokia-hmd-105-4g/danh-gia?page=3
2026-04-15 12:08:41,019 [WARNING]         [!] Không thấy dữ liệu hoặc Trống (Lần lỗi 1/5)
2026-04-15 12:08:43,154 [INFO]       - Đang quét Page 4: https://www.dienmayxanh.com/dien-thoai/nokia-hmd-105-4g/danh-gia?page=4
2026-04-15 12:08:53,116 [WARNING]         [!] Không thấy dữ liệu hoặc Trống (Lần lỗi 2/5)
2026-04-15 12:08:54,783 [INFO]         💾 Đã lưu 8 reviews cuối.
2026-04-15 12:08:54,783 [INFO]  ✅ Hoàn tất cào sản phẩm: 329676
2026-04-15 12:08:54,784 [INFO]  -> [22/174] Lấy Breadcrumb & Review trang gốc: https://www.dienmayxanh.com/dien-thoai/nokia-220-4g
2026-04-15 12:09:33,165 [INFO]       ✅ Thu được 10 reviews từ trang gốc.
2026-04-15 12:09:33,166 [INFO]       - Đang quét Page 1: https://www.dienmayxanh.com/dien-thoai/nokia-220-4g/danh-gia?page=1
2026-04-15 12:10:08,187 [WARNING]         [!] Không thấy dữ liệu hoặc Trống (Lần lỗi 1/5)
2026-04-15 12:10:10,438 [INFO]       - Đang quét Page 2: https://www.dienmayxanh.com/dien-thoai/nokia-220-4g/danh-gia?page=2
2026-04-15 12:10:45,467 [WARNING]         [!] Không thấy dữ liệu hoặc Trống (Lần lỗi 2/5)
2026-04-15 12:10:47,961 [INFO]         💾 Đã lưu 6 reviews cuối.
2026-04-15 12:10:47,961 [INFO]  ✅ Hoàn tất cào sản phẩm: 207956
2026-04-15 12:10:47,962 [INFO]  -> [23/174] Lấy Breadcrumb & Review trang gốc: https://www.dienmayxanh.com/dien-thoai/oppo-reno15-pro-5g-12gb-256gb
2026-04-15 12:11:25,550 [INFO]       ✅ Thu được 3 reviews từ trang gốc.
2026-04-15 12:11:25,551 [INFO]       - Đang quét Page 1: https://www.dienmayxanh.com/dien-thoai/oppo-reno15-pro-5g-12gb-256gb/danh-gia?page=1
2026-04-15 12:12:00,577 [WARNING]         [!] Không thấy dữ liệu hoặc Trống (Lần lỗi 1/5)
2026-04-15 12:12:03,432 [INFO]       - Đang quét Page 2: https://www.dienmayxanh.com/dien-thoai/oppo-reno15-pro-5g-12gb-256gb/danh-gia?page=2
2026-04-15 12:12:38,459 [WARNING]         [!] Không thấy dữ liệu hoặc Trống (Lần lỗi 2/5)
2026-04-15 12:12:41,088 [INFO]         💾 Đã lưu 3 reviews cuối.
2026-04-15 12:12:41,089 [INFO]  ✅ Hoàn tất cào sản phẩm: 360236
2026-04-15 12:12:41,090 [INFO]  -> [24/174] Lấy Breadcrumb & Review trang gốc: https://www.dienmayxanh.com/dien-thoai/xiaomi-redmi-note-15-pro-12gb-256gb
2026-04-15 12:12:46,238 [INFO]       - Đang quét Page 1: https://www.dienmayxanh.com/dien-thoai/xiaomi-redmi-note-15-pro-12gb-256gb/danh-gia?page=1
2026-04-15 12:12:53,792 [WARNING]         [!] Không thấy dữ liệu hoặc Trống (Lần lỗi 1/5)
2026-04-15 12:12:56,190 [INFO]       - Đang quét Page 2: https://www.dienmayxanh.com/dien-thoai/xiaomi-redmi-note-15-pro-12gb-256gb/danh-gia?page=2
2026-04-15 12:13:03,535 [WARNING]         [!] Không thấy dữ liệu hoặc Trống (Lần lỗi 2/5)
2026-04-15 12:13:05,804 [INFO]  ✅ Hoàn tất cào sản phẩm: 360308
2026-04-15 12:13:05,804 [INFO]  -> [25/174] Lấy Breadcrumb & Review trang gốc: https://www.dienmayxanh.com/dien-thoai/samsung-galaxy-a37-6gb-128gb
2026-04-15 12:13:19,669 [INFO]       - Đang quét Page 1: https://www.dienmayxanh.com/dien-thoai/samsung-galaxy-a37-6gb-128gb/danh-gia?page=1
2026-04-15 12:13:27,068 [WARNING]         [!] Không thấy dữ liệu hoặc Trống (Lần lỗi 1/5)
2026-04-15 12:13:29,658 [INFO]       - Đang quét Page 2: https://www.dienmayxanh.com/dien-thoai/samsung-galaxy-a37-6gb-128gb/danh-gia?page=2
2026-04-15 12:13:37,046 [WARNING]         [!] Không thấy dữ liệu hoặc Trống (Lần lỗi 2/5)
2026-04-15 12:13:38,756 [INFO]  ✅ Hoàn tất cào sản phẩm: 363401
2026-04-15 12:13:38,756 [INFO]  -> [26/174] Lấy Breadcrumb & Review trang gốc: https://www.dienmayxanh.com/dien-thoai/vivo-y31d-6gb-128gb
2026-04-15 12:14:11,835 [INFO]       ✅ Thu được 2 reviews từ trang gốc.
2026-04-15 12:14:11,835 [INFO]       - Đang quét Page 1: https://www.dienmayxanh.com/dien-thoai/vivo-y31d-6gb-128gb/danh-gia?page=1
2026-04-15 12:14:20,561 [WARNING]         [!] Không thấy dữ liệu hoặc Trống (Lần lỗi 1/5)
2026-04-15 12:14:22,734 [INFO]       - Đang quét Page 2: https://www.dienmayxanh.com/dien-thoai/vivo-y31d-6gb-128gb/danh-gia?page=2
2026-04-15 12:14:30,380 [WARNING]         [!] Không thấy dữ liệu hoặc Trống (Lần lỗi 2/5)
2026-04-15 12:14:32,015 [INFO]         💾 Đã lưu 2 reviews cuối.
2026-04-15 12:14:32,015 [INFO]  ✅ Hoàn tất cào sản phẩm: 360671
2026-04-15 12:14:32,016 [INFO]  -> [27/174] Lấy Breadcrumb & Review trang gốc: https://www.dienmayxanh.com/dien-thoai/realme-c85-8gb-128gb
2026-04-15 12:14:41,236 [INFO]       - Đang quét Page 1: https://www.dienmayxanh.com/dien-thoai/realme-c85-8gb-128gb/danh-gia?page=1
2026-04-15 12:14:48,898 [WARNING]         [!] Không thấy dữ liệu hoặc Trống (Lần lỗi 1/5)
2026-04-15 12:14:51,322 [INFO]       - Đang quét Page 2: https://www.dienmayxanh.com/dien-thoai/realme-c85-8gb-128gb/danh-gia?page=2
2026-04-15 12:14:58,928 [WARNING]         [!] Không thấy dữ liệu hoặc Trống (Lần lỗi 2/5)
2026-04-15 12:15:00,839 [INFO]  ✅ Hoàn tất cào sản phẩm: 360344
2026-04-15 12:15:00,840 [INFO]  -> [28/174] Lấy Breadcrumb & Review trang gốc: https://www.dienmayxanh.com/dien-thoai/xiaomi-redmi-15c-4gb-128gb
2026-04-15 12:15:05,771 [INFO]       ✅ Thu được 2 reviews từ trang gốc.
2026-04-15 12:15:05,771 [INFO]       - Đang quét Page 1: https://www.dienmayxanh.com/dien-thoai/xiaomi-redmi-15c-4gb-128gb/danh-gia?page=1
2026-04-15 12:15:13,218 [WARNING]         [!] Không thấy dữ liệu hoặc Trống (Lần lỗi 1/5)
2026-04-15 12:15:15,709 [INFO]       - Đang quét Page 2: https://www.dienmayxanh.com/dien-thoai/xiaomi-redmi-15c-4gb-128gb/danh-gia?page=2
2026-04-15 12:15:23,122 [WARNING]         [!] Không thấy dữ liệu hoặc Trống (Lần lỗi 2/5)
2026-04-15 12:15:25,437 [INFO]         💾 Đã lưu 2 reviews cuối.
2026-04-15 12:15:25,437 [INFO]  ✅ Hoàn tất cào sản phẩm: 346264
2026-04-15 12:15:25,438 [INFO]  -> [29/174] Lấy Breadcrumb & Review trang gốc: https://www.dienmayxanh.com/dien-thoai/masstel-fami-50
2026-04-15 12:15:31,461 [INFO]       ✅ Thu được 9 reviews từ trang gốc.
2026-04-15 12:15:31,461 [INFO]       - Đang quét Page 1: https://www.dienmayxanh.com/dien-thoai/masstel-fami-50/danh-gia?page=1
2026-04-15 12:15:37,604 [INFO]         ✅ Thêm 5 reviews mới từ Page 1.
2026-04-15 12:15:39,674 [INFO]       - Đang quét Page 2: https://www.dienmayxanh.com/dien-thoai/masstel-fami-50/danh-gia?page=2
2026-04-15 12:15:48,369 [WARNING]         [!] Không thấy dữ liệu hoặc Trống (Lần lỗi 1/5)
2026-04-15 12:15:50,144 [INFO]       - Đang quét Page 3: https://www.dienmayxanh.com/dien-thoai/masstel-fami-50/danh-gia?page=3
2026-04-15 12:15:59,302 [WARNING]         [!] Không thấy dữ liệu hoặc Trống (Lần lỗi 2/5)
2026-04-15 12:16:01,175 [INFO]         💾 Đã lưu 10 reviews cuối.
2026-04-15 12:16:01,175 [INFO]  ✅ Hoàn tất cào sản phẩm: 323546
2026-04-15 12:16:01,176 [INFO]  -> [30/174] Lấy Breadcrumb & Review trang gốc: https://www.dienmayxanh.com/dien-thoai/oppo-reno13-5g
2026-04-15 12:16:11,293 [INFO]       ✅ Thu được 10 reviews từ trang gốc.
2026-04-15 12:16:11,293 [INFO]       - Đang quét Page 1: https://www.dienmayxanh.com/dien-thoai/oppo-reno13-5g/danh-gia?page=1
2026-04-15 12:16:46,315 [WARNING]         [!] Không thấy dữ liệu hoặc Trống (Lần lỗi 1/5)
2026-04-15 12:16:48,455 [INFO]       - Đang quét Page 2: https://www.dienmayxanh.com/dien-thoai/oppo-reno13-5g/danh-gia?page=2
2026-04-15 12:17:14,069 [INFO]         ✅ Thêm 7 reviews mới từ Page 2.
2026-04-15 12:17:15,661 [INFO]       - Đang quét Page 3: https://www.dienmayxanh.com/dien-thoai/oppo-reno13-5g/danh-gia?page=3
2026-04-15 12:17:25,026 [WARNING]         [!] Không thấy dữ liệu hoặc Trống (Lần lỗi 1/5)
2026-04-15 12:17:26,995 [INFO]       - Đang quét Page 4: https://www.dienmayxanh.com/dien-thoai/oppo-reno13-5g/danh-gia?page=4
2026-04-15 12:17:36,606 [WARNING]         [!] Không thấy dữ liệu hoặc Trống (Lần lỗi 2/5)
2026-04-15 12:17:38,230 [INFO]         💾 Đã lưu 13 reviews cuối.
2026-04-15 12:17:38,231 [INFO]  ✅ Hoàn tất cào sản phẩm: 332934
2026-04-15 12:17:38,231 [INFO] ♻️ Làm mới Session trình duyệt...
2026-04-15 12:17:39,406 [INFO]  -> [31/174] Lấy Breadcrumb & Review trang gốc: https://www.dienmayxanh.com/dien-thoai/vivo-y04-64gb
2026-04-15 12:17:49,164 [INFO]       - Đang quét Page 1: https://www.dienmayxanh.com/dien-thoai/vivo-y04-64gb/danh-gia?page=1
2026-04-15 12:17:57,018 [WARNING]         [!] Không thấy dữ liệu hoặc Trống (Lần lỗi 1/5)
2026-04-15 12:17:59,602 [INFO]       - Đang quét Page 2: https://www.dienmayxanh.com/dien-thoai/vivo-y04-64gb/danh-gia?page=2
2026-04-15 12:18:07,102 [WARNING]         [!] Không thấy dữ liệu hoặc Trống (Lần lỗi 2/5)
2026-04-15 12:18:08,750 [INFO]  ✅ Hoàn tất cào sản phẩm: 335227
2026-04-15 12:18:08,751 [INFO]  -> [32/174] Lấy Breadcrumb & Review trang gốc: https://www.dienmayxanh.com/dien-thoai/masstel-izi-10-type-c
2026-04-15 12:18:13,667 [INFO]       - Đang quét Page 1: https://www.dienmayxanh.com/dien-thoai/masstel-izi-10-type-c/danh-gia?page=1
2026-04-15 12:18:21,110 [WARNING]         [!] Không thấy dữ liệu hoặc Trống (Lần lỗi 1/5)
2026-04-15 12:18:23,099 [INFO]       - Đang quét Page 2: https://www.dienmayxanh.com/dien-thoai/masstel-izi-10-type-c/danh-gia?page=2
2026-04-15 12:18:30,618 [WARNING]         [!] Không thấy dữ liệu hoặc Trống (Lần lỗi 2/5)
2026-04-15 12:18:32,683 [INFO]  ✅ Hoàn tất cào sản phẩm: 342939
2026-04-15 12:18:32,684 [INFO]  -> [33/174] Lấy Breadcrumb & Review trang gốc: https://www.dienmayxanh.com/dien-thoai/iphone-15
2026-04-15 12:18:40,328 [INFO]       ✅ Thu được 10 reviews từ trang gốc.
2026-04-15 12:18:40,329 [INFO]       - Đang quét Page 1: https://www.dienmayxanh.com/dien-thoai/iphone-15/danh-gia?page=1
2026-04-15 12:18:48,382 [INFO]         ✅ Thêm 16 reviews mới từ Page 1.
2026-04-15 12:18:48,383 [INFO]         💾 Đã lưu 22 reviews.
2026-04-15 12:18:50,058 [INFO]       - Đang quét Page 2: https://www.dienmayxanh.com/dien-thoai/iphone-15/danh-gia?page=2
2026-04-15 12:18:58,817 [INFO]         ✅ Thêm 19 reviews mới từ Page 2.
2026-04-15 12:19:00,425 [INFO]       - Đang quét Page 3: https://www.dienmayxanh.com/dien-thoai/iphone-15/danh-gia?page=3
2026-04-15 12:19:18,401 [INFO]         ✅ Thêm 20 reviews mới từ Page 3.
2026-04-15 12:19:18,408 [INFO]         💾 Đã lưu 39 reviews.
2026-04-15 12:19:20,651 [INFO]       - Đang quét Page 4: https://www.dienmayxanh.com/dien-thoai/iphone-15/danh-gia?page=4
2026-04-15 12:19:37,681 [INFO]         ✅ Thêm 20 reviews mới từ Page 4.
2026-04-15 12:19:37,683 [INFO]         💾 Đã lưu 20 reviews.
2026-04-15 12:19:39,626 [INFO]       - Đang quét Page 5: https://www.dienmayxanh.com/dien-thoai/iphone-15/danh-gia?page=5
2026-04-15 12:20:04,055 [INFO]         ✅ Thêm 20 reviews mới từ Page 5.
2026-04-15 12:20:04,057 [INFO]         💾 Đã lưu 20 reviews.
2026-04-15 12:20:06,960 [INFO]       - Đang quét Page 6: https://www.dienmayxanh.com/dien-thoai/iphone-15/danh-gia?page=6
2026-04-15 12:20:15,362 [INFO]         ✅ Thêm 20 reviews mới từ Page 6.
2026-04-15 12:20:15,365 [INFO]         💾 Đã lưu 20 reviews.
2026-04-15 12:20:17,939 [INFO]       - Đang quét Page 7: https://www.dienmayxanh.com/dien-thoai/iphone-15/danh-gia?page=7
2026-04-15 12:20:27,853 [WARNING]         [!] Không thấy dữ liệu hoặc Trống (Lần lỗi 1/5)
2026-04-15 12:20:30,145 [INFO]       - Đang quét Page 8: https://www.dienmayxanh.com/dien-thoai/iphone-15/danh-gia?page=8
2026-04-15 12:20:39,599 [WARNING]         [!] Không thấy dữ liệu hoặc Trống (Lần lỗi 2/5)
2026-04-15 12:20:41,855 [INFO]  ✅ Hoàn tất cào sản phẩm: 281570
2026-04-15 12:20:41,855 [INFO]  -> [34/174] Lấy Breadcrumb & Review trang gốc: https://www.dienmayxanh.com/dien-thoai/iphone-17-pro
2026-04-15 12:20:49,480 [INFO]       ✅ Thu được 10 reviews từ trang gốc.
2026-04-15 12:20:49,481 [INFO]       - Đang quét Page 1: https://www.dienmayxanh.com/dien-thoai/iphone-17-pro/danh-gia?page=1
2026-04-15 12:20:56,118 [INFO]         ✅ Thêm 9 reviews mới từ Page 1.
2026-04-15 12:20:58,129 [INFO]       - Đang quét Page 2: https://www.dienmayxanh.com/dien-thoai/iphone-17-pro/danh-gia?page=2
2026-04-15 12:21:06,667 [WARNING]         [!] Không thấy dữ liệu hoặc Trống (Lần lỗi 1/5)
2026-04-15 12:21:09,157 [INFO]       - Đang quét Page 3: https://www.dienmayxanh.com/dien-thoai/iphone-17-pro/danh-gia?page=3
2026-04-15 12:21:18,369 [WARNING]         [!] Không thấy dữ liệu hoặc Trống (Lần lỗi 2/5)
2026-04-15 12:21:21,369 [INFO]         💾 Đã lưu 15 reviews cuối.
2026-04-15 12:21:21,370 [INFO]  ✅ Hoàn tất cào sản phẩm: 342676
2026-04-15 12:21:21,370 [INFO]  -> [35/174] Lấy Breadcrumb & Review trang gốc: https://www.dienmayxanh.com/dien-thoai/vivo-v70-fe-12gb-256gb
2026-04-15 12:21:32,720 [INFO]       - Đang quét Page 1: https://www.dienmayxanh.com/dien-thoai/vivo-v70-fe-12gb-256gb/danh-gia?page=1
2026-04-15 12:21:40,225 [WARNING]         [!] Không thấy dữ liệu hoặc Trống (Lần lỗi 1/5)
2026-04-15 12:21:42,762 [INFO]       - Đang quét Page 2: https://www.dienmayxanh.com/dien-thoai/vivo-v70-fe-12gb-256gb/danh-gia?page=2
2026-04-15 12:21:50,132 [WARNING]         [!] Không thấy dữ liệu hoặc Trống (Lần lỗi 2/5)
2026-04-15 12:21:52,979 [INFO]  ✅ Hoàn tất cào sản phẩm: 363467
2026-04-15 12:21:52,979 [INFO]  -> [36/174] Lấy Breadcrumb & Review trang gốc: https://www.dienmayxanh.com/dien-thoai/realme-c100-4g-6gb-128gb
2026-04-15 12:22:03,448 [INFO]       - Đang quét Page 1: https://www.dienmayxanh.com/dien-thoai/realme-c100-4g-6gb-128gb/danh-gia?page=1
2026-04-15 12:22:10,850 [WARNING]         [!] Không thấy dữ liệu hoặc Trống (Lần lỗi 1/5)
2026-04-15 12:22:13,572 [INFO]       - Đang quét Page 2: https://www.dienmayxanh.com/dien-thoai/realme-c100-4g-6gb-128gb/danh-gia?page=2
2026-04-15 12:22:21,030 [WARNING]         [!] Không thấy dữ liệu hoặc Trống (Lần lỗi 2/5)
2026-04-15 12:22:23,124 [INFO]  ✅ Hoàn tất cào sản phẩm: 364186
2026-04-15 12:22:23,124 [INFO]  -> [37/174] Lấy Breadcrumb & Review trang gốc: https://www.dienmayxanh.com/dien-thoai/oppo-a5x-4gb-64gb
2026-04-15 12:22:30,450 [INFO]       ✅ Thu được 10 reviews từ trang gốc.
2026-04-15 12:22:30,450 [INFO]       - Đang quét Page 1: https://www.dienmayxanh.com/dien-thoai/oppo-a5x-4gb-64gb/danh-gia?page=1
2026-04-15 12:22:36,205 [INFO]         ✅ Thêm 7 reviews mới từ Page 1.
2026-04-15 12:22:38,737 [INFO]       - Đang quét Page 2: https://www.dienmayxanh.com/dien-thoai/oppo-a5x-4gb-64gb/danh-gia?page=2
2026-04-15 12:22:47,325 [WARNING]         [!] Không thấy dữ liệu hoặc Trống (Lần lỗi 1/5)
2026-04-15 12:22:49,930 [INFO]       - Đang quét Page 3: https://www.dienmayxanh.com/dien-thoai/oppo-a5x-4gb-64gb/danh-gia?page=3
2026-04-15 12:22:58,742 [WARNING]         [!] Không thấy dữ liệu hoặc Trống (Lần lỗi 2/5)
2026-04-15 12:23:01,175 [INFO]         💾 Đã lưu 13 reviews cuối.
2026-04-15 12:23:01,175 [INFO]  ✅ Hoàn tất cào sản phẩm: 337846
2026-04-15 12:23:01,175 [INFO]  -> [38/174] Lấy Breadcrumb & Review trang gốc: https://www.dienmayxanh.com/dien-thoai/samsung-galaxy-s26-ultra-12gb-256gb
2026-04-15 12:23:11,776 [INFO]       - Đang quét Page 1: https://www.dienmayxanh.com/dien-thoai/samsung-galaxy-s26-ultra-12gb-256gb/danh-gia?page=1
2026-04-15 12:23:19,170 [WARNING]         [!] Không thấy dữ liệu hoặc Trống (Lần lỗi 1/5)
2026-04-15 12:23:21,309 [INFO]       - Đang quét Page 2: https://www.dienmayxanh.com/dien-thoai/samsung-galaxy-s26-ultra-12gb-256gb/danh-gia?page=2
2026-04-15 12:23:29,022 [WARNING]         [!] Không thấy dữ liệu hoặc Trống (Lần lỗi 2/5)
2026-04-15 12:23:31,191 [INFO]  ✅ Hoàn tất cào sản phẩm: 361951
2026-04-15 12:23:31,192 [INFO]  -> [39/174] Lấy Breadcrumb & Review trang gốc: https://www.dienmayxanh.com/dien-thoai/mobell-m179
2026-04-15 12:23:38,177 [INFO]       ✅ Thu được 4 reviews từ trang gốc.
2026-04-15 12:23:38,177 [INFO]       - Đang quét Page 1: https://www.dienmayxanh.com/dien-thoai/mobell-m179/danh-gia?page=1
2026-04-15 12:23:42,938 [INFO]         ✅ Thêm 0 reviews mới từ Page 1.
2026-04-15 12:23:44,695 [INFO]       - Đang quét Page 2: https://www.dienmayxanh.com/dien-thoai/mobell-m179/danh-gia?page=2
2026-04-15 12:23:53,659 [WARNING]         [!] Không thấy dữ liệu hoặc Trống (Lần lỗi 1/5)
2026-04-15 12:23:56,010 [INFO]       - Đang quét Page 3: https://www.dienmayxanh.com/dien-thoai/mobell-m179/danh-gia?page=3
2026-04-15 12:24:05,244 [WARNING]         [!] Không thấy dữ liệu hoặc Trống (Lần lỗi 2/5)
2026-04-15 12:24:07,281 [INFO]         💾 Đã lưu 4 reviews cuối.
2026-04-15 12:24:07,282 [INFO]  ✅ Hoàn tất cào sản phẩm: 354325
2026-04-15 12:24:07,282 [INFO]  -> [40/174] Lấy Breadcrumb & Review trang gốc: https://www.dienmayxanh.com/dien-thoai/vivo-v60-lite-8gb-256gb
2026-04-15 12:24:19,030 [INFO]       ✅ Thu được 6 reviews từ trang gốc.
2026-04-15 12:24:19,031 [INFO]       - Đang quét Page 1: https://www.dienmayxanh.com/dien-thoai/vivo-v60-lite-8gb-256gb/danh-gia?page=1
2026-04-15 12:24:23,968 [INFO]         ✅ Thêm 1 reviews mới từ Page 1.
2026-04-15 12:24:26,835 [INFO]       - Đang quét Page 2: https://www.dienmayxanh.com/dien-thoai/vivo-v60-lite-8gb-256gb/danh-gia?page=2
2026-04-15 12:24:35,321 [WARNING]         [!] Không thấy dữ liệu hoặc Trống (Lần lỗi 1/5)
2026-04-15 12:24:38,221 [INFO]       - Đang quét Page 3: https://www.dienmayxanh.com/dien-thoai/vivo-v60-lite-8gb-256gb/danh-gia?page=3
2026-04-15 12:24:47,144 [WARNING]         [!] Không thấy dữ liệu hoặc Trống (Lần lỗi 2/5)
2026-04-15 12:24:48,669 [INFO]         💾 Đã lưu 7 reviews cuối.
2026-04-15 12:24:48,669 [INFO]  ✅ Hoàn tất cào sản phẩm: 357576
2026-04-15 12:24:48,670 [INFO] ♻️ Làm mới Session trình duyệt...
2026-04-15 12:24:49,767 [INFO]  -> [41/174] Lấy Breadcrumb & Review trang gốc: https://www.dienmayxanh.com/dien-thoai/vivo-y39-5g?utm_flashsale=1
2026-04-15 12:25:06,681 [INFO]       ✅ Thu được 10 reviews từ trang gốc.
2026-04-15 12:25:06,681 [INFO]       - Đang quét Page 1: https://www.dienmayxanh.com/dien-thoai/vivo-y39-5g/danh-gia?page=1
2026-04-15 12:25:13,233 [INFO]         ✅ Thêm 9 reviews mới từ Page 1.
2026-04-15 12:25:15,357 [INFO]       - Đang quét Page 2: https://www.dienmayxanh.com/dien-thoai/vivo-y39-5g/danh-gia?page=2
2026-04-15 12:25:24,427 [WARNING]         [!] Không thấy dữ liệu hoặc Trống (Lần lỗi 1/5)
2026-04-15 12:25:26,186 [INFO]       - Đang quét Page 3: https://www.dienmayxanh.com/dien-thoai/vivo-y39-5g/danh-gia?page=3
2026-04-15 12:25:36,996 [WARNING]         [!] Không thấy dữ liệu hoặc Trống (Lần lỗi 2/5)
2026-04-15 12:25:39,725 [INFO]         💾 Đã lưu 15 reviews cuối.
2026-04-15 12:25:39,725 [INFO]  ✅ Hoàn tất cào sản phẩm: 339180
2026-04-15 12:25:39,726 [INFO]  -> [42/174] Lấy Breadcrumb & Review trang gốc: https://www.dienmayxanh.com/dien-thoai/oppo-a5-8gb-128gb?utm_flashsale=1
2026-04-15 12:25:47,373 [INFO]       ✅ Thu được 7 reviews từ trang gốc.
2026-04-15 12:25:47,373 [INFO]       - Đang quét Page 1: https://www.dienmayxanh.com/dien-thoai/oppo-a5-8gb-128gb/danh-gia?page=1
2026-04-15 12:25:53,679 [INFO]         ✅ Thêm 2 reviews mới từ Page 1.
2026-04-15 12:25:56,365 [INFO]       - Đang quét Page 2: https://www.dienmayxanh.com/dien-thoai/oppo-a5-8gb-128gb/danh-gia?page=2
2026-04-15 12:26:06,659 [WARNING]         [!] Không thấy dữ liệu hoặc Trống (Lần lỗi 1/5)
2026-04-15 12:26:09,068 [INFO]       - Đang quét Page 3: https://www.dienmayxanh.com/dien-thoai/oppo-a5-8gb-128gb/danh-gia?page=3
2026-04-15 12:26:18,395 [WARNING]         [!] Không thấy dữ liệu hoặc Trống (Lần lỗi 2/5)
2026-04-15 12:26:20,693 [INFO]         💾 Đã lưu 8 reviews cuối.
2026-04-15 12:26:20,693 [INFO]  ✅ Hoàn tất cào sản phẩm: 341378
2026-04-15 12:26:20,694 [INFO]  -> [43/174] Lấy Breadcrumb & Review trang gốc: https://www.dienmayxanh.com/dien-thoai/realme-note-70-4gb-64gb
2026-04-15 12:26:25,423 [INFO]       ✅ Thu được 1 reviews từ trang gốc.
2026-04-15 12:26:25,423 [INFO]       - Đang quét Page 1: https://www.dienmayxanh.com/dien-thoai/realme-note-70-4gb-64gb/danh-gia?page=1
2026-04-15 12:26:33,265 [WARNING]         [!] Không thấy dữ liệu hoặc Trống (Lần lỗi 1/5)
2026-04-15 12:26:35,197 [INFO]       - Đang quét Page 2: https://www.dienmayxanh.com/dien-thoai/realme-note-70-4gb-64gb/danh-gia?page=2
2026-04-15 12:26:42,675 [WARNING]         [!] Không thấy dữ liệu hoặc Trống (Lần lỗi 2/5)
2026-04-15 12:26:44,232 [INFO]         💾 Đã lưu 1 reviews cuối.
2026-04-15 12:26:44,232 [INFO]  ✅ Hoàn tất cào sản phẩm: 340260
2026-04-15 12:26:44,233 [INFO]  -> [44/174] Lấy Breadcrumb & Review trang gốc: https://www.dienmayxanh.com/dien-thoai/oppo-a6-pro-5g-8gb-256gb
2026-04-15 12:27:11,910 [INFO]       ✅ Thu được 3 reviews từ trang gốc.
2026-04-15 12:27:11,910 [INFO]       - Đang quét Page 1: https://www.dienmayxanh.com/dien-thoai/oppo-a6-pro-5g-8gb-256gb/danh-gia?page=1
2026-04-15 12:27:17,076 [INFO]         ✅ Thêm 0 reviews mới từ Page 1.
2026-04-15 12:27:18,649 [INFO]       - Đang quét Page 2: https://www.dienmayxanh.com/dien-thoai/oppo-a6-pro-5g-8gb-256gb/danh-gia?page=2
2026-04-15 12:27:26,982 [WARNING]         [!] Không thấy dữ liệu hoặc Trống (Lần lỗi 1/5)
2026-04-15 12:27:29,970 [INFO]       - Đang quét Page 3: https://www.dienmayxanh.com/dien-thoai/oppo-a6-pro-5g-8gb-256gb/danh-gia?page=3
2026-04-15 12:27:38,558 [WARNING]         [!] Không thấy dữ liệu hoặc Trống (Lần lỗi 2/5)
2026-04-15 12:27:41,075 [INFO]         💾 Đã lưu 3 reviews cuối.
2026-04-15 12:27:41,075 [INFO]  ✅ Hoàn tất cào sản phẩm: 343124
2026-04-15 12:27:41,076 [INFO]  -> [45/174] Lấy Breadcrumb & Review trang gốc: https://www.dienmayxanh.com/dien-thoai/motorola-moto-g35-5g-4gb-128gb?utm_flashsale=1
2026-04-15 12:27:47,522 [INFO]       ✅ Thu được 10 reviews từ trang gốc.
2026-04-15 12:27:47,522 [INFO]       - Đang quét Page 1: https://www.dienmayxanh.com/dien-thoai/motorola-moto-g35-5g-4gb-128gb/danh-gia?page=1
2026-04-15 12:27:54,298 [INFO]         ✅ Thêm 14 reviews mới từ Page 1.
2026-04-15 12:27:54,299 [INFO]         💾 Đã lưu 20 reviews.
2026-04-15 12:27:56,148 [INFO]       - Đang quét Page 2: https://www.dienmayxanh.com/dien-thoai/motorola-moto-g35-5g-4gb-128gb/danh-gia?page=2
2026-04-15 12:28:05,008 [WARNING]         [!] Không thấy dữ liệu hoặc Trống (Lần lỗi 1/5)
2026-04-15 12:28:06,982 [INFO]       - Đang quét Page 3: https://www.dienmayxanh.com/dien-thoai/motorola-moto-g35-5g-4gb-128gb/danh-gia?page=3
2026-04-15 12:28:17,510 [WARNING]         [!] Không thấy dữ liệu hoặc Trống (Lần lỗi 2/5)
2026-04-15 12:28:20,137 [INFO]  ✅ Hoàn tất cào sản phẩm: 358048
2026-04-15 12:28:20,139 [INFO]  -> [46/174] Lấy Breadcrumb & Review trang gốc: https://www.dienmayxanh.com/dien-thoai/oppo-a6-pro-8gb-128gb
2026-04-15 12:28:30,883 [INFO]       ✅ Thu được 10 reviews từ trang gốc.
2026-04-15 12:28:30,883 [INFO]       - Đang quét Page 1: https://www.dienmayxanh.com/dien-thoai/oppo-a6-pro-8gb-128gb/danh-gia?page=1
2026-04-15 12:28:37,599 [INFO]         ✅ Thêm 5 reviews mới từ Page 1.
2026-04-15 12:28:40,550 [INFO]       - Đang quét Page 2: https://www.dienmayxanh.com/dien-thoai/oppo-a6-pro-8gb-128gb/danh-gia?page=2
2026-04-15 12:28:50,009 [WARNING]         [!] Không thấy dữ liệu hoặc Trống (Lần lỗi 1/5)
2026-04-15 12:28:51,829 [INFO]       - Đang quét Page 3: https://www.dienmayxanh.com/dien-thoai/oppo-a6-pro-8gb-128gb/danh-gia?page=3
2026-04-15 12:29:00,890 [WARNING]         [!] Không thấy dữ liệu hoặc Trống (Lần lỗi 2/5)
2026-04-15 12:29:03,399 [INFO]         💾 Đã lưu 11 reviews cuối.
2026-04-15 12:29:03,400 [INFO]  ✅ Hoàn tất cào sản phẩm: 344651
2026-04-15 12:29:03,401 [INFO]  -> [47/174] Lấy Breadcrumb & Review trang gốc: https://www.dienmayxanh.com/dien-thoai/realme-c71-6gb
2026-04-15 12:29:15,559 [INFO]       ✅ Thu được 10 reviews từ trang gốc.
2026-04-15 12:29:15,559 [INFO]       - Đang quét Page 1: https://www.dienmayxanh.com/dien-thoai/realme-c71-6gb/danh-gia?page=1
2026-04-15 12:29:24,495 [INFO]         ✅ Thêm 15 reviews mới từ Page 1.
2026-04-15 12:29:24,498 [INFO]         💾 Đã lưu 21 reviews.
2026-04-15 12:29:26,577 [INFO]       - Đang quét Page 2: https://www.dienmayxanh.com/dien-thoai/realme-c71-6gb/danh-gia?page=2
2026-04-15 12:29:36,332 [WARNING]         [!] Không thấy dữ liệu hoặc Trống (Lần lỗi 1/5)
2026-04-15 12:29:39,038 [INFO]       - Đang quét Page 3: https://www.dienmayxanh.com/dien-thoai/realme-c71-6gb/danh-gia?page=3
2026-04-15 12:29:48,336 [WARNING]         [!] Không thấy dữ liệu hoặc Trống (Lần lỗi 2/5)
2026-04-15 12:29:51,206 [INFO]  ✅ Hoàn tất cào sản phẩm: 337742
2026-04-15 12:29:51,206 [INFO]  -> [48/174] Lấy Breadcrumb & Review trang gốc: https://www.dienmayxanh.com/dien-thoai/vivo-y19s-pro-6gb
2026-04-15 12:30:01,067 [INFO]       - Đang quét Page 1: https://www.dienmayxanh.com/dien-thoai/vivo-y19s-pro-6gb/danh-gia?page=1
2026-04-15 12:30:08,477 [WARNING]         [!] Không thấy dữ liệu hoặc Trống (Lần lỗi 1/5)
2026-04-15 12:30:11,434 [INFO]       - Đang quét Page 2: https://www.dienmayxanh.com/dien-thoai/vivo-y19s-pro-6gb/danh-gia?page=2
2026-04-15 12:30:19,360 [WARNING]         [!] Không thấy dữ liệu hoặc Trống (Lần lỗi 2/5)
2026-04-15 12:30:22,229 [INFO]  ✅ Hoàn tất cào sản phẩm: 338919
2026-04-15 12:30:22,230 [INFO]  -> [49/174] Lấy Breadcrumb & Review trang gốc: https://www.dienmayxanh.com/dien-thoai/nokia-110-4g-pro
2026-04-15 12:30:39,227 [INFO]       ✅ Thu được 10 reviews từ trang gốc.
2026-04-15 12:30:39,227 [INFO]       - Đang quét Page 1: https://www.dienmayxanh.com/dien-thoai/nokia-110-4g-pro/danh-gia?page=1
2026-04-15 12:30:49,201 [INFO]         ✅ Thêm 16 reviews mới từ Page 1.
2026-04-15 12:30:49,203 [INFO]         💾 Đã lưu 22 reviews.
2026-04-15 12:30:51,968 [INFO]       - Đang quét Page 2: https://www.dienmayxanh.com/dien-thoai/nokia-110-4g-pro/danh-gia?page=2
2026-04-15 12:30:59,393 [INFO]         ✅ Thêm 13 reviews mới từ Page 2.
2026-04-15 12:31:02,033 [INFO]       - Đang quét Page 3: https://www.dienmayxanh.com/dien-thoai/nokia-110-4g-pro/danh-gia?page=3
2026-04-15 12:31:10,640 [WARNING]         [!] Không thấy dữ liệu hoặc Trống (Lần lỗi 1/5)
2026-04-15 12:31:13,298 [INFO]       - Đang quét Page 4: https://www.dienmayxanh.com/dien-thoai/nokia-110-4g-pro/danh-gia?page=4
2026-04-15 12:31:21,729 [WARNING]         [!] Không thấy dữ liệu hoặc Trống (Lần lỗi 2/5)
2026-04-15 12:31:23,336 [INFO]         💾 Đã lưu 13 reviews cuối.
2026-04-15 12:31:23,339 [INFO]  ✅ Hoàn tất cào sản phẩm: 311034
2026-04-15 12:31:23,340 [INFO]  -> [50/174] Lấy Breadcrumb & Review trang gốc: https://www.dienmayxanh.com/dien-thoai/realme-16-5g-12gb-256gb
2026-04-15 12:31:29,088 [INFO]       - Đang quét Page 1: https://www.dienmayxanh.com/dien-thoai/realme-16-5g-12gb-256gb/danh-gia?page=1
2026-04-15 12:31:37,525 [WARNING]         [!] Không thấy dữ liệu hoặc Trống (Lần lỗi 1/5)
2026-04-15 12:31:40,087 [INFO]       - Đang quét Page 2: https://www.dienmayxanh.com/dien-thoai/realme-16-5g-12gb-256gb/danh-gia?page=2
2026-04-15 12:31:47,679 [WARNING]         [!] Không thấy dữ liệu hoặc Trống (Lần lỗi 2/5)
2026-04-15 12:31:49,987 [INFO]  ✅ Hoàn tất cào sản phẩm: 361706
2026-04-15 12:31:49,987 [INFO] ♻️ Làm mới Session trình duyệt...
2026-04-15 12:31:51,169 [INFO]  -> [51/174] Lấy Breadcrumb & Review trang gốc: https://www.dienmayxanh.com/dien-thoai/realme-c85-pro-8gb-128gb
2026-04-15 12:32:17,705 [INFO]       ✅ Thu được 1 reviews từ trang gốc.
2026-04-15 12:32:17,705 [INFO]       - Đang quét Page 1: https://www.dienmayxanh.com/dien-thoai/realme-c85-pro-8gb-128gb/danh-gia?page=1
2026-04-15 12:32:25,644 [WARNING]         [!] Không thấy dữ liệu hoặc Trống (Lần lỗi 1/5)
2026-04-15 12:32:27,149 [INFO]       - Đang quét Page 2: https://www.dienmayxanh.com/dien-thoai/realme-c85-pro-8gb-128gb/danh-gia?page=2
2026-04-15 12:32:34,614 [WARNING]         [!] Không thấy dữ liệu hoặc Trống (Lần lỗi 2/5)
2026-04-15 12:32:36,414 [INFO]         💾 Đã lưu 1 reviews cuối.
2026-04-15 12:32:36,414 [INFO]  ✅ Hoàn tất cào sản phẩm: 357832
2026-04-15 12:32:36,415 [INFO]  -> [52/174] Lấy Breadcrumb & Review trang gốc: https://www.dienmayxanh.com/dien-thoai/samsung-galaxy-a07-5g-4gb-128gb
2026-04-15 12:32:45,059 [INFO]       ✅ Thu được 4 reviews từ trang gốc.
2026-04-15 12:32:45,060 [INFO]       - Đang quét Page 1: https://www.dienmayxanh.com/dien-thoai/samsung-galaxy-a07-5g-4gb-128gb/danh-gia?page=1
2026-04-15 12:32:52,341 [INFO]         ✅ Thêm 0 reviews mới từ Page 1.
2026-04-15 12:32:54,093 [INFO]       - Đang quét Page 2: https://www.dienmayxanh.com/dien-thoai/samsung-galaxy-a07-5g-4gb-128gb/danh-gia?page=2
2026-04-15 12:33:29,615 [WARNING]         [!] Không thấy dữ liệu hoặc Trống (Lần lỗi 1/5)
2026-04-15 12:33:31,591 [INFO]       - Đang quét Page 3: https://www.dienmayxanh.com/dien-thoai/samsung-galaxy-a07-5g-4gb-128gb/danh-gia?page=3
2026-04-15 12:33:42,583 [WARNING]         [!] Không thấy dữ liệu hoặc Trống (Lần lỗi 2/5)
2026-04-15 12:33:44,202 [INFO]         💾 Đã lưu 4 reviews cuối.
2026-04-15 12:33:44,203 [INFO]  ✅ Hoàn tất cào sản phẩm: 361709
2026-04-15 12:33:44,203 [INFO]  -> [53/174] Lấy Breadcrumb & Review trang gốc: https://www.dienmayxanh.com/dien-thoai/xiaomi-15t-pro-12gb-256gb
2026-04-15 12:33:54,670 [INFO]       ✅ Thu được 10 reviews từ trang gốc.
2026-04-15 12:33:54,671 [INFO]       - Đang quét Page 1: https://www.dienmayxanh.com/dien-thoai/xiaomi-15t-pro-12gb-256gb/danh-gia?page=1
2026-04-15 12:34:48,418 [INFO]         ✅ Thêm 10 reviews mới từ Page 1.
2026-04-15 12:34:50,874 [INFO]       - Đang quét Page 2: https://www.dienmayxanh.com/dien-thoai/xiaomi-15t-pro-12gb-256gb/danh-gia?page=2
2026-04-15 12:35:24,038 [WARNING]         [!] Không thấy dữ liệu hoặc Trống (Lần lỗi 1/5)
2026-04-15 12:35:26,591 [INFO]       - Đang quét Page 3: https://www.dienmayxanh.com/dien-thoai/xiaomi-15t-pro-12gb-256gb/danh-gia?page=3
2026-04-15 12:35:41,885 [WARNING]         [!] Không thấy dữ liệu hoặc Trống (Lần lỗi 2/5)
2026-04-15 12:35:44,130 [INFO]         💾 Đã lưu 16 reviews cuối.
2026-04-15 12:35:44,130 [INFO]  ✅ Hoàn tất cào sản phẩm: 344646
2026-04-15 12:35:44,131 [INFO]  -> [54/174] Lấy Breadcrumb & Review trang gốc: https://www.dienmayxanh.com/dien-thoai/xiaomi-redmi-15-5g-4gb-128gb
2026-04-15 12:36:08,080 [INFO]       ✅ Thu được 10 reviews từ trang gốc.
2026-04-15 12:36:08,080 [INFO]       - Đang quét Page 1: https://www.dienmayxanh.com/dien-thoai/xiaomi-redmi-15-5g-4gb-128gb/danh-gia?page=1
2026-04-15 12:36:51,330 [INFO]         ✅ Thêm 8 reviews mới từ Page 1.
2026-04-15 12:36:53,311 [INFO]       - Đang quét Page 2: https://www.dienmayxanh.com/dien-thoai/xiaomi-redmi-15-5g-4gb-128gb/danh-gia?page=2
2026-04-15 12:37:03,285 [WARNING]         [!] Không thấy dữ liệu hoặc Trống (Lần lỗi 1/5)
2026-04-15 12:37:05,222 [INFO]       - Đang quét Page 3: https://www.dienmayxanh.com/dien-thoai/xiaomi-redmi-15-5g-4gb-128gb/danh-gia?page=3
2026-04-15 12:37:21,412 [WARNING]         [!] Không thấy dữ liệu hoặc Trống (Lần lỗi 2/5)
2026-04-15 12:37:23,851 [INFO]         💾 Đã lưu 14 reviews cuối.
2026-04-15 12:37:23,852 [INFO]  ✅ Hoàn tất cào sản phẩm: 359776
2026-04-15 12:37:23,853 [INFO]  -> [55/174] Lấy Breadcrumb & Review trang gốc: https://www.dienmayxanh.com/dien-thoai/realme-15t-5g-8gb-256gb
2026-04-15 12:37:37,092 [INFO]       ✅ Thu được 9 reviews từ trang gốc.
2026-04-15 12:37:37,093 [INFO]       - Đang quét Page 1: https://www.dienmayxanh.com/dien-thoai/realme-15t-5g-8gb-256gb/danh-gia?page=1
2026-04-15 12:37:47,996 [INFO]         ✅ Thêm 4 reviews mới từ Page 1.
2026-04-15 12:37:50,102 [INFO]       - Đang quét Page 2: https://www.dienmayxanh.com/dien-thoai/realme-15t-5g-8gb-256gb/danh-gia?page=2
2026-04-15 12:38:21,711 [WARNING]         [!] Không thấy dữ liệu hoặc Trống (Lần lỗi 1/5)
2026-04-15 12:38:24,167 [INFO]       - Đang quét Page 3: https://www.dienmayxanh.com/dien-thoai/realme-15t-5g-8gb-256gb/danh-gia?page=3
2026-04-15 12:38:53,311 [WARNING]         [!] Không thấy dữ liệu hoặc Trống (Lần lỗi 2/5)
2026-04-15 12:38:54,818 [INFO]         💾 Đã lưu 10 reviews cuối.
2026-04-15 12:38:54,818 [INFO]  ✅ Hoàn tất cào sản phẩm: 343063
2026-04-15 12:38:54,819 [INFO]  -> [56/174] Lấy Breadcrumb & Review trang gốc: https://www.dienmayxanh.com/dien-thoai/samsung-galaxy-s25-ultra
2026-04-15 12:39:37,164 [INFO]       ✅ Thu được 10 reviews từ trang gốc.
2026-04-15 12:39:37,164 [INFO]       - Đang quét Page 1: https://www.dienmayxanh.com/dien-thoai/samsung-galaxy-s25-ultra/danh-gia?page=1
2026-04-15 12:39:49,370 [INFO]         ✅ Thêm 14 reviews mới từ Page 1.
2026-04-15 12:39:49,373 [INFO]         💾 Đã lưu 20 reviews.
2026-04-15 12:39:50,907 [INFO]       - Đang quét Page 2: https://www.dienmayxanh.com/dien-thoai/samsung-galaxy-s25-ultra/danh-gia?page=2
2026-04-15 12:39:59,894 [INFO]         ✅ Thêm 12 reviews mới từ Page 2.
2026-04-15 12:40:01,487 [INFO]       - Đang quét Page 3: https://www.dienmayxanh.com/dien-thoai/samsung-galaxy-s25-ultra/danh-gia?page=3
2026-04-15 12:40:36,285 [WARNING]         [!] Không thấy dữ liệu hoặc Trống (Lần lỗi 1/5)
2026-04-15 12:40:38,284 [INFO]       - Đang quét Page 4: https://www.dienmayxanh.com/dien-thoai/samsung-galaxy-s25-ultra/danh-gia?page=4
2026-04-15 12:40:52,894 [WARNING]         [!] Không thấy dữ liệu hoặc Trống (Lần lỗi 2/5)
2026-04-15 12:40:55,757 [INFO]         💾 Đã lưu 12 reviews cuối.
2026-04-15 12:40:55,757 [INFO]  ✅ Hoàn tất cào sản phẩm: 333347
2026-04-15 12:40:55,758 [INFO]  -> [57/174] Lấy Breadcrumb & Review trang gốc: https://www.dienmayxanh.com/dien-thoai/iphone-air
2026-04-15 12:41:13,633 [INFO]       ✅ Thu được 5 reviews từ trang gốc.
2026-04-15 12:41:13,633 [INFO]       - Đang quét Page 1: https://www.dienmayxanh.com/dien-thoai/iphone-air/danh-gia?page=1
2026-04-15 12:41:39,957 [INFO]         ✅ Thêm 0 reviews mới từ Page 1.
2026-04-15 12:41:41,833 [INFO]       - Đang quét Page 2: https://www.dienmayxanh.com/dien-thoai/iphone-air/danh-gia?page=2
2026-04-15 12:41:55,204 [WARNING]         [!] Không thấy dữ liệu hoặc Trống (Lần lỗi 1/5)
2026-04-15 12:41:57,643 [INFO]       - Đang quét Page 3: https://www.dienmayxanh.com/dien-thoai/iphone-air/danh-gia?page=3
2026-04-15 12:42:11,266 [WARNING]         [!] Không thấy dữ liệu hoặc Trống (Lần lỗi 2/5)
2026-04-15 12:42:13,601 [INFO]         💾 Đã lưu 5 reviews cuối.
2026-04-15 12:42:13,602 [INFO]  ✅ Hoàn tất cào sản phẩm: 342670
2026-04-15 12:42:13,603 [INFO]  -> [58/174] Lấy Breadcrumb & Review trang gốc: https://www.dienmayxanh.com/dien-thoai/realme-p4-power-5g-12gb-256gb
2026-04-15 12:42:46,202 [INFO]       - Đang quét Page 1: https://www.dienmayxanh.com/dien-thoai/realme-p4-power-5g-12gb-256gb/danh-gia?page=1
2026-04-15 12:42:55,104 [WARNING]         [!] Không thấy dữ liệu hoặc Trống (Lần lỗi 1/5)
2026-04-15 12:42:57,359 [INFO]       - Đang quét Page 2: https://www.dienmayxanh.com/dien-thoai/realme-p4-power-5g-12gb-256gb/danh-gia?page=2
2026-04-15 12:43:05,005 [WARNING]         [!] Không thấy dữ liệu hoặc Trống (Lần lỗi 2/5)
2026-04-15 12:43:07,616 [INFO]  ✅ Hoàn tất cào sản phẩm: 363438
2026-04-15 12:43:07,617 [INFO]  -> [59/174] Lấy Breadcrumb & Review trang gốc: https://www.dienmayxanh.com/dien-thoai/xiaomi-redmi-13x
2026-04-15 12:43:19,530 [INFO]       ✅ Thu được 10 reviews từ trang gốc.
2026-04-15 12:43:19,530 [INFO]       - Đang quét Page 1: https://www.dienmayxanh.com/dien-thoai/xiaomi-redmi-13x/danh-gia?page=1
2026-04-15 12:43:54,560 [WARNING]         [!] Không thấy dữ liệu hoặc Trống (Lần lỗi 1/5)
2026-04-15 12:43:56,499 [INFO]       - Đang quét Page 2: https://www.dienmayxanh.com/dien-thoai/xiaomi-redmi-13x/danh-gia?page=2
2026-04-15 12:44:19,468 [WARNING]         [!] Không thấy dữ liệu hoặc Trống (Lần lỗi 2/5)
2026-04-15 12:44:21,148 [INFO]         💾 Đã lưu 6 reviews cuối.
2026-04-15 12:44:21,148 [INFO]  ✅ Hoàn tất cào sản phẩm: 335638
2026-04-15 12:44:21,149 [INFO]  -> [60/174] Lấy Breadcrumb & Review trang gốc: https://www.dienmayxanh.com/dien-thoai/iphone-16
2026-04-15 12:44:30,017 [INFO]       ✅ Thu được 10 reviews từ trang gốc.
2026-04-15 12:44:30,017 [INFO]       - Đang quét Page 1: https://www.dienmayxanh.com/dien-thoai/iphone-16/danh-gia?page=1
2026-04-15 12:44:38,239 [INFO]         ✅ Thêm 15 reviews mới từ Page 1.
2026-04-15 12:44:38,245 [INFO]         💾 Đã lưu 21 reviews.
2026-04-15 12:44:39,904 [INFO]       - Đang quét Page 2: https://www.dienmayxanh.com/dien-thoai/iphone-16/danh-gia?page=2
2026-04-15 12:44:48,632 [INFO]         ✅ Thêm 5 reviews mới từ Page 2.
2026-04-15 12:44:51,606 [INFO]       - Đang quét Page 3: https://www.dienmayxanh.com/dien-thoai/iphone-16/danh-gia?page=3
2026-04-15 12:45:12,950 [WARNING]         [!] Không thấy dữ liệu hoặc Trống (Lần lỗi 1/5)
2026-04-15 12:45:14,600 [INFO]       - Đang quét Page 4: https://www.dienmayxanh.com/dien-thoai/iphone-16/danh-gia?page=4
2026-04-15 12:45:29,865 [WARNING]         [!] Không thấy dữ liệu hoặc Trống (Lần lỗi 2/5)
2026-04-15 12:45:31,710 [INFO]         💾 Đã lưu 5 reviews cuối.
2026-04-15 12:45:31,710 [INFO]  ✅ Hoàn tất cào sản phẩm: 329135
2026-04-15 12:45:31,711 [INFO] ♻️ Làm mới Session trình duyệt...
2026-04-15 12:45:32,918 [INFO]  -> [61/174] Lấy Breadcrumb & Review trang gốc: https://www.dienmayxanh.com/dien-thoai/xiaomi-redmi-note-14-pro-5g?utm_flashsale=1
2026-04-15 12:46:12,862 [INFO]       ✅ Thu được 10 reviews từ trang gốc.
2026-04-15 12:46:12,862 [INFO]       - Đang quét Page 1: https://www.dienmayxanh.com/dien-thoai/xiaomi-redmi-note-14-pro-5g/danh-gia?page=1
2026-04-15 12:46:47,888 [WARNING]         [!] Không thấy dữ liệu hoặc Trống (Lần lỗi 1/5)
2026-04-15 12:46:49,566 [INFO]       - Đang quét Page 2: https://www.dienmayxanh.com/dien-thoai/xiaomi-redmi-note-14-pro-5g/danh-gia?page=2
2026-04-15 12:46:58,505 [INFO]         ✅ Thêm 20 reviews mới từ Page 2.
2026-04-15 12:46:58,510 [INFO]         💾 Đã lưu 26 reviews.
2026-04-15 12:47:00,335 [INFO]       - Đang quét Page 3: https://www.dienmayxanh.com/dien-thoai/xiaomi-redmi-note-14-pro-5g/danh-gia?page=3
2026-04-15 12:47:08,905 [INFO]         ✅ Thêm 20 reviews mới từ Page 3.
2026-04-15 12:47:08,906 [INFO]         💾 Đã lưu 20 reviews.
2026-04-15 12:47:11,621 [INFO]       - Đang quét Page 4: https://www.dienmayxanh.com/dien-thoai/xiaomi-redmi-note-14-pro-5g/danh-gia?page=4
2026-04-15 12:47:46,652 [WARNING]         [!] Không thấy dữ liệu hoặc Trống (Lần lỗi 1/5)
2026-04-15 12:47:48,797 [INFO]       - Đang quét Page 5: https://www.dienmayxanh.com/dien-thoai/xiaomi-redmi-note-14-pro-5g/danh-gia?page=5
2026-04-15 12:48:23,817 [WARNING]         [!] Không thấy dữ liệu hoặc Trống (Lần lỗi 2/5)
2026-04-15 12:48:25,336 [INFO]  ✅ Hoàn tất cào sản phẩm: 332938
2026-04-15 12:48:25,337 [INFO]  -> [62/174] Lấy Breadcrumb & Review trang gốc: https://www.dienmayxanh.com/dien-thoai/masstel-s9
2026-04-15 12:48:52,445 [INFO]       ✅ Thu được 10 reviews từ trang gốc.
2026-04-15 12:48:52,445 [INFO]       - Đang quét Page 1: https://www.dienmayxanh.com/dien-thoai/masstel-s9/danh-gia?page=1
2026-04-15 12:49:01,345 [INFO]         ✅ Thêm 8 reviews mới từ Page 1.
2026-04-15 12:49:02,986 [INFO]       - Đang quét Page 2: https://www.dienmayxanh.com/dien-thoai/masstel-s9/danh-gia?page=2
2026-04-15 12:49:16,008 [WARNING]         [!] Không thấy dữ liệu hoặc Trống (Lần lỗi 1/5)
2026-04-15 12:49:17,742 [INFO]       - Đang quét Page 3: https://www.dienmayxanh.com/dien-thoai/masstel-s9/danh-gia?page=3
2026-04-15 12:49:29,186 [WARNING]         [!] Không thấy dữ liệu hoặc Trống (Lần lỗi 2/5)
2026-04-15 12:49:31,036 [INFO]         💾 Đã lưu 14 reviews cuối.
2026-04-15 12:49:31,037 [INFO]  ✅ Hoàn tất cào sản phẩm: 336409
2026-04-15 12:49:31,037 [INFO]  -> [63/174] Lấy Breadcrumb & Review trang gốc: https://www.dienmayxanh.com/dien-thoai/xiaomi-redmi-note-15-pro-plus-12gb-256gb
2026-04-15 12:49:38,512 [INFO]       ✅ Thu được 4 reviews từ trang gốc.
2026-04-15 12:49:38,512 [INFO]       - Đang quét Page 1: https://www.dienmayxanh.com/dien-thoai/xiaomi-redmi-note-15-pro-plus-12gb-256gb/danh-gia?page=1
2026-04-15 12:49:45,546 [INFO]         ✅ Thêm 0 reviews mới từ Page 1.
2026-04-15 12:49:47,957 [INFO]       - Đang quét Page 2: https://www.dienmayxanh.com/dien-thoai/xiaomi-redmi-note-15-pro-plus-12gb-256gb/danh-gia?page=2
2026-04-15 12:49:58,187 [WARNING]         [!] Không thấy dữ liệu hoặc Trống (Lần lỗi 1/5)
2026-04-15 12:50:00,295 [INFO]       - Đang quét Page 3: https://www.dienmayxanh.com/dien-thoai/xiaomi-redmi-note-15-pro-plus-12gb-256gb/danh-gia?page=3
2026-04-15 12:50:09,549 [WARNING]         [!] Không thấy dữ liệu hoặc Trống (Lần lỗi 2/5)
2026-04-15 12:50:11,392 [INFO]         💾 Đã lưu 4 reviews cuối.
2026-04-15 12:50:11,393 [INFO]  ✅ Hoàn tất cào sản phẩm: 360309
2026-04-15 12:50:11,393 [INFO]  -> [64/174] Lấy Breadcrumb & Review trang gốc: https://www.dienmayxanh.com/dien-thoai/samsung-galaxy-s25
2026-04-15 12:50:49,623 [INFO]       ✅ Thu được 10 reviews từ trang gốc.
2026-04-15 12:50:49,624 [INFO]       - Đang quét Page 1: https://www.dienmayxanh.com/dien-thoai/samsung-galaxy-s25/danh-gia?page=1
2026-04-15 12:51:11,978 [INFO]         ✅ Thêm 13 reviews mới từ Page 1.
2026-04-15 12:51:14,682 [INFO]       - Đang quét Page 2: https://www.dienmayxanh.com/dien-thoai/samsung-galaxy-s25/danh-gia?page=2
2026-04-15 12:51:24,594 [WARNING]         [!] Không thấy dữ liệu hoặc Trống (Lần lỗi 1/5)
2026-04-15 12:51:26,787 [INFO]       - Đang quét Page 3: https://www.dienmayxanh.com/dien-thoai/samsung-galaxy-s25/danh-gia?page=3
2026-04-15 12:51:39,017 [WARNING]         [!] Không thấy dữ liệu hoặc Trống (Lần lỗi 2/5)
2026-04-15 12:51:41,417 [INFO]         💾 Đã lưu 19 reviews cuối.
2026-04-15 12:51:41,417 [INFO]  ✅ Hoàn tất cào sản phẩm: 333363
2026-04-15 12:51:41,418 [INFO]  -> [65/174] Lấy Breadcrumb & Review trang gốc: https://www.dienmayxanh.com/dien-thoai/vivo-v70-12gb-256gb
2026-04-15 12:52:18,527 [INFO]       - Đang quét Page 1: https://www.dienmayxanh.com/dien-thoai/vivo-v70-12gb-256gb/danh-gia?page=1
2026-04-15 12:52:26,829 [WARNING]         [!] Không thấy dữ liệu hoặc Trống (Lần lỗi 1/5)
2026-04-15 12:52:29,743 [INFO]       - Đang quét Page 2: https://www.dienmayxanh.com/dien-thoai/vivo-v70-12gb-256gb/danh-gia?page=2
2026-04-15 12:52:37,225 [WARNING]         [!] Không thấy dữ liệu hoặc Trống (Lần lỗi 2/5)
2026-04-15 12:52:39,313 [INFO]  ✅ Hoàn tất cào sản phẩm: 363465
2026-04-15 12:52:39,315 [INFO]  -> [66/174] Lấy Breadcrumb & Review trang gốc: https://www.dienmayxanh.com/dien-thoai/tecno-spark-40c-4gb-128gb
2026-04-15 12:53:16,680 [INFO]       ✅ Thu được 2 reviews từ trang gốc.
2026-04-15 12:53:16,680 [INFO]       - Đang quét Page 1: https://www.dienmayxanh.com/dien-thoai/tecno-spark-40c-4gb-128gb/danh-gia?page=1
2026-04-15 12:53:24,417 [WARNING]         [!] Không thấy dữ liệu hoặc Trống (Lần lỗi 1/5)
2026-04-15 12:53:27,253 [INFO]       - Đang quét Page 2: https://www.dienmayxanh.com/dien-thoai/tecno-spark-40c-4gb-128gb/danh-gia?page=2
2026-04-15 12:53:34,854 [WARNING]         [!] Không thấy dữ liệu hoặc Trống (Lần lỗi 2/5)
2026-04-15 12:53:36,695 [INFO]         💾 Đã lưu 2 reviews cuối.
2026-04-15 12:53:36,695 [INFO]  ✅ Hoàn tất cào sản phẩm: 359425
2026-04-15 12:53:36,696 [INFO]  -> [67/174] Lấy Breadcrumb & Review trang gốc: https://www.dienmayxanh.com/dien-thoai/mobell-m239
2026-04-15 12:54:14,962 [INFO]       ✅ Thu được 10 reviews từ trang gốc.
2026-04-15 12:54:14,962 [INFO]       - Đang quét Page 1: https://www.dienmayxanh.com/dien-thoai/mobell-m239/danh-gia?page=1
2026-04-15 12:54:49,986 [WARNING]         [!] Không thấy dữ liệu hoặc Trống (Lần lỗi 1/5)
2026-04-15 12:54:52,043 [INFO]       - Đang quét Page 2: https://www.dienmayxanh.com/dien-thoai/mobell-m239/danh-gia?page=2
2026-04-15 12:55:27,074 [WARNING]         [!] Không thấy dữ liệu hoặc Trống (Lần lỗi 2/5)
2026-04-15 12:55:29,025 [INFO]         💾 Đã lưu 6 reviews cuối.
2026-04-15 12:55:29,026 [INFO]  ✅ Hoàn tất cào sản phẩm: 284122
2026-04-15 12:55:29,028 [INFO]  -> [68/174] Lấy Breadcrumb & Review trang gốc: https://www.dienmayxanh.com/dien-thoai/iphone-17e-256gb
2026-04-15 12:55:35,467 [INFO]       - Đang quét Page 1: https://www.dienmayxanh.com/dien-thoai/iphone-17e-256gb/danh-gia?page=1
2026-04-15 12:55:43,058 [WARNING]         [!] Không thấy dữ liệu hoặc Trống (Lần lỗi 1/5)
2026-04-15 12:55:45,144 [INFO]       - Đang quét Page 2: https://www.dienmayxanh.com/dien-thoai/iphone-17e-256gb/danh-gia?page=2
2026-04-15 12:55:52,558 [WARNING]         [!] Không thấy dữ liệu hoặc Trống (Lần lỗi 2/5)
2026-04-15 12:55:55,048 [INFO]  ✅ Hoàn tất cào sản phẩm: 342692
2026-04-15 12:55:55,049 [INFO]  -> [69/174] Lấy Breadcrumb & Review trang gốc: https://www.dienmayxanh.com/dien-thoai/xiaomi-redmi-a5-3gb-64gb
2026-04-15 12:56:07,240 [INFO]       ✅ Thu được 5 reviews từ trang gốc.
2026-04-15 12:56:07,241 [INFO]       - Đang quét Page 1: https://www.dienmayxanh.com/dien-thoai/xiaomi-redmi-a5-3gb-64gb/danh-gia?page=1
2026-04-15 12:56:17,650 [WARNING]         [!] Không thấy dữ liệu hoặc Trống (Lần lỗi 1/5)
2026-04-15 12:56:19,424 [INFO]       - Đang quét Page 2: https://www.dienmayxanh.com/dien-thoai/xiaomi-redmi-a5-3gb-64gb/danh-gia?page=2
2026-04-15 12:56:30,655 [WARNING]         [!] Không thấy dữ liệu hoặc Trống (Lần lỗi 2/5)
2026-04-15 12:56:32,311 [INFO]         💾 Đã lưu 5 reviews cuối.
2026-04-15 12:56:32,311 [INFO]  ✅ Hoàn tất cào sản phẩm: 335917
2026-04-15 12:56:32,312 [INFO]  -> [70/174] Lấy Breadcrumb & Review trang gốc: https://www.dienmayxanh.com/dien-thoai/motorola-moto-g86-5g-8gb-128gb?utm_flashsale=1
2026-04-15 12:57:13,107 [INFO]       ✅ Thu được 10 reviews từ trang gốc.
2026-04-15 12:57:13,107 [INFO]       - Đang quét Page 1: https://www.dienmayxanh.com/dien-thoai/motorola-moto-g86-5g-8gb-128gb/danh-gia?page=1
2026-04-15 12:57:36,294 [INFO]         ✅ Thêm 15 reviews mới từ Page 1.
2026-04-15 12:57:36,297 [INFO]         💾 Đã lưu 21 reviews.
2026-04-15 12:57:37,857 [INFO]       - Đang quét Page 2: https://www.dienmayxanh.com/dien-thoai/motorola-moto-g86-5g-8gb-128gb/danh-gia?page=2
2026-04-15 12:57:43,239 [INFO]         ✅ Thêm 3 reviews mới từ Page 2.
2026-04-15 12:57:46,189 [INFO]       - Đang quét Page 3: https://www.dienmayxanh.com/dien-thoai/motorola-moto-g86-5g-8gb-128gb/danh-gia?page=3
2026-04-15 12:57:56,067 [WARNING]         [!] Không thấy dữ liệu hoặc Trống (Lần lỗi 1/5)
2026-04-15 12:57:59,026 [INFO]       - Đang quét Page 4: https://www.dienmayxanh.com/dien-thoai/motorola-moto-g86-5g-8gb-128gb/danh-gia?page=4
2026-04-15 12:58:07,837 [WARNING]         [!] Không thấy dữ liệu hoặc Trống (Lần lỗi 2/5)
2026-04-15 12:58:10,301 [INFO]         💾 Đã lưu 3 reviews cuối.
2026-04-15 12:58:10,301 [INFO]  ✅ Hoàn tất cào sản phẩm: 358225
2026-04-15 12:58:10,302 [INFO] ♻️ Làm mới Session trình duyệt...
2026-04-15 12:58:11,550 [INFO]  -> [71/174] Lấy Breadcrumb & Review trang gốc: https://www.dienmayxanh.com/dien-thoai/samsung-galaxy-a17-5g-8gb-128gb
2026-04-15 12:58:25,466 [INFO]       ✅ Thu được 6 reviews từ trang gốc.
2026-04-15 12:58:25,467 [INFO]       - Đang quét Page 1: https://www.dienmayxanh.com/dien-thoai/samsung-galaxy-a17-5g-8gb-128gb/danh-gia?page=1
2026-04-15 12:58:30,671 [INFO]         ✅ Thêm 1 reviews mới từ Page 1.
2026-04-15 12:58:33,663 [INFO]       - Đang quét Page 2: https://www.dienmayxanh.com/dien-thoai/samsung-galaxy-a17-5g-8gb-128gb/danh-gia?page=2
2026-04-15 12:58:43,062 [WARNING]         [!] Không thấy dữ liệu hoặc Trống (Lần lỗi 1/5)
2026-04-15 12:58:45,937 [INFO]       - Đang quét Page 3: https://www.dienmayxanh.com/dien-thoai/samsung-galaxy-a17-5g-8gb-128gb/danh-gia?page=3
2026-04-15 12:58:55,326 [WARNING]         [!] Không thấy dữ liệu hoặc Trống (Lần lỗi 2/5)
2026-04-15 12:58:58,175 [INFO]         💾 Đã lưu 7 reviews cuối.
2026-04-15 12:58:58,176 [INFO]  ✅ Hoàn tất cào sản phẩm: 341688
2026-04-15 12:58:58,176 [INFO]  -> [72/174] Lấy Breadcrumb & Review trang gốc: https://www.dienmayxanh.com/dien-thoai/samsung-galaxy-s26-12gb-256gb
2026-04-15 12:59:08,187 [INFO]       - Đang quét Page 1: https://www.dienmayxanh.com/dien-thoai/samsung-galaxy-s26-12gb-256gb/danh-gia?page=1
2026-04-15 12:59:17,611 [WARNING]         [!] Không thấy dữ liệu hoặc Trống (Lần lỗi 1/5)
2026-04-15 12:59:20,159 [INFO]       - Đang quét Page 2: https://www.dienmayxanh.com/dien-thoai/samsung-galaxy-s26-12gb-256gb/danh-gia?page=2
2026-04-15 12:59:27,648 [WARNING]         [!] Không thấy dữ liệu hoặc Trống (Lần lỗi 2/5)
2026-04-15 12:59:29,460 [INFO]  ✅ Hoàn tất cào sản phẩm: 361947
2026-04-15 12:59:29,461 [INFO]  -> [73/174] Lấy Breadcrumb & Review trang gốc: https://www.dienmayxanh.com/dien-thoai/mobell-m539
2026-04-15 12:59:38,585 [INFO]       ✅ Thu được 10 reviews từ trang gốc.
2026-04-15 12:59:38,585 [INFO]       - Đang quét Page 1: https://www.dienmayxanh.com/dien-thoai/mobell-m539/danh-gia?page=1
2026-04-15 12:59:58,529 [INFO]         ✅ Thêm 17 reviews mới từ Page 1.
2026-04-15 12:59:58,531 [INFO]         💾 Đã lưu 23 reviews.
2026-04-15 13:00:00,578 [INFO]       - Đang quét Page 2: https://www.dienmayxanh.com/dien-thoai/mobell-m539/danh-gia?page=2
2026-04-15 13:00:09,066 [INFO]         ✅ Thêm 18 reviews mới từ Page 2.
2026-04-15 13:00:11,522 [INFO]       - Đang quét Page 3: https://www.dienmayxanh.com/dien-thoai/mobell-m539/danh-gia?page=3
2026-04-15 13:00:19,469 [INFO]         ✅ Thêm 20 reviews mới từ Page 3.
2026-04-15 13:00:19,471 [INFO]         💾 Đã lưu 38 reviews.
2026-04-15 13:00:21,259 [INFO]       - Đang quét Page 4: https://www.dienmayxanh.com/dien-thoai/mobell-m539/danh-gia?page=4
2026-04-15 13:00:28,814 [INFO]         ✅ Thêm 20 reviews mới từ Page 4.
2026-04-15 13:00:28,816 [INFO]         💾 Đã lưu 20 reviews.
2026-04-15 13:00:31,663 [INFO]       - Đang quét Page 5: https://www.dienmayxanh.com/dien-thoai/mobell-m539/danh-gia?page=5
2026-04-15 13:00:39,707 [INFO]         ✅ Thêm 20 reviews mới từ Page 5.
2026-04-15 13:00:39,709 [INFO]         💾 Đã lưu 20 reviews.
2026-04-15 13:00:41,624 [INFO]       - Đang quét Page 6: https://www.dienmayxanh.com/dien-thoai/mobell-m539/danh-gia?page=6
2026-04-15 13:00:48,267 [INFO]         ✅ Thêm 19 reviews mới từ Page 6.
2026-04-15 13:00:50,379 [INFO]       - Đang quét Page 7: https://www.dienmayxanh.com/dien-thoai/mobell-m539/danh-gia?page=7
2026-04-15 13:00:59,595 [WARNING]         [!] Không thấy dữ liệu hoặc Trống (Lần lỗi 1/5)
2026-04-15 13:01:01,493 [INFO]       - Đang quét Page 8: https://www.dienmayxanh.com/dien-thoai/mobell-m539/danh-gia?page=8
2026-04-15 13:01:10,978 [WARNING]         [!] Không thấy dữ liệu hoặc Trống (Lần lỗi 2/5)
2026-04-15 13:01:13,455 [INFO]         💾 Đã lưu 19 reviews cuối.
2026-04-15 13:01:13,456 [INFO]  ✅ Hoàn tất cào sản phẩm: 288630
2026-04-15 13:01:13,456 [INFO]  -> [74/174] Lấy Breadcrumb & Review trang gốc: https://www.dienmayxanh.com/dien-thoai/oppo-find-x9-12gb-256gb
2026-04-15 13:01:21,136 [INFO]       ✅ Thu được 10 reviews từ trang gốc.
2026-04-15 13:01:21,136 [INFO]       - Đang quét Page 1: https://www.dienmayxanh.com/dien-thoai/oppo-find-x9-12gb-256gb/danh-gia?page=1
2026-04-15 13:01:27,531 [INFO]         ✅ Thêm 8 reviews mới từ Page 1.
2026-04-15 13:01:29,909 [INFO]       - Đang quét Page 2: https://www.dienmayxanh.com/dien-thoai/oppo-find-x9-12gb-256gb/danh-gia?page=2
2026-04-15 13:01:39,254 [WARNING]         [!] Không thấy dữ liệu hoặc Trống (Lần lỗi 1/5)
2026-04-15 13:01:41,299 [INFO]       - Đang quét Page 3: https://www.dienmayxanh.com/dien-thoai/oppo-find-x9-12gb-256gb/danh-gia?page=3
2026-04-15 13:01:50,475 [WARNING]         [!] Không thấy dữ liệu hoặc Trống (Lần lỗi 2/5)
2026-04-15 13:01:53,283 [INFO]         💾 Đã lưu 14 reviews cuối.
2026-04-15 13:01:53,284 [INFO]  ✅ Hoàn tất cào sản phẩm: 344655
2026-04-15 13:01:53,285 [INFO]  -> [75/174] Lấy Breadcrumb & Review trang gốc: https://www.dienmayxanh.com/dien-thoai/samsung-galaxy-s26-plus-12gb-256gb
2026-04-15 13:02:09,059 [INFO]       - Đang quét Page 1: https://www.dienmayxanh.com/dien-thoai/samsung-galaxy-s26-plus-12gb-256gb/danh-gia?page=1
2026-04-15 13:02:16,459 [WARNING]         [!] Không thấy dữ liệu hoặc Trống (Lần lỗi 1/5)
2026-04-15 13:02:19,255 [INFO]       - Đang quét Page 2: https://www.dienmayxanh.com/dien-thoai/samsung-galaxy-s26-plus-12gb-256gb/danh-gia?page=2
2026-04-15 13:02:26,726 [WARNING]         [!] Không thấy dữ liệu hoặc Trống (Lần lỗi 2/5)
2026-04-15 13:02:29,687 [INFO]  ✅ Hoàn tất cào sản phẩm: 361949
2026-04-15 13:02:29,687 [INFO]  -> [76/174] Lấy Breadcrumb & Review trang gốc: https://www.dienmayxanh.com/dien-thoai/mobell-m331
2026-04-15 13:02:37,453 [INFO]       ✅ Thu được 10 reviews từ trang gốc.
2026-04-15 13:02:37,454 [INFO]       - Đang quét Page 1: https://www.dienmayxanh.com/dien-thoai/mobell-m331/danh-gia?page=1
2026-04-15 13:03:12,471 [WARNING]         [!] Không thấy dữ liệu hoặc Trống (Lần lỗi 1/5)
2026-04-15 13:03:14,668 [INFO]       - Đang quét Page 2: https://www.dienmayxanh.com/dien-thoai/mobell-m331/danh-gia?page=2
2026-04-15 13:03:37,943 [INFO]         ✅ Thêm 13 reviews mới từ Page 2.
2026-04-15 13:03:40,186 [INFO]       - Đang quét Page 3: https://www.dienmayxanh.com/dien-thoai/mobell-m331/danh-gia?page=3
2026-04-15 13:03:51,033 [WARNING]         [!] Không thấy dữ liệu hoặc Trống (Lần lỗi 1/5)
2026-04-15 13:03:52,603 [INFO]       - Đang quét Page 4: https://www.dienmayxanh.com/dien-thoai/mobell-m331/danh-gia?page=4
2026-04-15 13:04:02,401 [WARNING]         [!] Không thấy dữ liệu hoặc Trống (Lần lỗi 2/5)
2026-04-15 13:04:05,014 [INFO]         💾 Đã lưu 19 reviews cuối.
2026-04-15 13:04:05,014 [INFO]  ✅ Hoàn tất cào sản phẩm: 314697
2026-04-15 13:04:05,015 [INFO]  -> [77/174] Lấy Breadcrumb & Review trang gốc: https://www.dienmayxanh.com/dien-thoai/xiaomi-17
2026-04-15 13:04:12,018 [INFO]       ✅ Thu được 2 reviews từ trang gốc.
2026-04-15 13:04:12,018 [INFO]       - Đang quét Page 1: https://www.dienmayxanh.com/dien-thoai/xiaomi-17/danh-gia?page=1
2026-04-15 13:04:19,637 [WARNING]         [!] Không thấy dữ liệu hoặc Trống (Lần lỗi 1/5)
2026-04-15 13:04:21,455 [INFO]       - Đang quét Page 2: https://www.dienmayxanh.com/dien-thoai/xiaomi-17/danh-gia?page=2
2026-04-15 13:04:28,771 [WARNING]         [!] Không thấy dữ liệu hoặc Trống (Lần lỗi 2/5)
2026-04-15 13:04:30,681 [INFO]         💾 Đã lưu 2 reviews cuối.
2026-04-15 13:04:30,681 [INFO]  ✅ Hoàn tất cào sản phẩm: 361269
2026-04-15 13:04:30,681 [INFO]  -> [78/174] Lấy Breadcrumb & Review trang gốc: https://www.dienmayxanh.com/dien-thoai/iphone-16-plus
2026-04-15 13:04:41,293 [INFO]       ✅ Thu được 6 reviews từ trang gốc.
2026-04-15 13:04:41,293 [INFO]       - Đang quét Page 1: https://www.dienmayxanh.com/dien-thoai/iphone-16-plus/danh-gia?page=1
2026-04-15 13:04:46,916 [INFO]         ✅ Thêm 1 reviews mới từ Page 1.
2026-04-15 13:04:49,055 [INFO]       - Đang quét Page 2: https://www.dienmayxanh.com/dien-thoai/iphone-16-plus/danh-gia?page=2
2026-04-15 13:04:58,061 [WARNING]         [!] Không thấy dữ liệu hoặc Trống (Lần lỗi 1/5)
2026-04-15 13:04:59,916 [INFO]       - Đang quét Page 3: https://www.dienmayxanh.com/dien-thoai/iphone-16-plus/danh-gia?page=3
2026-04-15 13:05:09,069 [WARNING]         [!] Không thấy dữ liệu hoặc Trống (Lần lỗi 2/5)
2026-04-15 13:05:11,640 [INFO]         💾 Đã lưu 7 reviews cuối.
2026-04-15 13:05:11,640 [INFO]  ✅ Hoàn tất cào sản phẩm: 329138
2026-04-15 13:05:11,641 [INFO]  -> [79/174] Lấy Breadcrumb & Review trang gốc: https://www.dienmayxanh.com/dien-thoai/realme-16-pro-5g-12gb-256gb
2026-04-15 13:05:17,559 [INFO]       ✅ Thu được 2 reviews từ trang gốc.
2026-04-15 13:05:17,559 [INFO]       - Đang quét Page 1: https://www.dienmayxanh.com/dien-thoai/realme-16-pro-5g-12gb-256gb/danh-gia?page=1
2026-04-15 13:05:24,992 [WARNING]         [!] Không thấy dữ liệu hoặc Trống (Lần lỗi 1/5)
2026-04-15 13:05:27,393 [INFO]       - Đang quét Page 2: https://www.dienmayxanh.com/dien-thoai/realme-16-pro-5g-12gb-256gb/danh-gia?page=2
2026-04-15 13:05:34,851 [WARNING]         [!] Không thấy dữ liệu hoặc Trống (Lần lỗi 2/5)
2026-04-15 13:05:37,094 [INFO]         💾 Đã lưu 2 reviews cuối.
2026-04-15 13:05:37,094 [INFO]  ✅ Hoàn tất cào sản phẩm: 361707
2026-04-15 13:05:37,095 [INFO]  -> [80/174] Lấy Breadcrumb & Review trang gốc: https://www.dienmayxanh.com/dien-thoai/xiaomi-redmi-note-15-6gb-128gb
2026-04-15 13:05:44,139 [INFO]       ✅ Thu được 1 reviews từ trang gốc.
2026-04-15 13:05:44,140 [INFO]       - Đang quét Page 1: https://www.dienmayxanh.com/dien-thoai/xiaomi-redmi-note-15-6gb-128gb/danh-gia?page=1
2026-04-15 13:05:51,653 [WARNING]         [!] Không thấy dữ liệu hoặc Trống (Lần lỗi 1/5)
2026-04-15 13:05:54,175 [INFO]       - Đang quét Page 2: https://www.dienmayxanh.com/dien-thoai/xiaomi-redmi-note-15-6gb-128gb/danh-gia?page=2
2026-04-15 13:06:01,578 [WARNING]         [!] Không thấy dữ liệu hoặc Trống (Lần lỗi 2/5)
2026-04-15 13:06:04,443 [INFO]         💾 Đã lưu 1 reviews cuối.
2026-04-15 13:06:04,443 [INFO]  ✅ Hoàn tất cào sản phẩm: 360302
2026-04-15 13:06:04,444 [INFO] ♻️ Làm mới Session trình duyệt...
2026-04-15 13:06:05,593 [INFO]  -> [81/174] Lấy Breadcrumb & Review trang gốc: https://www.dienmayxanh.com/dien-thoai/honor-x5c-plus-4gb-64gb
2026-04-15 13:06:11,278 [INFO]       - Đang quét Page 1: https://www.dienmayxanh.com/dien-thoai/honor-x5c-plus-4gb-64gb/danh-gia?page=1
2026-04-15 13:06:18,793 [WARNING]         [!] Không thấy dữ liệu hoặc Trống (Lần lỗi 1/5)
2026-04-15 13:06:20,816 [INFO]       - Đang quét Page 2: https://www.dienmayxanh.com/dien-thoai/honor-x5c-plus-4gb-64gb/danh-gia?page=2
2026-04-15 13:06:28,179 [WARNING]         [!] Không thấy dữ liệu hoặc Trống (Lần lỗi 2/5)
2026-04-15 13:06:29,862 [INFO]  ✅ Hoàn tất cào sản phẩm: 358691
2026-04-15 13:06:29,867 [INFO]  -> [82/174] Lấy Breadcrumb & Review trang gốc: https://www.dienmayxanh.com/dien-thoai/samsung-galaxy-s25-fe-5g-8gb-128gb
2026-04-15 13:06:35,264 [INFO]       ✅ Thu được 4 reviews từ trang gốc.
2026-04-15 13:06:35,264 [INFO]       - Đang quét Page 1: https://www.dienmayxanh.com/dien-thoai/samsung-galaxy-s25-fe-5g-8gb-128gb/danh-gia?page=1
2026-04-15 13:06:41,276 [INFO]         ✅ Thêm 0 reviews mới từ Page 1.
2026-04-15 13:06:42,818 [INFO]       - Đang quét Page 2: https://www.dienmayxanh.com/dien-thoai/samsung-galaxy-s25-fe-5g-8gb-128gb/danh-gia?page=2
2026-04-15 13:06:52,569 [WARNING]         [!] Không thấy dữ liệu hoặc Trống (Lần lỗi 1/5)
2026-04-15 13:06:54,462 [INFO]       - Đang quét Page 3: https://www.dienmayxanh.com/dien-thoai/samsung-galaxy-s25-fe-5g-8gb-128gb/danh-gia?page=3
2026-04-15 13:07:03,621 [WARNING]         [!] Không thấy dữ liệu hoặc Trống (Lần lỗi 2/5)
2026-04-15 13:07:05,953 [INFO]         💾 Đã lưu 4 reviews cuối.
2026-04-15 13:07:05,954 [INFO]  ✅ Hoàn tất cào sản phẩm: 342560
2026-04-15 13:07:05,954 [INFO]  -> [83/174] Lấy Breadcrumb & Review trang gốc: https://www.dienmayxanh.com/dien-thoai/samsung-galaxy-a26-8gb-128gb
2026-04-15 13:07:16,101 [INFO]       - Đang quét Page 1: https://www.dienmayxanh.com/dien-thoai/samsung-galaxy-a26-8gb-128gb/danh-gia?page=1
2026-04-15 13:07:24,253 [WARNING]         [!] Không thấy dữ liệu hoặc Trống (Lần lỗi 1/5)
2026-04-15 13:07:26,543 [INFO]       - Đang quét Page 2: https://www.dienmayxanh.com/dien-thoai/samsung-galaxy-a26-8gb-128gb/danh-gia?page=2
2026-04-15 13:07:34,097 [WARNING]         [!] Không thấy dữ liệu hoặc Trống (Lần lỗi 2/5)
2026-04-15 13:07:36,509 [INFO]  ✅ Hoàn tất cào sản phẩm: 335916
2026-04-15 13:07:36,510 [INFO]  -> [84/174] Lấy Breadcrumb & Review trang gốc: https://www.dienmayxanh.com/dien-thoai/motorola-g57-power-5g-8gb-128gb
2026-04-15 13:07:41,568 [INFO]       - Đang quét Page 1: https://www.dienmayxanh.com/dien-thoai/motorola-g57-power-5g-8gb-128gb/danh-gia?page=1
2026-04-15 13:07:49,064 [WARNING]         [!] Không thấy dữ liệu hoặc Trống (Lần lỗi 1/5)
2026-04-15 13:07:50,871 [INFO]       - Đang quét Page 2: https://www.dienmayxanh.com/dien-thoai/motorola-g57-power-5g-8gb-128gb/danh-gia?page=2
2026-04-15 13:07:58,390 [WARNING]         [!] Không thấy dữ liệu hoặc Trống (Lần lỗi 2/5)
2026-04-15 13:08:01,366 [INFO]  ✅ Hoàn tất cào sản phẩm: 362373
2026-04-15 13:08:01,367 [INFO]  -> [85/174] Lấy Breadcrumb & Review trang gốc: https://www.dienmayxanh.com/dien-thoai/mobell-f209
2026-04-15 13:08:10,802 [INFO]       ✅ Thu được 9 reviews từ trang gốc.
2026-04-15 13:08:10,802 [INFO]       - Đang quét Page 1: https://www.dienmayxanh.com/dien-thoai/mobell-f209/danh-gia?page=1
2026-04-15 13:08:45,271 [INFO]         ✅ Thêm 14 reviews mới từ Page 1.
2026-04-15 13:08:45,272 [INFO]         💾 Đã lưu 20 reviews.
2026-04-15 13:08:47,094 [INFO]       - Đang quét Page 2: https://www.dienmayxanh.com/dien-thoai/mobell-f209/danh-gia?page=2
2026-04-15 13:08:55,334 [INFO]         ✅ Thêm 20 reviews mới từ Page 2.
2026-04-15 13:08:55,335 [INFO]         💾 Đã lưu 20 reviews.
2026-04-15 13:08:56,837 [INFO]       - Đang quét Page 3: https://www.dienmayxanh.com/dien-thoai/mobell-f209/danh-gia?page=3
2026-04-15 13:09:04,782 [INFO]         ✅ Thêm 11 reviews mới từ Page 3.
2026-04-15 13:09:07,397 [INFO]       - Đang quét Page 4: https://www.dienmayxanh.com/dien-thoai/mobell-f209/danh-gia?page=4
2026-04-15 13:09:20,685 [WARNING]         [!] Không thấy dữ liệu hoặc Trống (Lần lỗi 1/5)
2026-04-15 13:09:22,550 [INFO]       - Đang quét Page 5: https://www.dienmayxanh.com/dien-thoai/mobell-f209/danh-gia?page=5
2026-04-15 13:09:37,425 [WARNING]         [!] Không thấy dữ liệu hoặc Trống (Lần lỗi 2/5)
2026-04-15 13:09:39,366 [INFO]         💾 Đã lưu 11 reviews cuối.
2026-04-15 13:09:39,366 [INFO]  ✅ Hoàn tất cào sản phẩm: 299998
2026-04-15 13:09:39,367 [INFO]  -> [86/174] Lấy Breadcrumb & Review trang gốc: https://www.dienmayxanh.com/dien-thoai/vivo-v50-lite
2026-04-15 13:09:45,014 [INFO]       ✅ Thu được 2 reviews từ trang gốc.
2026-04-15 13:09:45,014 [INFO]       - Đang quét Page 1: https://www.dienmayxanh.com/dien-thoai/vivo-v50-lite/danh-gia?page=1
2026-04-15 13:09:52,556 [WARNING]         [!] Không thấy dữ liệu hoặc Trống (Lần lỗi 1/5)
2026-04-15 13:09:54,983 [INFO]       - Đang quét Page 2: https://www.dienmayxanh.com/dien-thoai/vivo-v50-lite/danh-gia?page=2
2026-04-15 13:10:02,352 [WARNING]         [!] Không thấy dữ liệu hoặc Trống (Lần lỗi 2/5)
2026-04-15 13:10:03,989 [INFO]         💾 Đã lưu 2 reviews cuối.
2026-04-15 13:10:03,989 [INFO]  ✅ Hoàn tất cào sản phẩm: 336702
2026-04-15 13:10:03,990 [INFO]  -> [87/174] Lấy Breadcrumb & Review trang gốc: https://www.dienmayxanh.com/dien-thoai/nubia-a36-4gb-64gb
2026-04-15 13:10:15,927 [INFO]       - Đang quét Page 1: https://www.dienmayxanh.com/dien-thoai/nubia-a36-4gb-64gb/danh-gia?page=1
2026-04-15 13:10:23,589 [WARNING]         [!] Không thấy dữ liệu hoặc Trống (Lần lỗi 1/5)
2026-04-15 13:10:25,772 [INFO]       - Đang quét Page 2: https://www.dienmayxanh.com/dien-thoai/nubia-a36-4gb-64gb/danh-gia?page=2
2026-04-15 13:10:33,353 [WARNING]         [!] Không thấy dữ liệu hoặc Trống (Lần lỗi 2/5)
2026-04-15 13:10:35,564 [INFO]  ✅ Hoàn tất cào sản phẩm: 361630
2026-04-15 13:10:35,565 [INFO]  -> [88/174] Lấy Breadcrumb & Review trang gốc: https://www.dienmayxanh.com/dien-thoai/xiaomi-poco-x7-pro-12-256gb
2026-04-15 13:10:41,805 [INFO]       ✅ Thu được 1 reviews từ trang gốc.
2026-04-15 13:10:41,805 [INFO]       - Đang quét Page 1: https://www.dienmayxanh.com/dien-thoai/xiaomi-poco-x7-pro-12-256gb/danh-gia?page=1
2026-04-15 13:10:49,205 [WARNING]         [!] Không thấy dữ liệu hoặc Trống (Lần lỗi 1/5)
2026-04-15 13:10:51,387 [INFO]       - Đang quét Page 2: https://www.dienmayxanh.com/dien-thoai/xiaomi-poco-x7-pro-12-256gb/danh-gia?page=2
2026-04-15 13:10:59,048 [WARNING]         [!] Không thấy dữ liệu hoặc Trống (Lần lỗi 2/5)
2026-04-15 13:11:01,327 [INFO]         💾 Đã lưu 1 reviews cuối.
2026-04-15 13:11:01,327 [INFO]  ✅ Hoàn tất cào sản phẩm: 363473
2026-04-15 13:11:01,328 [INFO]  -> [89/174] Lấy Breadcrumb & Review trang gốc: https://www.dienmayxanh.com/dien-thoai/vivo-v50-lite-5g?utm_flashsale=1
2026-04-15 13:11:15,291 [INFO]       ✅ Thu được 10 reviews từ trang gốc.
2026-04-15 13:11:15,292 [INFO]       - Đang quét Page 1: https://www.dienmayxanh.com/dien-thoai/vivo-v50-lite-5g/danh-gia?page=1
2026-04-15 13:11:21,641 [INFO]         ✅ Thêm 5 reviews mới từ Page 1.
2026-04-15 13:11:24,579 [INFO]       - Đang quét Page 2: https://www.dienmayxanh.com/dien-thoai/vivo-v50-lite-5g/danh-gia?page=2
2026-04-15 13:11:34,761 [WARNING]         [!] Không thấy dữ liệu hoặc Trống (Lần lỗi 1/5)
2026-04-15 13:11:37,518 [INFO]       - Đang quét Page 3: https://www.dienmayxanh.com/dien-thoai/vivo-v50-lite-5g/danh-gia?page=3
2026-04-15 13:11:47,051 [WARNING]         [!] Không thấy dữ liệu hoặc Trống (Lần lỗi 2/5)
2026-04-15 13:11:49,068 [INFO]         💾 Đã lưu 11 reviews cuối.
2026-04-15 13:11:49,068 [INFO]  ✅ Hoàn tất cào sản phẩm: 336408
2026-04-15 13:11:49,069 [INFO]  -> [90/174] Lấy Breadcrumb & Review trang gốc: https://www.dienmayxanh.com/dien-thoai/honor-x7d-5g-8gb-256gb?utm_flashsale=1
2026-04-15 13:11:55,817 [INFO]       ✅ Thu được 3 reviews từ trang gốc.
2026-04-15 13:11:55,817 [INFO]       - Đang quét Page 1: https://www.dienmayxanh.com/dien-thoai/honor-x7d-5g-8gb-256gb/danh-gia?page=1
2026-04-15 13:12:02,189 [INFO]         ✅ Thêm 0 reviews mới từ Page 1.
2026-04-15 13:12:04,826 [INFO]       - Đang quét Page 2: https://www.dienmayxanh.com/dien-thoai/honor-x7d-5g-8gb-256gb/danh-gia?page=2
2026-04-15 13:12:15,429 [WARNING]         [!] Không thấy dữ liệu hoặc Trống (Lần lỗi 1/5)
2026-04-15 13:12:16,989 [INFO]       - Đang quét Page 3: https://www.dienmayxanh.com/dien-thoai/honor-x7d-5g-8gb-256gb/danh-gia?page=3
2026-04-15 13:12:27,580 [WARNING]         [!] Không thấy dữ liệu hoặc Trống (Lần lỗi 2/5)
2026-04-15 13:12:29,710 [INFO]         💾 Đã lưu 3 reviews cuối.
2026-04-15 13:12:29,710 [INFO]  ✅ Hoàn tất cào sản phẩm: 358026
2026-04-15 13:12:29,710 [INFO] ♻️ Làm mới Session trình duyệt...
2026-04-15 13:12:30,817 [INFO]  -> [91/174] Lấy Breadcrumb & Review trang gốc: https://www.dienmayxanh.com/dien-thoai/xiaomi-redmi-a7-pro
2026-04-15 13:12:54,672 [INFO]       - Đang quét Page 1: https://www.dienmayxanh.com/dien-thoai/xiaomi-redmi-a7-pro/danh-gia?page=1
2026-04-15 13:13:03,920 [WARNING]         [!] Không thấy dữ liệu hoặc Trống (Lần lỗi 1/5)
2026-04-15 13:13:05,892 [INFO]       - Đang quét Page 2: https://www.dienmayxanh.com/dien-thoai/xiaomi-redmi-a7-pro/danh-gia?page=2
2026-04-15 13:13:14,637 [WARNING]         [!] Không thấy dữ liệu hoặc Trống (Lần lỗi 2/5)
2026-04-15 13:13:17,270 [INFO]  ✅ Hoàn tất cào sản phẩm: 364793
2026-04-15 13:13:17,271 [INFO]  -> [92/174] Lấy Breadcrumb & Review trang gốc: https://www.dienmayxanh.com/dien-thoai/motorola-edge-60-fusion-8gb-256gb?utm_flashsale=1
2026-04-15 13:13:36,278 [INFO]       ✅ Thu được 8 reviews từ trang gốc.
2026-04-15 13:13:36,278 [INFO]       - Đang quét Page 1: https://www.dienmayxanh.com/dien-thoai/motorola-edge-60-fusion-8gb-256gb/danh-gia?page=1
2026-04-15 13:13:42,570 [INFO]         ✅ Thêm 3 reviews mới từ Page 1.
2026-04-15 13:13:45,524 [INFO]       - Đang quét Page 2: https://www.dienmayxanh.com/dien-thoai/motorola-edge-60-fusion-8gb-256gb/danh-gia?page=2
2026-04-15 13:13:56,192 [WARNING]         [!] Không thấy dữ liệu hoặc Trống (Lần lỗi 1/5)
2026-04-15 13:13:58,233 [INFO]       - Đang quét Page 3: https://www.dienmayxanh.com/dien-thoai/motorola-edge-60-fusion-8gb-256gb/danh-gia?page=3
2026-04-15 13:14:07,006 [WARNING]         [!] Không thấy dữ liệu hoặc Trống (Lần lỗi 2/5)
2026-04-15 13:14:08,643 [INFO]         💾 Đã lưu 9 reviews cuối.
2026-04-15 13:14:08,644 [INFO]  ✅ Hoàn tất cào sản phẩm: 358224
2026-04-15 13:14:08,645 [INFO]  -> [93/174] Lấy Breadcrumb & Review trang gốc: https://www.dienmayxanh.com/dien-thoai/xiaomi-redmi-note-14-pro?utm_flashsale=1
2026-04-15 13:14:34,748 [INFO]       ✅ Thu được 10 reviews từ trang gốc.
2026-04-15 13:14:34,748 [INFO]       - Đang quét Page 1: https://www.dienmayxanh.com/dien-thoai/xiaomi-redmi-note-14-pro/danh-gia?page=1
2026-04-15 13:15:09,763 [WARNING]         [!] Không thấy dữ liệu hoặc Trống (Lần lỗi 1/5)
2026-04-15 13:15:11,390 [INFO]       - Đang quét Page 2: https://www.dienmayxanh.com/dien-thoai/xiaomi-redmi-note-14-pro/danh-gia?page=2
2026-04-15 13:15:26,622 [INFO]         ✅ Thêm 19 reviews mới từ Page 2.
2026-04-15 13:15:26,623 [INFO]         💾 Đã lưu 25 reviews.
2026-04-15 13:15:28,909 [INFO]       - Đang quét Page 3: https://www.dienmayxanh.com/dien-thoai/xiaomi-redmi-note-14-pro/danh-gia?page=3
2026-04-15 13:15:38,988 [INFO]         ✅ Thêm 20 reviews mới từ Page 3.
2026-04-15 13:15:38,990 [INFO]         💾 Đã lưu 20 reviews.
2026-04-15 13:15:40,831 [INFO]       - Đang quét Page 4: https://www.dienmayxanh.com/dien-thoai/xiaomi-redmi-note-14-pro/danh-gia?page=4
2026-04-15 13:15:48,895 [INFO]         ✅ Thêm 17 reviews mới từ Page 4.
2026-04-15 13:15:50,612 [INFO]       - Đang quét Page 5: https://www.dienmayxanh.com/dien-thoai/xiaomi-redmi-note-14-pro/danh-gia?page=5
2026-04-15 13:16:01,901 [WARNING]         [!] Không thấy dữ liệu hoặc Trống (Lần lỗi 1/5)
2026-04-15 13:16:04,034 [INFO]       - Đang quét Page 6: https://www.dienmayxanh.com/dien-thoai/xiaomi-redmi-note-14-pro/danh-gia?page=6
2026-04-15 13:16:15,960 [WARNING]         [!] Không thấy dữ liệu hoặc Trống (Lần lỗi 2/5)
2026-04-15 13:16:18,781 [INFO]         💾 Đã lưu 17 reviews cuối.
2026-04-15 13:16:18,781 [INFO]  ✅ Hoàn tất cào sản phẩm: 320730
2026-04-15 13:16:18,782 [INFO]  -> [94/174] Lấy Breadcrumb & Review trang gốc: https://www.dienmayxanh.com/dien-thoai/oppo-a5-pro-5g
2026-04-15 13:16:27,753 [INFO]       ✅ Thu được 10 reviews từ trang gốc.
2026-04-15 13:16:27,753 [INFO]       - Đang quét Page 1: https://www.dienmayxanh.com/dien-thoai/oppo-a5-pro-5g/danh-gia?page=1
2026-04-15 13:16:35,351 [WARNING]         [!] Không thấy dữ liệu hoặc Trống (Lần lỗi 1/5)
2026-04-15 13:16:37,125 [INFO]       - Đang quét Page 2: https://www.dienmayxanh.com/dien-thoai/oppo-a5-pro-5g/danh-gia?page=2
2026-04-15 13:16:47,655 [WARNING]         [!] Không thấy dữ liệu hoặc Trống (Lần lỗi 2/5)
2026-04-15 13:16:49,668 [INFO]         💾 Đã lưu 6 reviews cuối.
2026-04-15 13:16:49,668 [INFO]  ✅ Hoàn tất cào sản phẩm: 334404
2026-04-15 13:16:49,669 [INFO]  -> [95/174] Lấy Breadcrumb & Review trang gốc: https://www.dienmayxanh.com/dien-thoai/samsung-galaxy-s24-256gb-5g?utm_flashsale=1
2026-04-15 13:16:56,989 [INFO]       ✅ Thu được 10 reviews từ trang gốc.
2026-04-15 13:16:56,990 [INFO]       - Đang quét Page 1: https://www.dienmayxanh.com/dien-thoai/samsung-galaxy-s24-256gb-5g/danh-gia?page=1
2026-04-15 13:17:32,013 [WARNING]         [!] Không thấy dữ liệu hoặc Trống (Lần lỗi 1/5)
2026-04-15 13:17:33,643 [INFO]       - Đang quét Page 2: https://www.dienmayxanh.com/dien-thoai/samsung-galaxy-s24-256gb-5g/danh-gia?page=2
2026-04-15 13:17:42,057 [INFO]         ✅ Thêm 18 reviews mới từ Page 2.
2026-04-15 13:17:42,060 [INFO]         💾 Đã lưu 24 reviews.
2026-04-15 13:17:44,797 [INFO]       - Đang quét Page 3: https://www.dienmayxanh.com/dien-thoai/samsung-galaxy-s24-256gb-5g/danh-gia?page=3
2026-04-15 13:17:51,199 [INFO]         ✅ Thêm 14 reviews mới từ Page 3.
2026-04-15 13:17:52,954 [INFO]       - Đang quét Page 4: https://www.dienmayxanh.com/dien-thoai/samsung-galaxy-s24-256gb-5g/danh-gia?page=4
2026-04-15 13:18:03,958 [WARNING]         [!] Không thấy dữ liệu hoặc Trống (Lần lỗi 1/5)
2026-04-15 13:18:06,440 [INFO]       - Đang quét Page 5: https://www.dienmayxanh.com/dien-thoai/samsung-galaxy-s24-256gb-5g/danh-gia?page=5
2026-04-15 13:18:16,899 [WARNING]         [!] Không thấy dữ liệu hoặc Trống (Lần lỗi 2/5)
2026-04-15 13:18:18,749 [INFO]         💾 Đã lưu 14 reviews cuối.
2026-04-15 13:18:18,749 [INFO]  ✅ Hoàn tất cào sản phẩm: 319665
2026-04-15 13:18:18,750 [INFO]  -> [96/174] Lấy Breadcrumb & Review trang gốc: https://www.dienmayxanh.com/dien-thoai/xiaomi-poco-x8-pro-8gb-256gb
2026-04-15 13:18:29,354 [INFO]       - Đang quét Page 1: https://www.dienmayxanh.com/dien-thoai/xiaomi-poco-x8-pro-8gb-256gb/danh-gia?page=1
2026-04-15 13:18:36,741 [WARNING]         [!] Không thấy dữ liệu hoặc Trống (Lần lỗi 1/5)
2026-04-15 13:18:39,418 [INFO]       - Đang quét Page 2: https://www.dienmayxanh.com/dien-thoai/xiaomi-poco-x8-pro-8gb-256gb/danh-gia?page=2
2026-04-15 13:18:47,054 [WARNING]         [!] Không thấy dữ liệu hoặc Trống (Lần lỗi 2/5)
2026-04-15 13:18:49,697 [INFO]  ✅ Hoàn tất cào sản phẩm: 363470
2026-04-15 13:18:49,697 [INFO]  -> [97/174] Lấy Breadcrumb & Review trang gốc: https://www.dienmayxanh.com/dien-thoai/xiaomi-redmi-note-15-5g-6gb-128gb
2026-04-15 13:18:55,302 [INFO]       - Đang quét Page 1: https://www.dienmayxanh.com/dien-thoai/xiaomi-redmi-note-15-5g-6gb-128gb/danh-gia?page=1
2026-04-15 13:19:02,708 [WARNING]         [!] Không thấy dữ liệu hoặc Trống (Lần lỗi 1/5)
2026-04-15 13:19:04,566 [INFO]       - Đang quét Page 2: https://www.dienmayxanh.com/dien-thoai/xiaomi-redmi-note-15-5g-6gb-128gb/danh-gia?page=2
2026-04-15 13:19:11,952 [WARNING]         [!] Không thấy dữ liệu hoặc Trống (Lần lỗi 2/5)
2026-04-15 13:19:13,609 [INFO]  ✅ Hoàn tất cào sản phẩm: 360310
2026-04-15 13:19:13,610 [INFO]  -> [98/174] Lấy Breadcrumb & Review trang gốc: https://www.dienmayxanh.com/dien-thoai/xiaomi-15t-12gb-512gb
2026-04-15 13:19:51,574 [INFO]       ✅ Thu được 6 reviews từ trang gốc.
2026-04-15 13:19:51,574 [INFO]       - Đang quét Page 1: https://www.dienmayxanh.com/dien-thoai/xiaomi-15t-12gb-512gb/danh-gia?page=1
2026-04-15 13:19:58,120 [INFO]         ✅ Thêm 1 reviews mới từ Page 1.
2026-04-15 13:20:00,047 [INFO]       - Đang quét Page 2: https://www.dienmayxanh.com/dien-thoai/xiaomi-15t-12gb-512gb/danh-gia?page=2
2026-04-15 13:20:10,058 [WARNING]         [!] Không thấy dữ liệu hoặc Trống (Lần lỗi 1/5)
2026-04-15 13:20:12,133 [INFO]       - Đang quét Page 3: https://www.dienmayxanh.com/dien-thoai/xiaomi-15t-12gb-512gb/danh-gia?page=3
2026-04-15 13:20:23,511 [WARNING]         [!] Không thấy dữ liệu hoặc Trống (Lần lỗi 2/5)
2026-04-15 13:20:25,127 [INFO]         💾 Đã lưu 7 reviews cuối.
2026-04-15 13:20:25,127 [INFO]  ✅ Hoàn tất cào sản phẩm: 344645
2026-04-15 13:20:25,127 [INFO]  -> [99/174] Lấy Breadcrumb & Review trang gốc: https://www.dienmayxanh.com/dien-thoai/realme-c75x-6gb-128gb
2026-04-15 13:20:48,250 [INFO]       ✅ Thu được 9 reviews từ trang gốc.
2026-04-15 13:20:48,250 [INFO]       - Đang quét Page 1: https://www.dienmayxanh.com/dien-thoai/realme-c75x-6gb-128gb/danh-gia?page=1
2026-04-15 13:20:54,469 [INFO]         ✅ Thêm 4 reviews mới từ Page 1.
2026-04-15 13:20:56,777 [INFO]       - Đang quét Page 2: https://www.dienmayxanh.com/dien-thoai/realme-c75x-6gb-128gb/danh-gia?page=2
2026-04-15 13:21:06,062 [WARNING]         [!] Không thấy dữ liệu hoặc Trống (Lần lỗi 1/5)
2026-04-15 13:21:08,465 [INFO]       - Đang quét Page 3: https://www.dienmayxanh.com/dien-thoai/realme-c75x-6gb-128gb/danh-gia?page=3
2026-04-15 13:21:17,805 [WARNING]         [!] Không thấy dữ liệu hoặc Trống (Lần lỗi 2/5)
2026-04-15 13:21:19,350 [INFO]         💾 Đã lưu 10 reviews cuối.
2026-04-15 13:21:19,350 [INFO]  ✅ Hoàn tất cào sản phẩm: 335588
2026-04-15 13:21:19,350 [INFO]  -> [100/174] Lấy Breadcrumb & Review trang gốc: https://www.dienmayxanh.com/dien-thoai/honor-x9c-smart?utm_flashsale=1
2026-04-15 13:21:28,781 [INFO]       ✅ Thu được 10 reviews từ trang gốc.
2026-04-15 13:21:28,782 [INFO]       - Đang quét Page 1: https://www.dienmayxanh.com/dien-thoai/honor-x9c-smart/danh-gia?page=1
2026-04-15 13:21:36,093 [INFO]         ✅ Thêm 13 reviews mới từ Page 1.
2026-04-15 13:21:39,062 [INFO]       - Đang quét Page 2: https://www.dienmayxanh.com/dien-thoai/honor-x9c-smart/danh-gia?page=2
2026-04-15 13:21:48,005 [WARNING]         [!] Không thấy dữ liệu hoặc Trống (Lần lỗi 1/5)
2026-04-15 13:21:50,598 [INFO]       - Đang quét Page 3: https://www.dienmayxanh.com/dien-thoai/honor-x9c-smart/danh-gia?page=3
2026-04-15 13:21:59,290 [WARNING]         [!] Không thấy dữ liệu hoặc Trống (Lần lỗi 2/5)
2026-04-15 13:22:02,052 [INFO]         💾 Đã lưu 19 reviews cuối.
2026-04-15 13:22:02,053 [INFO]  ✅ Hoàn tất cào sản phẩm: 333480
2026-04-15 13:22:02,053 [INFO] ♻️ Làm mới Session trình duyệt...
2026-04-15 13:22:03,239 [INFO]  -> [101/174] Lấy Breadcrumb & Review trang gốc: https://www.dienmayxanh.com/dien-thoai/xiaomi-17-ultra
2026-04-15 13:22:19,790 [INFO]       ✅ Thu được 4 reviews từ trang gốc.
2026-04-15 13:22:19,790 [INFO]       - Đang quét Page 1: https://www.dienmayxanh.com/dien-thoai/xiaomi-17-ultra/danh-gia?page=1
2026-04-15 13:22:25,608 [INFO]         ✅ Thêm 0 reviews mới từ Page 1.
2026-04-15 13:22:28,255 [INFO]       - Đang quét Page 2: https://www.dienmayxanh.com/dien-thoai/xiaomi-17-ultra/danh-gia?page=2
2026-04-15 13:22:37,930 [WARNING]         [!] Không thấy dữ liệu hoặc Trống (Lần lỗi 1/5)
2026-04-15 13:22:39,882 [INFO]       - Đang quét Page 3: https://www.dienmayxanh.com/dien-thoai/xiaomi-17-ultra/danh-gia?page=3
2026-04-15 13:22:48,650 [WARNING]         [!] Không thấy dữ liệu hoặc Trống (Lần lỗi 2/5)
2026-04-15 13:22:51,171 [INFO]         💾 Đã lưu 4 reviews cuối.
2026-04-15 13:22:51,171 [INFO]  ✅ Hoàn tất cào sản phẩm: 361270
2026-04-15 13:22:51,172 [INFO]  -> [102/174] Lấy Breadcrumb & Review trang gốc: https://www.dienmayxanh.com/dien-thoai/motorola-edge-70-8gb-256gb
2026-04-15 13:22:56,180 [INFO]       ✅ Thu được 1 reviews từ trang gốc.
2026-04-15 13:22:56,180 [INFO]       - Đang quét Page 1: https://www.dienmayxanh.com/dien-thoai/motorola-edge-70-8gb-256gb/danh-gia?page=1
2026-04-15 13:23:03,726 [WARNING]         [!] Không thấy dữ liệu hoặc Trống (Lần lỗi 1/5)
2026-04-15 13:23:06,201 [INFO]       - Đang quét Page 2: https://www.dienmayxanh.com/dien-thoai/motorola-edge-70-8gb-256gb/danh-gia?page=2
2026-04-15 13:23:13,589 [WARNING]         [!] Không thấy dữ liệu hoặc Trống (Lần lỗi 2/5)
2026-04-15 13:23:15,801 [INFO]         💾 Đã lưu 1 reviews cuối.
2026-04-15 13:23:15,802 [INFO]  ✅ Hoàn tất cào sản phẩm: 362374
2026-04-15 13:23:15,802 [INFO]  -> [103/174] Lấy Breadcrumb & Review trang gốc: https://www.dienmayxanh.com/dien-thoai/xiaomi-poco-m8-8gb-256gb
2026-04-15 13:23:21,673 [INFO]       - Đang quét Page 1: https://www.dienmayxanh.com/dien-thoai/xiaomi-poco-m8-8gb-256gb/danh-gia?page=1
2026-04-15 13:23:29,146 [WARNING]         [!] Không thấy dữ liệu hoặc Trống (Lần lỗi 1/5)
2026-04-15 13:23:31,368 [INFO]       - Đang quét Page 2: https://www.dienmayxanh.com/dien-thoai/xiaomi-poco-m8-8gb-256gb/danh-gia?page=2
2026-04-15 13:23:38,732 [WARNING]         [!] Không thấy dữ liệu hoặc Trống (Lần lỗi 2/5)
2026-04-15 13:23:40,520 [INFO]  ✅ Hoàn tất cào sản phẩm: 363468
2026-04-15 13:23:40,520 [INFO]  -> [104/174] Lấy Breadcrumb & Review trang gốc: https://www.dienmayxanh.com/dien-thoai/samsung-galaxy-a57-8gb-128gb
2026-04-15 13:23:50,117 [INFO]       - Đang quét Page 1: https://www.dienmayxanh.com/dien-thoai/samsung-galaxy-a57-8gb-128gb/danh-gia?page=1
2026-04-15 13:23:57,520 [WARNING]         [!] Không thấy dữ liệu hoặc Trống (Lần lỗi 1/5)
2026-04-15 13:24:00,450 [INFO]       - Đang quét Page 2: https://www.dienmayxanh.com/dien-thoai/samsung-galaxy-a57-8gb-128gb/danh-gia?page=2
2026-04-15 13:24:07,844 [WARNING]         [!] Không thấy dữ liệu hoặc Trống (Lần lỗi 2/5)
2026-04-15 13:24:10,456 [INFO]  ✅ Hoàn tất cào sản phẩm: 363398
2026-04-15 13:24:10,457 [INFO]  -> [105/174] Lấy Breadcrumb & Review trang gốc: https://www.dienmayxanh.com/dien-thoai/samsung-galaxy-z-flip7
2026-04-15 13:24:21,545 [INFO]       - Đang quét Page 1: https://www.dienmayxanh.com/dien-thoai/samsung-galaxy-z-flip7/danh-gia?page=1
2026-04-15 13:24:28,940 [WARNING]         [!] Không thấy dữ liệu hoặc Trống (Lần lỗi 1/5)
2026-04-15 13:24:31,447 [INFO]       - Đang quét Page 2: https://www.dienmayxanh.com/dien-thoai/samsung-galaxy-z-flip7/danh-gia?page=2
2026-04-15 13:24:38,937 [WARNING]         [!] Không thấy dữ liệu hoặc Trống (Lần lỗi 2/5)
2026-04-15 13:24:41,528 [INFO]  ✅ Hoàn tất cào sản phẩm: 338736
2026-04-15 13:24:41,529 [INFO]  -> [106/174] Lấy Breadcrumb & Review trang gốc: https://www.dienmayxanh.com/dien-thoai/oppo-find-x9-pro-16gb-512gb
2026-04-15 13:24:47,694 [INFO]       ✅ Thu được 4 reviews từ trang gốc.
2026-04-15 13:24:47,694 [INFO]       - Đang quét Page 1: https://www.dienmayxanh.com/dien-thoai/oppo-find-x9-pro-16gb-512gb/danh-gia?page=1
2026-04-15 13:24:54,044 [INFO]         ✅ Thêm 0 reviews mới từ Page 1.
2026-04-15 13:24:56,603 [INFO]       - Đang quét Page 2: https://www.dienmayxanh.com/dien-thoai/oppo-find-x9-pro-16gb-512gb/danh-gia?page=2
2026-04-15 13:25:06,764 [WARNING]         [!] Không thấy dữ liệu hoặc Trống (Lần lỗi 1/5)
2026-04-15 13:25:09,129 [INFO]       - Đang quét Page 3: https://www.dienmayxanh.com/dien-thoai/oppo-find-x9-pro-16gb-512gb/danh-gia?page=3
2026-04-15 13:25:20,705 [WARNING]         [!] Không thấy dữ liệu hoặc Trống (Lần lỗi 2/5)
2026-04-15 13:25:22,695 [INFO]         💾 Đã lưu 4 reviews cuối.
2026-04-15 13:25:22,695 [INFO]  ✅ Hoàn tất cào sản phẩm: 344652
2026-04-15 13:25:22,696 [INFO]  -> [107/174] Lấy Breadcrumb & Review trang gốc: https://www.dienmayxanh.com/dien-thoai/vivo-v60-12gb-256gb?utm_flashsale=1
2026-04-15 13:25:38,440 [INFO]       ✅ Thu được 6 reviews từ trang gốc.
2026-04-15 13:25:38,440 [INFO]       - Đang quét Page 1: https://www.dienmayxanh.com/dien-thoai/vivo-v60-12gb-256gb/danh-gia?page=1
2026-04-15 13:25:44,022 [INFO]         ✅ Thêm 1 reviews mới từ Page 1.
2026-04-15 13:25:45,872 [INFO]       - Đang quét Page 2: https://www.dienmayxanh.com/dien-thoai/vivo-v60-12gb-256gb/danh-gia?page=2
2026-04-15 13:25:57,144 [WARNING]         [!] Không thấy dữ liệu hoặc Trống (Lần lỗi 1/5)
2026-04-15 13:25:59,445 [INFO]       - Đang quét Page 3: https://www.dienmayxanh.com/dien-thoai/vivo-v60-12gb-256gb/danh-gia?page=3
2026-04-15 13:26:09,738 [WARNING]         [!] Không thấy dữ liệu hoặc Trống (Lần lỗi 2/5)
2026-04-15 13:26:11,641 [INFO]         💾 Đã lưu 7 reviews cuối.
2026-04-15 13:26:11,642 [INFO]  ✅ Hoàn tất cào sản phẩm: 341625
2026-04-15 13:26:11,642 [INFO]  -> [108/174] Lấy Breadcrumb & Review trang gốc: https://www.dienmayxanh.com/dien-thoai/realme-c85-5g-8gb-128gb
2026-04-15 13:26:24,948 [INFO]       - Đang quét Page 1: https://www.dienmayxanh.com/dien-thoai/realme-c85-5g-8gb-128gb/danh-gia?page=1
2026-04-15 13:26:32,380 [WARNING]         [!] Không thấy dữ liệu hoặc Trống (Lần lỗi 1/5)
2026-04-15 13:26:35,207 [INFO]       - Đang quét Page 2: https://www.dienmayxanh.com/dien-thoai/realme-c85-5g-8gb-128gb/danh-gia?page=2
2026-04-15 13:26:42,678 [WARNING]         [!] Không thấy dữ liệu hoặc Trống (Lần lỗi 2/5)
2026-04-15 13:26:44,963 [INFO]  ✅ Hoàn tất cào sản phẩm: 362760
2026-04-15 13:26:44,965 [INFO]  -> [109/174] Lấy Breadcrumb & Review trang gốc: https://www.dienmayxanh.com/dien-thoai/honor-x8d-8gb-128gb
2026-04-15 13:26:51,467 [INFO]       - Đang quét Page 1: https://www.dienmayxanh.com/dien-thoai/honor-x8d-8gb-128gb/danh-gia?page=1
2026-04-15 13:26:58,879 [WARNING]         [!] Không thấy dữ liệu hoặc Trống (Lần lỗi 1/5)
2026-04-15 13:27:01,687 [INFO]       - Đang quét Page 2: https://www.dienmayxanh.com/dien-thoai/honor-x8d-8gb-128gb/danh-gia?page=2
2026-04-15 13:27:09,140 [WARNING]         [!] Không thấy dữ liệu hoặc Trống (Lần lỗi 2/5)
2026-04-15 13:27:11,324 [INFO]  ✅ Hoàn tất cào sản phẩm: 362919
2026-04-15 13:27:11,326 [INFO]  -> [110/174] Lấy Breadcrumb & Review trang gốc: https://www.dienmayxanh.com/dien-thoai/honor-x6c-6gb-128gb
2026-04-15 13:27:23,537 [INFO]       ✅ Thu được 5 reviews từ trang gốc.
2026-04-15 13:27:23,538 [INFO]       - Đang quét Page 1: https://www.dienmayxanh.com/dien-thoai/honor-x6c-6gb-128gb/danh-gia?page=1
2026-04-15 13:27:29,107 [INFO]         ✅ Thêm 0 reviews mới từ Page 1.
2026-04-15 13:27:31,081 [INFO]       - Đang quét Page 2: https://www.dienmayxanh.com/dien-thoai/honor-x6c-6gb-128gb/danh-gia?page=2
2026-04-15 13:27:39,853 [WARNING]         [!] Không thấy dữ liệu hoặc Trống (Lần lỗi 1/5)
2026-04-15 13:27:41,791 [INFO]       - Đang quét Page 3: https://www.dienmayxanh.com/dien-thoai/honor-x6c-6gb-128gb/danh-gia?page=3
2026-04-15 13:27:50,824 [WARNING]         [!] Không thấy dữ liệu hoặc Trống (Lần lỗi 2/5)
2026-04-15 13:27:53,658 [INFO]         💾 Đã lưu 5 reviews cuối.
2026-04-15 13:27:53,658 [INFO]  ✅ Hoàn tất cào sản phẩm: 340220
2026-04-15 13:27:53,659 [INFO] ♻️ Làm mới Session trình duyệt...
2026-04-15 13:27:54,798 [INFO]  -> [111/174] Lấy Breadcrumb & Review trang gốc: https://www.dienmayxanh.com/dien-thoai/vivo-x300
2026-04-15 13:28:32,123 [INFO]       ✅ Thu được 6 reviews từ trang gốc.
2026-04-15 13:28:32,123 [INFO]       - Đang quét Page 1: https://www.dienmayxanh.com/dien-thoai/vivo-x300/danh-gia?page=1
2026-04-15 13:29:07,140 [WARNING]         [!] Không thấy dữ liệu hoặc Trống (Lần lỗi 1/5)
2026-04-15 13:29:08,939 [INFO]       - Đang quét Page 2: https://www.dienmayxanh.com/dien-thoai/vivo-x300/danh-gia?page=2
2026-04-15 13:29:18,364 [WARNING]         [!] Không thấy dữ liệu hoặc Trống (Lần lỗi 2/5)
2026-04-15 13:29:20,175 [INFO]         💾 Đã lưu 6 reviews cuối.
2026-04-15 13:29:20,175 [INFO]  ✅ Hoàn tất cào sản phẩm: 357861
2026-04-15 13:29:20,175 [INFO]  -> [112/174] Lấy Breadcrumb & Review trang gốc: https://www.dienmayxanh.com/dien-thoai/tecno-pova-7-8gb-256gb
2026-04-15 13:29:43,936 [INFO]       - Đang quét Page 1: https://www.dienmayxanh.com/dien-thoai/tecno-pova-7-8gb-256gb/danh-gia?page=1
2026-04-15 13:29:51,587 [WARNING]         [!] Không thấy dữ liệu hoặc Trống (Lần lỗi 1/5)
2026-04-15 13:29:53,843 [INFO]       - Đang quét Page 2: https://www.dienmayxanh.com/dien-thoai/tecno-pova-7-8gb-256gb/danh-gia?page=2
2026-04-15 13:30:01,203 [WARNING]         [!] Không thấy dữ liệu hoặc Trống (Lần lỗi 2/5)
2026-04-15 13:30:03,937 [INFO]  ✅ Hoàn tất cào sản phẩm: 362632
2026-04-15 13:30:03,937 [INFO]  -> [113/174] Lấy Breadcrumb & Review trang gốc: https://www.dienmayxanh.com/dien-thoai/vivo-y29-8gb-128gb
2026-04-15 13:30:14,555 [INFO]       ✅ Thu được 10 reviews từ trang gốc.
2026-04-15 13:30:14,555 [INFO]       - Đang quét Page 1: https://www.dienmayxanh.com/dien-thoai/vivo-y29-8gb-128gb/danh-gia?page=1
2026-04-15 13:30:21,864 [INFO]         ✅ Thêm 13 reviews mới từ Page 1.
2026-04-15 13:30:24,768 [INFO]       - Đang quét Page 2: https://www.dienmayxanh.com/dien-thoai/vivo-y29-8gb-128gb/danh-gia?page=2
2026-04-15 13:30:34,983 [WARNING]         [!] Không thấy dữ liệu hoặc Trống (Lần lỗi 1/5)
2026-04-15 13:30:37,132 [INFO]       - Đang quét Page 3: https://www.dienmayxanh.com/dien-thoai/vivo-y29-8gb-128gb/danh-gia?page=3
2026-04-15 13:30:51,050 [WARNING]         [!] Không thấy dữ liệu hoặc Trống (Lần lỗi 2/5)
2026-04-15 13:30:53,574 [INFO]         💾 Đã lưu 19 reviews cuối.
2026-04-15 13:30:53,574 [INFO]  ✅ Hoàn tất cào sản phẩm: 334226
2026-04-15 13:30:53,575 [INFO]  -> [114/174] Lấy Breadcrumb & Review trang gốc: https://www.dienmayxanh.com/dien-thoai/honor-x7d-8gb-128gb
2026-04-15 13:30:59,816 [INFO]       - Đang quét Page 1: https://www.dienmayxanh.com/dien-thoai/honor-x7d-8gb-128gb/danh-gia?page=1
2026-04-15 13:31:07,185 [WARNING]         [!] Không thấy dữ liệu hoặc Trống (Lần lỗi 1/5)
2026-04-15 13:31:10,178 [INFO]       - Đang quét Page 2: https://www.dienmayxanh.com/dien-thoai/honor-x7d-8gb-128gb/danh-gia?page=2
2026-04-15 13:31:17,577 [WARNING]         [!] Không thấy dữ liệu hoặc Trống (Lần lỗi 2/5)
2026-04-15 13:31:20,455 [INFO]  ✅ Hoàn tất cào sản phẩm: 362971
2026-04-15 13:31:20,455 [INFO]  -> [115/174] Lấy Breadcrumb & Review trang gốc: https://www.dienmayxanh.com/dien-thoai/iphone-16e
2026-04-15 13:31:29,667 [INFO]       ✅ Thu được 10 reviews từ trang gốc.
2026-04-15 13:31:29,668 [INFO]       - Đang quét Page 1: https://www.dienmayxanh.com/dien-thoai/iphone-16e/danh-gia?page=1
2026-04-15 13:31:36,098 [INFO]         ✅ Thêm 9 reviews mới từ Page 1.
2026-04-15 13:31:38,345 [INFO]       - Đang quét Page 2: https://www.dienmayxanh.com/dien-thoai/iphone-16e/danh-gia?page=2
2026-04-15 13:31:48,911 [WARNING]         [!] Không thấy dữ liệu hoặc Trống (Lần lỗi 1/5)
2026-04-15 13:31:51,084 [INFO]       - Đang quét Page 3: https://www.dienmayxanh.com/dien-thoai/iphone-16e/danh-gia?page=3
2026-04-15 13:32:01,778 [WARNING]         [!] Không thấy dữ liệu hoặc Trống (Lần lỗi 2/5)
2026-04-15 13:32:04,263 [INFO]         💾 Đã lưu 15 reviews cuối.
2026-04-15 13:32:04,263 [INFO]  ✅ Hoàn tất cào sản phẩm: 334864
2026-04-15 13:32:04,264 [INFO]  -> [116/174] Lấy Breadcrumb & Review trang gốc: https://www.dienmayxanh.com/dien-thoai/realme-15-5g-12gb-256gb?utm_flashsale=1
2026-04-15 13:32:12,426 [INFO]       ✅ Thu được 1 reviews từ trang gốc.
2026-04-15 13:32:12,427 [INFO]       - Đang quét Page 1: https://www.dienmayxanh.com/dien-thoai/realme-15-5g-12gb-256gb/danh-gia?page=1
2026-04-15 13:32:20,092 [WARNING]         [!] Không thấy dữ liệu hoặc Trống (Lần lỗi 1/5)
2026-04-15 13:32:22,642 [INFO]       - Đang quét Page 2: https://www.dienmayxanh.com/dien-thoai/realme-15-5g-12gb-256gb/danh-gia?page=2
2026-04-15 13:32:30,253 [WARNING]         [!] Không thấy dữ liệu hoặc Trống (Lần lỗi 2/5)
2026-04-15 13:32:32,649 [INFO]         💾 Đã lưu 1 reviews cuối.
2026-04-15 13:32:32,649 [INFO]  ✅ Hoàn tất cào sản phẩm: 343066
2026-04-15 13:32:32,650 [INFO]  -> [117/174] Lấy Breadcrumb & Review trang gốc: https://www.dienmayxanh.com/dien-thoai/xiaomi-15t-pro-12gb-1tb
2026-04-15 13:32:42,019 [INFO]       - Đang quét Page 1: https://www.dienmayxanh.com/dien-thoai/xiaomi-15t-pro-12gb-1tb/danh-gia?page=1
2026-04-15 13:32:49,474 [WARNING]         [!] Không thấy dữ liệu hoặc Trống (Lần lỗi 1/5)
2026-04-15 13:32:51,053 [INFO]       - Đang quét Page 2: https://www.dienmayxanh.com/dien-thoai/xiaomi-15t-pro-12gb-1tb/danh-gia?page=2
2026-04-15 13:32:59,530 [WARNING]         [!] Không thấy dữ liệu hoặc Trống (Lần lỗi 2/5)
2026-04-15 13:33:01,237 [INFO]  ✅ Hoàn tất cào sản phẩm: 344648
2026-04-15 13:33:01,238 [INFO]  -> [118/174] Lấy Breadcrumb & Review trang gốc: https://www.dienmayxanh.com/dien-thoai/honor-x5c-4gb-64gb
2026-04-15 13:33:09,307 [INFO]       - Đang quét Page 1: https://www.dienmayxanh.com/dien-thoai/honor-x5c-4gb-64gb/danh-gia?page=1
2026-04-15 13:33:16,783 [WARNING]         [!] Không thấy dữ liệu hoặc Trống (Lần lỗi 1/5)
2026-04-15 13:33:19,725 [INFO]       - Đang quét Page 2: https://www.dienmayxanh.com/dien-thoai/honor-x5c-4gb-64gb/danh-gia?page=2
2026-04-15 13:33:27,115 [WARNING]         [!] Không thấy dữ liệu hoặc Trống (Lần lỗi 2/5)
2026-04-15 13:33:29,349 [INFO]  ✅ Hoàn tất cào sản phẩm: 363410
2026-04-15 13:33:29,350 [INFO]  -> [119/174] Lấy Breadcrumb & Review trang gốc: https://www.dienmayxanh.com/dien-thoai/oppo-a6t-4gb-64gb
2026-04-15 13:33:34,394 [INFO]       - Đang quét Page 1: https://www.dienmayxanh.com/dien-thoai/oppo-a6t-4gb-64gb/danh-gia?page=1
2026-04-15 13:33:41,860 [WARNING]         [!] Không thấy dữ liệu hoặc Trống (Lần lỗi 1/5)
2026-04-15 13:33:44,261 [INFO]       - Đang quét Page 2: https://www.dienmayxanh.com/dien-thoai/oppo-a6t-4gb-64gb/danh-gia?page=2
2026-04-15 13:33:51,661 [WARNING]         [!] Không thấy dữ liệu hoặc Trống (Lần lỗi 2/5)
2026-04-15 13:33:53,852 [INFO]  ✅ Hoàn tất cào sản phẩm: 361191
2026-04-15 13:33:53,853 [INFO]  -> [120/174] Lấy Breadcrumb & Review trang gốc: https://www.dienmayxanh.com/dien-thoai/realme-note-60x
2026-04-15 13:34:03,052 [INFO]       ✅ Thu được 1 reviews từ trang gốc.
2026-04-15 13:34:03,052 [INFO]       - Đang quét Page 1: https://www.dienmayxanh.com/dien-thoai/realme-note-60x/danh-gia?page=1
2026-04-15 13:34:10,562 [WARNING]         [!] Không thấy dữ liệu hoặc Trống (Lần lỗi 1/5)
2026-04-15 13:34:13,362 [INFO]       - Đang quét Page 2: https://www.dienmayxanh.com/dien-thoai/realme-note-60x/danh-gia?page=2
2026-04-15 13:34:20,695 [WARNING]         [!] Không thấy dữ liệu hoặc Trống (Lần lỗi 2/5)
2026-04-15 13:34:22,369 [INFO]         💾 Đã lưu 1 reviews cuối.
2026-04-15 13:34:22,370 [INFO]  ✅ Hoàn tất cào sản phẩm: 333280
2026-04-15 13:34:22,370 [INFO] ♻️ Làm mới Session trình duyệt...
2026-04-15 13:34:23,506 [INFO]  -> [121/174] Lấy Breadcrumb & Review trang gốc: https://www.dienmayxanh.com/dien-thoai/mobell-rock-7
2026-04-15 13:34:39,642 [INFO]       - Đang quét Page 1: https://www.dienmayxanh.com/dien-thoai/mobell-rock-7/danh-gia?page=1
2026-04-15 13:34:48,277 [WARNING]         [!] Không thấy dữ liệu hoặc Trống (Lần lỗi 1/5)
2026-04-15 13:34:50,508 [INFO]       - Đang quét Page 2: https://www.dienmayxanh.com/dien-thoai/mobell-rock-7/danh-gia?page=2
2026-04-15 13:34:58,197 [WARNING]         [!] Không thấy dữ liệu hoặc Trống (Lần lỗi 2/5)
2026-04-15 13:34:59,802 [INFO]  ✅ Hoàn tất cào sản phẩm: 338026
2026-04-15 13:34:59,803 [INFO]  -> [122/174] Lấy Breadcrumb & Review trang gốc: https://www.dienmayxanh.com/dien-thoai/masstel-izi-10
2026-04-15 13:35:11,453 [INFO]       ✅ Thu được 10 reviews từ trang gốc.
2026-04-15 13:35:11,453 [INFO]       - Đang quét Page 1: https://www.dienmayxanh.com/dien-thoai/masstel-izi-10/danh-gia?page=1
2026-04-15 13:35:42,965 [INFO]         ✅ Thêm 15 reviews mới từ Page 1.
2026-04-15 13:35:42,966 [INFO]         💾 Đã lưu 21 reviews.
2026-04-15 13:35:45,478 [INFO]       - Đang quét Page 2: https://www.dienmayxanh.com/dien-thoai/masstel-izi-10/danh-gia?page=2
2026-04-15 13:36:20,512 [WARNING]         [!] Không thấy dữ liệu hoặc Trống (Lần lỗi 1/5)
2026-04-15 13:36:22,602 [INFO]       - Đang quét Page 3: https://www.dienmayxanh.com/dien-thoai/masstel-izi-10/danh-gia?page=3
2026-04-15 13:36:30,892 [INFO]         ✅ Thêm 20 reviews mới từ Page 3.
2026-04-15 13:36:30,896 [INFO]         💾 Đã lưu 20 reviews.
2026-04-15 13:36:32,728 [INFO]       - Đang quét Page 4: https://www.dienmayxanh.com/dien-thoai/masstel-izi-10/danh-gia?page=4
2026-04-15 13:36:40,535 [INFO]         ✅ Thêm 20 reviews mới từ Page 4.
2026-04-15 13:36:40,536 [INFO]         💾 Đã lưu 20 reviews.
2026-04-15 13:36:43,156 [INFO]       - Đang quét Page 5: https://www.dienmayxanh.com/dien-thoai/masstel-izi-10/danh-gia?page=5
2026-04-15 13:36:50,840 [INFO]         ✅ Thêm 20 reviews mới từ Page 5.
2026-04-15 13:36:50,842 [INFO]         💾 Đã lưu 20 reviews.
2026-04-15 13:36:52,747 [INFO]       - Đang quét Page 6: https://www.dienmayxanh.com/dien-thoai/masstel-izi-10/danh-gia?page=6
2026-04-15 13:37:03,500 [INFO]         ✅ Thêm 20 reviews mới từ Page 6.
2026-04-15 13:37:03,502 [INFO]         💾 Đã lưu 20 reviews.
2026-04-15 13:37:06,041 [INFO]       - Đang quét Page 7: https://www.dienmayxanh.com/dien-thoai/masstel-izi-10/danh-gia?page=7
2026-04-15 13:37:14,283 [INFO]         ✅ Thêm 20 reviews mới từ Page 7.
2026-04-15 13:37:14,284 [INFO]         💾 Đã lưu 20 reviews.
2026-04-15 13:37:16,820 [INFO]       - Đang quét Page 8: https://www.dienmayxanh.com/dien-thoai/masstel-izi-10/danh-gia?page=8
2026-04-15 13:37:26,989 [INFO]         ✅ Thêm 20 reviews mới từ Page 8.
2026-04-15 13:37:26,991 [INFO]         💾 Đã lưu 20 reviews.
2026-04-15 13:37:29,511 [INFO]       - Đang quét Page 9: https://www.dienmayxanh.com/dien-thoai/masstel-izi-10/danh-gia?page=9
2026-04-15 13:37:54,678 [INFO]         ✅ Thêm 20 reviews mới từ Page 9.
2026-04-15 13:37:54,681 [INFO]         💾 Đã lưu 20 reviews.
2026-04-15 13:37:57,186 [INFO]       - Đang quét Page 10: https://www.dienmayxanh.com/dien-thoai/masstel-izi-10/danh-gia?page=10
2026-04-15 13:38:32,217 [WARNING]         [!] Không thấy dữ liệu hoặc Trống (Lần lỗi 1/5)
2026-04-15 13:38:35,166 [INFO]       - Đang quét Page 11: https://www.dienmayxanh.com/dien-thoai/masstel-izi-10/danh-gia?page=11
2026-04-15 13:38:42,099 [INFO]         ✅ Thêm 20 reviews mới từ Page 11.
2026-04-15 13:38:42,101 [INFO]         💾 Đã lưu 20 reviews.
2026-04-15 13:38:44,211 [INFO]       - Đang quét Page 12: https://www.dienmayxanh.com/dien-thoai/masstel-izi-10/danh-gia?page=12
2026-04-15 13:38:52,935 [INFO]         ✅ Thêm 19 reviews mới từ Page 12.
2026-04-15 13:38:54,756 [INFO]       - Đang quét Page 13: https://www.dienmayxanh.com/dien-thoai/masstel-izi-10/danh-gia?page=13
2026-04-15 13:39:05,591 [INFO]         ✅ Thêm 20 reviews mới từ Page 13.
2026-04-15 13:39:05,592 [INFO]         💾 Đã lưu 39 reviews.
2026-04-15 13:39:07,251 [INFO]       - Đang quét Page 14: https://www.dienmayxanh.com/dien-thoai/masstel-izi-10/danh-gia?page=14
2026-04-15 13:39:17,930 [INFO]         ✅ Thêm 18 reviews mới từ Page 14.
2026-04-15 13:39:20,458 [INFO]       - Đang quét Page 15: https://www.dienmayxanh.com/dien-thoai/masstel-izi-10/danh-gia?page=15
2026-04-15 13:39:30,270 [WARNING]         [!] Không thấy dữ liệu hoặc Trống (Lần lỗi 1/5)
2026-04-15 13:39:32,808 [INFO]       - Đang quét Page 16: https://www.dienmayxanh.com/dien-thoai/masstel-izi-10/danh-gia?page=16
2026-04-15 13:39:42,611 [WARNING]         [!] Không thấy dữ liệu hoặc Trống (Lần lỗi 2/5)
2026-04-15 13:39:44,911 [INFO]         💾 Đã lưu 18 reviews cuối.
2026-04-15 13:39:44,912 [INFO]  ✅ Hoàn tất cào sản phẩm: 265311
2026-04-15 13:39:44,913 [INFO]  -> [123/174] Lấy Breadcrumb & Review trang gốc: https://www.dienmayxanh.com/dien-thoai/honor-400-lite?utm_flashsale=1
2026-04-15 13:40:16,612 [INFO]       ✅ Thu được 10 reviews từ trang gốc.
2026-04-15 13:40:16,613 [INFO]       - Đang quét Page 1: https://www.dienmayxanh.com/dien-thoai/honor-400-lite/danh-gia?page=1
2026-04-15 13:40:52,572 [INFO]         ✅ Thêm 14 reviews mới từ Page 1.
2026-04-15 13:40:52,574 [INFO]         💾 Đã lưu 20 reviews.
2026-04-15 13:40:55,278 [INFO]       - Đang quét Page 2: https://www.dienmayxanh.com/dien-thoai/honor-400-lite/danh-gia?page=2
2026-04-15 13:41:06,479 [WARNING]         [!] Không thấy dữ liệu hoặc Trống (Lần lỗi 1/5)
2026-04-15 13:41:08,721 [INFO]       - Đang quét Page 3: https://www.dienmayxanh.com/dien-thoai/honor-400-lite/danh-gia?page=3
2026-04-15 13:41:18,603 [WARNING]         [!] Không thấy dữ liệu hoặc Trống (Lần lỗi 2/5)
2026-04-15 13:41:20,873 [INFO]  ✅ Hoàn tất cào sản phẩm: 339245
2026-04-15 13:41:20,873 [INFO]  -> [124/174] Lấy Breadcrumb & Review trang gốc: https://www.dienmayxanh.com/dien-thoai/honor-x9d-5g-12gb-256gb?utm_flashsale=1
2026-04-15 13:41:38,516 [INFO]       ✅ Thu được 10 reviews từ trang gốc.
2026-04-15 13:41:38,517 [INFO]       - Đang quét Page 1: https://www.dienmayxanh.com/dien-thoai/honor-x9d-5g-12gb-256gb/danh-gia?page=1
2026-04-15 13:41:45,672 [INFO]         ✅ Thêm 7 reviews mới từ Page 1.
2026-04-15 13:41:48,215 [INFO]       - Đang quét Page 2: https://www.dienmayxanh.com/dien-thoai/honor-x9d-5g-12gb-256gb/danh-gia?page=2
2026-04-15 13:41:59,410 [WARNING]         [!] Không thấy dữ liệu hoặc Trống (Lần lỗi 1/5)
2026-04-15 13:42:01,243 [INFO]       - Đang quét Page 3: https://www.dienmayxanh.com/dien-thoai/honor-x9d-5g-12gb-256gb/danh-gia?page=3
2026-04-15 13:42:11,595 [WARNING]         [!] Không thấy dữ liệu hoặc Trống (Lần lỗi 2/5)
2026-04-15 13:42:13,766 [INFO]         💾 Đã lưu 13 reviews cuối.
2026-04-15 13:42:13,766 [INFO]  ✅ Hoàn tất cào sản phẩm: 358683
2026-04-15 13:42:13,767 [INFO]  -> [125/174] Lấy Breadcrumb & Review trang gốc: https://www.dienmayxanh.com/dien-thoai/nokia-3210-4g
2026-04-15 13:42:52,111 [INFO]       ✅ Thu được 10 reviews từ trang gốc.
2026-04-15 13:42:52,111 [INFO]       - Đang quét Page 1: https://www.dienmayxanh.com/dien-thoai/nokia-3210-4g/danh-gia?page=1
2026-04-15 13:43:04,683 [INFO]         ✅ Thêm 15 reviews mới từ Page 1.
2026-04-15 13:43:04,685 [INFO]         💾 Đã lưu 21 reviews.
2026-04-15 13:43:06,599 [INFO]       - Đang quét Page 2: https://www.dienmayxanh.com/dien-thoai/nokia-3210-4g/danh-gia?page=2
2026-04-15 13:43:14,723 [INFO]         ✅ Thêm 2 reviews mới từ Page 2.
2026-04-15 13:43:17,397 [INFO]       - Đang quét Page 3: https://www.dienmayxanh.com/dien-thoai/nokia-3210-4g/danh-gia?page=3
2026-04-15 13:43:27,910 [WARNING]         [!] Không thấy dữ liệu hoặc Trống (Lần lỗi 1/5)
2026-04-15 13:43:30,610 [INFO]       - Đang quét Page 4: https://www.dienmayxanh.com/dien-thoai/nokia-3210-4g/danh-gia?page=4
2026-04-15 13:43:42,855 [WARNING]         [!] Không thấy dữ liệu hoặc Trống (Lần lỗi 2/5)
2026-04-15 13:43:44,997 [INFO]         💾 Đã lưu 2 reviews cuối.
2026-04-15 13:43:44,997 [INFO]  ✅ Hoàn tất cào sản phẩm: 326477
2026-04-15 13:43:44,998 [INFO]  -> [126/174] Lấy Breadcrumb & Review trang gốc: https://www.dienmayxanh.com/dien-thoai/oppo-find-n3-flip-hong
2026-04-15 13:43:56,929 [INFO]       ✅ Thu được 10 reviews từ trang gốc.
2026-04-15 13:43:56,929 [INFO]       - Đang quét Page 1: https://www.dienmayxanh.com/dien-thoai/oppo-find-n3-flip-hong/danh-gia?page=1
2026-04-15 13:44:05,404 [INFO]         ✅ Thêm 5 reviews mới từ Page 1.
2026-04-15 13:44:06,988 [INFO]       - Đang quét Page 2: https://www.dienmayxanh.com/dien-thoai/oppo-find-n3-flip-hong/danh-gia?page=2
2026-04-15 13:44:17,950 [WARNING]         [!] Không thấy dữ liệu hoặc Trống (Lần lỗi 1/5)
2026-04-15 13:44:20,897 [INFO]       - Đang quét Page 3: https://www.dienmayxanh.com/dien-thoai/oppo-find-n3-flip-hong/danh-gia?page=3
2026-04-15 13:44:33,382 [WARNING]         [!] Không thấy dữ liệu hoặc Trống (Lần lỗi 2/5)
2026-04-15 13:44:36,304 [INFO]         💾 Đã lưu 11 reviews cuối.
2026-04-15 13:44:36,305 [INFO]  ✅ Hoàn tất cào sản phẩm: 317981
2026-04-15 13:44:36,305 [INFO]  -> [127/174] Lấy Breadcrumb & Review trang gốc: https://www.dienmayxanh.com/dien-thoai/honor-400?utm_flashsale=1
2026-04-15 13:44:53,492 [INFO]       ✅ Thu được 1 reviews từ trang gốc.
2026-04-15 13:44:53,493 [INFO]       - Đang quét Page 1: https://www.dienmayxanh.com/dien-thoai/honor-400/danh-gia?page=1
2026-04-15 13:45:01,172 [WARNING]         [!] Không thấy dữ liệu hoặc Trống (Lần lỗi 1/5)
2026-04-15 13:45:03,286 [INFO]       - Đang quét Page 2: https://www.dienmayxanh.com/dien-thoai/honor-400/danh-gia?page=2
2026-04-15 13:45:12,778 [WARNING]         [!] Không thấy dữ liệu hoặc Trống (Lần lỗi 2/5)
2026-04-15 13:45:14,304 [INFO]         💾 Đã lưu 1 reviews cuối.
2026-04-15 13:45:14,305 [INFO]  ✅ Hoàn tất cào sản phẩm: 339243
2026-04-15 13:45:14,306 [INFO]  -> [128/174] Lấy Breadcrumb & Review trang gốc: https://www.dienmayxanh.com/dien-thoai/xiaomi-17-ultra-limited-leica
2026-04-15 13:45:23,971 [INFO]       - Đang quét Page 1: https://www.dienmayxanh.com/dien-thoai/xiaomi-17-ultra-limited-leica/danh-gia?page=1
2026-04-15 13:45:32,202 [WARNING]         [!] Không thấy dữ liệu hoặc Trống (Lần lỗi 1/5)
2026-04-15 13:45:35,165 [INFO]       - Đang quét Page 2: https://www.dienmayxanh.com/dien-thoai/xiaomi-17-ultra-limited-leica/danh-gia?page=2
2026-04-15 13:45:42,769 [WARNING]         [!] Không thấy dữ liệu hoặc Trống (Lần lỗi 2/5)
2026-04-15 13:45:44,835 [INFO]  ✅ Hoàn tất cào sản phẩm: 361312
2026-04-15 13:45:44,836 [INFO]  -> [129/174] Lấy Breadcrumb & Review trang gốc: https://www.dienmayxanh.com/dien-thoai/samsung-galaxy-z-flip7-fe?utm_flashsale=1
2026-04-15 13:46:01,106 [INFO]       ✅ Thu được 1 reviews từ trang gốc.
2026-04-15 13:46:01,106 [INFO]       - Đang quét Page 1: https://www.dienmayxanh.com/dien-thoai/samsung-galaxy-z-flip7-fe/danh-gia?page=1
2026-04-15 13:46:08,564 [WARNING]         [!] Không thấy dữ liệu hoặc Trống (Lần lỗi 1/5)
2026-04-15 13:46:10,832 [INFO]       - Đang quét Page 2: https://www.dienmayxanh.com/dien-thoai/samsung-galaxy-z-flip7-fe/danh-gia?page=2
2026-04-15 13:46:18,329 [WARNING]         [!] Không thấy dữ liệu hoặc Trống (Lần lỗi 2/5)
2026-04-15 13:46:20,835 [INFO]         💾 Đã lưu 1 reviews cuối.
2026-04-15 13:46:20,835 [INFO]  ✅ Hoàn tất cào sản phẩm: 338741
2026-04-15 13:46:20,836 [INFO]  -> [130/174] Lấy Breadcrumb & Review trang gốc: https://www.dienmayxanh.com/dien-thoai/motorola-signature-12gb-256gb
2026-04-15 13:46:30,727 [INFO]       - Đang quét Page 1: https://www.dienmayxanh.com/dien-thoai/motorola-signature-12gb-256gb/danh-gia?page=1
2026-04-15 13:46:38,437 [WARNING]         [!] Không thấy dữ liệu hoặc Trống (Lần lỗi 1/5)
2026-04-15 13:46:40,684 [INFO]       - Đang quét Page 2: https://www.dienmayxanh.com/dien-thoai/motorola-signature-12gb-256gb/danh-gia?page=2
2026-04-15 13:47:18,269 [WARNING]         [!] Không thấy dữ liệu hoặc Trống (Lần lỗi 2/5)
2026-04-15 13:47:21,056 [INFO]  ✅ Hoàn tất cào sản phẩm: 362375
2026-04-15 13:47:21,057 [INFO] ♻️ Làm mới Session trình duyệt...
2026-04-15 13:47:22,111 [INFO]  -> [131/174] Lấy Breadcrumb & Review trang gốc: https://www.dienmayxanh.com/dien-thoai/oppo-find-n6
2026-04-15 13:47:48,758 [INFO]       - Đang quét Page 1: https://www.dienmayxanh.com/dien-thoai/oppo-find-n6/danh-gia?page=1
2026-04-15 13:47:57,552 [WARNING]         [!] Không thấy dữ liệu hoặc Trống (Lần lỗi 1/5)
2026-04-15 13:48:00,063 [INFO]       - Đang quét Page 2: https://www.dienmayxanh.com/dien-thoai/oppo-find-n6/danh-gia?page=2
2026-04-15 13:48:07,447 [WARNING]         [!] Không thấy dữ liệu hoặc Trống (Lần lỗi 2/5)
2026-04-15 13:48:10,381 [INFO]  ✅ Hoàn tất cào sản phẩm: 363258
2026-04-15 13:48:10,382 [INFO]  -> [132/174] Lấy Breadcrumb & Review trang gốc: https://www.dienmayxanh.com/dien-thoai/masstel-fami-60s
2026-04-15 13:48:36,334 [INFO]       ✅ Thu được 8 reviews từ trang gốc.
2026-04-15 13:48:36,334 [INFO]       - Đang quét Page 1: https://www.dienmayxanh.com/dien-thoai/masstel-fami-60s/danh-gia?page=1
2026-04-15 13:48:43,794 [INFO]         ✅ Thêm 3 reviews mới từ Page 1.
2026-04-15 13:48:46,288 [INFO]       - Đang quét Page 2: https://www.dienmayxanh.com/dien-thoai/masstel-fami-60s/danh-gia?page=2
2026-04-15 13:48:58,133 [WARNING]         [!] Không thấy dữ liệu hoặc Trống (Lần lỗi 1/5)
2026-04-15 13:48:59,968 [INFO]       - Đang quét Page 3: https://www.dienmayxanh.com/dien-thoai/masstel-fami-60s/danh-gia?page=3
2026-04-15 13:49:09,972 [WARNING]         [!] Không thấy dữ liệu hoặc Trống (Lần lỗi 2/5)
2026-04-15 13:49:11,730 [INFO]         💾 Đã lưu 9 reviews cuối.
2026-04-15 13:49:11,730 [INFO]  ✅ Hoàn tất cào sản phẩm: 322876
2026-04-15 13:49:11,731 [INFO]  -> [133/174] Lấy Breadcrumb & Review trang gốc: https://www.dienmayxanh.com/dien-thoai/honor-play-10-4gb-128gb
2026-04-15 13:49:48,923 [INFO]       ✅ Thu được 1 reviews từ trang gốc.
2026-04-15 13:49:48,923 [INFO]       - Đang quét Page 1: https://www.dienmayxanh.com/dien-thoai/honor-play-10-4gb-128gb/danh-gia?page=1
2026-04-15 13:49:56,569 [WARNING]         [!] Không thấy dữ liệu hoặc Trống (Lần lỗi 1/5)
2026-04-15 13:49:59,154 [INFO]       - Đang quét Page 2: https://www.dienmayxanh.com/dien-thoai/honor-play-10-4gb-128gb/danh-gia?page=2
2026-04-15 13:50:06,700 [WARNING]         [!] Không thấy dữ liệu hoặc Trống (Lần lỗi 2/5)
2026-04-15 13:50:08,729 [INFO]         💾 Đã lưu 1 reviews cuối.
2026-04-15 13:50:08,729 [INFO]  ✅ Hoàn tất cào sản phẩm: 358702
2026-04-15 13:50:08,730 [INFO]  -> [134/174] Lấy Breadcrumb & Review trang gốc: https://www.dienmayxanh.com/dien-thoai/oppo-reno13-f-5g-12gb-512gb
2026-04-15 13:50:20,045 [INFO]       ✅ Thu được 10 reviews từ trang gốc.
2026-04-15 13:50:20,046 [INFO]       - Đang quét Page 1: https://www.dienmayxanh.com/dien-thoai/oppo-reno13-f-5g-12gb-512gb/danh-gia?page=1
2026-04-15 13:50:28,214 [INFO]         ✅ Thêm 15 reviews mới từ Page 1.
2026-04-15 13:50:28,216 [INFO]         💾 Đã lưu 21 reviews.
2026-04-15 13:50:30,710 [INFO]       - Đang quét Page 2: https://www.dienmayxanh.com/dien-thoai/oppo-reno13-f-5g-12gb-512gb/danh-gia?page=2
2026-04-15 13:50:37,977 [INFO]         ✅ Thêm 5 reviews mới từ Page 2.
2026-04-15 13:50:39,722 [INFO]       - Đang quét Page 3: https://www.dienmayxanh.com/dien-thoai/oppo-reno13-f-5g-12gb-512gb/danh-gia?page=3
2026-04-15 13:50:50,470 [WARNING]         [!] Không thấy dữ liệu hoặc Trống (Lần lỗi 1/5)
2026-04-15 13:50:52,572 [INFO]       - Đang quét Page 4: https://www.dienmayxanh.com/dien-thoai/oppo-reno13-f-5g-12gb-512gb/danh-gia?page=4
2026-04-15 13:51:04,996 [WARNING]         [!] Không thấy dữ liệu hoặc Trống (Lần lỗi 2/5)
2026-04-15 13:51:07,158 [INFO]         💾 Đã lưu 5 reviews cuối.
2026-04-15 13:51:07,158 [INFO]  ✅ Hoàn tất cào sản phẩm: 333574
2026-04-15 13:51:07,158 [INFO]  -> [135/174] Lấy Breadcrumb & Review trang gốc: https://www.dienmayxanh.com/dien-thoai/samsung-galaxy-a56-8gb-128gb
2026-04-15 13:51:19,197 [INFO]       ✅ Thu được 4 reviews từ trang gốc.
2026-04-15 13:51:19,197 [INFO]       - Đang quét Page 1: https://www.dienmayxanh.com/dien-thoai/samsung-galaxy-a56-8gb-128gb/danh-gia?page=1
2026-04-15 13:51:26,129 [INFO]         ✅ Thêm 0 reviews mới từ Page 1.
2026-04-15 13:51:29,030 [INFO]       - Đang quét Page 2: https://www.dienmayxanh.com/dien-thoai/samsung-galaxy-a56-8gb-128gb/danh-gia?page=2
2026-04-15 13:51:42,924 [WARNING]         [!] Không thấy dữ liệu hoặc Trống (Lần lỗi 1/5)
2026-04-15 13:51:45,537 [INFO]       - Đang quét Page 3: https://www.dienmayxanh.com/dien-thoai/samsung-galaxy-a56-8gb-128gb/danh-gia?page=3
2026-04-15 13:51:58,477 [WARNING]         [!] Không thấy dữ liệu hoặc Trống (Lần lỗi 2/5)
2026-04-15 13:52:00,485 [INFO]         💾 Đã lưu 4 reviews cuối.
2026-04-15 13:52:00,486 [INFO]  ✅ Hoàn tất cào sản phẩm: 335177
2026-04-15 13:52:00,487 [INFO]  -> [136/174] Lấy Breadcrumb & Review trang gốc: https://www.dienmayxanh.com/dien-thoai/oppo-a5i-pro-8gb-128gb
2026-04-15 13:52:12,356 [INFO]       ✅ Thu được 3 reviews từ trang gốc.
2026-04-15 13:52:12,357 [INFO]       - Đang quét Page 1: https://www.dienmayxanh.com/dien-thoai/oppo-a5i-pro-8gb-128gb/danh-gia?page=1
2026-04-15 13:52:21,207 [INFO]         ✅ Thêm 0 reviews mới từ Page 1.
2026-04-15 13:52:24,195 [INFO]       - Đang quét Page 2: https://www.dienmayxanh.com/dien-thoai/oppo-a5i-pro-8gb-128gb/danh-gia?page=2
2026-04-15 13:52:38,332 [WARNING]         [!] Không thấy dữ liệu hoặc Trống (Lần lỗi 1/5)
2026-04-15 13:52:39,965 [INFO]       - Đang quét Page 3: https://www.dienmayxanh.com/dien-thoai/oppo-a5i-pro-8gb-128gb/danh-gia?page=3
2026-04-15 13:52:52,118 [WARNING]         [!] Không thấy dữ liệu hoặc Trống (Lần lỗi 2/5)
2026-04-15 13:52:53,875 [INFO]         💾 Đã lưu 3 reviews cuối.
2026-04-15 13:52:53,875 [INFO]  ✅ Hoàn tất cào sản phẩm: 340255
2026-04-15 13:52:53,876 [INFO]  -> [137/174] Lấy Breadcrumb & Review trang gốc: https://www.dienmayxanh.com/dien-thoai/oppo-a5i-4gb-128gb
2026-04-15 13:53:09,612 [INFO]       - Đang quét Page 1: https://www.dienmayxanh.com/dien-thoai/oppo-a5i-4gb-128gb/danh-gia?page=1
2026-04-15 13:53:17,092 [WARNING]         [!] Không thấy dữ liệu hoặc Trống (Lần lỗi 1/5)
2026-04-15 13:53:18,869 [INFO]       - Đang quét Page 2: https://www.dienmayxanh.com/dien-thoai/oppo-a5i-4gb-128gb/danh-gia?page=2
2026-04-15 13:53:26,516 [WARNING]         [!] Không thấy dữ liệu hoặc Trống (Lần lỗi 2/5)
2026-04-15 13:53:29,408 [INFO]  ✅ Hoàn tất cào sản phẩm: 340258
2026-04-15 13:53:29,409 [INFO]  -> [138/174] Lấy Breadcrumb & Review trang gốc: https://www.dienmayxanh.com/dien-thoai/vivo-x300-pro
2026-04-15 13:53:43,835 [INFO]       ✅ Thu được 3 reviews từ trang gốc.
2026-04-15 13:53:43,835 [INFO]       - Đang quét Page 1: https://www.dienmayxanh.com/dien-thoai/vivo-x300-pro/danh-gia?page=1
2026-04-15 13:53:48,877 [INFO]         ✅ Thêm 0 reviews mới từ Page 1.
2026-04-15 13:53:51,667 [INFO]       - Đang quét Page 2: https://www.dienmayxanh.com/dien-thoai/vivo-x300-pro/danh-gia?page=2
2026-04-15 13:54:02,805 [WARNING]         [!] Không thấy dữ liệu hoặc Trống (Lần lỗi 1/5)
2026-04-15 13:54:04,474 [INFO]       - Đang quét Page 3: https://www.dienmayxanh.com/dien-thoai/vivo-x300-pro/danh-gia?page=3
2026-04-15 13:54:17,884 [WARNING]         [!] Không thấy dữ liệu hoặc Trống (Lần lỗi 2/5)
2026-04-15 13:54:20,020 [INFO]         💾 Đã lưu 3 reviews cuối.
2026-04-15 13:54:20,020 [INFO]  ✅ Hoàn tất cào sản phẩm: 357862
2026-04-15 13:54:20,021 [INFO]  -> [139/174] Lấy Breadcrumb & Review trang gốc: https://www.dienmayxanh.com/dien-thoai/samsung-galaxy-s25-plus
2026-04-15 13:54:57,889 [INFO]       ✅ Thu được 7 reviews từ trang gốc.
2026-04-15 13:54:57,890 [INFO]       - Đang quét Page 1: https://www.dienmayxanh.com/dien-thoai/samsung-galaxy-s25-plus/danh-gia?page=1
2026-04-15 13:55:32,917 [WARNING]         [!] Không thấy dữ liệu hoặc Trống (Lần lỗi 1/5)
2026-04-15 13:55:34,930 [INFO]       - Đang quét Page 2: https://www.dienmayxanh.com/dien-thoai/samsung-galaxy-s25-plus/danh-gia?page=2
2026-04-15 13:55:47,798 [WARNING]         [!] Không thấy dữ liệu hoặc Trống (Lần lỗi 2/5)
2026-04-15 13:55:50,415 [INFO]         💾 Đã lưu 6 reviews cuối.
2026-04-15 13:55:50,416 [INFO]  ✅ Hoàn tất cào sản phẩm: 333359
2026-04-15 13:55:50,416 [INFO]  -> [140/174] Lấy Breadcrumb & Review trang gốc: https://www.dienmayxanh.com/dien-thoai/motorola-razr-60-8gb-256gb?utm_flashsale=1
2026-04-15 13:56:02,423 [INFO]       - Đang quét Page 1: https://www.dienmayxanh.com/dien-thoai/motorola-razr-60-8gb-256gb/danh-gia?page=1
2026-04-15 13:56:10,177 [WARNING]         [!] Không thấy dữ liệu hoặc Trống (Lần lỗi 1/5)
2026-04-15 13:56:11,747 [INFO]       - Đang quét Page 2: https://www.dienmayxanh.com/dien-thoai/motorola-razr-60-8gb-256gb/danh-gia?page=2
2026-04-15 13:56:19,655 [WARNING]         [!] Không thấy dữ liệu hoặc Trống (Lần lỗi 2/5)
2026-04-15 13:56:21,360 [INFO]  ✅ Hoàn tất cào sản phẩm: 358223
2026-04-15 13:56:21,360 [INFO] ♻️ Làm mới Session trình duyệt...
2026-04-15 13:56:22,444 [INFO]  -> [141/174] Lấy Breadcrumb & Review trang gốc: https://www.dienmayxanh.com/dien-thoai/honor-x5b
2026-04-15 13:56:54,799 [INFO]       ✅ Thu được 4 reviews từ trang gốc.
2026-04-15 13:56:54,800 [INFO]       - Đang quét Page 1: https://www.dienmayxanh.com/dien-thoai/honor-x5b/danh-gia?page=1
2026-04-15 13:57:01,017 [INFO]         ✅ Thêm 0 reviews mới từ Page 1.
2026-04-15 13:57:02,612 [INFO]       - Đang quét Page 2: https://www.dienmayxanh.com/dien-thoai/honor-x5b/danh-gia?page=2
2026-04-15 13:57:12,785 [WARNING]         [!] Không thấy dữ liệu hoặc Trống (Lần lỗi 1/5)
2026-04-15 13:57:14,962 [INFO]       - Đang quét Page 3: https://www.dienmayxanh.com/dien-thoai/honor-x5b/danh-gia?page=3
2026-04-15 13:57:25,996 [WARNING]         [!] Không thấy dữ liệu hoặc Trống (Lần lỗi 2/5)
2026-04-15 13:57:28,270 [INFO]         💾 Đã lưu 4 reviews cuối.
2026-04-15 13:57:28,270 [INFO]  ✅ Hoàn tất cào sản phẩm: 333834
2026-04-15 13:57:28,271 [INFO]  -> [142/174] Lấy Breadcrumb & Review trang gốc: https://www.dienmayxanh.com/dien-thoai/mobell-f309
2026-04-15 13:57:42,950 [INFO]       ✅ Thu được 10 reviews từ trang gốc.
2026-04-15 13:57:42,950 [INFO]       - Đang quét Page 1: https://www.dienmayxanh.com/dien-thoai/mobell-f309/danh-gia?page=1
2026-04-15 13:57:51,863 [INFO]         ✅ Thêm 15 reviews mới từ Page 1.
2026-04-15 13:57:51,865 [INFO]         💾 Đã lưu 21 reviews.
2026-04-15 13:57:53,626 [INFO]       - Đang quét Page 2: https://www.dienmayxanh.com/dien-thoai/mobell-f309/danh-gia?page=2
2026-04-15 13:58:06,503 [INFO]         ✅ Thêm 20 reviews mới từ Page 2.
2026-04-15 13:58:06,506 [INFO]         💾 Đã lưu 20 reviews.
2026-04-15 13:58:09,303 [INFO]       - Đang quét Page 3: https://www.dienmayxanh.com/dien-thoai/mobell-f309/danh-gia?page=3
2026-04-15 13:58:17,563 [INFO]         ✅ Thêm 20 reviews mới từ Page 3.
2026-04-15 13:58:17,565 [INFO]         💾 Đã lưu 20 reviews.
2026-04-15 13:58:19,350 [INFO]       - Đang quét Page 4: https://www.dienmayxanh.com/dien-thoai/mobell-f309/danh-gia?page=4
2026-04-15 13:58:27,706 [INFO]         ✅ Thêm 4 reviews mới từ Page 4.
2026-04-15 13:58:29,254 [INFO]       - Đang quét Page 5: https://www.dienmayxanh.com/dien-thoai/mobell-f309/danh-gia?page=5
2026-04-15 13:58:39,525 [WARNING]         [!] Không thấy dữ liệu hoặc Trống (Lần lỗi 1/5)
2026-04-15 13:58:41,158 [INFO]       - Đang quét Page 6: https://www.dienmayxanh.com/dien-thoai/mobell-f309/danh-gia?page=6
2026-04-15 13:58:54,144 [WARNING]         [!] Không thấy dữ liệu hoặc Trống (Lần lỗi 2/5)
2026-04-15 13:58:56,794 [INFO]         💾 Đã lưu 4 reviews cuối.
2026-04-15 13:58:56,795 [INFO]  ✅ Hoàn tất cào sản phẩm: 304608
2026-04-15 13:58:56,795 [INFO]  -> [143/174] Lấy Breadcrumb & Review trang gốc: https://www.dienmayxanh.com/dien-thoai/masstel-alfa-5
2026-04-15 13:59:04,629 [INFO]       - Đang quét Page 1: https://www.dienmayxanh.com/dien-thoai/masstel-alfa-5/danh-gia?page=1
2026-04-15 13:59:13,352 [WARNING]         [!] Không thấy dữ liệu hoặc Trống (Lần lỗi 1/5)
2026-04-15 13:59:14,933 [INFO]       - Đang quét Page 2: https://www.dienmayxanh.com/dien-thoai/masstel-alfa-5/danh-gia?page=2
2026-04-15 13:59:22,521 [WARNING]         [!] Không thấy dữ liệu hoặc Trống (Lần lỗi 2/5)
2026-04-15 13:59:25,057 [INFO]  ✅ Hoàn tất cào sản phẩm: 342910
2026-04-15 13:59:25,057 [INFO]  -> [144/174] Lấy Breadcrumb & Review trang gốc: https://www.dienmayxanh.com/dien-thoai/xiaomi-poco-f8-pro-12-512gb
2026-04-15 13:59:32,759 [INFO]       - Đang quét Page 1: https://www.dienmayxanh.com/dien-thoai/xiaomi-poco-f8-pro-12-512gb/danh-gia?page=1
2026-04-15 13:59:40,222 [WARNING]         [!] Không thấy dữ liệu hoặc Trống (Lần lỗi 1/5)
2026-04-15 13:59:42,665 [INFO]       - Đang quét Page 2: https://www.dienmayxanh.com/dien-thoai/xiaomi-poco-f8-pro-12-512gb/danh-gia?page=2
2026-04-15 13:59:50,830 [WARNING]         [!] Không thấy dữ liệu hoặc Trống (Lần lỗi 2/5)
2026-04-15 13:59:52,517 [INFO]  ✅ Hoàn tất cào sản phẩm: 362273
2026-04-15 13:59:52,518 [INFO]  -> [145/174] Lấy Breadcrumb & Review trang gốc: https://www.dienmayxanh.com/dien-thoai/samsung-galaxy-s25-edge-5g
2026-04-15 14:00:07,856 [INFO]       ✅ Thu được 1 reviews từ trang gốc.
2026-04-15 14:00:07,856 [INFO]       - Đang quét Page 1: https://www.dienmayxanh.com/dien-thoai/samsung-galaxy-s25-edge-5g/danh-gia?page=1
2026-04-15 14:00:15,372 [WARNING]         [!] Không thấy dữ liệu hoặc Trống (Lần lỗi 1/5)
2026-04-15 14:00:17,950 [INFO]       - Đang quét Page 2: https://www.dienmayxanh.com/dien-thoai/samsung-galaxy-s25-edge-5g/danh-gia?page=2
2026-04-15 14:00:25,821 [WARNING]         [!] Không thấy dữ liệu hoặc Trống (Lần lỗi 2/5)
2026-04-15 14:00:28,811 [INFO]         💾 Đã lưu 1 reviews cuối.
2026-04-15 14:00:28,811 [INFO]  ✅ Hoàn tất cào sản phẩm: 335925
2026-04-15 14:00:28,812 [INFO]  -> [146/174] Lấy Breadcrumb & Review trang gốc: https://www.dienmayxanh.com/dien-thoai/realme-15-pro-5g-12gb-256gb?utm_flashsale=1
2026-04-15 14:00:42,321 [INFO]       ✅ Thu được 3 reviews từ trang gốc.
2026-04-15 14:00:42,321 [INFO]       - Đang quét Page 1: https://www.dienmayxanh.com/dien-thoai/realme-15-pro-5g-12gb-256gb/danh-gia?page=1
2026-04-15 14:00:50,411 [INFO]         ✅ Thêm 0 reviews mới từ Page 1.
2026-04-15 14:00:52,226 [INFO]       - Đang quét Page 2: https://www.dienmayxanh.com/dien-thoai/realme-15-pro-5g-12gb-256gb/danh-gia?page=2
2026-04-15 14:01:01,463 [WARNING]         [!] Không thấy dữ liệu hoặc Trống (Lần lỗi 1/5)
2026-04-15 14:01:03,330 [INFO]       - Đang quét Page 3: https://www.dienmayxanh.com/dien-thoai/realme-15-pro-5g-12gb-256gb/danh-gia?page=3
2026-04-15 14:01:15,772 [WARNING]         [!] Không thấy dữ liệu hoặc Trống (Lần lỗi 2/5)
2026-04-15 14:01:18,548 [INFO]         💾 Đã lưu 3 reviews cuối.
2026-04-15 14:01:18,548 [INFO]  ✅ Hoàn tất cào sản phẩm: 343067
2026-04-15 14:01:18,549 [INFO]  -> [147/174] Lấy Breadcrumb & Review trang gốc: https://www.dienmayxanh.com/dien-thoai/oppo-find-x8-pro?utm_flashsale=1
2026-04-15 14:01:35,554 [INFO]       ✅ Thu được 5 reviews từ trang gốc.
2026-04-15 14:01:35,555 [INFO]       - Đang quét Page 1: https://www.dienmayxanh.com/dien-thoai/oppo-find-x8-pro/danh-gia?page=1
2026-04-15 14:01:46,679 [INFO]         ✅ Thêm 0 reviews mới từ Page 1.
2026-04-15 14:01:49,230 [INFO]       - Đang quét Page 2: https://www.dienmayxanh.com/dien-thoai/oppo-find-x8-pro/danh-gia?page=2
2026-04-15 14:01:59,743 [WARNING]         [!] Không thấy dữ liệu hoặc Trống (Lần lỗi 1/5)
2026-04-15 14:02:01,949 [INFO]       - Đang quét Page 3: https://www.dienmayxanh.com/dien-thoai/oppo-find-x8-pro/danh-gia?page=3
2026-04-15 14:02:14,092 [WARNING]         [!] Không thấy dữ liệu hoặc Trống (Lần lỗi 2/5)
2026-04-15 14:02:16,344 [INFO]         💾 Đã lưu 5 reviews cuối.
2026-04-15 14:02:16,344 [INFO]  ✅ Hoàn tất cào sản phẩm: 322129
2026-04-15 14:02:16,344 [INFO]  -> [148/174] Lấy Breadcrumb & Review trang gốc: https://www.dienmayxanh.com/dien-thoai/vivo-v40-lite-8gb-256gb
2026-04-15 14:02:54,468 [INFO]       ✅ Thu được 10 reviews từ trang gốc.
2026-04-15 14:02:54,468 [INFO]       - Đang quét Page 1: https://www.dienmayxanh.com/dien-thoai/vivo-v40-lite-8gb-256gb/danh-gia?page=1
2026-04-15 14:03:09,826 [INFO]         ✅ Thêm 16 reviews mới từ Page 1.
2026-04-15 14:03:09,828 [INFO]         💾 Đã lưu 22 reviews.
2026-04-15 14:03:11,986 [INFO]       - Đang quét Page 2: https://www.dienmayxanh.com/dien-thoai/vivo-v40-lite-8gb-256gb/danh-gia?page=2
2026-04-15 14:03:21,342 [INFO]         ✅ Thêm 3 reviews mới từ Page 2.
2026-04-15 14:03:24,096 [INFO]       - Đang quét Page 3: https://www.dienmayxanh.com/dien-thoai/vivo-v40-lite-8gb-256gb/danh-gia?page=3
2026-04-15 14:03:36,127 [WARNING]         [!] Không thấy dữ liệu hoặc Trống (Lần lỗi 1/5)
2026-04-15 14:03:38,221 [INFO]       - Đang quét Page 4: https://www.dienmayxanh.com/dien-thoai/vivo-v40-lite-8gb-256gb/danh-gia?page=4
2026-04-15 14:03:52,226 [WARNING]         [!] Không thấy dữ liệu hoặc Trống (Lần lỗi 2/5)
2026-04-15 14:03:53,771 [INFO]         💾 Đã lưu 3 reviews cuối.
2026-04-15 14:03:53,771 [INFO]  ✅ Hoàn tất cào sản phẩm: 329959
2026-04-15 14:03:53,772 [INFO]  -> [149/174] Lấy Breadcrumb & Review trang gốc: https://www.dienmayxanh.com/dien-thoai/vivo-v40-5g
2026-04-15 14:04:13,327 [INFO]       ✅ Thu được 10 reviews từ trang gốc.
2026-04-15 14:04:13,327 [INFO]       - Đang quét Page 1: https://www.dienmayxanh.com/dien-thoai/vivo-v40-5g/danh-gia?page=1
2026-04-15 14:04:26,020 [INFO]         ✅ Thêm 11 reviews mới từ Page 1.
2026-04-15 14:04:28,697 [INFO]       - Đang quét Page 2: https://www.dienmayxanh.com/dien-thoai/vivo-v40-5g/danh-gia?page=2
2026-04-15 14:04:39,883 [WARNING]         [!] Không thấy dữ liệu hoặc Trống (Lần lỗi 1/5)
2026-04-15 14:04:42,466 [INFO]       - Đang quét Page 3: https://www.dienmayxanh.com/dien-thoai/vivo-v40-5g/danh-gia?page=3
2026-04-15 14:04:54,615 [WARNING]         [!] Không thấy dữ liệu hoặc Trống (Lần lỗi 2/5)
2026-04-15 14:04:56,773 [INFO]         💾 Đã lưu 17 reviews cuối.
2026-04-15 14:04:56,774 [INFO]  ✅ Hoàn tất cào sản phẩm: 331985
2026-04-15 14:04:56,776 [INFO]  -> [150/174] Lấy Breadcrumb & Review trang gốc: https://www.dienmayxanh.com/dien-thoai/samsung-galaxy-a06-5g-6gb-128gb?utm_flashsale=1
2026-04-15 14:05:36,245 [INFO]       ✅ Thu được 10 reviews từ trang gốc.
2026-04-15 14:05:36,246 [INFO]       - Đang quét Page 1: https://www.dienmayxanh.com/dien-thoai/samsung-galaxy-a06-5g-6gb-128gb/danh-gia?page=1
2026-04-15 14:06:11,271 [WARNING]         [!] Không thấy dữ liệu hoặc Trống (Lần lỗi 1/5)
2026-04-15 14:06:13,519 [INFO]       - Đang quét Page 2: https://www.dienmayxanh.com/dien-thoai/samsung-galaxy-a06-5g-6gb-128gb/danh-gia?page=2
2026-04-15 14:06:32,271 [WARNING]         [!] Không thấy dữ liệu hoặc Trống (Lần lỗi 2/5)
2026-04-15 14:06:34,192 [INFO]         💾 Đã lưu 6 reviews cuối.
2026-04-15 14:06:34,192 [INFO]  ✅ Hoàn tất cào sản phẩm: 335234
2026-04-15 14:06:34,193 [INFO] ♻️ Làm mới Session trình duyệt...
2026-04-15 14:06:35,321 [INFO]  -> [151/174] Lấy Breadcrumb & Review trang gốc: https://www.dienmayxanh.com/dien-thoai/vivo-v30e
2026-04-15 14:07:10,533 [INFO]       ✅ Thu được 10 reviews từ trang gốc.
2026-04-15 14:07:10,534 [INFO]       - Đang quét Page 1: https://www.dienmayxanh.com/dien-thoai/vivo-v30e/danh-gia?page=1
2026-04-15 14:07:26,482 [INFO]         ✅ Thêm 1 reviews mới từ Page 1.
2026-04-15 14:07:27,989 [INFO]       - Đang quét Page 2: https://www.dienmayxanh.com/dien-thoai/vivo-v30e/danh-gia?page=2
2026-04-15 14:07:46,286 [WARNING]         [!] Không thấy dữ liệu hoặc Trống (Lần lỗi 1/5)
2026-04-15 14:07:48,235 [INFO]       - Đang quét Page 3: https://www.dienmayxanh.com/dien-thoai/vivo-v30e/danh-gia?page=3
2026-04-15 14:08:23,262 [WARNING]         [!] Không thấy dữ liệu hoặc Trống (Lần lỗi 2/5)
2026-04-15 14:08:24,998 [INFO]         💾 Đã lưu 11 reviews cuối.
2026-04-15 14:08:24,998 [INFO]  ✅ Hoàn tất cào sản phẩm: 323567
2026-04-15 14:08:24,999 [INFO]  -> [152/174] Lấy Breadcrumb & Review trang gốc: https://www.dienmayxanh.com/dien-thoai/realme-c75-8gb-256gb?utm_flashsale=1
2026-04-15 14:09:03,479 [INFO]       ✅ Thu được 9 reviews từ trang gốc.
2026-04-15 14:09:03,480 [INFO]       - Đang quét Page 1: https://www.dienmayxanh.com/dien-thoai/realme-c75-8gb-256gb/danh-gia?page=1
2026-04-15 14:09:33,928 [INFO]         ✅ Thêm 5 reviews mới từ Page 1.
2026-04-15 14:09:36,442 [INFO]       - Đang quét Page 2: https://www.dienmayxanh.com/dien-thoai/realme-c75-8gb-256gb/danh-gia?page=2
2026-04-15 14:09:49,244 [WARNING]         [!] Không thấy dữ liệu hoặc Trống (Lần lỗi 1/5)
2026-04-15 14:09:51,718 [INFO]       - Đang quét Page 3: https://www.dienmayxanh.com/dien-thoai/realme-c75-8gb-256gb/danh-gia?page=3
2026-04-15 14:10:04,219 [WARNING]         [!] Không thấy dữ liệu hoặc Trống (Lần lỗi 2/5)
2026-04-15 14:10:06,965 [INFO]         💾 Đã lưu 10 reviews cuối.
2026-04-15 14:10:06,966 [INFO]  ✅ Hoàn tất cào sản phẩm: 332235
2026-04-15 14:10:06,966 [INFO]  -> [153/174] Lấy Breadcrumb & Review trang gốc: https://www.dienmayxanh.com/dien-thoai/xiaomi-redmi-note-14-8gb-128gb
2026-04-15 14:10:22,572 [INFO]       ✅ Thu được 10 reviews từ trang gốc.
2026-04-15 14:10:22,572 [INFO]       - Đang quét Page 1: https://www.dienmayxanh.com/dien-thoai/xiaomi-redmi-note-14-8gb-128gb/danh-gia?page=1
2026-04-15 14:10:35,128 [INFO]         ✅ Thêm 16 reviews mới từ Page 1.
2026-04-15 14:10:35,131 [INFO]         💾 Đã lưu 22 reviews.
2026-04-15 14:10:37,358 [INFO]       - Đang quét Page 2: https://www.dienmayxanh.com/dien-thoai/xiaomi-redmi-note-14-8gb-128gb/danh-gia?page=2
2026-04-15 14:11:12,384 [WARNING]         [!] Không thấy dữ liệu hoặc Trống (Lần lỗi 1/5)
2026-04-15 14:11:14,206 [INFO]       - Đang quét Page 3: https://www.dienmayxanh.com/dien-thoai/xiaomi-redmi-note-14-8gb-128gb/danh-gia?page=3
2026-04-15 14:11:49,228 [WARNING]         [!] Không thấy dữ liệu hoặc Trống (Lần lỗi 2/5)
2026-04-15 14:11:51,964 [INFO]  ✅ Hoàn tất cào sản phẩm: 333147
2026-04-15 14:11:51,965 [INFO]  -> [154/174] Lấy Breadcrumb & Review trang gốc: https://www.dienmayxanh.com/dien-thoai/honor-x8b
2026-04-15 14:12:30,591 [INFO]       ✅ Thu được 10 reviews từ trang gốc.
2026-04-15 14:12:30,592 [INFO]       - Đang quét Page 1: https://www.dienmayxanh.com/dien-thoai/honor-x8b/danh-gia?page=1
2026-04-15 14:12:42,768 [INFO]         ✅ Thêm 14 reviews mới từ Page 1.
2026-04-15 14:12:42,770 [INFO]         💾 Đã lưu 20 reviews.
2026-04-15 14:12:44,377 [INFO]       - Đang quét Page 2: https://www.dienmayxanh.com/dien-thoai/honor-x8b/danh-gia?page=2
2026-04-15 14:13:19,409 [WARNING]         [!] Không thấy dữ liệu hoặc Trống (Lần lỗi 1/5)
2026-04-15 14:13:21,596 [INFO]       - Đang quét Page 3: https://www.dienmayxanh.com/dien-thoai/honor-x8b/danh-gia?page=3
2026-04-15 14:13:56,617 [WARNING]         [!] Không thấy dữ liệu hoặc Trống (Lần lỗi 2/5)
2026-04-15 14:13:58,866 [INFO]  ✅ Hoàn tất cào sản phẩm: 324893
2026-04-15 14:13:58,869 [INFO]  -> [155/174] Lấy Breadcrumb & Review trang gốc: https://www.dienmayxanh.com/dien-thoai/samsung-galaxy-a36
2026-04-15 14:14:37,175 [INFO]       ✅ Thu được 9 reviews từ trang gốc.
2026-04-15 14:14:37,175 [INFO]       - Đang quét Page 1: https://www.dienmayxanh.com/dien-thoai/samsung-galaxy-a36/danh-gia?page=1
2026-04-15 14:15:03,987 [INFO]         ✅ Thêm 4 reviews mới từ Page 1.
2026-04-15 14:15:06,781 [INFO]       - Đang quét Page 2: https://www.dienmayxanh.com/dien-thoai/samsung-galaxy-a36/danh-gia?page=2
2026-04-15 14:15:26,191 [WARNING]         [!] Không thấy dữ liệu hoặc Trống (Lần lỗi 1/5)
2026-04-15 14:15:28,332 [INFO]       - Đang quét Page 3: https://www.dienmayxanh.com/dien-thoai/samsung-galaxy-a36/danh-gia?page=3
2026-04-15 14:15:51,304 [WARNING]         [!] Không thấy dữ liệu hoặc Trống (Lần lỗi 2/5)
2026-04-15 14:15:53,716 [INFO]         💾 Đã lưu 10 reviews cuối.
2026-04-15 14:15:53,717 [INFO]  ✅ Hoàn tất cào sản phẩm: 334930
2026-04-15 14:15:53,717 [INFO]  -> [156/174] Lấy Breadcrumb & Review trang gốc: https://www.dienmayxanh.com/dien-thoai/oppo-reno14-5g
2026-04-15 14:16:12,957 [INFO]       ✅ Thu được 1 reviews từ trang gốc.
2026-04-15 14:16:12,957 [INFO]       - Đang quét Page 1: https://www.dienmayxanh.com/dien-thoai/oppo-reno14-5g/danh-gia?page=1
2026-04-15 14:16:31,494 [INFO]         ✅ Thêm 3 reviews mới từ Page 1.
2026-04-15 14:16:34,190 [INFO]       - Đang quét Page 2: https://www.dienmayxanh.com/dien-thoai/oppo-reno14-5g/danh-gia?page=2
2026-04-15 14:16:49,391 [WARNING]         [!] Không thấy dữ liệu hoặc Trống (Lần lỗi 1/5)
2026-04-15 14:16:51,814 [INFO]       - Đang quét Page 3: https://www.dienmayxanh.com/dien-thoai/oppo-reno14-5g/danh-gia?page=3
2026-04-15 14:17:07,290 [WARNING]         [!] Không thấy dữ liệu hoặc Trống (Lần lỗi 2/5)
2026-04-15 14:17:09,687 [INFO]         💾 Đã lưu 4 reviews cuối.
2026-04-15 14:17:09,687 [INFO]  ✅ Hoàn tất cào sản phẩm: 339175
2026-04-15 14:17:09,689 [INFO]  -> [157/174] Lấy Breadcrumb & Review trang gốc: https://www.dienmayxanh.com/dien-thoai/oppo-reno14-f-5g-8gb-256gb-hong
2026-04-15 14:17:35,368 [INFO]       ✅ Thu được 3 reviews từ trang gốc.
2026-04-15 14:17:35,368 [INFO]       - Đang quét Page 1: https://www.dienmayxanh.com/dien-thoai/oppo-reno14-f-5g-8gb-256gb-hong/danh-gia?page=1
2026-04-15 14:17:42,699 [INFO]         ✅ Thêm 0 reviews mới từ Page 1.
2026-04-15 14:17:44,485 [INFO]       - Đang quét Page 2: https://www.dienmayxanh.com/dien-thoai/oppo-reno14-f-5g-8gb-256gb-hong/danh-gia?page=2
2026-04-15 14:17:56,220 [WARNING]         [!] Không thấy dữ liệu hoặc Trống (Lần lỗi 1/5)
2026-04-15 14:17:58,156 [INFO]       - Đang quét Page 3: https://www.dienmayxanh.com/dien-thoai/oppo-reno14-f-5g-8gb-256gb-hong/danh-gia?page=3
2026-04-15 14:18:09,873 [WARNING]         [!] Không thấy dữ liệu hoặc Trống (Lần lỗi 2/5)
2026-04-15 14:18:11,994 [INFO]         💾 Đã lưu 3 reviews cuối.
2026-04-15 14:18:11,994 [INFO]  ✅ Hoàn tất cào sản phẩm: 339624
2026-04-15 14:18:11,995 [INFO]  -> [158/174] Lấy Breadcrumb & Review trang gốc: https://www.dienmayxanh.com/dien-thoai/honor-magic-v5-5g-16gb-512gb
2026-04-15 14:18:35,454 [INFO]       ✅ Thu được 1 reviews từ trang gốc.
2026-04-15 14:18:35,454 [INFO]       - Đang quét Page 1: https://www.dienmayxanh.com/dien-thoai/honor-magic-v5-5g-16gb-512gb/danh-gia?page=1
2026-04-15 14:18:51,500 [WARNING]         [!] Không thấy dữ liệu hoặc Trống (Lần lỗi 1/5)
2026-04-15 14:18:53,287 [INFO]       - Đang quét Page 2: https://www.dienmayxanh.com/dien-thoai/honor-magic-v5-5g-16gb-512gb/danh-gia?page=2
2026-04-15 14:19:02,227 [WARNING]         [!] Không thấy dữ liệu hoặc Trống (Lần lỗi 2/5)
2026-04-15 14:19:04,735 [INFO]         💾 Đã lưu 1 reviews cuối.
2026-04-15 14:19:04,735 [INFO]  ✅ Hoàn tất cào sản phẩm: 344641
2026-04-15 14:19:04,736 [INFO]  -> [159/174] Lấy Breadcrumb & Review trang gốc: https://www.dienmayxanh.com/dien-thoai/iphone-14-plus-512gb?utm_flashsale=1
2026-04-15 14:19:17,421 [INFO]       ✅ Thu được 7 reviews từ trang gốc.
2026-04-15 14:19:17,421 [INFO]       - Đang quét Page 1: https://www.dienmayxanh.com/dien-thoai/iphone-14-plus-512gb/danh-gia?page=1
2026-04-15 14:19:25,254 [INFO]         ✅ Thêm 2 reviews mới từ Page 1.
2026-04-15 14:19:27,653 [INFO]       - Đang quét Page 2: https://www.dienmayxanh.com/dien-thoai/iphone-14-plus-512gb/danh-gia?page=2
2026-04-15 14:19:44,230 [WARNING]         [!] Không thấy dữ liệu hoặc Trống (Lần lỗi 1/5)
2026-04-15 14:19:46,823 [INFO]       - Đang quét Page 3: https://www.dienmayxanh.com/dien-thoai/iphone-14-plus-512gb/danh-gia?page=3
2026-04-15 14:20:01,616 [WARNING]         [!] Không thấy dữ liệu hoặc Trống (Lần lỗi 2/5)
2026-04-15 14:20:03,997 [INFO]         💾 Đã lưu 8 reviews cuối.
2026-04-15 14:20:03,997 [INFO]  ✅ Hoàn tất cào sản phẩm: 289712
2026-04-15 14:20:03,998 [INFO]  -> [160/174] Lấy Breadcrumb & Review trang gốc: https://www.dienmayxanh.com/dien-thoai/iphone-15-pro-max-1tb?utm_flashsale=1
2026-04-15 14:20:30,981 [INFO]       ✅ Thu được 10 reviews từ trang gốc.
2026-04-15 14:20:30,981 [INFO]       - Đang quét Page 1: https://www.dienmayxanh.com/dien-thoai/iphone-15-pro-max-1tb/danh-gia?page=1
2026-04-15 14:20:42,978 [INFO]         ✅ Thêm 6 reviews mới từ Page 1.
2026-04-15 14:20:45,097 [INFO]       - Đang quét Page 2: https://www.dienmayxanh.com/dien-thoai/iphone-15-pro-max-1tb/danh-gia?page=2
2026-04-15 14:20:59,814 [WARNING]         [!] Không thấy dữ liệu hoặc Trống (Lần lỗi 1/5)
2026-04-15 14:21:01,373 [INFO]       - Đang quét Page 3: https://www.dienmayxanh.com/dien-thoai/iphone-15-pro-max-1tb/danh-gia?page=3
2026-04-15 14:21:09,164 [WARNING]         [!] Không thấy dữ liệu hoặc Trống (Lần lỗi 2/5)
2026-04-15 14:21:11,796 [INFO]         💾 Đã lưu 12 reviews cuối.
2026-04-15 14:21:11,796 [INFO]  ✅ Hoàn tất cào sản phẩm: 305660
2026-04-15 14:21:11,797 [INFO] ♻️ Làm mới Session trình duyệt...
2026-04-15 14:21:12,961 [INFO]  -> [161/174] Lấy Breadcrumb & Review trang gốc: https://www.dienmayxanh.com/dien-thoai/vivo-y03
2026-04-15 14:21:52,509 [INFO]       ✅ Thu được 10 reviews từ trang gốc.
2026-04-15 14:21:52,509 [INFO]       - Đang quét Page 1: https://www.dienmayxanh.com/dien-thoai/vivo-y03/danh-gia?page=1
2026-04-15 14:22:00,681 [INFO]         ✅ Thêm 10 reviews mới từ Page 1.
2026-04-15 14:22:02,927 [INFO]       - Đang quét Page 2: https://www.dienmayxanh.com/dien-thoai/vivo-y03/danh-gia?page=2
2026-04-15 14:22:12,926 [WARNING]         [!] Không thấy dữ liệu hoặc Trống (Lần lỗi 1/5)
2026-04-15 14:22:14,756 [INFO]       - Đang quét Page 3: https://www.dienmayxanh.com/dien-thoai/vivo-y03/danh-gia?page=3
2026-04-15 14:22:25,669 [WARNING]         [!] Không thấy dữ liệu hoặc Trống (Lần lỗi 2/5)
2026-04-15 14:22:27,834 [INFO]         💾 Đã lưu 16 reviews cuối.
2026-04-15 14:22:27,834 [INFO]  ✅ Hoàn tất cào sản phẩm: 322996
2026-04-15 14:22:27,835 [INFO]  -> [162/174] Lấy Breadcrumb & Review trang gốc: https://www.dienmayxanh.com/dien-thoai/oppo-a60-256gb
2026-04-15 14:22:47,941 [INFO]       ✅ Thu được 10 reviews từ trang gốc.
2026-04-15 14:22:47,941 [INFO]       - Đang quét Page 1: https://www.dienmayxanh.com/dien-thoai/oppo-a60-256gb/danh-gia?page=1
2026-04-15 14:22:55,428 [INFO]         ✅ Thêm 15 reviews mới từ Page 1.
2026-04-15 14:22:55,430 [INFO]         💾 Đã lưu 21 reviews.
2026-04-15 14:22:58,168 [INFO]       - Đang quét Page 2: https://www.dienmayxanh.com/dien-thoai/oppo-a60-256gb/danh-gia?page=2
2026-04-15 14:23:06,175 [INFO]         ✅ Thêm 9 reviews mới từ Page 2.
2026-04-15 14:23:09,131 [INFO]       - Đang quét Page 3: https://www.dienmayxanh.com/dien-thoai/oppo-a60-256gb/danh-gia?page=3
2026-04-15 14:23:19,702 [WARNING]         [!] Không thấy dữ liệu hoặc Trống (Lần lỗi 1/5)
2026-04-15 14:23:22,475 [INFO]       - Đang quét Page 4: https://www.dienmayxanh.com/dien-thoai/oppo-a60-256gb/danh-gia?page=4
2026-04-15 14:23:34,240 [WARNING]         [!] Không thấy dữ liệu hoặc Trống (Lần lỗi 2/5)
2026-04-15 14:23:37,038 [INFO]         💾 Đã lưu 9 reviews cuối.
2026-04-15 14:23:37,038 [INFO]  ✅ Hoàn tất cào sản phẩm: 323544
2026-04-15 14:23:37,038 [INFO]  -> [163/174] Lấy Breadcrumb & Review trang gốc: https://www.dienmayxanh.com/dien-thoai/vivo-y28-256gb
2026-04-15 14:24:14,664 [INFO]       ✅ Thu được 4 reviews từ trang gốc.
2026-04-15 14:24:14,664 [INFO]       - Đang quét Page 1: https://www.dienmayxanh.com/dien-thoai/vivo-y28-256gb/danh-gia?page=1
2026-04-15 14:24:20,333 [INFO]         ✅ Thêm 0 reviews mới từ Page 1.
2026-04-15 14:24:21,841 [INFO]       - Đang quét Page 2: https://www.dienmayxanh.com/dien-thoai/vivo-y28-256gb/danh-gia?page=2
2026-04-15 14:24:33,623 [WARNING]         [!] Không thấy dữ liệu hoặc Trống (Lần lỗi 1/5)
2026-04-15 14:24:35,958 [INFO]       - Đang quét Page 3: https://www.dienmayxanh.com/dien-thoai/vivo-y28-256gb/danh-gia?page=3
2026-04-15 14:24:49,495 [WARNING]         [!] Không thấy dữ liệu hoặc Trống (Lần lỗi 2/5)
2026-04-15 14:24:51,258 [INFO]         💾 Đã lưu 4 reviews cuối.
2026-04-15 14:24:51,258 [INFO]  ✅ Hoàn tất cào sản phẩm: 326023
2026-04-15 14:24:51,259 [INFO]  -> [164/174] Lấy Breadcrumb & Review trang gốc: https://www.dienmayxanh.com/dien-thoai/oppo-a3x-6gb-128gb
2026-04-15 14:25:29,600 [INFO]       ✅ Thu được 10 reviews từ trang gốc.
2026-04-15 14:25:29,600 [INFO]       - Đang quét Page 1: https://www.dienmayxanh.com/dien-thoai/oppo-a3x-6gb-128gb/danh-gia?page=1
2026-04-15 14:25:38,350 [INFO]         ✅ Thêm 15 reviews mới từ Page 1.
2026-04-15 14:25:38,352 [INFO]         💾 Đã lưu 21 reviews.
2026-04-15 14:25:40,786 [INFO]       - Đang quét Page 2: https://www.dienmayxanh.com/dien-thoai/oppo-a3x-6gb-128gb/danh-gia?page=2
2026-04-15 14:25:47,115 [INFO]         ✅ Thêm 1 reviews mới từ Page 2.
2026-04-15 14:25:50,060 [INFO]       - Đang quét Page 3: https://www.dienmayxanh.com/dien-thoai/oppo-a3x-6gb-128gb/danh-gia?page=3
2026-04-15 14:26:04,954 [WARNING]         [!] Không thấy dữ liệu hoặc Trống (Lần lỗi 1/5)
2026-04-15 14:26:07,530 [INFO]       - Đang quét Page 4: https://www.dienmayxanh.com/dien-thoai/oppo-a3x-6gb-128gb/danh-gia?page=4
2026-04-15 14:26:24,231 [WARNING]         [!] Không thấy dữ liệu hoặc Trống (Lần lỗi 2/5)
2026-04-15 14:26:26,245 [INFO]         💾 Đã lưu 1 reviews cuối.
2026-04-15 14:26:26,246 [INFO]  ✅ Hoàn tất cào sản phẩm: 328452
2026-04-15 14:26:26,247 [INFO]  -> [165/174] Lấy Breadcrumb & Review trang gốc: https://www.dienmayxanh.com/dien-thoai/samsung-galaxy-a16?utm_flashsale=1
2026-04-15 14:26:41,144 [INFO]       ✅ Thu được 10 reviews từ trang gốc.
2026-04-15 14:26:41,145 [INFO]       - Đang quét Page 1: https://www.dienmayxanh.com/dien-thoai/samsung-galaxy-a16/danh-gia?page=1
2026-04-15 14:27:16,178 [WARNING]         [!] Không thấy dữ liệu hoặc Trống (Lần lỗi 1/5)
2026-04-15 14:27:17,788 [INFO]       - Đang quét Page 2: https://www.dienmayxanh.com/dien-thoai/samsung-galaxy-a16/danh-gia?page=2
2026-04-15 14:27:30,654 [WARNING]         [!] Không thấy dữ liệu hoặc Trống (Lần lỗi 2/5)
2026-04-15 14:27:33,076 [INFO]         💾 Đã lưu 6 reviews cuối.
2026-04-15 14:27:33,077 [INFO]  ✅ Hoàn tất cào sản phẩm: 331206
2026-04-15 14:27:33,077 [INFO]  -> [166/174] Lấy Breadcrumb & Review trang gốc: https://www.dienmayxanh.com/dien-thoai/samsung-galaxy-a16-5g?utm_flashsale=1
2026-04-15 14:27:50,963 [INFO]       ✅ Thu được 10 reviews từ trang gốc.
2026-04-15 14:27:50,964 [INFO]       - Đang quét Page 1: https://www.dienmayxanh.com/dien-thoai/samsung-galaxy-a16-5g/danh-gia?page=1
2026-04-15 14:28:25,981 [WARNING]         [!] Không thấy dữ liệu hoặc Trống (Lần lỗi 1/5)
2026-04-15 14:28:28,147 [INFO]       - Đang quét Page 2: https://www.dienmayxanh.com/dien-thoai/samsung-galaxy-a16-5g/danh-gia?page=2
2026-04-15 14:28:47,187 [INFO]         ✅ Thêm 20 reviews mới từ Page 2.
2026-04-15 14:28:47,188 [INFO]         💾 Đã lưu 26 reviews.
2026-04-15 14:28:49,559 [INFO]       - Đang quét Page 3: https://www.dienmayxanh.com/dien-thoai/samsung-galaxy-a16-5g/danh-gia?page=3
2026-04-15 14:29:01,108 [INFO]         ✅ Thêm 12 reviews mới từ Page 3.
2026-04-15 14:29:02,810 [INFO]       - Đang quét Page 4: https://www.dienmayxanh.com/dien-thoai/samsung-galaxy-a16-5g/danh-gia?page=4
2026-04-15 14:29:14,513 [WARNING]         [!] Không thấy dữ liệu hoặc Trống (Lần lỗi 1/5)
2026-04-15 14:29:16,900 [INFO]       - Đang quét Page 5: https://www.dienmayxanh.com/dien-thoai/samsung-galaxy-a16-5g/danh-gia?page=5
2026-04-15 14:29:28,446 [WARNING]         [!] Không thấy dữ liệu hoặc Trống (Lần lỗi 2/5)
2026-04-15 14:29:30,265 [INFO]         💾 Đã lưu 12 reviews cuối.
2026-04-15 14:29:30,265 [INFO]  ✅ Hoàn tất cào sản phẩm: 331204
2026-04-15 14:29:30,266 [INFO]  -> [167/174] Lấy Breadcrumb & Review trang gốc: https://www.dienmayxanh.com/dien-thoai/realme-14-5g
2026-04-15 14:30:07,901 [INFO]       ✅ Thu được 4 reviews từ trang gốc.
2026-04-15 14:30:07,901 [INFO]       - Đang quét Page 1: https://www.dienmayxanh.com/dien-thoai/realme-14-5g/danh-gia?page=1
2026-04-15 14:30:42,937 [WARNING]         [!] Không thấy dữ liệu hoặc Trống (Lần lỗi 1/5)
2026-04-15 14:30:44,572 [INFO]       - Đang quét Page 2: https://www.dienmayxanh.com/dien-thoai/realme-14-5g/danh-gia?page=2
2026-04-15 14:31:19,597 [WARNING]         [!] Không thấy dữ liệu hoặc Trống (Lần lỗi 2/5)
2026-04-15 14:31:21,765 [INFO]         💾 Đã lưu 4 reviews cuối.
2026-04-15 14:31:21,765 [INFO]  ✅ Hoàn tất cào sản phẩm: 336623
2026-04-15 14:31:21,766 [INFO]  -> [168/174] Lấy Breadcrumb & Review trang gốc: https://www.dienmayxanh.com/dien-thoai/xiaomi-redmi-note-14-pro-plus-5g-12gb-512gb?utm_flashsale=1
2026-04-15 14:32:00,129 [INFO]       ✅ Thu được 10 reviews từ trang gốc.
2026-04-15 14:32:00,129 [INFO]       - Đang quét Page 1: https://www.dienmayxanh.com/dien-thoai/xiaomi-redmi-note-14-pro-plus-5g-12gb-512gb/danh-gia?page=1
2026-04-15 14:32:35,160 [WARNING]         [!] Không thấy dữ liệu hoặc Trống (Lần lỗi 1/5)
2026-04-15 14:32:37,681 [INFO]       - Đang quét Page 2: https://www.dienmayxanh.com/dien-thoai/xiaomi-redmi-note-14-pro-plus-5g-12gb-512gb/danh-gia?page=2
2026-04-15 14:33:14,640 [INFO]         ✅ Thêm 19 reviews mới từ Page 2.
2026-04-15 14:33:14,642 [INFO]         💾 Đã lưu 25 reviews.
2026-04-15 14:33:16,708 [INFO]       - Đang quét Page 3: https://www.dienmayxanh.com/dien-thoai/xiaomi-redmi-note-14-pro-plus-5g-12gb-512gb/danh-gia?page=3
2026-04-15 14:33:25,302 [INFO]         ✅ Thêm 1 reviews mới từ Page 3.
2026-04-15 14:33:27,675 [INFO]       - Đang quét Page 4: https://www.dienmayxanh.com/dien-thoai/xiaomi-redmi-note-14-pro-plus-5g-12gb-512gb/danh-gia?page=4
2026-04-15 14:33:45,201 [WARNING]         [!] Không thấy dữ liệu hoặc Trống (Lần lỗi 1/5)
2026-04-15 14:33:47,170 [INFO]       - Đang quét Page 5: https://www.dienmayxanh.com/dien-thoai/xiaomi-redmi-note-14-pro-plus-5g-12gb-512gb/danh-gia?page=5
2026-04-15 14:33:59,524 [WARNING]         [!] Không thấy dữ liệu hoặc Trống (Lần lỗi 2/5)
2026-04-15 14:34:02,399 [INFO]         💾 Đã lưu 1 reviews cuối.
2026-04-15 14:34:02,399 [INFO]  ✅ Hoàn tất cào sản phẩm: 337713
2026-04-15 14:34:02,400 [INFO]  -> [169/174] Lấy Breadcrumb & Review trang gốc: https://www.dienmayxanh.com/dien-thoai/samsung-galaxy-z-fold7
2026-04-15 14:34:18,037 [INFO]       ✅ Thu được 2 reviews từ trang gốc.
2026-04-15 14:34:18,038 [INFO]       - Đang quét Page 1: https://www.dienmayxanh.com/dien-thoai/samsung-galaxy-z-fold7/danh-gia?page=1
2026-04-15 14:34:27,992 [WARNING]         [!] Không thấy dữ liệu hoặc Trống (Lần lỗi 1/5)
2026-04-15 14:34:30,411 [INFO]       - Đang quét Page 2: https://www.dienmayxanh.com/dien-thoai/samsung-galaxy-z-fold7/danh-gia?page=2
2026-04-15 14:34:37,629 [WARNING]         [!] Không thấy dữ liệu hoặc Trống (Lần lỗi 2/5)
2026-04-15 14:34:40,506 [INFO]         💾 Đã lưu 2 reviews cuối.
2026-04-15 14:34:40,507 [INFO]  ✅ Hoàn tất cào sản phẩm: 338738
2026-04-15 14:34:40,507 [INFO]  -> [170/174] Lấy Breadcrumb & Review trang gốc: https://www.dienmayxanh.com/dien-thoai/xiaomi-15t-pro-5g-12gb-512gb
2026-04-15 14:34:58,360 [INFO]       ✅ Thu được 3 reviews từ trang gốc.
2026-04-15 14:34:58,360 [INFO]       - Đang quét Page 1: https://www.dienmayxanh.com/dien-thoai/xiaomi-15t-pro-5g-12gb-512gb/danh-gia?page=1
2026-04-15 14:35:04,482 [INFO]         ✅ Thêm 0 reviews mới từ Page 1.
2026-04-15 14:35:06,741 [INFO]       - Đang quét Page 2: https://www.dienmayxanh.com/dien-thoai/xiaomi-15t-pro-5g-12gb-512gb/danh-gia?page=2
2026-04-15 14:35:24,044 [WARNING]         [!] Không thấy dữ liệu hoặc Trống (Lần lỗi 1/5)
2026-04-15 14:35:27,040 [INFO]       - Đang quét Page 3: https://www.dienmayxanh.com/dien-thoai/xiaomi-15t-pro-5g-12gb-512gb/danh-gia?page=3
2026-04-15 14:35:38,272 [WARNING]         [!] Không thấy dữ liệu hoặc Trống (Lần lỗi 2/5)
2026-04-15 14:35:40,735 [INFO]         💾 Đã lưu 3 reviews cuối.
2026-04-15 14:35:40,735 [INFO]  ✅ Hoàn tất cào sản phẩm: 356739
2026-04-15 14:35:40,736 [INFO] ♻️ Làm mới Session trình duyệt...
2026-04-15 14:35:41,649 [INFO]  -> [171/174] Lấy Breadcrumb & Review trang gốc: https://www.dienmayxanh.com/dien-thoai/xiaomi-15t-5g-12gb-256gb-den
2026-04-15 14:35:50,854 [INFO]       - Đang quét Page 1: https://www.dienmayxanh.com/dien-thoai/xiaomi-15t-5g-12gb-256gb-den/danh-gia?page=1
2026-04-15 14:35:58,478 [WARNING]         [!] Không thấy dữ liệu hoặc Trống (Lần lỗi 1/5)
2026-04-15 14:36:00,374 [INFO]       - Đang quét Page 2: https://www.dienmayxanh.com/dien-thoai/xiaomi-15t-5g-12gb-256gb-den/danh-gia?page=2
2026-04-15 14:36:08,643 [WARNING]         [!] Không thấy dữ liệu hoặc Trống (Lần lỗi 2/5)
2026-04-15 14:36:10,261 [INFO]  ✅ Hoàn tất cào sản phẩm: 356737
2026-04-15 14:36:10,262 [INFO]  -> [172/174] Lấy Breadcrumb & Review trang gốc: https://www.dienmayxanh.com/dien-thoai/x300-ultra
2026-04-15 14:36:47,341 [INFO]       - Đang quét Page 1: https://www.dienmayxanh.com/dien-thoai/x300-ultra/danh-gia?page=1
2026-04-15 14:36:55,910 [WARNING]         [!] Không thấy dữ liệu hoặc Trống (Lần lỗi 1/5)
2026-04-15 14:36:58,864 [INFO]       - Đang quét Page 2: https://www.dienmayxanh.com/dien-thoai/x300-ultra/danh-gia?page=2
2026-04-15 14:37:06,680 [WARNING]         [!] Không thấy dữ liệu hoặc Trống (Lần lỗi 2/5)
2026-04-15 14:37:08,633 [INFO]  ✅ Hoàn tất cào sản phẩm: 363408
2026-04-15 14:37:08,633 [INFO]  -> [173/174] Lấy Breadcrumb & Review trang gốc: https://www.dienmayxanh.com/dien-thoai/tecno-spark-go-3-4gb-64gb
2026-04-15 14:37:14,857 [INFO]       - Đang quét Page 1: https://www.dienmayxanh.com/dien-thoai/tecno-spark-go-3-4gb-64gb/danh-gia?page=1
2026-04-15 14:37:22,720 [WARNING]         [!] Không thấy dữ liệu hoặc Trống (Lần lỗi 1/5)
2026-04-15 14:37:25,527 [INFO]       - Đang quét Page 2: https://www.dienmayxanh.com/dien-thoai/tecno-spark-go-3-4gb-64gb/danh-gia?page=2
2026-04-15 14:37:32,990 [WARNING]         [!] Không thấy dữ liệu hoặc Trống (Lần lỗi 2/5)
2026-04-15 14:37:35,656 [INFO]  ✅ Hoàn tất cào sản phẩm: 364632
2026-04-15 14:37:35,657 [INFO]  -> [174/174] Lấy Breadcrumb & Review trang gốc: https://www.dienmayxanh.com/dien-thoai/xiaomi-poco-c71-4gb-64gb
2026-04-15 14:37:41,503 [INFO]       - Đang quét Page 1: https://www.dienmayxanh.com/dien-thoai/xiaomi-poco-c71-4gb-64gb/danh-gia?page=1
2026-04-15 14:37:48,968 [WARNING]         [!] Không thấy dữ liệu hoặc Trống (Lần lỗi 1/5)
2026-04-15 14:37:51,571 [INFO]       - Đang quét Page 2: https://www.dienmayxanh.com/dien-thoai/xiaomi-poco-c71-4gb-64gb/danh-gia?page=2
2026-04-15 14:37:59,195 [WARNING]         [!] Không thấy dữ liệu hoặc Trống (Lần lỗi 2/5)
2026-04-15 14:38:01,249 [INFO]  ✅ Hoàn tất cào sản phẩm: 365289
2026-04-15 14:38:01,250 [INFO] ===> ĐANG XỬ LÝ FILE: television_integrated.csv
2026-04-15 14:38:01,321 [INFO]  -> [1/180] Lấy Breadcrumb & Review trang gốc: https://www.dienmayxanh.com/tivi/google-tivi-sony-4k-55-inch-k-55s25vm2?utm_flashsale=1
2026-04-15 14:38:14,998 [INFO]       ✅ Thu được 6 reviews từ trang gốc.
2026-04-15 14:38:14,999 [INFO]       - Đang quét Page 1: https://www.dienmayxanh.com/tivi/google-tivi-sony-4k-55-inch-k-55s25vm2/danh-gia?page=1
2026-04-15 14:38:22,068 [INFO]         ✅ Thêm 1 reviews mới từ Page 1.
2026-04-15 14:38:24,384 [INFO]       - Đang quét Page 2: https://www.dienmayxanh.com/tivi/google-tivi-sony-4k-55-inch-k-55s25vm2/danh-gia?page=2
2026-04-15 14:38:36,321 [WARNING]         [!] Không thấy dữ liệu hoặc Trống (Lần lỗi 1/5)
2026-04-15 14:38:37,827 [INFO]       - Đang quét Page 3: https://www.dienmayxanh.com/tivi/google-tivi-sony-4k-55-inch-k-55s25vm2/danh-gia?page=3
2026-04-15 14:38:47,409 [WARNING]         [!] Không thấy dữ liệu hoặc Trống (Lần lỗi 2/5)
2026-04-15 14:38:50,346 [INFO]         💾 Đã lưu 7 reviews cuối.
2026-04-15 14:38:50,347 [INFO]  ✅ Hoàn tất cào sản phẩm: 339081
2026-04-15 14:38:50,347 [INFO]  -> [2/180] Lấy Breadcrumb & Review trang gốc: https://www.dienmayxanh.com/tivi/smart-tivi-toshiba-fhd-43-inch-43v35rp?utm_flashsale=1
2026-04-15 14:39:27,965 [INFO]       ✅ Thu được 3 reviews từ trang gốc.
2026-04-15 14:39:27,965 [INFO]       - Đang quét Page 1: https://www.dienmayxanh.com/tivi/smart-tivi-toshiba-fhd-43-inch-43v35rp/danh-gia?page=1
2026-04-15 14:40:02,979 [WARNING]         [!] Không thấy dữ liệu hoặc Trống (Lần lỗi 1/5)
2026-04-15 14:40:05,827 [INFO]       - Đang quét Page 2: https://www.dienmayxanh.com/tivi/smart-tivi-toshiba-fhd-43-inch-43v35rp/danh-gia?page=2
2026-04-15 14:40:20,386 [WARNING]         [!] Không thấy dữ liệu hoặc Trống (Lần lỗi 2/5)
2026-04-15 14:40:23,219 [INFO]         💾 Đã lưu 3 reviews cuối.
2026-04-15 14:40:23,219 [INFO]  ✅ Hoàn tất cào sản phẩm: 341420
2026-04-15 14:40:23,220 [INFO]  -> [3/180] Lấy Breadcrumb & Review trang gốc: https://www.dienmayxanh.com/tivi/smart-tivi-toshiba-ai-4k-43-inch-43c350rp?utm_flashsale=1
2026-04-15 14:41:00,645 [INFO]       ✅ Thu được 2 reviews từ trang gốc.
2026-04-15 14:41:00,645 [INFO]       - Đang quét Page 1: https://www.dienmayxanh.com/tivi/smart-tivi-toshiba-ai-4k-43-inch-43c350rp/danh-gia?page=1
2026-04-15 14:41:08,350 [WARNING]         [!] Không thấy dữ liệu hoặc Trống (Lần lỗi 1/5)
2026-04-15 14:41:10,404 [INFO]       - Đang quét Page 2: https://www.dienmayxanh.com/tivi/smart-tivi-toshiba-ai-4k-43-inch-43c350rp/danh-gia?page=2
2026-04-15 14:41:17,993 [WARNING]         [!] Không thấy dữ liệu hoặc Trống (Lần lỗi 2/5)
2026-04-15 14:41:20,778 [INFO]         💾 Đã lưu 2 reviews cuối.
2026-04-15 14:41:20,778 [INFO]  ✅ Hoàn tất cào sản phẩm: 341417
2026-04-15 14:41:20,778 [INFO]  -> [4/180] Lấy Breadcrumb & Review trang gốc: https://www.dienmayxanh.com/tivi/smart-tivi-toshiba-ai-4k-55-inch-55c350rp?utm_flashsale=1
2026-04-15 14:41:58,356 [INFO]       ✅ Thu được 4 reviews từ trang gốc.
2026-04-15 14:41:58,356 [INFO]       - Đang quét Page 1: https://www.dienmayxanh.com/tivi/smart-tivi-toshiba-ai-4k-55-inch-55c350rp/danh-gia?page=1
2026-04-15 14:42:06,102 [INFO]         ✅ Thêm 0 reviews mới từ Page 1.
2026-04-15 14:42:08,014 [INFO]       - Đang quét Page 2: https://www.dienmayxanh.com/tivi/smart-tivi-toshiba-ai-4k-55-inch-55c350rp/danh-gia?page=2
2026-04-15 14:42:16,915 [WARNING]         [!] Không thấy dữ liệu hoặc Trống (Lần lỗi 1/5)
2026-04-15 14:42:19,680 [INFO]       - Đang quét Page 3: https://www.dienmayxanh.com/tivi/smart-tivi-toshiba-ai-4k-55-inch-55c350rp/danh-gia?page=3
2026-04-15 14:42:33,302 [WARNING]         [!] Không thấy dữ liệu hoặc Trống (Lần lỗi 2/5)
2026-04-15 14:42:35,294 [INFO]         💾 Đã lưu 4 reviews cuối.
2026-04-15 14:42:35,294 [INFO]  ✅ Hoàn tất cào sản phẩm: 341428
2026-04-15 14:42:35,295 [INFO]  -> [5/180] Lấy Breadcrumb & Review trang gốc: https://www.dienmayxanh.com/tivi/smart-tivi-qled-samsung-ai-4k-65-inch-qa65q8f5
2026-04-15 14:43:12,866 [INFO]       ✅ Thu được 4 reviews từ trang gốc.
2026-04-15 14:43:12,867 [INFO]       - Đang quét Page 1: https://www.dienmayxanh.com/tivi/smart-tivi-qled-samsung-ai-4k-65-inch-qa65q8f5/danh-gia?page=1
2026-04-15 14:43:31,695 [INFO]         ✅ Thêm 0 reviews mới từ Page 1.
2026-04-15 14:43:34,635 [INFO]       - Đang quét Page 2: https://www.dienmayxanh.com/tivi/smart-tivi-qled-samsung-ai-4k-65-inch-qa65q8f5/danh-gia?page=2
2026-04-15 14:43:46,333 [WARNING]         [!] Không thấy dữ liệu hoặc Trống (Lần lỗi 1/5)
2026-04-15 14:43:48,873 [INFO]       - Đang quét Page 3: https://www.dienmayxanh.com/tivi/smart-tivi-qled-samsung-ai-4k-65-inch-qa65q8f5/danh-gia?page=3
2026-04-15 14:43:58,089 [WARNING]         [!] Không thấy dữ liệu hoặc Trống (Lần lỗi 2/5)
2026-04-15 14:43:59,657 [INFO]         💾 Đã lưu 4 reviews cuối.
2026-04-15 14:43:59,657 [INFO]  ✅ Hoàn tất cào sản phẩm: 337160
2026-04-15 14:43:59,658 [INFO]  -> [6/180] Lấy Breadcrumb & Review trang gốc: https://www.dienmayxanh.com/tivi/android-tivi-aqua-43-inch-aqt43k800fg?utm_flashsale=1
2026-04-15 14:44:37,897 [INFO]       ✅ Thu được 10 reviews từ trang gốc.
2026-04-15 14:44:37,897 [INFO]       - Đang quét Page 1: https://www.dienmayxanh.com/tivi/android-tivi-aqua-43-inch-aqt43k800fg/danh-gia?page=1
2026-04-15 14:44:52,466 [INFO]         ✅ Thêm 15 reviews mới từ Page 1.
2026-04-15 14:44:52,468 [INFO]         💾 Đã lưu 21 reviews.
2026-04-15 14:44:54,395 [INFO]       - Đang quét Page 2: https://www.dienmayxanh.com/tivi/android-tivi-aqua-43-inch-aqt43k800fg/danh-gia?page=2
2026-04-15 14:45:04,308 [WARNING]         [!] Không thấy dữ liệu hoặc Trống (Lần lỗi 1/5)
2026-04-15 14:45:05,942 [INFO]       - Đang quét Page 3: https://www.dienmayxanh.com/tivi/android-tivi-aqua-43-inch-aqt43k800fg/danh-gia?page=3
2026-04-15 14:45:15,115 [WARNING]         [!] Không thấy dữ liệu hoặc Trống (Lần lỗi 2/5)
2026-04-15 14:45:17,760 [INFO]  ✅ Hoàn tất cào sản phẩm: 327550
2026-04-15 14:45:17,761 [INFO] ♻️ Làm mới Session trình duyệt...
2026-04-15 14:45:18,847 [INFO]  -> [7/180] Lấy Breadcrumb & Review trang gốc: https://www.dienmayxanh.com/tivi/smart-tivi-crystal-uhd-samsung-4k-43-inch-ua43u8550f
2026-04-15 14:45:56,392 [INFO]       ✅ Thu được 2 reviews từ trang gốc.
2026-04-15 14:45:56,392 [INFO]       - Đang quét Page 1: https://www.dienmayxanh.com/tivi/smart-tivi-crystal-uhd-samsung-4k-43-inch-ua43u8550f/danh-gia?page=1
2026-04-15 14:46:04,321 [WARNING]         [!] Không thấy dữ liệu hoặc Trống (Lần lỗi 1/5)
2026-04-15 14:46:06,627 [INFO]       - Đang quét Page 2: https://www.dienmayxanh.com/tivi/smart-tivi-crystal-uhd-samsung-4k-43-inch-ua43u8550f/danh-gia?page=2
2026-04-15 14:46:14,254 [WARNING]         [!] Không thấy dữ liệu hoặc Trống (Lần lỗi 2/5)
2026-04-15 14:46:17,167 [INFO]         💾 Đã lưu 2 reviews cuối.
2026-04-15 14:46:17,167 [INFO]  ✅ Hoàn tất cào sản phẩm: 337101
2026-04-15 14:46:17,168 [INFO]  -> [8/180] Lấy Breadcrumb & Review trang gốc: https://www.dienmayxanh.com/tivi/smart-tivi-nanocell-lg-ai-4k-65-inch-65nano80asa?utm_flashsale=1
2026-04-15 14:46:31,384 [INFO]       ✅ Thu được 10 reviews từ trang gốc.
2026-04-15 14:46:31,384 [INFO]       - Đang quét Page 1: https://www.dienmayxanh.com/tivi/smart-tivi-nanocell-lg-ai-4k-65-inch-65nano80asa/danh-gia?page=1
2026-04-15 14:46:39,950 [INFO]         ✅ Thêm 15 reviews mới từ Page 1.
2026-04-15 14:46:39,952 [INFO]         💾 Đã lưu 21 reviews.
2026-04-15 14:46:42,251 [INFO]       - Đang quét Page 2: https://www.dienmayxanh.com/tivi/smart-tivi-nanocell-lg-ai-4k-65-inch-65nano80asa/danh-gia?page=2
2026-04-15 14:46:51,145 [WARNING]         [!] Không thấy dữ liệu hoặc Trống (Lần lỗi 1/5)
2026-04-15 14:46:53,681 [INFO]       - Đang quét Page 3: https://www.dienmayxanh.com/tivi/smart-tivi-nanocell-lg-ai-4k-65-inch-65nano80asa/danh-gia?page=3
2026-04-15 14:47:03,292 [INFO]         ✅ Thêm 20 reviews mới từ Page 3.
2026-04-15 14:47:03,293 [INFO]         💾 Đã lưu 20 reviews.
2026-04-15 14:47:05,341 [INFO]       - Đang quét Page 4: https://www.dienmayxanh.com/tivi/smart-tivi-nanocell-lg-ai-4k-65-inch-65nano80asa/danh-gia?page=4
2026-04-15 14:47:15,380 [INFO]         ✅ Thêm 20 reviews mới từ Page 4.
2026-04-15 14:47:15,382 [INFO]         💾 Đã lưu 20 reviews.
2026-04-15 14:47:17,284 [INFO]       - Đang quét Page 5: https://www.dienmayxanh.com/tivi/smart-tivi-nanocell-lg-ai-4k-65-inch-65nano80asa/danh-gia?page=5
2026-04-15 14:47:27,002 [INFO]         ✅ Thêm 20 reviews mới từ Page 5.
2026-04-15 14:47:27,004 [INFO]         💾 Đã lưu 20 reviews.
2026-04-15 14:47:29,185 [INFO]       - Đang quét Page 6: https://www.dienmayxanh.com/tivi/smart-tivi-nanocell-lg-ai-4k-65-inch-65nano80asa/danh-gia?page=6
2026-04-15 14:47:38,831 [INFO]         ✅ Thêm 20 reviews mới từ Page 6.
2026-04-15 14:47:38,833 [INFO]         💾 Đã lưu 20 reviews.
2026-04-15 14:47:41,774 [INFO]       - Đang quét Page 7: https://www.dienmayxanh.com/tivi/smart-tivi-nanocell-lg-ai-4k-65-inch-65nano80asa/danh-gia?page=7
2026-04-15 14:47:50,647 [INFO]         ✅ Thêm 20 reviews mới từ Page 7.
2026-04-15 14:47:50,649 [INFO]         💾 Đã lưu 20 reviews.
2026-04-15 14:47:52,366 [INFO]       - Đang quét Page 8: https://www.dienmayxanh.com/tivi/smart-tivi-nanocell-lg-ai-4k-65-inch-65nano80asa/danh-gia?page=8
2026-04-15 14:48:00,368 [INFO]         ✅ Thêm 14 reviews mới từ Page 8.
2026-04-15 14:48:02,952 [INFO]       - Đang quét Page 9: https://www.dienmayxanh.com/tivi/smart-tivi-nanocell-lg-ai-4k-65-inch-65nano80asa/danh-gia?page=9
2026-04-15 14:48:20,420 [WARNING]         [!] Không thấy dữ liệu hoặc Trống (Lần lỗi 1/5)
2026-04-15 14:48:23,080 [INFO]       - Đang quét Page 10: https://www.dienmayxanh.com/tivi/smart-tivi-nanocell-lg-ai-4k-65-inch-65nano80asa/danh-gia?page=10
2026-04-15 14:48:40,317 [WARNING]         [!] Không thấy dữ liệu hoặc Trống (Lần lỗi 2/5)
2026-04-15 14:48:42,199 [INFO]         💾 Đã lưu 14 reviews cuối.
2026-04-15 14:48:42,199 [INFO]  ✅ Hoàn tất cào sản phẩm: 337725
2026-04-15 14:48:42,200 [INFO]  -> [9/180] Lấy Breadcrumb & Review trang gốc: https://www.dienmayxanh.com/tivi/smart-tivi-nanocell-lg-ai-4k-55-inch-55nano80asa?utm_flashsale=1
2026-04-15 14:48:49,363 [INFO]       ✅ Thu được 10 reviews từ trang gốc.
2026-04-15 14:48:49,363 [INFO]       - Đang quét Page 1: https://www.dienmayxanh.com/tivi/smart-tivi-nanocell-lg-ai-4k-55-inch-55nano80asa/danh-gia?page=1
2026-04-15 14:49:00,496 [INFO]         ✅ Thêm 15 reviews mới từ Page 1.
2026-04-15 14:49:00,497 [INFO]         💾 Đã lưu 21 reviews.
2026-04-15 14:49:03,051 [INFO]       - Đang quét Page 2: https://www.dienmayxanh.com/tivi/smart-tivi-nanocell-lg-ai-4k-55-inch-55nano80asa/danh-gia?page=2
2026-04-15 14:49:17,045 [INFO]         ✅ Thêm 20 reviews mới từ Page 2.
2026-04-15 14:49:17,047 [INFO]         💾 Đã lưu 20 reviews.
2026-04-15 14:49:18,599 [INFO]       - Đang quét Page 3: https://www.dienmayxanh.com/tivi/smart-tivi-nanocell-lg-ai-4k-55-inch-55nano80asa/danh-gia?page=3
2026-04-15 14:49:28,120 [INFO]         ✅ Thêm 20 reviews mới từ Page 3.
2026-04-15 14:49:28,121 [INFO]         💾 Đã lưu 20 reviews.
2026-04-15 14:49:29,831 [INFO]       - Đang quét Page 4: https://www.dienmayxanh.com/tivi/smart-tivi-nanocell-lg-ai-4k-55-inch-55nano80asa/danh-gia?page=4
2026-04-15 14:49:38,370 [INFO]         ✅ Thêm 20 reviews mới từ Page 4.
2026-04-15 14:49:38,371 [INFO]         💾 Đã lưu 20 reviews.
2026-04-15 14:49:40,701 [INFO]       - Đang quét Page 5: https://www.dienmayxanh.com/tivi/smart-tivi-nanocell-lg-ai-4k-55-inch-55nano80asa/danh-gia?page=5
2026-04-15 14:49:50,002 [INFO]         ✅ Thêm 20 reviews mới từ Page 5.
2026-04-15 14:49:50,004 [INFO]         💾 Đã lưu 20 reviews.
2026-04-15 14:49:52,209 [INFO]       - Đang quét Page 6: https://www.dienmayxanh.com/tivi/smart-tivi-nanocell-lg-ai-4k-55-inch-55nano80asa/danh-gia?page=6
2026-04-15 14:50:00,334 [INFO]         ✅ Thêm 20 reviews mới từ Page 6.
2026-04-15 14:50:00,335 [INFO]         💾 Đã lưu 20 reviews.
2026-04-15 14:50:03,271 [INFO]       - Đang quét Page 7: https://www.dienmayxanh.com/tivi/smart-tivi-nanocell-lg-ai-4k-55-inch-55nano80asa/danh-gia?page=7
2026-04-15 14:50:11,515 [INFO]         ✅ Thêm 20 reviews mới từ Page 7.
2026-04-15 14:50:11,517 [INFO]         💾 Đã lưu 20 reviews.
2026-04-15 14:50:14,245 [INFO]       - Đang quét Page 8: https://www.dienmayxanh.com/tivi/smart-tivi-nanocell-lg-ai-4k-55-inch-55nano80asa/danh-gia?page=8
2026-04-15 14:50:23,484 [INFO]         ✅ Thêm 9 reviews mới từ Page 8.
2026-04-15 14:50:25,640 [INFO]       - Đang quét Page 9: https://www.dienmayxanh.com/tivi/smart-tivi-nanocell-lg-ai-4k-55-inch-55nano80asa/danh-gia?page=9
2026-04-15 14:50:36,364 [WARNING]         [!] Không thấy dữ liệu hoặc Trống (Lần lỗi 1/5)
2026-04-15 14:50:38,855 [INFO]       - Đang quét Page 10: https://www.dienmayxanh.com/tivi/smart-tivi-nanocell-lg-ai-4k-55-inch-55nano80asa/danh-gia?page=10
2026-04-15 14:50:50,489 [WARNING]         [!] Không thấy dữ liệu hoặc Trống (Lần lỗi 2/5)
2026-04-15 14:50:52,555 [INFO]         💾 Đã lưu 9 reviews cuối.
2026-04-15 14:50:52,555 [INFO]  ✅ Hoàn tất cào sản phẩm: 337726
2026-04-15 14:50:52,555 [INFO]  -> [10/180] Lấy Breadcrumb & Review trang gốc: https://www.dienmayxanh.com/tivi/google-tcl-4k-55-inch-55p635?utm_flashsale=1
2026-04-15 14:51:11,196 [INFO]       ✅ Thu được 10 reviews từ trang gốc.
2026-04-15 14:51:11,196 [INFO]       - Đang quét Page 1: https://www.dienmayxanh.com/tivi/google-tcl-4k-55-inch-55p635/danh-gia?page=1
2026-04-15 14:51:46,215 [WARNING]         [!] Không thấy dữ liệu hoặc Trống (Lần lỗi 1/5)
2026-04-15 14:51:48,759 [INFO]       - Đang quét Page 2: https://www.dienmayxanh.com/tivi/google-tcl-4k-55-inch-55p635/danh-gia?page=2
2026-04-15 14:52:23,785 [WARNING]         [!] Không thấy dữ liệu hoặc Trống (Lần lỗi 2/5)
2026-04-15 14:52:25,436 [INFO]         💾 Đã lưu 6 reviews cuối.
2026-04-15 14:52:25,436 [INFO]  ✅ Hoàn tất cào sản phẩm: 281936
2026-04-15 14:52:25,437 [INFO]  -> [11/180] Lấy Breadcrumb & Review trang gốc: https://www.dienmayxanh.com/tivi/google-tivi-sony-4k-43-inch-k-43s25vm2?utm_flashsale=1
2026-04-15 14:53:02,969 [INFO]       ✅ Thu được 4 reviews từ trang gốc.
2026-04-15 14:53:02,969 [INFO]       - Đang quét Page 1: https://www.dienmayxanh.com/tivi/google-tivi-sony-4k-43-inch-k-43s25vm2/danh-gia?page=1
2026-04-15 14:53:11,022 [INFO]         ✅ Thêm 0 reviews mới từ Page 1.
2026-04-15 14:53:12,677 [INFO]       - Đang quét Page 2: https://www.dienmayxanh.com/tivi/google-tivi-sony-4k-43-inch-k-43s25vm2/danh-gia?page=2
2026-04-15 14:53:25,309 [WARNING]         [!] Không thấy dữ liệu hoặc Trống (Lần lỗi 1/5)
2026-04-15 14:53:27,477 [INFO]       - Đang quét Page 3: https://www.dienmayxanh.com/tivi/google-tivi-sony-4k-43-inch-k-43s25vm2/danh-gia?page=3
2026-04-15 14:53:36,731 [WARNING]         [!] Không thấy dữ liệu hoặc Trống (Lần lỗi 2/5)
2026-04-15 14:53:39,528 [INFO]         💾 Đã lưu 4 reviews cuối.
2026-04-15 14:53:39,528 [INFO]  ✅ Hoàn tất cào sản phẩm: 339083
2026-04-15 14:53:39,529 [INFO]  -> [12/180] Lấy Breadcrumb & Review trang gốc: https://www.dienmayxanh.com/tivi/google-tivi-sony-4k-65-inch-k-65s25vm2?utm_flashsale=1
2026-04-15 14:54:17,294 [INFO]       ✅ Thu được 5 reviews từ trang gốc.
2026-04-15 14:54:17,294 [INFO]       - Đang quét Page 1: https://www.dienmayxanh.com/tivi/google-tivi-sony-4k-65-inch-k-65s25vm2/danh-gia?page=1
2026-04-15 14:54:36,177 [INFO]         ✅ Thêm 0 reviews mới từ Page 1.
2026-04-15 14:54:38,475 [INFO]       - Đang quét Page 2: https://www.dienmayxanh.com/tivi/google-tivi-sony-4k-65-inch-k-65s25vm2/danh-gia?page=2
2026-04-15 14:54:53,026 [WARNING]         [!] Không thấy dữ liệu hoặc Trống (Lần lỗi 1/5)
2026-04-15 14:54:55,969 [INFO]       - Đang quét Page 3: https://www.dienmayxanh.com/tivi/google-tivi-sony-4k-65-inch-k-65s25vm2/danh-gia?page=3
2026-04-15 14:55:05,906 [WARNING]         [!] Không thấy dữ liệu hoặc Trống (Lần lỗi 2/5)
2026-04-15 14:55:08,799 [INFO]         💾 Đã lưu 5 reviews cuối.
2026-04-15 14:55:08,799 [INFO]  ✅ Hoàn tất cào sản phẩm: 339080
2026-04-15 14:55:08,800 [INFO]  -> [13/180] Lấy Breadcrumb & Review trang gốc: https://www.dienmayxanh.com/tivi/google-tivi-qled-tcl-ai-fhd-40-inch-40s5k?utm_flashsale=1
2026-04-15 14:55:20,798 [INFO]       ✅ Thu được 10 reviews từ trang gốc.
2026-04-15 14:55:20,798 [INFO]       - Đang quét Page 1: https://www.dienmayxanh.com/tivi/google-tivi-qled-tcl-ai-fhd-40-inch-40s5k/danh-gia?page=1
2026-04-15 14:55:27,986 [INFO]         ✅ Thêm 6 reviews mới từ Page 1.
2026-04-15 14:55:29,702 [INFO]       - Đang quét Page 2: https://www.dienmayxanh.com/tivi/google-tivi-qled-tcl-ai-fhd-40-inch-40s5k/danh-gia?page=2
2026-04-15 14:55:38,546 [WARNING]         [!] Không thấy dữ liệu hoặc Trống (Lần lỗi 1/5)
2026-04-15 14:55:41,237 [INFO]       - Đang quét Page 3: https://www.dienmayxanh.com/tivi/google-tivi-qled-tcl-ai-fhd-40-inch-40s5k/danh-gia?page=3
2026-04-15 14:55:50,755 [WARNING]         [!] Không thấy dữ liệu hoặc Trống (Lần lỗi 2/5)
2026-04-15 14:55:52,327 [INFO]         💾 Đã lưu 12 reviews cuối.
2026-04-15 14:55:52,327 [INFO]  ✅ Hoàn tất cào sản phẩm: 336230
2026-04-15 14:55:52,328 [INFO]  -> [14/180] Lấy Breadcrumb & Review trang gốc: https://www.dienmayxanh.com/tivi/smart-tivi-toshiba-32-inch-32v35rp
2026-04-15 14:55:57,611 [INFO]       - Đang quét Page 1: https://www.dienmayxanh.com/tivi/smart-tivi-toshiba-32-inch-32v35rp/danh-gia?page=1
2026-04-15 14:56:05,238 [WARNING]         [!] Không thấy dữ liệu hoặc Trống (Lần lỗi 1/5)
2026-04-15 14:56:07,675 [INFO]       - Đang quét Page 2: https://www.dienmayxanh.com/tivi/smart-tivi-toshiba-32-inch-32v35rp/danh-gia?page=2
2026-04-15 14:56:28,877 [WARNING]         [!] Không thấy dữ liệu hoặc Trống (Lần lỗi 2/5)
2026-04-15 14:56:30,930 [INFO]  ✅ Hoàn tất cào sản phẩm: 357882
2026-04-15 14:56:30,930 [INFO]  -> [15/180] Lấy Breadcrumb & Review trang gốc: https://www.dienmayxanh.com/tivi/smart-tivi-crystal-uhd-samsung-4k-55-inch-ua55u8550f?utm_flashsale=1
2026-04-15 14:56:44,867 [INFO]       - Đang quét Page 1: https://www.dienmayxanh.com/tivi/smart-tivi-crystal-uhd-samsung-4k-55-inch-ua55u8550f/danh-gia?page=1
2026-04-15 14:56:52,384 [WARNING]         [!] Không thấy dữ liệu hoặc Trống (Lần lỗi 1/5)
2026-04-15 14:56:54,953 [INFO]       - Đang quét Page 2: https://www.dienmayxanh.com/tivi/smart-tivi-crystal-uhd-samsung-4k-55-inch-ua55u8550f/danh-gia?page=2
2026-04-15 14:57:02,487 [WARNING]         [!] Không thấy dữ liệu hoặc Trống (Lần lỗi 2/5)
2026-04-15 14:57:05,032 [INFO]  ✅ Hoàn tất cào sản phẩm: 337090
2026-04-15 14:57:05,033 [INFO]  -> [16/180] Lấy Breadcrumb & Review trang gốc: https://www.dienmayxanh.com/tivi/smart-tivi-samsung-4k-crystal-uhd-43-inch-ua43du7000?utm_flashsale=1
2026-04-15 14:57:43,224 [INFO]       ✅ Thu được 10 reviews từ trang gốc.
2026-04-15 14:57:43,225 [INFO]       - Đang quét Page 1: https://www.dienmayxanh.com/tivi/smart-tivi-samsung-4k-crystal-uhd-43-inch-ua43du7000/danh-gia?page=1
2026-04-15 14:58:18,243 [WARNING]         [!] Không thấy dữ liệu hoặc Trống (Lần lỗi 1/5)
2026-04-15 14:58:21,224 [INFO]       - Đang quét Page 2: https://www.dienmayxanh.com/tivi/smart-tivi-samsung-4k-crystal-uhd-43-inch-ua43du7000/danh-gia?page=2
2026-04-15 14:58:33,022 [WARNING]         [!] Không thấy dữ liệu hoặc Trống (Lần lỗi 2/5)
2026-04-15 14:58:35,650 [INFO]         💾 Đã lưu 6 reviews cuối.
2026-04-15 14:58:35,650 [INFO]  ✅ Hoàn tất cào sản phẩm: 333254
2026-04-15 14:58:35,651 [INFO] ♻️ Làm mới Session trình duyệt...
2026-04-15 14:58:36,870 [INFO]  -> [17/180] Lấy Breadcrumb & Review trang gốc: https://www.dienmayxanh.com/tivi/google-tivi-qled-tcl-ai-fhd-32-inch-32s5k?utm_flashsale=1
2026-04-15 14:59:14,683 [INFO]       ✅ Thu được 4 reviews từ trang gốc.
2026-04-15 14:59:14,683 [INFO]       - Đang quét Page 1: https://www.dienmayxanh.com/tivi/google-tivi-qled-tcl-ai-fhd-32-inch-32s5k/danh-gia?page=1
2026-04-15 14:59:49,705 [WARNING]         [!] Không thấy dữ liệu hoặc Trống (Lần lỗi 1/5)
2026-04-15 14:59:52,011 [INFO]       - Đang quét Page 2: https://www.dienmayxanh.com/tivi/google-tivi-qled-tcl-ai-fhd-32-inch-32s5k/danh-gia?page=2
2026-04-15 15:00:27,040 [WARNING]         [!] Không thấy dữ liệu hoặc Trống (Lần lỗi 2/5)
2026-04-15 15:00:29,420 [INFO]         💾 Đã lưu 4 reviews cuối.
2026-04-15 15:00:29,421 [INFO]  ✅ Hoàn tất cào sản phẩm: 336217
2026-04-15 15:00:29,421 [INFO]  -> [18/180] Lấy Breadcrumb & Review trang gốc: https://www.dienmayxanh.com/tivi/google-tivi-tcl-ai-4k-43-inch-43p6k?utm_flashsale=1
2026-04-15 15:01:06,815 [INFO]       ✅ Thu được 2 reviews từ trang gốc.
2026-04-15 15:01:06,815 [INFO]       - Đang quét Page 1: https://www.dienmayxanh.com/tivi/google-tivi-tcl-ai-4k-43-inch-43p6k/danh-gia?page=1
2026-04-15 15:01:21,557 [WARNING]         [!] Không thấy dữ liệu hoặc Trống (Lần lỗi 1/5)
2026-04-15 15:01:23,923 [INFO]       - Đang quét Page 2: https://www.dienmayxanh.com/tivi/google-tivi-tcl-ai-4k-43-inch-43p6k/danh-gia?page=2
2026-04-15 15:01:34,237 [WARNING]         [!] Không thấy dữ liệu hoặc Trống (Lần lỗi 2/5)
2026-04-15 15:01:36,977 [INFO]         💾 Đã lưu 2 reviews cuối.
2026-04-15 15:01:36,977 [INFO]  ✅ Hoàn tất cào sản phẩm: 339738
2026-04-15 15:01:36,978 [INFO]  -> [19/180] Lấy Breadcrumb & Review trang gốc: https://www.dienmayxanh.com/tivi/smart-tivi-nanocell-lg-ai-4k-43-inch-43nano80asa?utm_flashsale=1
2026-04-15 15:02:14,477 [INFO]       ✅ Thu được 3 reviews từ trang gốc.
2026-04-15 15:02:14,477 [INFO]       - Đang quét Page 1: https://www.dienmayxanh.com/tivi/smart-tivi-nanocell-lg-ai-4k-43-inch-43nano80asa/danh-gia?page=1
2026-04-15 15:02:49,500 [WARNING]         [!] Không thấy dữ liệu hoặc Trống (Lần lỗi 1/5)
2026-04-15 15:02:52,147 [INFO]       - Đang quét Page 2: https://www.dienmayxanh.com/tivi/smart-tivi-nanocell-lg-ai-4k-43-inch-43nano80asa/danh-gia?page=2
2026-04-15 15:03:29,771 [WARNING]         [!] Không thấy dữ liệu hoặc Trống (Lần lỗi 2/5)
2026-04-15 15:03:32,145 [INFO]         💾 Đã lưu 3 reviews cuối.
2026-04-15 15:03:32,145 [INFO]  ✅ Hoàn tất cào sản phẩm: 337728
2026-04-15 15:03:32,146 [INFO]  -> [20/180] Lấy Breadcrumb & Review trang gốc: https://www.dienmayxanh.com/tivi/google-tivi-sony-4k-55-inch-k-55s30?utm_flashsale=1
2026-04-15 15:04:10,679 [INFO]       ✅ Thu được 10 reviews từ trang gốc.
2026-04-15 15:04:10,679 [INFO]       - Đang quét Page 1: https://www.dienmayxanh.com/tivi/google-tivi-sony-4k-55-inch-k-55s30/danh-gia?page=1
2026-04-15 15:04:45,705 [WARNING]         [!] Không thấy dữ liệu hoặc Trống (Lần lỗi 1/5)
2026-04-15 15:04:48,379 [INFO]       - Đang quét Page 2: https://www.dienmayxanh.com/tivi/google-tivi-sony-4k-55-inch-k-55s30/danh-gia?page=2
2026-04-15 15:05:23,406 [WARNING]         [!] Không thấy dữ liệu hoặc Trống (Lần lỗi 2/5)
2026-04-15 15:05:25,407 [INFO]         💾 Đã lưu 6 reviews cuối.
2026-04-15 15:05:25,407 [INFO]  ✅ Hoàn tất cào sản phẩm: 325313
2026-04-15 15:05:25,407 [INFO]  -> [21/180] Lấy Breadcrumb & Review trang gốc: https://www.dienmayxanh.com/tivi/smart-tivi-samsung-32-inch-ua32h5000f?utm_flashsale=1
2026-04-15 15:06:02,477 [INFO]       - Đang quét Page 1: https://www.dienmayxanh.com/tivi/smart-tivi-samsung-32-inch-ua32h5000f/danh-gia?page=1
2026-04-15 15:06:10,012 [WARNING]         [!] Không thấy dữ liệu hoặc Trống (Lần lỗi 1/5)
2026-04-15 15:06:12,247 [INFO]       - Đang quét Page 2: https://www.dienmayxanh.com/tivi/smart-tivi-samsung-32-inch-ua32h5000f/danh-gia?page=2
2026-04-15 15:06:20,793 [WARNING]         [!] Không thấy dữ liệu hoặc Trống (Lần lỗi 2/5)
2026-04-15 15:06:23,769 [INFO]  ✅ Hoàn tất cào sản phẩm: 361163
2026-04-15 15:06:23,770 [INFO]  -> [22/180] Lấy Breadcrumb & Review trang gốc: https://www.dienmayxanh.com/tivi/smart-tivi-neo-qled-samsung-ai-4k-55-inch-qa55qn70f?utm_flashsale=1
2026-04-15 15:07:01,005 [INFO]       ✅ Thu được 1 reviews từ trang gốc.
2026-04-15 15:07:01,005 [INFO]       - Đang quét Page 1: https://www.dienmayxanh.com/tivi/smart-tivi-neo-qled-samsung-ai-4k-55-inch-qa55qn70f/danh-gia?page=1
2026-04-15 15:07:08,773 [WARNING]         [!] Không thấy dữ liệu hoặc Trống (Lần lỗi 1/5)
2026-04-15 15:07:11,154 [INFO]       - Đang quét Page 2: https://www.dienmayxanh.com/tivi/smart-tivi-neo-qled-samsung-ai-4k-55-inch-qa55qn70f/danh-gia?page=2
2026-04-15 15:07:18,630 [WARNING]         [!] Không thấy dữ liệu hoặc Trống (Lần lỗi 2/5)
2026-04-15 15:07:21,451 [INFO]         💾 Đã lưu 1 reviews cuối.
2026-04-15 15:07:21,452 [INFO]  ✅ Hoàn tất cào sản phẩm: 337209
2026-04-15 15:07:21,452 [INFO]  -> [23/180] Lấy Breadcrumb & Review trang gốc: https://www.dienmayxanh.com/tivi/smart-tivi-qled-hisense-32-inch-32q5s
2026-04-15 15:07:33,666 [INFO]       ✅ Thu được 1 reviews từ trang gốc.
2026-04-15 15:07:33,666 [INFO]       - Đang quét Page 1: https://www.dienmayxanh.com/tivi/smart-tivi-qled-hisense-32-inch-32q5s/danh-gia?page=1
2026-04-15 15:07:44,259 [WARNING]         [!] Không thấy dữ liệu hoặc Trống (Lần lỗi 1/5)
2026-04-15 15:07:46,854 [INFO]       - Đang quét Page 2: https://www.dienmayxanh.com/tivi/smart-tivi-qled-hisense-32-inch-32q5s/danh-gia?page=2
2026-04-15 15:07:57,974 [WARNING]         [!] Không thấy dữ liệu hoặc Trống (Lần lỗi 2/5)
2026-04-15 15:08:00,320 [INFO]         💾 Đã lưu 1 reviews cuối.
2026-04-15 15:08:00,321 [INFO]  ✅ Hoàn tất cào sản phẩm: 343022
2026-04-15 15:08:00,321 [INFO]  -> [24/180] Lấy Breadcrumb & Review trang gốc: https://www.dienmayxanh.com/tivi/google-tivi-aqua-32-inch-aqt32k85fx?utm_flashsale=1
2026-04-15 15:08:37,812 [INFO]       ✅ Thu được 3 reviews từ trang gốc.
2026-04-15 15:08:37,812 [INFO]       - Đang quét Page 1: https://www.dienmayxanh.com/tivi/google-tivi-aqua-32-inch-aqt32k85fx/danh-gia?page=1
2026-04-15 15:08:48,224 [INFO]         ✅ Thêm 0 reviews mới từ Page 1.
2026-04-15 15:08:50,231 [INFO]       - Đang quét Page 2: https://www.dienmayxanh.com/tivi/google-tivi-aqua-32-inch-aqt32k85fx/danh-gia?page=2
2026-04-15 15:08:59,803 [WARNING]         [!] Không thấy dữ liệu hoặc Trống (Lần lỗi 1/5)
2026-04-15 15:09:02,712 [INFO]       - Đang quét Page 3: https://www.dienmayxanh.com/tivi/google-tivi-aqua-32-inch-aqt32k85fx/danh-gia?page=3
2026-04-15 15:09:32,718 [WARNING]         [!] Không thấy dữ liệu hoặc Trống (Lần lỗi 2/5)
2026-04-15 15:09:34,551 [INFO]         💾 Đã lưu 3 reviews cuối.
2026-04-15 15:09:34,551 [INFO]  ✅ Hoàn tất cào sản phẩm: 336964
2026-04-15 15:09:34,552 [INFO]  -> [25/180] Lấy Breadcrumb & Review trang gốc: https://www.dienmayxanh.com/tivi/google-tivi-qled-tcl-ai-fhd-43-inch-43s5k?utm_flashsale=1
2026-04-15 15:10:11,818 [INFO]       ✅ Thu được 1 reviews từ trang gốc.
2026-04-15 15:10:11,819 [INFO]       - Đang quét Page 1: https://www.dienmayxanh.com/tivi/google-tivi-qled-tcl-ai-fhd-43-inch-43s5k/danh-gia?page=1
2026-04-15 15:10:19,702 [WARNING]         [!] Không thấy dữ liệu hoặc Trống (Lần lỗi 1/5)
2026-04-15 15:10:22,146 [INFO]       - Đang quét Page 2: https://www.dienmayxanh.com/tivi/google-tivi-qled-tcl-ai-fhd-43-inch-43s5k/danh-gia?page=2
2026-04-15 15:10:29,605 [WARNING]         [!] Không thấy dữ liệu hoặc Trống (Lần lỗi 2/5)
2026-04-15 15:10:31,199 [INFO]         💾 Đã lưu 1 reviews cuối.
2026-04-15 15:10:31,199 [INFO]  ✅ Hoàn tất cào sản phẩm: 336231
2026-04-15 15:10:31,200 [INFO]  -> [26/180] Lấy Breadcrumb & Review trang gốc: https://www.dienmayxanh.com/tivi/smart-tivi-samsung-fhd-43-inch-ua43f6000f?utm_flashsale=1
2026-04-15 15:11:09,058 [INFO]       ✅ Thu được 6 reviews từ trang gốc.
2026-04-15 15:11:09,059 [INFO]       - Đang quét Page 1: https://www.dienmayxanh.com/tivi/smart-tivi-samsung-fhd-43-inch-ua43f6000f/danh-gia?page=1
2026-04-15 15:11:44,086 [WARNING]         [!] Không thấy dữ liệu hoặc Trống (Lần lỗi 1/5)
2026-04-15 15:11:46,768 [INFO]       - Đang quét Page 2: https://www.dienmayxanh.com/tivi/smart-tivi-samsung-fhd-43-inch-ua43f6000f/danh-gia?page=2
2026-04-15 15:12:21,794 [WARNING]         [!] Không thấy dữ liệu hoặc Trống (Lần lỗi 2/5)
2026-04-15 15:12:23,932 [INFO]         💾 Đã lưu 6 reviews cuối.
2026-04-15 15:12:23,933 [INFO]  ✅ Hoàn tất cào sản phẩm: 361199
2026-04-15 15:12:23,933 [INFO] ♻️ Làm mới Session trình duyệt...
2026-04-15 15:12:25,122 [INFO]  -> [27/180] Lấy Breadcrumb & Review trang gốc: https://www.dienmayxanh.com/tivi/smart-tivi-qled-samsung-4k-55-inch-qa55q6fa
2026-04-15 15:13:03,278 [INFO]       ✅ Thu được 1 reviews từ trang gốc.
2026-04-15 15:13:03,278 [INFO]       - Đang quét Page 1: https://www.dienmayxanh.com/tivi/smart-tivi-qled-samsung-4k-55-inch-qa55q6fa/danh-gia?page=1
2026-04-15 15:13:13,578 [WARNING]         [!] Không thấy dữ liệu hoặc Trống (Lần lỗi 1/5)
2026-04-15 15:13:15,547 [INFO]       - Đang quét Page 2: https://www.dienmayxanh.com/tivi/smart-tivi-qled-samsung-4k-55-inch-qa55q6fa/danh-gia?page=2
2026-04-15 15:13:24,201 [WARNING]         [!] Không thấy dữ liệu hoặc Trống (Lần lỗi 2/5)
2026-04-15 15:13:26,658 [INFO]         💾 Đã lưu 1 reviews cuối.
2026-04-15 15:13:26,658 [INFO]  ✅ Hoàn tất cào sản phẩm: 354288
2026-04-15 15:13:26,659 [INFO]  -> [28/180] Lấy Breadcrumb & Review trang gốc: https://www.dienmayxanh.com/tivi/smart-tivi-toshiba-ai-4k-65-inch-65c350rp?utm_flashsale=1
2026-04-15 15:14:04,093 [INFO]       ✅ Thu được 3 reviews từ trang gốc.
2026-04-15 15:14:04,094 [INFO]       - Đang quét Page 1: https://www.dienmayxanh.com/tivi/smart-tivi-toshiba-ai-4k-65-inch-65c350rp/danh-gia?page=1
2026-04-15 15:14:39,120 [WARNING]         [!] Không thấy dữ liệu hoặc Trống (Lần lỗi 1/5)
2026-04-15 15:14:41,212 [INFO]       - Đang quét Page 2: https://www.dienmayxanh.com/tivi/smart-tivi-toshiba-ai-4k-65-inch-65c350rp/danh-gia?page=2
2026-04-15 15:15:16,270 [WARNING]         [!] Không thấy dữ liệu hoặc Trống (Lần lỗi 2/5)
2026-04-15 15:15:18,030 [INFO]         💾 Đã lưu 3 reviews cuối.
2026-04-15 15:15:18,031 [INFO]  ✅ Hoàn tất cào sản phẩm: 341439
2026-04-15 15:15:18,031 [INFO]  -> [29/180] Lấy Breadcrumb & Review trang gốc: https://www.dienmayxanh.com/tivi/smart-tivi-qled-samsung-ai-4k-55-inch-qa55q8f5
2026-04-15 15:15:55,403 [INFO]       ✅ Thu được 2 reviews từ trang gốc.
2026-04-15 15:15:55,403 [INFO]       - Đang quét Page 1: https://www.dienmayxanh.com/tivi/smart-tivi-qled-samsung-ai-4k-55-inch-qa55q8f5/danh-gia?page=1
2026-04-15 15:16:03,019 [WARNING]         [!] Không thấy dữ liệu hoặc Trống (Lần lỗi 1/5)
2026-04-15 15:16:04,944 [INFO]       - Đang quét Page 2: https://www.dienmayxanh.com/tivi/smart-tivi-qled-samsung-ai-4k-55-inch-qa55q8f5/danh-gia?page=2
2026-04-15 15:16:12,488 [WARNING]         [!] Không thấy dữ liệu hoặc Trống (Lần lỗi 2/5)
2026-04-15 15:16:14,108 [INFO]         💾 Đã lưu 2 reviews cuối.
2026-04-15 15:16:14,108 [INFO]  ✅ Hoàn tất cào sản phẩm: 337161
2026-04-15 15:16:14,109 [INFO]  -> [30/180] Lấy Breadcrumb & Review trang gốc: https://www.dienmayxanh.com/tivi/smart-tivi-lg-ai-4k-55-inch-55ua8450psa?utm_flashsale=1
2026-04-15 15:16:52,445 [INFO]       ✅ Thu được 10 reviews từ trang gốc.
2026-04-15 15:16:52,446 [INFO]       - Đang quét Page 1: https://www.dienmayxanh.com/tivi/smart-tivi-lg-ai-4k-55-inch-55ua8450psa/danh-gia?page=1
2026-04-15 15:17:27,472 [WARNING]         [!] Không thấy dữ liệu hoặc Trống (Lần lỗi 1/5)
2026-04-15 15:17:29,833 [INFO]       - Đang quét Page 2: https://www.dienmayxanh.com/tivi/smart-tivi-lg-ai-4k-55-inch-55ua8450psa/danh-gia?page=2
2026-04-15 15:18:04,860 [WARNING]         [!] Không thấy dữ liệu hoặc Trống (Lần lỗi 2/5)
2026-04-15 15:18:06,915 [INFO]         💾 Đã lưu 6 reviews cuối.
2026-04-15 15:18:06,916 [INFO]  ✅ Hoàn tất cào sản phẩm: 337819
2026-04-15 15:18:06,917 [INFO]  -> [31/180] Lấy Breadcrumb & Review trang gốc: https://www.dienmayxanh.com/tivi/google-tivi-sony-4k-43-inch-k-43s30
2026-04-15 15:18:45,290 [INFO]       ✅ Thu được 10 reviews từ trang gốc.
2026-04-15 15:18:45,290 [INFO]       - Đang quét Page 1: https://www.dienmayxanh.com/tivi/google-tivi-sony-4k-43-inch-k-43s30/danh-gia?page=1
2026-04-15 15:19:20,317 [WARNING]         [!] Không thấy dữ liệu hoặc Trống (Lần lỗi 1/5)
2026-04-15 15:19:21,862 [INFO]       - Đang quét Page 2: https://www.dienmayxanh.com/tivi/google-tivi-sony-4k-43-inch-k-43s30/danh-gia?page=2
2026-04-15 15:19:40,484 [INFO]         ✅ Thêm 20 reviews mới từ Page 2.
2026-04-15 15:19:40,485 [INFO]         💾 Đã lưu 26 reviews.
2026-04-15 15:19:42,481 [INFO]       - Đang quét Page 3: https://www.dienmayxanh.com/tivi/google-tivi-sony-4k-43-inch-k-43s30/danh-gia?page=3
2026-04-15 15:20:13,579 [INFO]         ✅ Thêm 20 reviews mới từ Page 3.
2026-04-15 15:20:13,581 [INFO]         💾 Đã lưu 20 reviews.
2026-04-15 15:20:15,335 [INFO]       - Đang quét Page 4: https://www.dienmayxanh.com/tivi/google-tivi-sony-4k-43-inch-k-43s30/danh-gia?page=4
2026-04-15 15:20:50,357 [WARNING]         [!] Không thấy dữ liệu hoặc Trống (Lần lỗi 1/5)
2026-04-15 15:20:52,652 [INFO]       - Đang quét Page 5: https://www.dienmayxanh.com/tivi/google-tivi-sony-4k-43-inch-k-43s30/danh-gia?page=5
2026-04-15 15:21:26,790 [WARNING]         [!] Không thấy dữ liệu hoặc Trống (Lần lỗi 2/5)
2026-04-15 15:21:28,449 [INFO]  ✅ Hoàn tất cào sản phẩm: 325311
2026-04-15 15:21:28,449 [INFO]  -> [32/180] Lấy Breadcrumb & Review trang gốc: https://www.dienmayxanh.com/tivi/google-sony-32-inch-kd-32w830k
2026-04-15 15:22:07,090 [INFO]       ✅ Thu được 10 reviews từ trang gốc.
2026-04-15 15:22:07,090 [INFO]       - Đang quét Page 1: https://www.dienmayxanh.com/tivi/google-sony-32-inch-kd-32w830k/danh-gia?page=1
2026-04-15 15:22:42,112 [WARNING]         [!] Không thấy dữ liệu hoặc Trống (Lần lỗi 1/5)
2026-04-15 15:22:43,906 [INFO]       - Đang quét Page 2: https://www.dienmayxanh.com/tivi/google-sony-32-inch-kd-32w830k/danh-gia?page=2
2026-04-15 15:23:18,928 [WARNING]         [!] Không thấy dữ liệu hoặc Trống (Lần lỗi 2/5)
2026-04-15 15:23:20,594 [INFO]         💾 Đã lưu 6 reviews cuối.
2026-04-15 15:23:20,594 [INFO]  ✅ Hoàn tất cào sản phẩm: 277446
2026-04-15 15:23:20,595 [INFO]  -> [33/180] Lấy Breadcrumb & Review trang gốc: https://www.dienmayxanh.com/tivi/smart-tivi-qled-samsung-ai-4k-43-inch-qa43q7fa?utm_flashsale=1
2026-04-15 15:23:57,706 [INFO]       - Đang quét Page 1: https://www.dienmayxanh.com/tivi/smart-tivi-qled-samsung-ai-4k-43-inch-qa43q7fa/danh-gia?page=1
2026-04-15 15:24:05,336 [WARNING]         [!] Không thấy dữ liệu hoặc Trống (Lần lỗi 1/5)
2026-04-15 15:24:07,753 [INFO]       - Đang quét Page 2: https://www.dienmayxanh.com/tivi/smart-tivi-qled-samsung-ai-4k-43-inch-qa43q7fa/danh-gia?page=2
2026-04-15 15:24:15,272 [WARNING]         [!] Không thấy dữ liệu hoặc Trống (Lần lỗi 2/5)
2026-04-15 15:24:16,807 [INFO]  ✅ Hoàn tất cào sản phẩm: 337140
2026-04-15 15:24:16,809 [INFO]  -> [34/180] Lấy Breadcrumb & Review trang gốc: https://www.dienmayxanh.com/tivi/smart-tivi-crystal-uhd-samsung-4k-65-inch-ua65u8550f
2026-04-15 15:24:54,173 [INFO]       ✅ Thu được 2 reviews từ trang gốc.
2026-04-15 15:24:54,173 [INFO]       - Đang quét Page 1: https://www.dienmayxanh.com/tivi/smart-tivi-crystal-uhd-samsung-4k-65-inch-ua65u8550f/danh-gia?page=1
2026-04-15 15:25:01,875 [WARNING]         [!] Không thấy dữ liệu hoặc Trống (Lần lỗi 1/5)
2026-04-15 15:25:03,729 [INFO]       - Đang quét Page 2: https://www.dienmayxanh.com/tivi/smart-tivi-crystal-uhd-samsung-4k-65-inch-ua65u8550f/danh-gia?page=2
2026-04-15 15:25:12,362 [WARNING]         [!] Không thấy dữ liệu hoặc Trống (Lần lỗi 2/5)
2026-04-15 15:25:15,074 [INFO]         💾 Đã lưu 2 reviews cuối.
2026-04-15 15:25:15,075 [INFO]  ✅ Hoàn tất cào sản phẩm: 336918
2026-04-15 15:25:15,075 [INFO]  -> [35/180] Lấy Breadcrumb & Review trang gốc: https://www.dienmayxanh.com/tivi/google-tivi-qled-xiaomi-a-pro-32-inch-l32mb-apsea-2026
2026-04-15 15:25:52,279 [INFO]       ✅ Thu được 1 reviews từ trang gốc.
2026-04-15 15:25:52,280 [INFO]       - Đang quét Page 1: https://www.dienmayxanh.com/tivi/google-tivi-qled-xiaomi-a-pro-32-inch-l32mb-apsea-2026/danh-gia?page=1
2026-04-15 15:26:01,220 [WARNING]         [!] Không thấy dữ liệu hoặc Trống (Lần lỗi 1/5)
2026-04-15 15:26:03,235 [INFO]       - Đang quét Page 2: https://www.dienmayxanh.com/tivi/google-tivi-qled-xiaomi-a-pro-32-inch-l32mb-apsea-2026/danh-gia?page=2
2026-04-15 15:26:13,074 [WARNING]         [!] Không thấy dữ liệu hoặc Trống (Lần lỗi 2/5)
2026-04-15 15:26:14,765 [INFO]         💾 Đã lưu 1 reviews cuối.
2026-04-15 15:26:14,765 [INFO]  ✅ Hoàn tất cào sản phẩm: 343011
2026-04-15 15:26:14,766 [INFO]  -> [36/180] Lấy Breadcrumb & Review trang gốc: https://www.dienmayxanh.com/tivi/google-tivi-qled-tcl-ai-4k-43-inch-43p7k?utm_flashsale=1
2026-04-15 15:26:52,451 [INFO]       ✅ Thu được 5 reviews từ trang gốc.
2026-04-15 15:26:52,451 [INFO]       - Đang quét Page 1: https://www.dienmayxanh.com/tivi/google-tivi-qled-tcl-ai-4k-43-inch-43p7k/danh-gia?page=1
2026-04-15 15:27:27,477 [WARNING]         [!] Không thấy dữ liệu hoặc Trống (Lần lỗi 1/5)
2026-04-15 15:27:29,431 [INFO]       - Đang quét Page 2: https://www.dienmayxanh.com/tivi/google-tivi-qled-tcl-ai-4k-43-inch-43p7k/danh-gia?page=2
2026-04-15 15:28:04,454 [WARNING]         [!] Không thấy dữ liệu hoặc Trống (Lần lỗi 2/5)
2026-04-15 15:28:06,014 [INFO]         💾 Đã lưu 5 reviews cuối.
2026-04-15 15:28:06,014 [INFO]  ✅ Hoàn tất cào sản phẩm: 335745
2026-04-15 15:28:06,016 [INFO] ♻️ Làm mới Session trình duyệt...
2026-04-15 15:28:07,169 [INFO]  -> [37/180] Lấy Breadcrumb & Review trang gốc: https://www.dienmayxanh.com/tivi/smart-tivi-qled-hisense-fhd-40-inch-40q5s
2026-04-15 15:28:45,155 [INFO]       - Đang quét Page 1: https://www.dienmayxanh.com/tivi/smart-tivi-qled-hisense-fhd-40-inch-40q5s/danh-gia?page=1
2026-04-15 15:28:56,055 [WARNING]         [!] Không thấy dữ liệu hoặc Trống (Lần lỗi 1/5)
2026-04-15 15:28:57,633 [INFO]       - Đang quét Page 2: https://www.dienmayxanh.com/tivi/smart-tivi-qled-hisense-fhd-40-inch-40q5s/danh-gia?page=2
2026-04-15 15:29:05,106 [WARNING]         [!] Không thấy dữ liệu hoặc Trống (Lần lỗi 2/5)
2026-04-15 15:29:06,615 [INFO]  ✅ Hoàn tất cào sản phẩm: 343023
2026-04-15 15:29:06,616 [INFO]  -> [38/180] Lấy Breadcrumb & Review trang gốc: https://www.dienmayxanh.com/tivi/smart-tivi-qled-samsung-4k-65-inch-qa65q6fa
2026-04-15 15:29:44,197 [INFO]       ✅ Thu được 3 reviews từ trang gốc.
2026-04-15 15:29:44,197 [INFO]       - Đang quét Page 1: https://www.dienmayxanh.com/tivi/smart-tivi-qled-samsung-4k-65-inch-qa65q6fa/danh-gia?page=1
2026-04-15 15:30:13,424 [INFO]         ✅ Thêm 0 reviews mới từ Page 1.
2026-04-15 15:30:15,025 [INFO]       - Đang quét Page 2: https://www.dienmayxanh.com/tivi/smart-tivi-qled-samsung-4k-65-inch-qa65q6fa/danh-gia?page=2
2026-04-15 15:30:27,528 [WARNING]         [!] Không thấy dữ liệu hoặc Trống (Lần lỗi 1/5)
2026-04-15 15:30:29,980 [INFO]       - Đang quét Page 3: https://www.dienmayxanh.com/tivi/smart-tivi-qled-samsung-4k-65-inch-qa65q6fa/danh-gia?page=3
2026-04-15 15:31:00,164 [WARNING]         [!] Không thấy dữ liệu hoặc Trống (Lần lỗi 2/5)
2026-04-15 15:31:03,024 [INFO]         💾 Đã lưu 3 reviews cuối.
2026-04-15 15:31:03,024 [INFO]  ✅ Hoàn tất cào sản phẩm: 354756
2026-04-15 15:31:03,025 [INFO]  -> [39/180] Lấy Breadcrumb & Review trang gốc: https://www.dienmayxanh.com/tivi/smart-tivi-hisense-fhd-43-inch-43a5s
2026-04-15 15:31:32,793 [INFO]       - Đang quét Page 1: https://www.dienmayxanh.com/tivi/smart-tivi-hisense-fhd-43-inch-43a5s/danh-gia?page=1
2026-04-15 15:31:40,429 [WARNING]         [!] Không thấy dữ liệu hoặc Trống (Lần lỗi 1/5)
2026-04-15 15:31:42,352 [INFO]       - Đang quét Page 2: https://www.dienmayxanh.com/tivi/smart-tivi-hisense-fhd-43-inch-43a5s/danh-gia?page=2
2026-04-15 15:31:49,961 [WARNING]         [!] Không thấy dữ liệu hoặc Trống (Lần lỗi 2/5)
2026-04-15 15:31:51,624 [INFO]  ✅ Hoàn tất cào sản phẩm: 343024
2026-04-15 15:31:51,625 [INFO]  -> [40/180] Lấy Breadcrumb & Review trang gốc: https://www.dienmayxanh.com/tivi/google-tivi-qled-tcl-ai-4k-50-inch-50p7k?utm_flashsale=1
2026-04-15 15:32:29,194 [INFO]       ✅ Thu được 3 reviews từ trang gốc.
2026-04-15 15:32:29,194 [INFO]       - Đang quét Page 1: https://www.dienmayxanh.com/tivi/google-tivi-qled-tcl-ai-4k-50-inch-50p7k/danh-gia?page=1
2026-04-15 15:33:04,225 [WARNING]         [!] Không thấy dữ liệu hoặc Trống (Lần lỗi 1/5)
2026-04-15 15:33:06,027 [INFO]       - Đang quét Page 2: https://www.dienmayxanh.com/tivi/google-tivi-qled-tcl-ai-4k-50-inch-50p7k/danh-gia?page=2
2026-04-15 15:33:47,605 [WARNING]         [!] Không thấy dữ liệu hoặc Trống (Lần lỗi 2/5)
2026-04-15 15:33:49,238 [INFO]         💾 Đã lưu 3 reviews cuối.
2026-04-15 15:33:49,239 [INFO]  ✅ Hoàn tất cào sản phẩm: 336185
2026-04-15 15:33:49,239 [INFO]  -> [41/180] Lấy Breadcrumb & Review trang gốc: https://www.dienmayxanh.com/tivi/google-tivi-tcl-ai-4k-65-inch-65p6k?utm_flashsale=1
2026-04-15 15:34:26,641 [INFO]       ✅ Thu được 1 reviews từ trang gốc.
2026-04-15 15:34:26,641 [INFO]       - Đang quét Page 1: https://www.dienmayxanh.com/tivi/google-tivi-tcl-ai-4k-65-inch-65p6k/danh-gia?page=1
2026-04-15 15:34:34,429 [WARNING]         [!] Không thấy dữ liệu hoặc Trống (Lần lỗi 1/5)
2026-04-15 15:34:36,935 [INFO]       - Đang quét Page 2: https://www.dienmayxanh.com/tivi/google-tivi-tcl-ai-4k-65-inch-65p6k/danh-gia?page=2
2026-04-15 15:35:11,974 [WARNING]         [!] Không thấy dữ liệu hoặc Trống (Lần lỗi 2/5)
2026-04-15 15:35:14,296 [INFO]         💾 Đã lưu 1 reviews cuối.
2026-04-15 15:35:14,296 [INFO]  ✅ Hoàn tất cào sản phẩm: 339737
2026-04-15 15:35:14,297 [INFO]  -> [42/180] Lấy Breadcrumb & Review trang gốc: https://www.dienmayxanh.com/tivi/google-tv-aqua-qled-4k-55-inch-aqt55s80eux?utm_flashsale=1
2026-04-15 15:35:52,630 [INFO]       ✅ Thu được 10 reviews từ trang gốc.
2026-04-15 15:35:52,631 [INFO]       - Đang quét Page 1: https://www.dienmayxanh.com/tivi/google-tv-aqua-qled-4k-55-inch-aqt55s80eux/danh-gia?page=1
2026-04-15 15:36:02,522 [INFO]         ✅ Thêm 15 reviews mới từ Page 1.
2026-04-15 15:36:02,524 [INFO]         💾 Đã lưu 21 reviews.
2026-04-15 15:36:05,088 [INFO]       - Đang quét Page 2: https://www.dienmayxanh.com/tivi/google-tv-aqua-qled-4k-55-inch-aqt55s80eux/danh-gia?page=2
2026-04-15 15:36:32,966 [INFO]         ✅ Thêm 20 reviews mới từ Page 2.
2026-04-15 15:36:32,969 [INFO]         💾 Đã lưu 20 reviews.
2026-04-15 15:36:35,166 [INFO]       - Đang quét Page 3: https://www.dienmayxanh.com/tivi/google-tv-aqua-qled-4k-55-inch-aqt55s80eux/danh-gia?page=3
2026-04-15 15:36:59,586 [INFO]         ✅ Thêm 20 reviews mới từ Page 3.
2026-04-15 15:36:59,588 [INFO]         💾 Đã lưu 20 reviews.
2026-04-15 15:37:02,489 [INFO]       - Đang quét Page 4: https://www.dienmayxanh.com/tivi/google-tv-aqua-qled-4k-55-inch-aqt55s80eux/danh-gia?page=4
2026-04-15 15:37:35,487 [INFO]         ✅ Thêm 20 reviews mới từ Page 4.
2026-04-15 15:37:35,489 [INFO]         💾 Đã lưu 20 reviews.
2026-04-15 15:37:37,640 [INFO]       - Đang quét Page 5: https://www.dienmayxanh.com/tivi/google-tv-aqua-qled-4k-55-inch-aqt55s80eux/danh-gia?page=5
2026-04-15 15:37:50,201 [INFO]         ✅ Thêm 20 reviews mới từ Page 5.
2026-04-15 15:37:50,202 [INFO]         💾 Đã lưu 20 reviews.
2026-04-15 15:37:52,846 [INFO]       - Đang quét Page 6: https://www.dienmayxanh.com/tivi/google-tv-aqua-qled-4k-55-inch-aqt55s80eux/danh-gia?page=6
2026-04-15 15:38:05,191 [INFO]         ✅ Thêm 5 reviews mới từ Page 6.
2026-04-15 15:38:07,900 [INFO]       - Đang quét Page 7: https://www.dienmayxanh.com/tivi/google-tv-aqua-qled-4k-55-inch-aqt55s80eux/danh-gia?page=7
2026-04-15 15:38:25,954 [WARNING]         [!] Không thấy dữ liệu hoặc Trống (Lần lỗi 1/5)
2026-04-15 15:38:27,955 [INFO]       - Đang quét Page 8: https://www.dienmayxanh.com/tivi/google-tv-aqua-qled-4k-55-inch-aqt55s80eux/danh-gia?page=8
2026-04-15 15:38:54,608 [WARNING]         [!] Không thấy dữ liệu hoặc Trống (Lần lỗi 2/5)
2026-04-15 15:38:57,138 [INFO]         💾 Đã lưu 5 reviews cuối.
2026-04-15 15:38:57,139 [INFO]  ✅ Hoàn tất cào sản phẩm: 327167
2026-04-15 15:38:57,140 [INFO]  -> [43/180] Lấy Breadcrumb & Review trang gốc: https://www.dienmayxanh.com/tivi/android-tivi-aqua-50-inch-aqt50k800ug?utm_flashsale=1
2026-04-15 15:39:14,867 [INFO]       ✅ Thu được 10 reviews từ trang gốc.
2026-04-15 15:39:14,867 [INFO]       - Đang quét Page 1: https://www.dienmayxanh.com/tivi/android-tivi-aqua-50-inch-aqt50k800ug/danh-gia?page=1
2026-04-15 15:39:30,285 [INFO]         ✅ Thêm 15 reviews mới từ Page 1.
2026-04-15 15:39:30,288 [INFO]         💾 Đã lưu 21 reviews.
2026-04-15 15:39:32,586 [INFO]       - Đang quét Page 2: https://www.dienmayxanh.com/tivi/android-tivi-aqua-50-inch-aqt50k800ug/danh-gia?page=2
2026-04-15 15:40:05,148 [INFO]         ✅ Thêm 20 reviews mới từ Page 2.
2026-04-15 15:40:05,150 [INFO]         💾 Đã lưu 20 reviews.
2026-04-15 15:40:07,557 [INFO]       - Đang quét Page 3: https://www.dienmayxanh.com/tivi/android-tivi-aqua-50-inch-aqt50k800ug/danh-gia?page=3
2026-04-15 15:40:24,763 [INFO]         ✅ Thêm 10 reviews mới từ Page 3.
2026-04-15 15:40:26,772 [INFO]       - Đang quét Page 4: https://www.dienmayxanh.com/tivi/android-tivi-aqua-50-inch-aqt50k800ug/danh-gia?page=4
2026-04-15 15:40:37,097 [WARNING]         [!] Không thấy dữ liệu hoặc Trống (Lần lỗi 1/5)
2026-04-15 15:40:39,831 [INFO]       - Đang quét Page 5: https://www.dienmayxanh.com/tivi/android-tivi-aqua-50-inch-aqt50k800ug/danh-gia?page=5
2026-04-15 15:40:52,030 [WARNING]         [!] Không thấy dữ liệu hoặc Trống (Lần lỗi 2/5)
2026-04-15 15:40:53,812 [INFO]         💾 Đã lưu 10 reviews cuối.
2026-04-15 15:40:53,812 [INFO]  ✅ Hoàn tất cào sản phẩm: 327164
2026-04-15 15:40:53,813 [INFO]  -> [44/180] Lấy Breadcrumb & Review trang gốc: https://www.dienmayxanh.com/tivi/smart-tivi-lg-ai-4k-65-inch-65ua8450psa?utm_flashsale=1
2026-04-15 15:41:26,408 [INFO]       ✅ Thu được 10 reviews từ trang gốc.
2026-04-15 15:41:26,408 [INFO]       - Đang quét Page 1: https://www.dienmayxanh.com/tivi/smart-tivi-lg-ai-4k-65-inch-65ua8450psa/danh-gia?page=1
2026-04-15 15:42:01,436 [WARNING]         [!] Không thấy dữ liệu hoặc Trống (Lần lỗi 1/5)
2026-04-15 15:42:03,411 [INFO]       - Đang quét Page 2: https://www.dienmayxanh.com/tivi/smart-tivi-lg-ai-4k-65-inch-65ua8450psa/danh-gia?page=2
2026-04-15 15:42:10,071 [INFO]         ✅ Thêm 16 reviews mới từ Page 2.
2026-04-15 15:42:10,073 [INFO]         💾 Đã lưu 22 reviews.
2026-04-15 15:42:12,009 [INFO]       - Đang quét Page 3: https://www.dienmayxanh.com/tivi/smart-tivi-lg-ai-4k-65-inch-65ua8450psa/danh-gia?page=3
2026-04-15 15:42:20,663 [WARNING]         [!] Không thấy dữ liệu hoặc Trống (Lần lỗi 1/5)
2026-04-15 15:42:23,276 [INFO]       - Đang quét Page 4: https://www.dienmayxanh.com/tivi/smart-tivi-lg-ai-4k-65-inch-65ua8450psa/danh-gia?page=4
2026-04-15 15:42:32,900 [WARNING]         [!] Không thấy dữ liệu hoặc Trống (Lần lỗi 2/5)
2026-04-15 15:42:35,797 [INFO]  ✅ Hoàn tất cào sản phẩm: 337818
2026-04-15 15:42:35,798 [INFO]  -> [45/180] Lấy Breadcrumb & Review trang gốc: https://www.dienmayxanh.com/tivi/tivi-qled-samsung-4k-55-inch-qa55q65d?utm_flashsale=1
2026-04-15 15:42:51,930 [INFO]       ✅ Thu được 10 reviews từ trang gốc.
2026-04-15 15:42:51,930 [INFO]       - Đang quét Page 1: https://www.dienmayxanh.com/tivi/tivi-qled-samsung-4k-55-inch-qa55q65d/danh-gia?page=1
2026-04-15 15:43:26,961 [WARNING]         [!] Không thấy dữ liệu hoặc Trống (Lần lỗi 1/5)
2026-04-15 15:43:29,004 [INFO]       - Đang quét Page 2: https://www.dienmayxanh.com/tivi/tivi-qled-samsung-4k-55-inch-qa55q65d/danh-gia?page=2
2026-04-15 15:44:04,033 [WARNING]         [!] Không thấy dữ liệu hoặc Trống (Lần lỗi 2/5)
2026-04-15 15:44:05,734 [INFO]         💾 Đã lưu 6 reviews cuối.
2026-04-15 15:44:05,734 [INFO]  ✅ Hoàn tất cào sản phẩm: 322674
2026-04-15 15:44:05,735 [INFO]  -> [46/180] Lấy Breadcrumb & Review trang gốc: https://www.dienmayxanh.com/tivi/smart-tivi-neo-qled-samsung-ai-4k-65-inch-qa65qn70f?utm_flashsale=1
2026-04-15 15:44:22,062 [INFO]       - Đang quét Page 1: https://www.dienmayxanh.com/tivi/smart-tivi-neo-qled-samsung-ai-4k-65-inch-qa65qn70f/danh-gia?page=1
2026-04-15 15:44:29,774 [WARNING]         [!] Không thấy dữ liệu hoặc Trống (Lần lỗi 1/5)
2026-04-15 15:44:32,411 [INFO]       - Đang quét Page 2: https://www.dienmayxanh.com/tivi/smart-tivi-neo-qled-samsung-ai-4k-65-inch-qa65qn70f/danh-gia?page=2
2026-04-15 15:44:39,860 [WARNING]         [!] Không thấy dữ liệu hoặc Trống (Lần lỗi 2/5)
2026-04-15 15:44:42,442 [INFO]  ✅ Hoàn tất cào sản phẩm: 337208
2026-04-15 15:44:42,443 [INFO] ♻️ Làm mới Session trình duyệt...
2026-04-15 15:44:43,533 [INFO]  -> [47/180] Lấy Breadcrumb & Review trang gốc: https://www.dienmayxanh.com/tivi/google-tivi-sony-4k-65-inch-k-65s30
2026-04-15 15:45:22,016 [INFO]       ✅ Thu được 10 reviews từ trang gốc.
2026-04-15 15:45:22,016 [INFO]       - Đang quét Page 1: https://www.dienmayxanh.com/tivi/google-tivi-sony-4k-65-inch-k-65s30/danh-gia?page=1
2026-04-15 15:45:47,327 [INFO]         ✅ Thêm 15 reviews mới từ Page 1.
2026-04-15 15:45:47,329 [INFO]         💾 Đã lưu 21 reviews.
2026-04-15 15:45:50,125 [INFO]       - Đang quét Page 2: https://www.dienmayxanh.com/tivi/google-tivi-sony-4k-65-inch-k-65s30/danh-gia?page=2
2026-04-15 15:46:04,847 [INFO]         ✅ Thêm 20 reviews mới từ Page 2.
2026-04-15 15:46:04,849 [INFO]         💾 Đã lưu 20 reviews.
2026-04-15 15:46:06,810 [INFO]       - Đang quét Page 3: https://www.dienmayxanh.com/tivi/google-tivi-sony-4k-65-inch-k-65s30/danh-gia?page=3
2026-04-15 15:46:15,552 [INFO]         ✅ Thêm 12 reviews mới từ Page 3.
2026-04-15 15:46:18,498 [INFO]       - Đang quét Page 4: https://www.dienmayxanh.com/tivi/google-tivi-sony-4k-65-inch-k-65s30/danh-gia?page=4
2026-04-15 15:46:43,368 [WARNING]         [!] Không thấy dữ liệu hoặc Trống (Lần lỗi 1/5)
2026-04-15 15:46:45,440 [INFO]       - Đang quét Page 5: https://www.dienmayxanh.com/tivi/google-tivi-sony-4k-65-inch-k-65s30/danh-gia?page=5
2026-04-15 15:47:12,091 [WARNING]         [!] Không thấy dữ liệu hoặc Trống (Lần lỗi 2/5)
2026-04-15 15:47:14,585 [INFO]         💾 Đã lưu 12 reviews cuối.
2026-04-15 15:47:14,586 [INFO]  ✅ Hoàn tất cào sản phẩm: 325310
2026-04-15 15:47:14,587 [INFO]  -> [48/180] Lấy Breadcrumb & Review trang gốc: https://www.dienmayxanh.com/tivi/smart-tivi-crystal-uhd-samsung-4k-75-inch-ua75u8500f?utm_flashsale=1
2026-04-15 15:47:30,481 [INFO]       - Đang quét Page 1: https://www.dienmayxanh.com/tivi/smart-tivi-crystal-uhd-samsung-4k-75-inch-ua75u8500f/danh-gia?page=1
2026-04-15 15:47:38,969 [WARNING]         [!] Không thấy dữ liệu hoặc Trống (Lần lỗi 1/5)
2026-04-15 15:47:41,893 [INFO]       - Đang quét Page 2: https://www.dienmayxanh.com/tivi/smart-tivi-crystal-uhd-samsung-4k-75-inch-ua75u8500f/danh-gia?page=2
2026-04-15 15:47:51,788 [WARNING]         [!] Không thấy dữ liệu hoặc Trống (Lần lỗi 2/5)
2026-04-15 15:47:54,025 [INFO]  ✅ Hoàn tất cào sản phẩm: 336917
2026-04-15 15:47:54,026 [INFO]  -> [49/180] Lấy Breadcrumb & Review trang gốc: https://www.dienmayxanh.com/tivi/smart-tivi-hisense-4k-58-inch-58a6q
2026-04-15 15:48:16,810 [INFO]       ✅ Thu được 1 reviews từ trang gốc.
2026-04-15 15:48:16,810 [INFO]       - Đang quét Page 1: https://www.dienmayxanh.com/tivi/smart-tivi-hisense-4k-58-inch-58a6q/danh-gia?page=1
2026-04-15 15:48:24,574 [WARNING]         [!] Không thấy dữ liệu hoặc Trống (Lần lỗi 1/5)
2026-04-15 15:48:26,572 [INFO]       - Đang quét Page 2: https://www.dienmayxanh.com/tivi/smart-tivi-hisense-4k-58-inch-58a6q/danh-gia?page=2
2026-04-15 15:48:34,150 [WARNING]         [!] Không thấy dữ liệu hoặc Trống (Lần lỗi 2/5)
2026-04-15 15:48:35,699 [INFO]         💾 Đã lưu 1 reviews cuối.
2026-04-15 15:48:35,699 [INFO]  ✅ Hoàn tất cào sản phẩm: 343021
2026-04-15 15:48:35,700 [INFO]  -> [50/180] Lấy Breadcrumb & Review trang gốc: https://www.dienmayxanh.com/tivi/smart-tivi-qled-samsung-ai-4k-75-inch-qa75q8f5
2026-04-15 15:48:57,158 [INFO]       - Đang quét Page 1: https://www.dienmayxanh.com/tivi/smart-tivi-qled-samsung-ai-4k-75-inch-qa75q8f5/danh-gia?page=1
2026-04-15 15:49:04,781 [WARNING]         [!] Không thấy dữ liệu hoặc Trống (Lần lỗi 1/5)
2026-04-15 15:49:07,172 [INFO]       - Đang quét Page 2: https://www.dienmayxanh.com/tivi/smart-tivi-qled-samsung-ai-4k-75-inch-qa75q8f5/danh-gia?page=2
2026-04-15 15:49:14,638 [WARNING]         [!] Không thấy dữ liệu hoặc Trống (Lần lỗi 2/5)
2026-04-15 15:49:16,657 [INFO]  ✅ Hoàn tất cào sản phẩm: 336915
2026-04-15 15:49:16,658 [INFO]  -> [51/180] Lấy Breadcrumb & Review trang gốc: https://www.dienmayxanh.com/tivi/google-tivi-sony-4k-50-inch-k-50s25vm2
2026-04-15 15:49:23,911 [INFO]       ✅ Thu được 3 reviews từ trang gốc.
2026-04-15 15:49:23,911 [INFO]       - Đang quét Page 1: https://www.dienmayxanh.com/tivi/google-tivi-sony-4k-50-inch-k-50s25vm2/danh-gia?page=1
2026-04-15 15:49:29,310 [INFO]         ✅ Thêm 0 reviews mới từ Page 1.
2026-04-15 15:49:31,441 [INFO]       - Đang quét Page 2: https://www.dienmayxanh.com/tivi/google-tivi-sony-4k-50-inch-k-50s25vm2/danh-gia?page=2
2026-04-15 15:49:45,111 [WARNING]         [!] Không thấy dữ liệu hoặc Trống (Lần lỗi 1/5)
2026-04-15 15:49:47,080 [INFO]       - Đang quét Page 3: https://www.dienmayxanh.com/tivi/google-tivi-sony-4k-50-inch-k-50s25vm2/danh-gia?page=3
2026-04-15 15:50:01,036 [WARNING]         [!] Không thấy dữ liệu hoặc Trống (Lần lỗi 2/5)
2026-04-15 15:50:02,726 [INFO]         💾 Đã lưu 3 reviews cuối.
2026-04-15 15:50:02,727 [INFO]  ✅ Hoàn tất cào sản phẩm: 339082
2026-04-15 15:50:02,727 [INFO]  -> [52/180] Lấy Breadcrumb & Review trang gốc: https://www.dienmayxanh.com/tivi/smart-tivi-qled-toshiba-ai-4k-55-inch-55m450rp?utm_flashsale=1
2026-04-15 15:50:16,319 [INFO]       - Đang quét Page 1: https://www.dienmayxanh.com/tivi/smart-tivi-qled-toshiba-ai-4k-55-inch-55m450rp/danh-gia?page=1
2026-04-15 15:50:23,936 [WARNING]         [!] Không thấy dữ liệu hoặc Trống (Lần lỗi 1/5)
2026-04-15 15:50:25,573 [INFO]       - Đang quét Page 2: https://www.dienmayxanh.com/tivi/smart-tivi-qled-toshiba-ai-4k-55-inch-55m450rp/danh-gia?page=2
2026-04-15 15:50:33,932 [WARNING]         [!] Không thấy dữ liệu hoặc Trống (Lần lỗi 2/5)
2026-04-15 15:50:36,439 [INFO]  ✅ Hoàn tất cào sản phẩm: 341440
2026-04-15 15:50:36,440 [INFO]  -> [53/180] Lấy Breadcrumb & Review trang gốc: https://www.dienmayxanh.com/tivi/google-tivi-aqua-4k-55-inch-aqt55k85fux?utm_flashsale=1
2026-04-15 15:50:59,576 [INFO]       - Đang quét Page 1: https://www.dienmayxanh.com/tivi/google-tivi-aqua-4k-55-inch-aqt55k85fux/danh-gia?page=1
2026-04-15 15:51:08,798 [WARNING]         [!] Không thấy dữ liệu hoặc Trống (Lần lỗi 1/5)
2026-04-15 15:51:11,106 [INFO]       - Đang quét Page 2: https://www.dienmayxanh.com/tivi/google-tivi-aqua-4k-55-inch-aqt55k85fux/danh-gia?page=2
2026-04-15 15:51:19,725 [WARNING]         [!] Không thấy dữ liệu hoặc Trống (Lần lỗi 2/5)
2026-04-15 15:51:22,116 [INFO]  ✅ Hoàn tất cào sản phẩm: 336965
2026-04-15 15:51:22,117 [INFO]  -> [54/180] Lấy Breadcrumb & Review trang gốc: https://www.dienmayxanh.com/tivi/smart-tivi-qled-samsung-ai-4k-55-inch-qa55q7fa
2026-04-15 15:51:59,335 [INFO]       ✅ Thu được 1 reviews từ trang gốc.
2026-04-15 15:51:59,335 [INFO]       - Đang quét Page 1: https://www.dienmayxanh.com/tivi/smart-tivi-qled-samsung-ai-4k-55-inch-qa55q7fa/danh-gia?page=1
2026-04-15 15:52:07,118 [WARNING]         [!] Không thấy dữ liệu hoặc Trống (Lần lỗi 1/5)
2026-04-15 15:52:09,019 [INFO]       - Đang quét Page 2: https://www.dienmayxanh.com/tivi/smart-tivi-qled-samsung-ai-4k-55-inch-qa55q7fa/danh-gia?page=2
2026-04-15 15:52:17,557 [WARNING]         [!] Không thấy dữ liệu hoặc Trống (Lần lỗi 2/5)
2026-04-15 15:52:19,452 [INFO]         💾 Đã lưu 1 reviews cuối.
2026-04-15 15:52:19,453 [INFO]  ✅ Hoàn tất cào sản phẩm: 337124
2026-04-15 15:52:19,453 [INFO]  -> [55/180] Lấy Breadcrumb & Review trang gốc: https://www.dienmayxanh.com/tivi/smart-tivi-crystal-uhd-samsung-4k-70-inch-ua70u8000f?utm_flashsale=1
2026-04-15 15:52:38,132 [INFO]       - Đang quét Page 1: https://www.dienmayxanh.com/tivi/smart-tivi-crystal-uhd-samsung-4k-70-inch-ua70u8000f/danh-gia?page=1
2026-04-15 15:52:47,026 [WARNING]         [!] Không thấy dữ liệu hoặc Trống (Lần lỗi 1/5)
2026-04-15 15:52:49,736 [INFO]       - Đang quét Page 2: https://www.dienmayxanh.com/tivi/smart-tivi-crystal-uhd-samsung-4k-70-inch-ua70u8000f/danh-gia?page=2
2026-04-15 15:52:57,251 [WARNING]         [!] Không thấy dữ liệu hoặc Trống (Lần lỗi 2/5)
2026-04-15 15:52:59,716 [INFO]  ✅ Hoàn tất cào sản phẩm: 336919
2026-04-15 15:52:59,717 [INFO]  -> [56/180] Lấy Breadcrumb & Review trang gốc: https://www.dienmayxanh.com/tivi/smart-tivi-qned-evo-lg-ai-4k-55-inch-55qned86asa
2026-04-15 15:53:35,145 [INFO]       - Đang quét Page 1: https://www.dienmayxanh.com/tivi/smart-tivi-qned-evo-lg-ai-4k-55-inch-55qned86asa/danh-gia?page=1
2026-04-15 15:53:43,939 [WARNING]         [!] Không thấy dữ liệu hoặc Trống (Lần lỗi 1/5)
2026-04-15 15:53:45,538 [INFO]       - Đang quét Page 2: https://www.dienmayxanh.com/tivi/smart-tivi-qned-evo-lg-ai-4k-55-inch-55qned86asa/danh-gia?page=2
2026-04-15 15:53:53,389 [WARNING]         [!] Không thấy dữ liệu hoặc Trống (Lần lỗi 2/5)
2026-04-15 15:53:56,026 [INFO]  ✅ Hoàn tất cào sản phẩm: 337906
2026-04-15 15:53:56,027 [INFO] ♻️ Làm mới Session trình duyệt...
2026-04-15 15:53:57,108 [INFO]  -> [57/180] Lấy Breadcrumb & Review trang gốc: https://www.dienmayxanh.com/tivi/smart-tivi-qled-toshiba-ai-4k-65-inch-65m450rp?utm_flashsale=1
2026-04-15 15:54:34,201 [INFO]       - Đang quét Page 1: https://www.dienmayxanh.com/tivi/smart-tivi-qled-toshiba-ai-4k-65-inch-65m450rp/danh-gia?page=1
2026-04-15 15:55:09,223 [WARNING]         [!] Không thấy dữ liệu hoặc Trống (Lần lỗi 1/5)
2026-04-15 15:55:11,741 [INFO]       - Đang quét Page 2: https://www.dienmayxanh.com/tivi/smart-tivi-qled-toshiba-ai-4k-65-inch-65m450rp/danh-gia?page=2
2026-04-15 15:55:21,936 [WARNING]         [!] Không thấy dữ liệu hoặc Trống (Lần lỗi 2/5)
2026-04-15 15:55:24,222 [INFO]  ✅ Hoàn tất cào sản phẩm: 341444
2026-04-15 15:55:24,223 [INFO]  -> [58/180] Lấy Breadcrumb & Review trang gốc: https://www.dienmayxanh.com/tivi/google-tivi-xiaomi-a-fhd-43-inch-l43mb-afsea-2026?utm_flashsale=1
2026-04-15 15:55:39,593 [INFO]       ✅ Thu được 1 reviews từ trang gốc.
2026-04-15 15:55:39,593 [INFO]       - Đang quét Page 1: https://www.dienmayxanh.com/tivi/google-tivi-xiaomi-a-fhd-43-inch-l43mb-afsea-2026/danh-gia?page=1
2026-04-15 15:55:47,077 [WARNING]         [!] Không thấy dữ liệu hoặc Trống (Lần lỗi 1/5)
2026-04-15 15:55:48,627 [INFO]       - Đang quét Page 2: https://www.dienmayxanh.com/tivi/google-tivi-xiaomi-a-fhd-43-inch-l43mb-afsea-2026/danh-gia?page=2
2026-04-15 15:55:56,158 [WARNING]         [!] Không thấy dữ liệu hoặc Trống (Lần lỗi 2/5)
2026-04-15 15:55:58,206 [INFO]         💾 Đã lưu 1 reviews cuối.
2026-04-15 15:55:58,206 [INFO]  ✅ Hoàn tất cào sản phẩm: 343012
2026-04-15 15:55:58,207 [INFO]  -> [59/180] Lấy Breadcrumb & Review trang gốc: https://www.dienmayxanh.com/tivi/google-tivi-qled-xiaomi-a-pro-4k-43-inch-l43mb-apsea-2026?utm_flashsale=1
2026-04-15 15:56:36,057 [INFO]       ✅ Thu được 6 reviews từ trang gốc.
2026-04-15 15:56:36,057 [INFO]       - Đang quét Page 1: https://www.dienmayxanh.com/tivi/google-tivi-qled-xiaomi-a-pro-4k-43-inch-l43mb-apsea-2026/danh-gia?page=1
2026-04-15 15:56:59,076 [INFO]         ✅ Thêm 1 reviews mới từ Page 1.
2026-04-15 15:57:00,700 [INFO]       - Đang quét Page 2: https://www.dienmayxanh.com/tivi/google-tivi-qled-xiaomi-a-pro-4k-43-inch-l43mb-apsea-2026/danh-gia?page=2
2026-04-15 15:57:10,780 [WARNING]         [!] Không thấy dữ liệu hoặc Trống (Lần lỗi 1/5)
2026-04-15 15:57:13,233 [INFO]       - Đang quét Page 3: https://www.dienmayxanh.com/tivi/google-tivi-qled-xiaomi-a-pro-4k-43-inch-l43mb-apsea-2026/danh-gia?page=3
2026-04-15 15:57:23,710 [WARNING]         [!] Không thấy dữ liệu hoặc Trống (Lần lỗi 2/5)
2026-04-15 15:57:26,031 [INFO]         💾 Đã lưu 7 reviews cuối.
2026-04-15 15:57:26,032 [INFO]  ✅ Hoàn tất cào sản phẩm: 337716
2026-04-15 15:57:26,032 [INFO]  -> [60/180] Lấy Breadcrumb & Review trang gốc: https://www.dienmayxanh.com/tivi/google-tivi-sony-4k-50-inch-k-50s30
2026-04-15 15:58:03,610 [INFO]       ✅ Thu được 5 reviews từ trang gốc.
2026-04-15 15:58:03,610 [INFO]       - Đang quét Page 1: https://www.dienmayxanh.com/tivi/google-tivi-sony-4k-50-inch-k-50s30/danh-gia?page=1
2026-04-15 15:58:38,634 [WARNING]         [!] Không thấy dữ liệu hoặc Trống (Lần lỗi 1/5)
2026-04-15 15:58:40,316 [INFO]       - Đang quét Page 2: https://www.dienmayxanh.com/tivi/google-tivi-sony-4k-50-inch-k-50s30/danh-gia?page=2
2026-04-15 15:59:15,337 [WARNING]         [!] Không thấy dữ liệu hoặc Trống (Lần lỗi 2/5)
2026-04-15 15:59:17,530 [INFO]         💾 Đã lưu 5 reviews cuối.
2026-04-15 15:59:17,530 [INFO]  ✅ Hoàn tất cào sản phẩm: 325312
2026-04-15 15:59:17,531 [INFO]  -> [61/180] Lấy Breadcrumb & Review trang gốc: https://www.dienmayxanh.com/tivi/google-tivi-qled-tcl-ai-4k-55-inch-55p7k?utm_flashsale=1
2026-04-15 15:59:40,638 [INFO]       ✅ Thu được 1 reviews từ trang gốc.
2026-04-15 15:59:40,639 [INFO]       - Đang quét Page 1: https://www.dienmayxanh.com/tivi/google-tivi-qled-tcl-ai-4k-55-inch-55p7k/danh-gia?page=1
2026-04-15 15:59:49,448 [WARNING]         [!] Không thấy dữ liệu hoặc Trống (Lần lỗi 1/5)
2026-04-15 15:59:51,224 [INFO]       - Đang quét Page 2: https://www.dienmayxanh.com/tivi/google-tivi-qled-tcl-ai-4k-55-inch-55p7k/danh-gia?page=2
2026-04-15 15:59:58,666 [WARNING]         [!] Không thấy dữ liệu hoặc Trống (Lần lỗi 2/5)
2026-04-15 16:00:00,358 [INFO]         💾 Đã lưu 1 reviews cuối.
2026-04-15 16:00:00,358 [INFO]  ✅ Hoàn tất cào sản phẩm: 336205
2026-04-15 16:00:00,358 [INFO]  -> [62/180] Lấy Breadcrumb & Review trang gốc: https://www.dienmayxanh.com/tivi/smart-tivi-lg-ai-4k-43-inch-43ua8450psa?utm_flashsale=1
2026-04-15 16:00:28,614 [INFO]       - Đang quét Page 1: https://www.dienmayxanh.com/tivi/smart-tivi-lg-ai-4k-43-inch-43ua8450psa/danh-gia?page=1
2026-04-15 16:00:36,119 [WARNING]         [!] Không thấy dữ liệu hoặc Trống (Lần lỗi 1/5)
2026-04-15 16:00:38,380 [INFO]       - Đang quét Page 2: https://www.dienmayxanh.com/tivi/smart-tivi-lg-ai-4k-43-inch-43ua8450psa/danh-gia?page=2
2026-04-15 16:00:46,355 [WARNING]         [!] Không thấy dữ liệu hoặc Trống (Lần lỗi 2/5)
2026-04-15 16:00:49,201 [INFO]  ✅ Hoàn tất cào sản phẩm: 337821
2026-04-15 16:00:49,202 [INFO]  -> [63/180] Lấy Breadcrumb & Review trang gốc: https://www.dienmayxanh.com/tivi/smart-tivi-qned-evo-lg-ai-4k-65-inch-65qned86asa?utm_flashsale=1
2026-04-15 16:01:26,521 [INFO]       ✅ Thu được 1 reviews từ trang gốc.
2026-04-15 16:01:26,521 [INFO]       - Đang quét Page 1: https://www.dienmayxanh.com/tivi/smart-tivi-qned-evo-lg-ai-4k-65-inch-65qned86asa/danh-gia?page=1
2026-04-15 16:01:35,074 [WARNING]         [!] Không thấy dữ liệu hoặc Trống (Lần lỗi 1/5)
2026-04-15 16:01:36,874 [INFO]       - Đang quét Page 2: https://www.dienmayxanh.com/tivi/smart-tivi-qned-evo-lg-ai-4k-65-inch-65qned86asa/danh-gia?page=2
2026-04-15 16:01:44,385 [WARNING]         [!] Không thấy dữ liệu hoặc Trống (Lần lỗi 2/5)
2026-04-15 16:01:46,252 [INFO]         💾 Đã lưu 1 reviews cuối.
2026-04-15 16:01:46,252 [INFO]  ✅ Hoàn tất cào sản phẩm: 337905
2026-04-15 16:01:46,253 [INFO]  -> [64/180] Lấy Breadcrumb & Review trang gốc: https://www.dienmayxanh.com/tivi/smart-tivi-qled-samsung-ai-4k-50-inch-qa50q7fa?utm_flashsale=1
2026-04-15 16:02:04,040 [INFO]       - Đang quét Page 1: https://www.dienmayxanh.com/tivi/smart-tivi-qled-samsung-ai-4k-50-inch-qa50q7fa/danh-gia?page=1
2026-04-15 16:02:14,414 [WARNING]         [!] Không thấy dữ liệu hoặc Trống (Lần lỗi 1/5)
2026-04-15 16:02:16,683 [INFO]       - Đang quét Page 2: https://www.dienmayxanh.com/tivi/smart-tivi-qled-samsung-ai-4k-50-inch-qa50q7fa/danh-gia?page=2
2026-04-15 16:02:24,973 [WARNING]         [!] Không thấy dữ liệu hoặc Trống (Lần lỗi 2/5)
2026-04-15 16:02:27,528 [INFO]  ✅ Hoàn tất cào sản phẩm: 337134
2026-04-15 16:02:27,529 [INFO]  -> [65/180] Lấy Breadcrumb & Review trang gốc: https://www.dienmayxanh.com/tivi/smart-tivi-lg-ai-4k-50-inch-50ua8450psa?utm_flashsale=1
2026-04-15 16:02:55,662 [INFO]       - Đang quét Page 1: https://www.dienmayxanh.com/tivi/smart-tivi-lg-ai-4k-50-inch-50ua8450psa/danh-gia?page=1
2026-04-15 16:03:03,207 [WARNING]         [!] Không thấy dữ liệu hoặc Trống (Lần lỗi 1/5)
2026-04-15 16:03:05,489 [INFO]       - Đang quét Page 2: https://www.dienmayxanh.com/tivi/smart-tivi-lg-ai-4k-50-inch-50ua8450psa/danh-gia?page=2
2026-04-15 16:03:13,666 [WARNING]         [!] Không thấy dữ liệu hoặc Trống (Lần lỗi 2/5)
2026-04-15 16:03:16,495 [INFO]  ✅ Hoàn tất cào sản phẩm: 337820
2026-04-15 16:03:16,496 [INFO]  -> [66/180] Lấy Breadcrumb & Review trang gốc: https://www.dienmayxanh.com/tivi/smart-tivi-qned-lg-ai-4k-65-inch-65qned81asa?utm_flashsale=1
2026-04-15 16:03:29,413 [INFO]       ✅ Thu được 10 reviews từ trang gốc.
2026-04-15 16:03:29,413 [INFO]       - Đang quét Page 1: https://www.dienmayxanh.com/tivi/smart-tivi-qned-lg-ai-4k-65-inch-65qned81asa/danh-gia?page=1
2026-04-15 16:03:38,681 [INFO]         ✅ Thêm 15 reviews mới từ Page 1.
2026-04-15 16:03:38,683 [INFO]         💾 Đã lưu 21 reviews.
2026-04-15 16:03:40,354 [INFO]       - Đang quét Page 2: https://www.dienmayxanh.com/tivi/smart-tivi-qned-lg-ai-4k-65-inch-65qned81asa/danh-gia?page=2
2026-04-15 16:04:01,181 [INFO]         ✅ Thêm 20 reviews mới từ Page 2.
2026-04-15 16:04:01,182 [INFO]         💾 Đã lưu 20 reviews.
2026-04-15 16:04:03,005 [INFO]       - Đang quét Page 3: https://www.dienmayxanh.com/tivi/smart-tivi-qned-lg-ai-4k-65-inch-65qned81asa/danh-gia?page=3
2026-04-15 16:04:16,846 [INFO]         ✅ Thêm 20 reviews mới từ Page 3.
2026-04-15 16:04:16,848 [INFO]         💾 Đã lưu 20 reviews.
2026-04-15 16:04:18,733 [INFO]       - Đang quét Page 4: https://www.dienmayxanh.com/tivi/smart-tivi-qned-lg-ai-4k-65-inch-65qned81asa/danh-gia?page=4
2026-04-15 16:04:53,765 [WARNING]         [!] Không thấy dữ liệu hoặc Trống (Lần lỗi 1/5)
2026-04-15 16:04:56,722 [INFO]       - Đang quét Page 5: https://www.dienmayxanh.com/tivi/smart-tivi-qned-lg-ai-4k-65-inch-65qned81asa/danh-gia?page=5
2026-04-15 16:05:10,319 [INFO]         ✅ Thêm 20 reviews mới từ Page 5.
2026-04-15 16:05:10,320 [INFO]         💾 Đã lưu 20 reviews.
2026-04-15 16:05:12,521 [INFO]       - Đang quét Page 6: https://www.dienmayxanh.com/tivi/smart-tivi-qned-lg-ai-4k-65-inch-65qned81asa/danh-gia?page=6
2026-04-15 16:05:20,003 [INFO]         ✅ Thêm 2 reviews mới từ Page 6.
2026-04-15 16:05:22,113 [INFO]       - Đang quét Page 7: https://www.dienmayxanh.com/tivi/smart-tivi-qned-lg-ai-4k-65-inch-65qned81asa/danh-gia?page=7
2026-04-15 16:05:57,150 [WARNING]         [!] Không thấy dữ liệu hoặc Trống (Lần lỗi 1/5)
2026-04-15 16:05:58,790 [INFO]       - Đang quét Page 8: https://www.dienmayxanh.com/tivi/smart-tivi-qned-lg-ai-4k-65-inch-65qned81asa/danh-gia?page=8
2026-04-15 16:06:09,331 [WARNING]         [!] Không thấy dữ liệu hoặc Trống (Lần lỗi 2/5)
2026-04-15 16:06:11,914 [INFO]         💾 Đã lưu 2 reviews cuối.
2026-04-15 16:06:11,915 [INFO]  ✅ Hoàn tất cào sản phẩm: 337720
2026-04-15 16:06:11,915 [INFO] ♻️ Làm mới Session trình duyệt...
2026-04-15 16:06:12,943 [INFO]  -> [67/180] Lấy Breadcrumb & Review trang gốc: https://www.dienmayxanh.com/tivi/google-tivi-qled-xiaomi-a-pro-4k-55-inch-l55mb-apsea-2026?utm_flashsale=1
2026-04-15 16:06:29,097 [INFO]       - Đang quét Page 1: https://www.dienmayxanh.com/tivi/google-tivi-qled-xiaomi-a-pro-4k-55-inch-l55mb-apsea-2026/danh-gia?page=1
2026-04-15 16:06:38,325 [WARNING]         [!] Không thấy dữ liệu hoặc Trống (Lần lỗi 1/5)
2026-04-15 16:06:41,023 [INFO]       - Đang quét Page 2: https://www.dienmayxanh.com/tivi/google-tivi-qled-xiaomi-a-pro-4k-55-inch-l55mb-apsea-2026/danh-gia?page=2
2026-04-15 16:06:48,707 [WARNING]         [!] Không thấy dữ liệu hoặc Trống (Lần lỗi 2/5)
2026-04-15 16:06:51,397 [INFO]  ✅ Hoàn tất cào sản phẩm: 338005
2026-04-15 16:06:51,398 [INFO]  -> [68/180] Lấy Breadcrumb & Review trang gốc: https://www.dienmayxanh.com/tivi/smart-tivi-samsung-4k-65-inch-ua65cu8000
2026-04-15 16:07:29,698 [INFO]       ✅ Thu được 10 reviews từ trang gốc.
2026-04-15 16:07:29,699 [INFO]       - Đang quét Page 1: https://www.dienmayxanh.com/tivi/smart-tivi-samsung-4k-65-inch-ua65cu8000/danh-gia?page=1
2026-04-15 16:08:03,420 [WARNING]         [!] Không thấy dữ liệu hoặc Trống (Lần lỗi 1/5)
2026-04-15 16:08:05,961 [INFO]       - Đang quét Page 2: https://www.dienmayxanh.com/tivi/smart-tivi-samsung-4k-65-inch-ua65cu8000/danh-gia?page=2
2026-04-15 16:08:22,867 [INFO]         ✅ Thêm 20 reviews mới từ Page 2.
2026-04-15 16:08:22,868 [INFO]         💾 Đã lưu 26 reviews.
2026-04-15 16:08:24,656 [INFO]       - Đang quét Page 3: https://www.dienmayxanh.com/tivi/smart-tivi-samsung-4k-65-inch-ua65cu8000/danh-gia?page=3
2026-04-15 16:08:38,320 [INFO]         ✅ Thêm 20 reviews mới từ Page 3.
2026-04-15 16:08:38,321 [INFO]         💾 Đã lưu 20 reviews.
2026-04-15 16:08:40,695 [INFO]       - Đang quét Page 4: https://www.dienmayxanh.com/tivi/smart-tivi-samsung-4k-65-inch-ua65cu8000/danh-gia?page=4
2026-04-15 16:08:52,232 [INFO]         ✅ Thêm 20 reviews mới từ Page 4.
2026-04-15 16:08:52,234 [INFO]         💾 Đã lưu 20 reviews.
2026-04-15 16:08:54,687 [INFO]       - Đang quét Page 5: https://www.dienmayxanh.com/tivi/smart-tivi-samsung-4k-65-inch-ua65cu8000/danh-gia?page=5
2026-04-15 16:09:05,965 [INFO]         ✅ Thêm 20 reviews mới từ Page 5.
2026-04-15 16:09:05,967 [INFO]         💾 Đã lưu 20 reviews.
2026-04-15 16:09:08,018 [INFO]       - Đang quét Page 6: https://www.dienmayxanh.com/tivi/smart-tivi-samsung-4k-65-inch-ua65cu8000/danh-gia?page=6
2026-04-15 16:09:19,945 [INFO]         ✅ Thêm 20 reviews mới từ Page 6.
2026-04-15 16:09:19,946 [INFO]         💾 Đã lưu 20 reviews.
2026-04-15 16:09:22,455 [INFO]       - Đang quét Page 7: https://www.dienmayxanh.com/tivi/smart-tivi-samsung-4k-65-inch-ua65cu8000/danh-gia?page=7
2026-04-15 16:09:39,062 [INFO]         ✅ Thêm 20 reviews mới từ Page 7.
2026-04-15 16:09:39,063 [INFO]         💾 Đã lưu 20 reviews.
2026-04-15 16:09:41,630 [INFO]       - Đang quét Page 8: https://www.dienmayxanh.com/tivi/smart-tivi-samsung-4k-65-inch-ua65cu8000/danh-gia?page=8
2026-04-15 16:09:57,016 [INFO]         ✅ Thêm 20 reviews mới từ Page 8.
2026-04-15 16:09:57,018 [INFO]         💾 Đã lưu 20 reviews.
2026-04-15 16:09:58,917 [INFO]       - Đang quét Page 9: https://www.dienmayxanh.com/tivi/smart-tivi-samsung-4k-65-inch-ua65cu8000/danh-gia?page=9
2026-04-15 16:10:13,959 [INFO]         ✅ Thêm 20 reviews mới từ Page 9.
2026-04-15 16:10:13,960 [INFO]         💾 Đã lưu 20 reviews.
2026-04-15 16:10:16,202 [INFO]       - Đang quét Page 10: https://www.dienmayxanh.com/tivi/smart-tivi-samsung-4k-65-inch-ua65cu8000/danh-gia?page=10
2026-04-15 16:10:28,958 [INFO]         ✅ Thêm 20 reviews mới từ Page 10.
2026-04-15 16:10:28,960 [INFO]         💾 Đã lưu 20 reviews.
2026-04-15 16:10:31,020 [INFO]       - Đang quét Page 11: https://www.dienmayxanh.com/tivi/smart-tivi-samsung-4k-65-inch-ua65cu8000/danh-gia?page=11
2026-04-15 16:10:40,875 [INFO]         ✅ Thêm 20 reviews mới từ Page 11.
2026-04-15 16:10:40,876 [INFO]         💾 Đã lưu 20 reviews.
2026-04-15 16:10:43,266 [INFO]       - Đang quét Page 12: https://www.dienmayxanh.com/tivi/smart-tivi-samsung-4k-65-inch-ua65cu8000/danh-gia?page=12
2026-04-15 16:10:57,711 [INFO]         ✅ Thêm 19 reviews mới từ Page 12.
2026-04-15 16:11:00,473 [INFO]       - Đang quét Page 13: https://www.dienmayxanh.com/tivi/smart-tivi-samsung-4k-65-inch-ua65cu8000/danh-gia?page=13
2026-04-15 16:11:14,327 [INFO]         ✅ Thêm 20 reviews mới từ Page 13.
2026-04-15 16:11:14,328 [INFO]         💾 Đã lưu 39 reviews.
2026-04-15 16:11:16,408 [INFO]       - Đang quét Page 14: https://www.dienmayxanh.com/tivi/smart-tivi-samsung-4k-65-inch-ua65cu8000/danh-gia?page=14
2026-04-15 16:11:25,299 [INFO]         ✅ Thêm 20 reviews mới từ Page 14.
2026-04-15 16:11:25,300 [INFO]         💾 Đã lưu 20 reviews.
2026-04-15 16:11:27,234 [INFO]       - Đang quét Page 15: https://www.dienmayxanh.com/tivi/smart-tivi-samsung-4k-65-inch-ua65cu8000/danh-gia?page=15
2026-04-15 16:11:40,651 [INFO]         ✅ Thêm 20 reviews mới từ Page 15.
2026-04-15 16:11:40,652 [INFO]         💾 Đã lưu 20 reviews.
2026-04-15 16:11:42,239 [INFO]       - Đang quét Page 16: https://www.dienmayxanh.com/tivi/smart-tivi-samsung-4k-65-inch-ua65cu8000/danh-gia?page=16
2026-04-15 16:12:01,584 [INFO]         ✅ Thêm 20 reviews mới từ Page 16.
2026-04-15 16:12:01,586 [INFO]         💾 Đã lưu 20 reviews.
2026-04-15 16:12:03,453 [INFO]       - Đang quét Page 17: https://www.dienmayxanh.com/tivi/smart-tivi-samsung-4k-65-inch-ua65cu8000/danh-gia?page=17
2026-04-15 16:12:16,314 [INFO]         ✅ Thêm 19 reviews mới từ Page 17.
2026-04-15 16:12:18,685 [INFO]       - Đang quét Page 18: https://www.dienmayxanh.com/tivi/smart-tivi-samsung-4k-65-inch-ua65cu8000/danh-gia?page=18
2026-04-15 16:12:33,913 [INFO]         ✅ Thêm 20 reviews mới từ Page 18.
2026-04-15 16:12:33,915 [INFO]         💾 Đã lưu 39 reviews.
2026-04-15 16:12:36,352 [INFO]       - Đang quét Page 19: https://www.dienmayxanh.com/tivi/smart-tivi-samsung-4k-65-inch-ua65cu8000/danh-gia?page=19
2026-04-15 16:12:54,115 [INFO]         ✅ Thêm 10 reviews mới từ Page 19.
2026-04-15 16:12:56,712 [INFO]       - Đang quét Page 20: https://www.dienmayxanh.com/tivi/smart-tivi-samsung-4k-65-inch-ua65cu8000/danh-gia?page=20
2026-04-15 16:13:13,527 [WARNING]         [!] Không thấy dữ liệu hoặc Trống (Lần lỗi 1/5)
2026-04-15 16:13:15,801 [INFO]       - Đang quét Page 21: https://www.dienmayxanh.com/tivi/smart-tivi-samsung-4k-65-inch-ua65cu8000/danh-gia?page=21
2026-04-15 16:13:34,858 [WARNING]         [!] Không thấy dữ liệu hoặc Trống (Lần lỗi 2/5)
2026-04-15 16:13:36,851 [INFO]         💾 Đã lưu 10 reviews cuối.
2026-04-15 16:13:36,851 [INFO]  ✅ Hoàn tất cào sản phẩm: 303230
2026-04-15 16:13:36,852 [INFO]  -> [69/180] Lấy Breadcrumb & Review trang gốc: https://www.dienmayxanh.com/tivi/smart-tivi-oled-evo-lg-ai-4k-65-inch-oled65c5psa
2026-04-15 16:14:09,403 [INFO]       - Đang quét Page 1: https://www.dienmayxanh.com/tivi/smart-tivi-oled-evo-lg-ai-4k-65-inch-oled65c5psa/danh-gia?page=1
2026-04-15 16:14:16,943 [WARNING]         [!] Không thấy dữ liệu hoặc Trống (Lần lỗi 1/5)
2026-04-15 16:14:18,584 [INFO]       - Đang quét Page 2: https://www.dienmayxanh.com/tivi/smart-tivi-oled-evo-lg-ai-4k-65-inch-oled65c5psa/danh-gia?page=2
2026-04-15 16:14:26,171 [WARNING]         [!] Không thấy dữ liệu hoặc Trống (Lần lỗi 2/5)
2026-04-15 16:14:27,787 [INFO]  ✅ Hoàn tất cào sản phẩm: 337481
2026-04-15 16:14:27,787 [INFO]  -> [70/180] Lấy Breadcrumb & Review trang gốc: https://www.dienmayxanh.com/tivi/google-tivi-qd-mini-led-tcl-ai-4k-55-inch-55c6ks?utm_flashsale=1
2026-04-15 16:14:43,522 [INFO]       ✅ Thu được 2 reviews từ trang gốc.
2026-04-15 16:14:43,523 [INFO]       - Đang quét Page 1: https://www.dienmayxanh.com/tivi/google-tivi-qd-mini-led-tcl-ai-4k-55-inch-55c6ks/danh-gia?page=1
2026-04-15 16:14:51,074 [WARNING]         [!] Không thấy dữ liệu hoặc Trống (Lần lỗi 1/5)
2026-04-15 16:14:52,782 [INFO]       - Đang quét Page 2: https://www.dienmayxanh.com/tivi/google-tivi-qd-mini-led-tcl-ai-4k-55-inch-55c6ks/danh-gia?page=2
2026-04-15 16:15:00,474 [WARNING]         [!] Không thấy dữ liệu hoặc Trống (Lần lỗi 2/5)
2026-04-15 16:15:02,029 [INFO]         💾 Đã lưu 2 reviews cuối.
2026-04-15 16:15:02,029 [INFO]  ✅ Hoàn tất cào sản phẩm: 335746
2026-04-15 16:15:02,030 [INFO]  -> [71/180] Lấy Breadcrumb & Review trang gốc: https://www.dienmayxanh.com/tivi/smart-tivi-qned-lg-ai-4k-75-inch-75qned81asa
2026-04-15 16:15:38,202 [INFO]       ✅ Thu được 1 reviews từ trang gốc.
2026-04-15 16:15:38,202 [INFO]       - Đang quét Page 1: https://www.dienmayxanh.com/tivi/smart-tivi-qned-lg-ai-4k-75-inch-75qned81asa/danh-gia?page=1
2026-04-15 16:15:45,674 [WARNING]         [!] Không thấy dữ liệu hoặc Trống (Lần lỗi 1/5)
2026-04-15 16:15:47,474 [INFO]       - Đang quét Page 2: https://www.dienmayxanh.com/tivi/smart-tivi-qned-lg-ai-4k-75-inch-75qned81asa/danh-gia?page=2
2026-04-15 16:15:54,863 [WARNING]         [!] Không thấy dữ liệu hoặc Trống (Lần lỗi 2/5)
2026-04-15 16:15:56,419 [INFO]         💾 Đã lưu 1 reviews cuối.
2026-04-15 16:15:56,419 [INFO]  ✅ Hoàn tất cào sản phẩm: 337719
2026-04-15 16:15:56,420 [INFO]  -> [72/180] Lấy Breadcrumb & Review trang gốc: https://www.dienmayxanh.com/tivi/smart-tivi-qned-lg-ai-4k-55-inch-55qned81asa?utm_flashsale=1
2026-04-15 16:16:23,131 [INFO]       - Đang quét Page 1: https://www.dienmayxanh.com/tivi/smart-tivi-qned-lg-ai-4k-55-inch-55qned81asa/danh-gia?page=1
2026-04-15 16:16:31,762 [WARNING]         [!] Không thấy dữ liệu hoặc Trống (Lần lỗi 1/5)
2026-04-15 16:16:34,729 [INFO]       - Đang quét Page 2: https://www.dienmayxanh.com/tivi/smart-tivi-qned-lg-ai-4k-55-inch-55qned81asa/danh-gia?page=2
2026-04-15 16:16:42,169 [WARNING]         [!] Không thấy dữ liệu hoặc Trống (Lần lỗi 2/5)
2026-04-15 16:16:44,525 [INFO]  ✅ Hoàn tất cào sản phẩm: 337721
2026-04-15 16:16:44,526 [INFO]  -> [73/180] Lấy Breadcrumb & Review trang gốc: https://www.dienmayxanh.com/tivi/smart-tivi-oled-evo-lg-ai-4k-55-inch-oled55c5psa?utm_flashsale=1
2026-04-15 16:16:53,575 [INFO]       ✅ Thu được 2 reviews từ trang gốc.
2026-04-15 16:16:53,575 [INFO]       - Đang quét Page 1: https://www.dienmayxanh.com/tivi/smart-tivi-oled-evo-lg-ai-4k-55-inch-oled55c5psa/danh-gia?page=1
2026-04-15 16:17:01,157 [WARNING]         [!] Không thấy dữ liệu hoặc Trống (Lần lỗi 1/5)
2026-04-15 16:17:03,673 [INFO]       - Đang quét Page 2: https://www.dienmayxanh.com/tivi/smart-tivi-oled-evo-lg-ai-4k-55-inch-oled55c5psa/danh-gia?page=2
2026-04-15 16:17:11,692 [WARNING]         [!] Không thấy dữ liệu hoặc Trống (Lần lỗi 2/5)
2026-04-15 16:17:13,321 [INFO]         💾 Đã lưu 2 reviews cuối.
2026-04-15 16:17:13,321 [INFO]  ✅ Hoàn tất cào sản phẩm: 337482
2026-04-15 16:17:13,322 [INFO]  -> [74/180] Lấy Breadcrumb & Review trang gốc: https://www.dienmayxanh.com/tivi/google-tv-aqua-qled-4k-65-inch-aqt65s80eux?utm_flashsale=1
2026-04-15 16:17:33,340 [INFO]       ✅ Thu được 2 reviews từ trang gốc.
2026-04-15 16:17:33,340 [INFO]       - Đang quét Page 1: https://www.dienmayxanh.com/tivi/google-tv-aqua-qled-4k-65-inch-aqt65s80eux/danh-gia?page=1
2026-04-15 16:17:41,257 [WARNING]         [!] Không thấy dữ liệu hoặc Trống (Lần lỗi 1/5)
2026-04-15 16:17:43,111 [INFO]       - Đang quét Page 2: https://www.dienmayxanh.com/tivi/google-tv-aqua-qled-4k-65-inch-aqt65s80eux/danh-gia?page=2
2026-04-15 16:17:51,042 [WARNING]         [!] Không thấy dữ liệu hoặc Trống (Lần lỗi 2/5)
2026-04-15 16:17:52,907 [INFO]         💾 Đã lưu 2 reviews cuối.
2026-04-15 16:17:52,907 [INFO]  ✅ Hoàn tất cào sản phẩm: 327168
2026-04-15 16:17:52,908 [INFO]  -> [75/180] Lấy Breadcrumb & Review trang gốc: https://www.dienmayxanh.com/tivi/google-tv-aqua-qled-4k-50-inch-aqt50s800ux
2026-04-15 16:18:30,329 [INFO]       ✅ Thu được 3 reviews từ trang gốc.
2026-04-15 16:18:30,330 [INFO]       - Đang quét Page 1: https://www.dienmayxanh.com/tivi/google-tv-aqua-qled-4k-50-inch-aqt50s800ux/danh-gia?page=1
2026-04-15 16:19:05,349 [WARNING]         [!] Không thấy dữ liệu hoặc Trống (Lần lỗi 1/5)
2026-04-15 16:19:07,609 [INFO]       - Đang quét Page 2: https://www.dienmayxanh.com/tivi/google-tv-aqua-qled-4k-50-inch-aqt50s800ux/danh-gia?page=2
2026-04-15 16:19:42,634 [WARNING]         [!] Không thấy dữ liệu hoặc Trống (Lần lỗi 2/5)
2026-04-15 16:19:44,971 [INFO]         💾 Đã lưu 3 reviews cuối.
2026-04-15 16:19:44,971 [INFO]  ✅ Hoàn tất cào sản phẩm: 327170
2026-04-15 16:19:44,972 [INFO]  -> [76/180] Lấy Breadcrumb & Review trang gốc: https://www.dienmayxanh.com/tivi/smart-tivi-nanocell-lg-ai-4k-75-inch-75nano80asa?utm_flashsale=1
2026-04-15 16:20:00,480 [INFO]       ✅ Thu được 1 reviews từ trang gốc.
2026-04-15 16:20:00,480 [INFO]       - Đang quét Page 1: https://www.dienmayxanh.com/tivi/smart-tivi-nanocell-lg-ai-4k-75-inch-75nano80asa/danh-gia?page=1
2026-04-15 16:20:07,908 [WARNING]         [!] Không thấy dữ liệu hoặc Trống (Lần lỗi 1/5)
2026-04-15 16:20:10,811 [INFO]       - Đang quét Page 2: https://www.dienmayxanh.com/tivi/smart-tivi-nanocell-lg-ai-4k-75-inch-75nano80asa/danh-gia?page=2
2026-04-15 16:20:18,371 [WARNING]         [!] Không thấy dữ liệu hoặc Trống (Lần lỗi 2/5)
2026-04-15 16:20:20,005 [INFO]         💾 Đã lưu 1 reviews cuối.
2026-04-15 16:20:20,005 [INFO]  ✅ Hoàn tất cào sản phẩm: 337724
2026-04-15 16:20:20,005 [INFO] ♻️ Làm mới Session trình duyệt...
2026-04-15 16:20:21,109 [INFO]  -> [77/180] Lấy Breadcrumb & Review trang gốc: https://www.dienmayxanh.com/tivi/smart-tivi-hisense-4k-55-inch-55a6q?utm_flashsale=1
2026-04-15 16:20:58,583 [INFO]       ✅ Thu được 2 reviews từ trang gốc.
2026-04-15 16:20:58,584 [INFO]       - Đang quét Page 1: https://www.dienmayxanh.com/tivi/smart-tivi-hisense-4k-55-inch-55a6q/danh-gia?page=1
2026-04-15 16:21:08,058 [WARNING]         [!] Không thấy dữ liệu hoặc Trống (Lần lỗi 1/5)
2026-04-15 16:21:09,921 [INFO]       - Đang quét Page 2: https://www.dienmayxanh.com/tivi/smart-tivi-hisense-4k-55-inch-55a6q/danh-gia?page=2
2026-04-15 16:21:18,638 [WARNING]         [!] Không thấy dữ liệu hoặc Trống (Lần lỗi 2/5)
2026-04-15 16:21:20,985 [INFO]         💾 Đã lưu 2 reviews cuối.
2026-04-15 16:21:20,986 [INFO]  ✅ Hoàn tất cào sản phẩm: 338521
2026-04-15 16:21:20,987 [INFO]  -> [78/180] Lấy Breadcrumb & Review trang gốc: https://www.dienmayxanh.com/tivi/smart-tivi-samsung-4k-75-inch-ua75cu8000
2026-04-15 16:21:35,299 [INFO]       ✅ Thu được 3 reviews từ trang gốc.
2026-04-15 16:21:35,299 [INFO]       - Đang quét Page 1: https://www.dienmayxanh.com/tivi/smart-tivi-samsung-4k-75-inch-ua75cu8000/danh-gia?page=1
2026-04-15 16:21:44,861 [INFO]         ✅ Thêm 0 reviews mới từ Page 1.
2026-04-15 16:21:47,302 [INFO]       - Đang quét Page 2: https://www.dienmayxanh.com/tivi/smart-tivi-samsung-4k-75-inch-ua75cu8000/danh-gia?page=2
2026-04-15 16:22:05,266 [WARNING]         [!] Không thấy dữ liệu hoặc Trống (Lần lỗi 1/5)
2026-04-15 16:22:07,235 [INFO]       - Đang quét Page 3: https://www.dienmayxanh.com/tivi/smart-tivi-samsung-4k-75-inch-ua75cu8000/danh-gia?page=3
2026-04-15 16:22:16,932 [WARNING]         [!] Không thấy dữ liệu hoặc Trống (Lần lỗi 2/5)
2026-04-15 16:22:19,205 [INFO]         💾 Đã lưu 3 reviews cuối.
2026-04-15 16:22:19,206 [INFO]  ✅ Hoàn tất cào sản phẩm: 303229
2026-04-15 16:22:19,206 [INFO]  -> [79/180] Lấy Breadcrumb & Review trang gốc: https://www.dienmayxanh.com/tivi/smart-tivi-oled-samsung-ai-4k-55-inch-qa55s85f
2026-04-15 16:22:26,525 [INFO]       ✅ Thu được 1 reviews từ trang gốc.
2026-04-15 16:22:26,525 [INFO]       - Đang quét Page 1: https://www.dienmayxanh.com/tivi/smart-tivi-oled-samsung-ai-4k-55-inch-qa55s85f/danh-gia?page=1
2026-04-15 16:22:33,980 [WARNING]         [!] Không thấy dữ liệu hoặc Trống (Lần lỗi 1/5)
2026-04-15 16:22:36,442 [INFO]       - Đang quét Page 2: https://www.dienmayxanh.com/tivi/smart-tivi-oled-samsung-ai-4k-55-inch-qa55s85f/danh-gia?page=2
2026-04-15 16:22:43,987 [WARNING]         [!] Không thấy dữ liệu hoặc Trống (Lần lỗi 2/5)
2026-04-15 16:22:46,771 [INFO]         💾 Đã lưu 1 reviews cuối.
2026-04-15 16:22:46,772 [INFO]  ✅ Hoàn tất cào sản phẩm: 335301
2026-04-15 16:22:46,773 [INFO]  -> [80/180] Lấy Breadcrumb & Review trang gốc: https://www.dienmayxanh.com/tivi/smart-tivi-nanocell-lg-ai-4k-50-inch-50nano80asa?utm_flashsale=1
2026-04-15 16:22:53,604 [INFO]       - Đang quét Page 1: https://www.dienmayxanh.com/tivi/smart-tivi-nanocell-lg-ai-4k-50-inch-50nano80asa/danh-gia?page=1
2026-04-15 16:23:01,246 [WARNING]         [!] Không thấy dữ liệu hoặc Trống (Lần lỗi 1/5)
2026-04-15 16:23:03,046 [INFO]       - Đang quét Page 2: https://www.dienmayxanh.com/tivi/smart-tivi-nanocell-lg-ai-4k-50-inch-50nano80asa/danh-gia?page=2
2026-04-15 16:23:10,687 [WARNING]         [!] Không thấy dữ liệu hoặc Trống (Lần lỗi 2/5)
2026-04-15 16:23:12,592 [INFO]  ✅ Hoàn tất cào sản phẩm: 337727
2026-04-15 16:23:12,593 [INFO]  -> [81/180] Lấy Breadcrumb & Review trang gốc: https://www.dienmayxanh.com/tivi/google-tv-aqua-qled-4k-55-inch-aqt55s800ux?utm_flashsale=1
2026-04-15 16:23:21,830 [INFO]       ✅ Thu được 3 reviews từ trang gốc.
2026-04-15 16:23:21,830 [INFO]       - Đang quét Page 1: https://www.dienmayxanh.com/tivi/google-tv-aqua-qled-4k-55-inch-aqt55s800ux/danh-gia?page=1
2026-04-15 16:23:28,650 [INFO]         ✅ Thêm 0 reviews mới từ Page 1.
2026-04-15 16:23:31,476 [INFO]       - Đang quét Page 2: https://www.dienmayxanh.com/tivi/google-tv-aqua-qled-4k-55-inch-aqt55s800ux/danh-gia?page=2
2026-04-15 16:23:41,480 [WARNING]         [!] Không thấy dữ liệu hoặc Trống (Lần lỗi 1/5)
2026-04-15 16:23:43,026 [INFO]       - Đang quét Page 3: https://www.dienmayxanh.com/tivi/google-tv-aqua-qled-4k-55-inch-aqt55s800ux/danh-gia?page=3
2026-04-15 16:23:51,940 [WARNING]         [!] Không thấy dữ liệu hoặc Trống (Lần lỗi 2/5)
2026-04-15 16:23:54,369 [INFO]         💾 Đã lưu 3 reviews cuối.
2026-04-15 16:23:54,369 [INFO]  ✅ Hoàn tất cào sản phẩm: 327171
2026-04-15 16:23:54,370 [INFO]  -> [82/180] Lấy Breadcrumb & Review trang gốc: https://www.dienmayxanh.com/tivi/google-tivi-sony-4k-75-inch-k-75s25vm2?utm_flashsale=1
2026-04-15 16:24:01,140 [INFO]       - Đang quét Page 1: https://www.dienmayxanh.com/tivi/google-tivi-sony-4k-75-inch-k-75s25vm2/danh-gia?page=1
2026-04-15 16:24:08,686 [WARNING]         [!] Không thấy dữ liệu hoặc Trống (Lần lỗi 1/5)
2026-04-15 16:24:11,340 [INFO]       - Đang quét Page 2: https://www.dienmayxanh.com/tivi/google-tivi-sony-4k-75-inch-k-75s25vm2/danh-gia?page=2
2026-04-15 16:24:18,694 [WARNING]         [!] Không thấy dữ liệu hoặc Trống (Lần lỗi 2/5)
2026-04-15 16:24:20,431 [INFO]  ✅ Hoàn tất cào sản phẩm: 338781
2026-04-15 16:24:20,431 [INFO]  -> [83/180] Lấy Breadcrumb & Review trang gốc: https://www.dienmayxanh.com/tivi/google-tv-aqua-qled-4k-65-inch-aqt65s800ux?utm_flashsale=1
2026-04-15 16:24:27,262 [INFO]       ✅ Thu được 3 reviews từ trang gốc.
2026-04-15 16:24:27,262 [INFO]       - Đang quét Page 1: https://www.dienmayxanh.com/tivi/google-tv-aqua-qled-4k-65-inch-aqt65s800ux/danh-gia?page=1
2026-04-15 16:24:37,487 [INFO]         ✅ Thêm 0 reviews mới từ Page 1.
2026-04-15 16:24:40,225 [INFO]       - Đang quét Page 2: https://www.dienmayxanh.com/tivi/google-tv-aqua-qled-4k-65-inch-aqt65s800ux/danh-gia?page=2
2026-04-15 16:24:49,762 [WARNING]         [!] Không thấy dữ liệu hoặc Trống (Lần lỗi 1/5)
2026-04-15 16:24:52,096 [INFO]       - Đang quét Page 3: https://www.dienmayxanh.com/tivi/google-tv-aqua-qled-4k-65-inch-aqt65s800ux/danh-gia?page=3
2026-04-15 16:25:02,009 [WARNING]         [!] Không thấy dữ liệu hoặc Trống (Lần lỗi 2/5)
2026-04-15 16:25:03,771 [INFO]         💾 Đã lưu 3 reviews cuối.
2026-04-15 16:25:03,771 [INFO]  ✅ Hoàn tất cào sản phẩm: 327172
2026-04-15 16:25:03,772 [INFO]  -> [84/180] Lấy Breadcrumb & Review trang gốc: https://www.dienmayxanh.com/tivi/smart-tivi-hisense-4k-65-inch-65a6q?utm_flashsale=1
2026-04-15 16:25:14,627 [INFO]       ✅ Thu được 2 reviews từ trang gốc.
2026-04-15 16:25:14,627 [INFO]       - Đang quét Page 1: https://www.dienmayxanh.com/tivi/smart-tivi-hisense-4k-65-inch-65a6q/danh-gia?page=1
2026-04-15 16:25:22,060 [WARNING]         [!] Không thấy dữ liệu hoặc Trống (Lần lỗi 1/5)
2026-04-15 16:25:25,013 [INFO]       - Đang quét Page 2: https://www.dienmayxanh.com/tivi/smart-tivi-hisense-4k-65-inch-65a6q/danh-gia?page=2
2026-04-15 16:25:32,404 [WARNING]         [!] Không thấy dữ liệu hoặc Trống (Lần lỗi 2/5)
2026-04-15 16:25:34,792 [INFO]         💾 Đã lưu 2 reviews cuối.
2026-04-15 16:25:34,792 [INFO]  ✅ Hoàn tất cào sản phẩm: 338638
2026-04-15 16:25:34,792 [INFO]  -> [85/180] Lấy Breadcrumb & Review trang gốc: https://www.dienmayxanh.com/tivi/smart-tivi-samsung-4k-43-inch-ua43cu8000
2026-04-15 16:25:50,712 [INFO]       ✅ Thu được 10 reviews từ trang gốc.
2026-04-15 16:25:50,712 [INFO]       - Đang quét Page 1: https://www.dienmayxanh.com/tivi/smart-tivi-samsung-4k-43-inch-ua43cu8000/danh-gia?page=1
2026-04-15 16:25:57,896 [INFO]         ✅ Thêm 15 reviews mới từ Page 1.
2026-04-15 16:25:57,898 [INFO]         💾 Đã lưu 21 reviews.
2026-04-15 16:26:00,619 [INFO]       - Đang quét Page 2: https://www.dienmayxanh.com/tivi/smart-tivi-samsung-4k-43-inch-ua43cu8000/danh-gia?page=2
2026-04-15 16:26:05,897 [INFO]         ✅ Thêm 1 reviews mới từ Page 2.
2026-04-15 16:26:07,603 [INFO]       - Đang quét Page 3: https://www.dienmayxanh.com/tivi/smart-tivi-samsung-4k-43-inch-ua43cu8000/danh-gia?page=3
2026-04-15 16:26:16,582 [WARNING]         [!] Không thấy dữ liệu hoặc Trống (Lần lỗi 1/5)
2026-04-15 16:26:18,836 [INFO]       - Đang quét Page 4: https://www.dienmayxanh.com/tivi/smart-tivi-samsung-4k-43-inch-ua43cu8000/danh-gia?page=4
2026-04-15 16:26:28,246 [WARNING]         [!] Không thấy dữ liệu hoặc Trống (Lần lỗi 2/5)
2026-04-15 16:26:31,029 [INFO]         💾 Đã lưu 1 reviews cuối.
2026-04-15 16:26:31,030 [INFO]  ✅ Hoàn tất cào sản phẩm: 303233
2026-04-15 16:26:31,030 [INFO]  -> [86/180] Lấy Breadcrumb & Review trang gốc: https://www.dienmayxanh.com/tivi/smart-tivi-qled-samsung-4k-75-inch-qa75q6fa?utm_flashsale=1
2026-04-15 16:26:36,639 [INFO]       - Đang quét Page 1: https://www.dienmayxanh.com/tivi/smart-tivi-qled-samsung-4k-75-inch-qa75q6fa/danh-gia?page=1
2026-04-15 16:26:44,216 [WARNING]         [!] Không thấy dữ liệu hoặc Trống (Lần lỗi 1/5)
2026-04-15 16:26:47,111 [INFO]       - Đang quét Page 2: https://www.dienmayxanh.com/tivi/smart-tivi-qled-samsung-4k-75-inch-qa75q6fa/danh-gia?page=2
2026-04-15 16:26:54,543 [WARNING]         [!] Không thấy dữ liệu hoặc Trống (Lần lỗi 2/5)
2026-04-15 16:26:56,918 [INFO]  ✅ Hoàn tất cào sản phẩm: 354757
2026-04-15 16:26:56,918 [INFO] ♻️ Làm mới Session trình duyệt...
2026-04-15 16:26:58,222 [INFO]  -> [87/180] Lấy Breadcrumb & Review trang gốc: https://www.dienmayxanh.com/tivi/google-tivi-tcl-ai-4k-75-inch-75p6k?utm_flashsale=1
2026-04-15 16:27:23,358 [INFO]       ✅ Thu được 1 reviews từ trang gốc.
2026-04-15 16:27:23,358 [INFO]       - Đang quét Page 1: https://www.dienmayxanh.com/tivi/google-tivi-tcl-ai-4k-75-inch-75p6k/danh-gia?page=1
2026-04-15 16:27:31,181 [WARNING]         [!] Không thấy dữ liệu hoặc Trống (Lần lỗi 1/5)
2026-04-15 16:27:32,897 [INFO]       - Đang quét Page 2: https://www.dienmayxanh.com/tivi/google-tivi-tcl-ai-4k-75-inch-75p6k/danh-gia?page=2
2026-04-15 16:27:40,357 [WARNING]         [!] Không thấy dữ liệu hoặc Trống (Lần lỗi 2/5)
2026-04-15 16:27:42,160 [INFO]         💾 Đã lưu 1 reviews cuối.
2026-04-15 16:27:42,160 [INFO]  ✅ Hoàn tất cào sản phẩm: 339565
2026-04-15 16:27:42,161 [INFO]  -> [88/180] Lấy Breadcrumb & Review trang gốc: https://www.dienmayxanh.com/tivi/google-tivi-sony-4k-75-inch-k-75s30
2026-04-15 16:27:49,540 [INFO]       - Đang quét Page 1: https://www.dienmayxanh.com/tivi/google-tivi-sony-4k-75-inch-k-75s30/danh-gia?page=1
2026-04-15 16:28:02,139 [WARNING]         [!] Không thấy dữ liệu hoặc Trống (Lần lỗi 1/5)
2026-04-15 16:28:04,944 [INFO]       - Đang quét Page 2: https://www.dienmayxanh.com/tivi/google-tivi-sony-4k-75-inch-k-75s30/danh-gia?page=2
2026-04-15 16:28:12,804 [WARNING]         [!] Không thấy dữ liệu hoặc Trống (Lần lỗi 2/5)
2026-04-15 16:28:14,549 [INFO]  ✅ Hoàn tất cào sản phẩm: 325314
2026-04-15 16:28:14,550 [INFO]  -> [89/180] Lấy Breadcrumb & Review trang gốc: https://www.dienmayxanh.com/tivi/google-tivi-xiaomi-a-4k-55-inch-l55mb-asea-2026?utm_flashsale=1
2026-04-15 16:28:19,930 [INFO]       ✅ Thu được 1 reviews từ trang gốc.
2026-04-15 16:28:19,930 [INFO]       - Đang quét Page 1: https://www.dienmayxanh.com/tivi/google-tivi-xiaomi-a-4k-55-inch-l55mb-asea-2026/danh-gia?page=1
2026-04-15 16:28:27,470 [WARNING]         [!] Không thấy dữ liệu hoặc Trống (Lần lỗi 1/5)
2026-04-15 16:28:29,152 [INFO]       - Đang quét Page 2: https://www.dienmayxanh.com/tivi/google-tivi-xiaomi-a-4k-55-inch-l55mb-asea-2026/danh-gia?page=2
2026-04-15 16:28:36,532 [WARNING]         [!] Không thấy dữ liệu hoặc Trống (Lần lỗi 2/5)
2026-04-15 16:28:38,072 [INFO]         💾 Đã lưu 1 reviews cuối.
2026-04-15 16:28:38,073 [INFO]  ✅ Hoàn tất cào sản phẩm: 337715
2026-04-15 16:28:38,073 [INFO]  -> [90/180] Lấy Breadcrumb & Review trang gốc: https://www.dienmayxanh.com/tivi/smart-tivi-lg-ai-4k-75-inch-75ua8450psa?utm_flashsale=1
2026-04-15 16:28:54,348 [INFO]       - Đang quét Page 1: https://www.dienmayxanh.com/tivi/smart-tivi-lg-ai-4k-75-inch-75ua8450psa/danh-gia?page=1
2026-04-15 16:29:01,774 [WARNING]         [!] Không thấy dữ liệu hoặc Trống (Lần lỗi 1/5)
2026-04-15 16:29:03,603 [INFO]       - Đang quét Page 2: https://www.dienmayxanh.com/tivi/smart-tivi-lg-ai-4k-75-inch-75ua8450psa/danh-gia?page=2
2026-04-15 16:29:11,001 [WARNING]         [!] Không thấy dữ liệu hoặc Trống (Lần lỗi 2/5)
2026-04-15 16:29:13,272 [INFO]  ✅ Hoàn tất cào sản phẩm: 337817
2026-04-15 16:29:13,273 [INFO]  -> [91/180] Lấy Breadcrumb & Review trang gốc: https://www.dienmayxanh.com/tivi/google-tivi-qd-mini-led-tcl-ai-4k-65-inch-65c6ks?utm_flashsale=1
2026-04-15 16:29:30,146 [INFO]       ✅ Thu được 1 reviews từ trang gốc.
2026-04-15 16:29:30,146 [INFO]       - Đang quét Page 1: https://www.dienmayxanh.com/tivi/google-tivi-qd-mini-led-tcl-ai-4k-65-inch-65c6ks/danh-gia?page=1
2026-04-15 16:29:37,626 [WARNING]         [!] Không thấy dữ liệu hoặc Trống (Lần lỗi 1/5)
2026-04-15 16:29:40,074 [INFO]       - Đang quét Page 2: https://www.dienmayxanh.com/tivi/google-tivi-qd-mini-led-tcl-ai-4k-65-inch-65c6ks/danh-gia?page=2
2026-04-15 16:29:47,594 [WARNING]         [!] Không thấy dữ liệu hoặc Trống (Lần lỗi 2/5)
2026-04-15 16:29:50,138 [INFO]         💾 Đã lưu 1 reviews cuối.
2026-04-15 16:29:50,138 [INFO]  ✅ Hoàn tất cào sản phẩm: 335889
2026-04-15 16:29:50,138 [INFO]  -> [92/180] Lấy Breadcrumb & Review trang gốc: https://www.dienmayxanh.com/tivi/smart-tivi-qled-samsung-ai-4k-85-inch-qa85q7fa
2026-04-15 16:29:58,130 [INFO]       - Đang quét Page 1: https://www.dienmayxanh.com/tivi/smart-tivi-qled-samsung-ai-4k-85-inch-qa85q7fa/danh-gia?page=1
2026-04-15 16:30:06,107 [WARNING]         [!] Không thấy dữ liệu hoặc Trống (Lần lỗi 1/5)
2026-04-15 16:30:08,208 [INFO]       - Đang quét Page 2: https://www.dienmayxanh.com/tivi/smart-tivi-qled-samsung-ai-4k-85-inch-qa85q7fa/danh-gia?page=2
2026-04-15 16:30:15,687 [WARNING]         [!] Không thấy dữ liệu hoặc Trống (Lần lỗi 2/5)
2026-04-15 16:30:17,739 [INFO]  ✅ Hoàn tất cào sản phẩm: 336916
2026-04-15 16:30:17,740 [INFO]  -> [93/180] Lấy Breadcrumb & Review trang gốc: https://www.dienmayxanh.com/tivi/smart-tivi-qned-lg-ai-4k-43-inch-43qned81asa?utm_flashsale=1
2026-04-15 16:30:23,713 [INFO]       - Đang quét Page 1: https://www.dienmayxanh.com/tivi/smart-tivi-qned-lg-ai-4k-43-inch-43qned81asa/danh-gia?page=1
2026-04-15 16:30:31,253 [WARNING]         [!] Không thấy dữ liệu hoặc Trống (Lần lỗi 1/5)
2026-04-15 16:30:32,978 [INFO]       - Đang quét Page 2: https://www.dienmayxanh.com/tivi/smart-tivi-qned-lg-ai-4k-43-inch-43qned81asa/danh-gia?page=2
2026-04-15 16:30:40,481 [WARNING]         [!] Không thấy dữ liệu hoặc Trống (Lần lỗi 2/5)
2026-04-15 16:30:42,167 [INFO]  ✅ Hoàn tất cào sản phẩm: 337723
2026-04-15 16:30:42,168 [INFO]  -> [94/180] Lấy Breadcrumb & Review trang gốc: https://www.dienmayxanh.com/tivi/smart-tivi-neo-qled-samsung-ai-4k-75-inch-qa75qn70f
2026-04-15 16:30:52,296 [INFO]       ✅ Thu được 1 reviews từ trang gốc.
2026-04-15 16:30:52,296 [INFO]       - Đang quét Page 1: https://www.dienmayxanh.com/tivi/smart-tivi-neo-qled-samsung-ai-4k-75-inch-qa75qn70f/danh-gia?page=1
2026-04-15 16:30:59,807 [WARNING]         [!] Không thấy dữ liệu hoặc Trống (Lần lỗi 1/5)
2026-04-15 16:31:01,950 [INFO]       - Đang quét Page 2: https://www.dienmayxanh.com/tivi/smart-tivi-neo-qled-samsung-ai-4k-75-inch-qa75qn70f/danh-gia?page=2
2026-04-15 16:31:09,537 [WARNING]         [!] Không thấy dữ liệu hoặc Trống (Lần lỗi 2/5)
2026-04-15 16:31:11,460 [INFO]         💾 Đã lưu 1 reviews cuối.
2026-04-15 16:31:11,460 [INFO]  ✅ Hoàn tất cào sản phẩm: 337207
2026-04-15 16:31:11,461 [INFO]  -> [95/180] Lấy Breadcrumb & Review trang gốc: https://www.dienmayxanh.com/tivi/smart-tivi-qned-evo-lg-ai-4k-75-inch-75qned86asa
2026-04-15 16:31:17,260 [INFO]       - Đang quét Page 1: https://www.dienmayxanh.com/tivi/smart-tivi-qned-evo-lg-ai-4k-75-inch-75qned86asa/danh-gia?page=1
2026-04-15 16:31:24,804 [WARNING]         [!] Không thấy dữ liệu hoặc Trống (Lần lỗi 1/5)
2026-04-15 16:31:27,041 [INFO]       - Đang quét Page 2: https://www.dienmayxanh.com/tivi/smart-tivi-qned-evo-lg-ai-4k-75-inch-75qned86asa/danh-gia?page=2
2026-04-15 16:31:34,616 [WARNING]         [!] Không thấy dữ liệu hoặc Trống (Lần lỗi 2/5)
2026-04-15 16:31:36,465 [INFO]  ✅ Hoàn tất cào sản phẩm: 337904
2026-04-15 16:31:36,466 [INFO]  -> [96/180] Lấy Breadcrumb & Review trang gốc: https://www.dienmayxanh.com/tivi/smart-tivi-oled-evo-lg-ai-4k-77-inch-oled77c5psa
2026-04-15 16:31:40,756 [INFO]       - Đang quét Page 1: https://www.dienmayxanh.com/tivi/smart-tivi-oled-evo-lg-ai-4k-77-inch-oled77c5psa/danh-gia?page=1
2026-04-15 16:31:48,332 [WARNING]         [!] Không thấy dữ liệu hoặc Trống (Lần lỗi 1/5)
2026-04-15 16:31:50,113 [INFO]       - Đang quét Page 2: https://www.dienmayxanh.com/tivi/smart-tivi-oled-evo-lg-ai-4k-77-inch-oled77c5psa/danh-gia?page=2
2026-04-15 16:31:57,575 [WARNING]         [!] Không thấy dữ liệu hoặc Trống (Lần lỗi 2/5)
2026-04-15 16:32:00,325 [INFO]  ✅ Hoàn tất cào sản phẩm: 337480
2026-04-15 16:32:00,326 [INFO] ♻️ Làm mới Session trình duyệt...
2026-04-15 16:32:01,753 [INFO]  -> [97/180] Lấy Breadcrumb & Review trang gốc: https://www.dienmayxanh.com/tivi/smart-tivi-samsung-4k-85-inch-ua85u8500f
2026-04-15 16:32:29,743 [INFO]       - Đang quét Page 1: https://www.dienmayxanh.com/tivi/smart-tivi-samsung-4k-85-inch-ua85u8500f/danh-gia?page=1
2026-04-15 16:32:37,824 [WARNING]         [!] Không thấy dữ liệu hoặc Trống (Lần lỗi 1/5)
2026-04-15 16:32:40,278 [INFO]       - Đang quét Page 2: https://www.dienmayxanh.com/tivi/smart-tivi-samsung-4k-85-inch-ua85u8500f/danh-gia?page=2
2026-04-15 16:32:47,891 [WARNING]         [!] Không thấy dữ liệu hoặc Trống (Lần lỗi 2/5)
2026-04-15 16:32:50,846 [INFO]  ✅ Hoàn tất cào sản phẩm: 361211
2026-04-15 16:32:50,847 [INFO]  -> [98/180] Lấy Breadcrumb & Review trang gốc: https://www.dienmayxanh.com/tivi/tivi-qled-samsung-4k-43-inch-qa43q65d?utm_flashsale=1
2026-04-15 16:33:01,167 [INFO]       - Đang quét Page 1: https://www.dienmayxanh.com/tivi/tivi-qled-samsung-4k-43-inch-qa43q65d/danh-gia?page=1
2026-04-15 16:33:08,604 [WARNING]         [!] Không thấy dữ liệu hoặc Trống (Lần lỗi 1/5)
2026-04-15 16:33:10,674 [INFO]       - Đang quét Page 2: https://www.dienmayxanh.com/tivi/tivi-qled-samsung-4k-43-inch-qa43q65d/danh-gia?page=2
2026-04-15 16:33:21,240 [WARNING]         [!] Không thấy dữ liệu hoặc Trống (Lần lỗi 2/5)
2026-04-15 16:33:24,205 [INFO]  ✅ Hoàn tất cào sản phẩm: 322676
2026-04-15 16:33:24,205 [INFO]  -> [99/180] Lấy Breadcrumb & Review trang gốc: https://www.dienmayxanh.com/tivi/smart-tivi-mini-led-toshiba-ai-4k-65-inch-65z670rp
2026-04-15 16:33:31,026 [INFO]       - Đang quét Page 1: https://www.dienmayxanh.com/tivi/smart-tivi-mini-led-toshiba-ai-4k-65-inch-65z670rp/danh-gia?page=1
2026-04-15 16:33:38,490 [WARNING]         [!] Không thấy dữ liệu hoặc Trống (Lần lỗi 1/5)
2026-04-15 16:33:40,545 [INFO]       - Đang quét Page 2: https://www.dienmayxanh.com/tivi/smart-tivi-mini-led-toshiba-ai-4k-65-inch-65z670rp/danh-gia?page=2
2026-04-15 16:33:47,990 [WARNING]         [!] Không thấy dữ liệu hoặc Trống (Lần lỗi 2/5)
2026-04-15 16:33:50,760 [INFO]  ✅ Hoàn tất cào sản phẩm: 341445
2026-04-15 16:33:50,760 [INFO]  -> [100/180] Lấy Breadcrumb & Review trang gốc: https://www.dienmayxanh.com/tivi/smart-tivi-oled-samsung-ai-4k-65-inch-qa65s85f
2026-04-15 16:34:02,504 [INFO]       - Đang quét Page 1: https://www.dienmayxanh.com/tivi/smart-tivi-oled-samsung-ai-4k-65-inch-qa65s85f/danh-gia?page=1
2026-04-15 16:34:10,069 [WARNING]         [!] Không thấy dữ liệu hoặc Trống (Lần lỗi 1/5)
2026-04-15 16:34:12,267 [INFO]       - Đang quét Page 2: https://www.dienmayxanh.com/tivi/smart-tivi-oled-samsung-ai-4k-65-inch-qa65s85f/danh-gia?page=2
2026-04-15 16:34:19,981 [WARNING]         [!] Không thấy dữ liệu hoặc Trống (Lần lỗi 2/5)
2026-04-15 16:34:21,796 [INFO]  ✅ Hoàn tất cào sản phẩm: 335483
2026-04-15 16:34:21,797 [INFO]  -> [101/180] Lấy Breadcrumb & Review trang gốc: https://www.dienmayxanh.com/tivi/smart-tivi-qled-samsung-ai-4k-75-inch-qa75q7fa
2026-04-15 16:34:37,471 [INFO]       - Đang quét Page 1: https://www.dienmayxanh.com/tivi/smart-tivi-qled-samsung-ai-4k-75-inch-qa75q7fa/danh-gia?page=1
2026-04-15 16:34:44,967 [WARNING]         [!] Không thấy dữ liệu hoặc Trống (Lần lỗi 1/5)
2026-04-15 16:34:47,703 [INFO]       - Đang quét Page 2: https://www.dienmayxanh.com/tivi/smart-tivi-qled-samsung-ai-4k-75-inch-qa75q7fa/danh-gia?page=2
2026-04-15 16:34:55,287 [WARNING]         [!] Không thấy dữ liệu hoặc Trống (Lần lỗi 2/5)
2026-04-15 16:34:57,614 [INFO]  ✅ Hoàn tất cào sản phẩm: 337122
2026-04-15 16:34:57,615 [INFO]  -> [102/180] Lấy Breadcrumb & Review trang gốc: https://www.dienmayxanh.com/tivi/smart-tivi-nanocell-lg-ai-4k-86-inch-86nano80asa
2026-04-15 16:35:04,009 [INFO]       - Đang quét Page 1: https://www.dienmayxanh.com/tivi/smart-tivi-nanocell-lg-ai-4k-86-inch-86nano80asa/danh-gia?page=1
2026-04-15 16:35:11,449 [WARNING]         [!] Không thấy dữ liệu hoặc Trống (Lần lỗi 1/5)
2026-04-15 16:35:13,974 [INFO]       - Đang quét Page 2: https://www.dienmayxanh.com/tivi/smart-tivi-nanocell-lg-ai-4k-86-inch-86nano80asa/danh-gia?page=2
2026-04-15 16:35:21,487 [WARNING]         [!] Không thấy dữ liệu hoặc Trống (Lần lỗi 2/5)
2026-04-15 16:35:23,633 [INFO]  ✅ Hoàn tất cào sản phẩm: 337389
2026-04-15 16:35:23,634 [INFO]  -> [103/180] Lấy Breadcrumb & Review trang gốc: https://www.dienmayxanh.com/tivi/google-tivi-qd-mini-led-tcl-ai-4k-75-inch-75c6ks?utm_flashsale=1
2026-04-15 16:35:30,459 [INFO]       - Đang quét Page 1: https://www.dienmayxanh.com/tivi/google-tivi-qd-mini-led-tcl-ai-4k-75-inch-75c6ks/danh-gia?page=1
2026-04-15 16:35:37,967 [WARNING]         [!] Không thấy dữ liệu hoặc Trống (Lần lỗi 1/5)
2026-04-15 16:35:39,924 [INFO]       - Đang quét Page 2: https://www.dienmayxanh.com/tivi/google-tivi-qd-mini-led-tcl-ai-4k-75-inch-75c6ks/danh-gia?page=2
2026-04-15 16:35:47,368 [WARNING]         [!] Không thấy dữ liệu hoặc Trống (Lần lỗi 2/5)
2026-04-15 16:35:49,464 [INFO]  ✅ Hoàn tất cào sản phẩm: 335890
2026-04-15 16:35:49,464 [INFO]  -> [104/180] Lấy Breadcrumb & Review trang gốc: https://www.dienmayxanh.com/tivi/smart-tivi-qled-samsung-ai-4k-65-inch-qa65q7fa
2026-04-15 16:35:57,255 [INFO]       - Đang quét Page 1: https://www.dienmayxanh.com/tivi/smart-tivi-qled-samsung-ai-4k-65-inch-qa65q7fa/danh-gia?page=1
2026-04-15 16:36:04,691 [WARNING]         [!] Không thấy dữ liệu hoặc Trống (Lần lỗi 1/5)
2026-04-15 16:36:07,399 [INFO]       - Đang quét Page 2: https://www.dienmayxanh.com/tivi/smart-tivi-qled-samsung-ai-4k-65-inch-qa65q7fa/danh-gia?page=2
2026-04-15 16:36:15,109 [WARNING]         [!] Không thấy dữ liệu hoặc Trống (Lần lỗi 2/5)
2026-04-15 16:36:16,620 [INFO]  ✅ Hoàn tất cào sản phẩm: 337123
2026-04-15 16:36:16,621 [INFO]  -> [105/180] Lấy Breadcrumb & Review trang gốc: https://www.dienmayxanh.com/tivi/google-tivi-xiaomi-a-4k-65-inch-l65mb-asea-2026?utm_flashsale=1
2026-04-15 16:36:21,298 [INFO]       - Đang quét Page 1: https://www.dienmayxanh.com/tivi/google-tivi-xiaomi-a-4k-65-inch-l65mb-asea-2026/danh-gia?page=1
2026-04-15 16:36:28,756 [WARNING]         [!] Không thấy dữ liệu hoặc Trống (Lần lỗi 1/5)
2026-04-15 16:36:31,274 [INFO]       - Đang quét Page 2: https://www.dienmayxanh.com/tivi/google-tivi-xiaomi-a-4k-65-inch-l65mb-asea-2026/danh-gia?page=2
2026-04-15 16:36:39,758 [WARNING]         [!] Không thấy dữ liệu hoặc Trống (Lần lỗi 2/5)
2026-04-15 16:36:41,599 [INFO]  ✅ Hoàn tất cào sản phẩm: 338001
2026-04-15 16:36:41,600 [INFO]  -> [106/180] Lấy Breadcrumb & Review trang gốc: https://www.dienmayxanh.com/tivi/google-tivi-mini-led-sony-ai-4k-85-inch-k-85xr50
2026-04-15 16:36:48,015 [INFO]       - Đang quét Page 1: https://www.dienmayxanh.com/tivi/google-tivi-mini-led-sony-ai-4k-85-inch-k-85xr50/danh-gia?page=1
2026-04-15 16:36:55,428 [WARNING]         [!] Không thấy dữ liệu hoặc Trống (Lần lỗi 1/5)
2026-04-15 16:36:57,032 [INFO]       - Đang quét Page 2: https://www.dienmayxanh.com/tivi/google-tivi-mini-led-sony-ai-4k-85-inch-k-85xr50/danh-gia?page=2
2026-04-15 16:37:04,489 [WARNING]         [!] Không thấy dữ liệu hoặc Trống (Lần lỗi 2/5)
2026-04-15 16:37:07,228 [INFO]  ✅ Hoàn tất cào sản phẩm: 338522
2026-04-15 16:37:07,229 [INFO] ♻️ Làm mới Session trình duyệt...
2026-04-15 16:37:08,356 [INFO]  -> [107/180] Lấy Breadcrumb & Review trang gốc: https://www.dienmayxanh.com/tivi/google-tivi-mini-led-sony-ai-4k-65-inch-k-65xr50
2026-04-15 16:37:24,855 [INFO]       - Đang quét Page 1: https://www.dienmayxanh.com/tivi/google-tivi-mini-led-sony-ai-4k-65-inch-k-65xr50/danh-gia?page=1
2026-04-15 16:37:32,729 [WARNING]         [!] Không thấy dữ liệu hoặc Trống (Lần lỗi 1/5)
2026-04-15 16:37:34,417 [INFO]       - Đang quét Page 2: https://www.dienmayxanh.com/tivi/google-tivi-mini-led-sony-ai-4k-65-inch-k-65xr50/danh-gia?page=2
2026-04-15 16:37:41,856 [WARNING]         [!] Không thấy dữ liệu hoặc Trống (Lần lỗi 2/5)
2026-04-15 16:37:44,645 [INFO]  ✅ Hoàn tất cào sản phẩm: 338670
2026-04-15 16:37:44,645 [INFO]  -> [108/180] Lấy Breadcrumb & Review trang gốc: https://www.dienmayxanh.com/tivi/google-tivi-mini-led-sony-ai-4k-55-inch-k-55xr50
2026-04-15 16:37:57,232 [INFO]       - Đang quét Page 1: https://www.dienmayxanh.com/tivi/google-tivi-mini-led-sony-ai-4k-55-inch-k-55xr50/danh-gia?page=1
2026-04-15 16:38:04,666 [WARNING]         [!] Không thấy dữ liệu hoặc Trống (Lần lỗi 1/5)
2026-04-15 16:38:06,898 [INFO]       - Đang quét Page 2: https://www.dienmayxanh.com/tivi/google-tivi-mini-led-sony-ai-4k-55-inch-k-55xr50/danh-gia?page=2
2026-04-15 16:38:14,512 [WARNING]         [!] Không thấy dữ liệu hoặc Trống (Lần lỗi 2/5)
2026-04-15 16:38:16,731 [INFO]  ✅ Hoàn tất cào sản phẩm: 338671
2026-04-15 16:38:16,732 [INFO]  -> [109/180] Lấy Breadcrumb & Review trang gốc: https://www.dienmayxanh.com/tivi/smart-tivi-oled-lg-ai-4k-55-inch-oled55b5psa
2026-04-15 16:38:23,137 [INFO]       - Đang quét Page 1: https://www.dienmayxanh.com/tivi/smart-tivi-oled-lg-ai-4k-55-inch-oled55b5psa/danh-gia?page=1
2026-04-15 16:38:31,310 [WARNING]         [!] Không thấy dữ liệu hoặc Trống (Lần lỗi 1/5)
2026-04-15 16:38:33,639 [INFO]       - Đang quét Page 2: https://www.dienmayxanh.com/tivi/smart-tivi-oled-lg-ai-4k-55-inch-oled55b5psa/danh-gia?page=2
2026-04-15 16:38:41,075 [WARNING]         [!] Không thấy dữ liệu hoặc Trống (Lần lỗi 2/5)
2026-04-15 16:38:43,576 [INFO]  ✅ Hoàn tất cào sản phẩm: 337654
2026-04-15 16:38:43,577 [INFO]  -> [110/180] Lấy Breadcrumb & Review trang gốc: https://www.dienmayxanh.com/tivi/google-tivi-sony-4k-85-inch-k-85s30
2026-04-15 16:38:51,422 [INFO]       - Đang quét Page 1: https://www.dienmayxanh.com/tivi/google-tivi-sony-4k-85-inch-k-85s30/danh-gia?page=1
2026-04-15 16:39:00,049 [WARNING]         [!] Không thấy dữ liệu hoặc Trống (Lần lỗi 1/5)
2026-04-15 16:39:02,084 [INFO]       - Đang quét Page 2: https://www.dienmayxanh.com/tivi/google-tivi-sony-4k-85-inch-k-85s30/danh-gia?page=2
2026-04-15 16:39:13,577 [WARNING]         [!] Không thấy dữ liệu hoặc Trống (Lần lỗi 2/5)
2026-04-15 16:39:16,229 [INFO]  ✅ Hoàn tất cào sản phẩm: 325315
2026-04-15 16:39:16,230 [INFO]  -> [111/180] Lấy Breadcrumb & Review trang gốc: https://www.dienmayxanh.com/tivi/smart-tivi-samsung-4k-98-inch-ua98du9000
2026-04-15 16:39:22,323 [INFO]       ✅ Thu được 1 reviews từ trang gốc.
2026-04-15 16:39:22,323 [INFO]       - Đang quét Page 1: https://www.dienmayxanh.com/tivi/smart-tivi-samsung-4k-98-inch-ua98du9000/danh-gia?page=1
2026-04-15 16:39:31,055 [WARNING]         [!] Không thấy dữ liệu hoặc Trống (Lần lỗi 1/5)
2026-04-15 16:39:33,809 [INFO]       - Đang quét Page 2: https://www.dienmayxanh.com/tivi/smart-tivi-samsung-4k-98-inch-ua98du9000/danh-gia?page=2
2026-04-15 16:39:41,174 [WARNING]         [!] Không thấy dữ liệu hoặc Trống (Lần lỗi 2/5)
2026-04-15 16:39:43,338 [INFO]         💾 Đã lưu 1 reviews cuối.
2026-04-15 16:39:43,338 [INFO]  ✅ Hoàn tất cào sản phẩm: 325643
2026-04-15 16:39:43,339 [INFO]  -> [112/180] Lấy Breadcrumb & Review trang gốc: https://www.dienmayxanh.com/tivi/google-tivi-qled-tcl-ai-4k-65-inch-65p7k?utm_flashsale=1
2026-04-15 16:39:57,975 [INFO]       ✅ Thu được 1 reviews từ trang gốc.
2026-04-15 16:39:57,975 [INFO]       - Đang quét Page 1: https://www.dienmayxanh.com/tivi/google-tivi-qled-tcl-ai-4k-65-inch-65p7k/danh-gia?page=1
2026-04-15 16:40:06,478 [WARNING]         [!] Không thấy dữ liệu hoặc Trống (Lần lỗi 1/5)
2026-04-15 16:40:08,040 [INFO]       - Đang quét Page 2: https://www.dienmayxanh.com/tivi/google-tivi-qled-tcl-ai-4k-65-inch-65p7k/danh-gia?page=2
2026-04-15 16:40:15,718 [WARNING]         [!] Không thấy dữ liệu hoặc Trống (Lần lỗi 2/5)
2026-04-15 16:40:18,408 [INFO]         💾 Đã lưu 1 reviews cuối.
2026-04-15 16:40:18,408 [INFO]  ✅ Hoàn tất cào sản phẩm: 336206
2026-04-15 16:40:18,409 [INFO]  -> [113/180] Lấy Breadcrumb & Review trang gốc: https://www.dienmayxanh.com/tivi/smart-tivi-neo-qled-samsung-ai-4k-85-inch-qa85qn70f
2026-04-15 16:40:26,982 [INFO]       - Đang quét Page 1: https://www.dienmayxanh.com/tivi/smart-tivi-neo-qled-samsung-ai-4k-85-inch-qa85qn70f/danh-gia?page=1
2026-04-15 16:40:34,344 [WARNING]         [!] Không thấy dữ liệu hoặc Trống (Lần lỗi 1/5)
2026-04-15 16:40:36,535 [INFO]       - Đang quét Page 2: https://www.dienmayxanh.com/tivi/smart-tivi-neo-qled-samsung-ai-4k-85-inch-qa85qn70f/danh-gia?page=2
2026-04-15 16:40:45,048 [WARNING]         [!] Không thấy dữ liệu hoặc Trống (Lần lỗi 2/5)
2026-04-15 16:40:47,577 [INFO]  ✅ Hoàn tất cào sản phẩm: 336905
2026-04-15 16:40:47,578 [INFO]  -> [114/180] Lấy Breadcrumb & Review trang gốc: https://www.dienmayxanh.com/tivi/smart-tivi-oled-samsung-ai-4k-55-inch-qa55s90f?utm_flashsale=1
2026-04-15 16:40:55,646 [INFO]       - Đang quét Page 1: https://www.dienmayxanh.com/tivi/smart-tivi-oled-samsung-ai-4k-55-inch-qa55s90f/danh-gia?page=1
2026-04-15 16:41:03,025 [WARNING]         [!] Không thấy dữ liệu hoặc Trống (Lần lỗi 1/5)
2026-04-15 16:41:05,252 [INFO]       - Đang quét Page 2: https://www.dienmayxanh.com/tivi/smart-tivi-oled-samsung-ai-4k-55-inch-qa55s90f/danh-gia?page=2
2026-04-15 16:41:12,632 [WARNING]         [!] Không thấy dữ liệu hoặc Trống (Lần lỗi 2/5)
2026-04-15 16:41:15,159 [INFO]  ✅ Hoàn tất cào sản phẩm: 337212
2026-04-15 16:41:15,159 [INFO]  -> [115/180] Lấy Breadcrumb & Review trang gốc: https://www.dienmayxanh.com/tivi/smart-tivi-toshiba-ai-4k-75-inch-75c350rp?utm_flashsale=1
2026-04-15 16:41:21,104 [INFO]       - Đang quét Page 1: https://www.dienmayxanh.com/tivi/smart-tivi-toshiba-ai-4k-75-inch-75c350rp/danh-gia?page=1
2026-04-15 16:41:28,824 [WARNING]         [!] Không thấy dữ liệu hoặc Trống (Lần lỗi 1/5)
2026-04-15 16:41:31,622 [INFO]       - Đang quét Page 2: https://www.dienmayxanh.com/tivi/smart-tivi-toshiba-ai-4k-75-inch-75c350rp/danh-gia?page=2
2026-04-15 16:41:39,030 [WARNING]         [!] Không thấy dữ liệu hoặc Trống (Lần lỗi 2/5)
2026-04-15 16:41:41,903 [INFO]  ✅ Hoàn tất cào sản phẩm: 359104
2026-04-15 16:41:41,904 [INFO]  -> [116/180] Lấy Breadcrumb & Review trang gốc: https://www.dienmayxanh.com/tivi/google-tivi-qd-miniled-xiaomi-s-4k-55-inch-l55mc-ssea
2026-04-15 16:41:48,924 [INFO]       - Đang quét Page 1: https://www.dienmayxanh.com/tivi/google-tivi-qd-miniled-xiaomi-s-4k-55-inch-l55mc-ssea/danh-gia?page=1
2026-04-15 16:41:56,326 [WARNING]         [!] Không thấy dữ liệu hoặc Trống (Lần lỗi 1/5)
2026-04-15 16:41:58,104 [INFO]       - Đang quét Page 2: https://www.dienmayxanh.com/tivi/google-tivi-qd-miniled-xiaomi-s-4k-55-inch-l55mc-ssea/danh-gia?page=2
2026-04-15 16:42:05,461 [WARNING]         [!] Không thấy dữ liệu hoặc Trống (Lần lỗi 2/5)
2026-04-15 16:42:07,624 [INFO]  ✅ Hoàn tất cào sản phẩm: 364016
2026-04-15 16:42:07,625 [INFO] ♻️ Làm mới Session trình duyệt...
2026-04-15 16:42:08,583 [INFO]  -> [117/180] Lấy Breadcrumb & Review trang gốc: https://www.dienmayxanh.com/tivi/smart-qled-4k-55-inch-samsung-qa55q70b
2026-04-15 16:42:47,242 [INFO]       ✅ Thu được 10 reviews từ trang gốc.
2026-04-15 16:42:47,242 [INFO]       - Đang quét Page 1: https://www.dienmayxanh.com/tivi/smart-qled-4k-55-inch-samsung-qa55q70b/danh-gia?page=1
2026-04-15 16:43:04,728 [INFO]         ✅ Thêm 15 reviews mới từ Page 1.
2026-04-15 16:43:04,729 [INFO]         💾 Đã lưu 21 reviews.
2026-04-15 16:43:07,294 [INFO]       - Đang quét Page 2: https://www.dienmayxanh.com/tivi/smart-qled-4k-55-inch-samsung-qa55q70b/danh-gia?page=2
2026-04-15 16:43:16,636 [INFO]         ✅ Thêm 4 reviews mới từ Page 2.
2026-04-15 16:43:19,431 [INFO]       - Đang quét Page 3: https://www.dienmayxanh.com/tivi/smart-qled-4k-55-inch-samsung-qa55q70b/danh-gia?page=3
2026-04-15 16:43:28,989 [WARNING]         [!] Không thấy dữ liệu hoặc Trống (Lần lỗi 1/5)
2026-04-15 16:43:31,952 [INFO]       - Đang quét Page 4: https://www.dienmayxanh.com/tivi/smart-qled-4k-55-inch-samsung-qa55q70b/danh-gia?page=4
2026-04-15 16:43:43,021 [WARNING]         [!] Không thấy dữ liệu hoặc Trống (Lần lỗi 2/5)
2026-04-15 16:43:46,013 [INFO]         💾 Đã lưu 4 reviews cuối.
2026-04-15 16:43:46,013 [INFO]  ✅ Hoàn tất cào sản phẩm: 273369
2026-04-15 16:43:46,014 [INFO]  -> [118/180] Lấy Breadcrumb & Review trang gốc: https://www.dienmayxanh.com/tivi/smart-tivi-qled-4k-55-inch-samsung-qa55q80c
2026-04-15 16:44:20,720 [INFO]       ✅ Thu được 7 reviews từ trang gốc.
2026-04-15 16:44:20,720 [INFO]       - Đang quét Page 1: https://www.dienmayxanh.com/tivi/smart-tivi-qled-4k-55-inch-samsung-qa55q80c/danh-gia?page=1
2026-04-15 16:44:27,464 [INFO]         ✅ Thêm 2 reviews mới từ Page 1.
2026-04-15 16:44:29,504 [INFO]       - Đang quét Page 2: https://www.dienmayxanh.com/tivi/smart-tivi-qled-4k-55-inch-samsung-qa55q80c/danh-gia?page=2
2026-04-15 16:44:39,002 [WARNING]         [!] Không thấy dữ liệu hoặc Trống (Lần lỗi 1/5)
2026-04-15 16:44:41,415 [INFO]       - Đang quét Page 3: https://www.dienmayxanh.com/tivi/smart-tivi-qled-4k-55-inch-samsung-qa55q80c/danh-gia?page=3
2026-04-15 16:44:51,323 [WARNING]         [!] Không thấy dữ liệu hoặc Trống (Lần lỗi 2/5)
2026-04-15 16:44:53,939 [INFO]         💾 Đã lưu 8 reviews cuối.
2026-04-15 16:44:53,939 [INFO]  ✅ Hoàn tất cào sản phẩm: 303216
2026-04-15 16:44:53,942 [INFO]  -> [119/180] Lấy Breadcrumb & Review trang gốc: https://www.dienmayxanh.com/tivi/smart-tivi-samsung-4k-55-inch-ua55cu8000
2026-04-15 16:45:07,275 [INFO]       ✅ Thu được 10 reviews từ trang gốc.
2026-04-15 16:45:07,275 [INFO]       - Đang quét Page 1: https://www.dienmayxanh.com/tivi/smart-tivi-samsung-4k-55-inch-ua55cu8000/danh-gia?page=1
2026-04-15 16:45:14,578 [INFO]         ✅ Thêm 15 reviews mới từ Page 1.
2026-04-15 16:45:14,580 [INFO]         💾 Đã lưu 21 reviews.
2026-04-15 16:45:17,383 [INFO]       - Đang quét Page 2: https://www.dienmayxanh.com/tivi/smart-tivi-samsung-4k-55-inch-ua55cu8000/danh-gia?page=2
2026-04-15 16:45:26,011 [INFO]         ✅ Thêm 20 reviews mới từ Page 2.
2026-04-15 16:45:26,013 [INFO]         💾 Đã lưu 20 reviews.
2026-04-15 16:45:28,693 [INFO]       - Đang quét Page 3: https://www.dienmayxanh.com/tivi/smart-tivi-samsung-4k-55-inch-ua55cu8000/danh-gia?page=3
2026-04-15 16:45:38,386 [INFO]         ✅ Thêm 20 reviews mới từ Page 3.
2026-04-15 16:45:38,387 [INFO]         💾 Đã lưu 20 reviews.
2026-04-15 16:45:40,246 [INFO]       - Đang quét Page 4: https://www.dienmayxanh.com/tivi/smart-tivi-samsung-4k-55-inch-ua55cu8000/danh-gia?page=4
2026-04-15 16:45:48,673 [INFO]         ✅ Thêm 20 reviews mới từ Page 4.
2026-04-15 16:45:48,675 [INFO]         💾 Đã lưu 20 reviews.
2026-04-15 16:45:50,944 [INFO]       - Đang quét Page 5: https://www.dienmayxanh.com/tivi/smart-tivi-samsung-4k-55-inch-ua55cu8000/danh-gia?page=5
2026-04-15 16:45:59,741 [INFO]         ✅ Thêm 20 reviews mới từ Page 5.
2026-04-15 16:45:59,743 [INFO]         💾 Đã lưu 20 reviews.
2026-04-15 16:46:02,210 [INFO]       - Đang quét Page 6: https://www.dienmayxanh.com/tivi/smart-tivi-samsung-4k-55-inch-ua55cu8000/danh-gia?page=6
2026-04-15 16:46:11,043 [INFO]         ✅ Thêm 20 reviews mới từ Page 6.
2026-04-15 16:46:11,044 [INFO]         💾 Đã lưu 20 reviews.
2026-04-15 16:46:13,420 [INFO]       - Đang quét Page 7: https://www.dienmayxanh.com/tivi/smart-tivi-samsung-4k-55-inch-ua55cu8000/danh-gia?page=7
2026-04-15 16:46:22,093 [INFO]         ✅ Thêm 20 reviews mới từ Page 7.
2026-04-15 16:46:22,094 [INFO]         💾 Đã lưu 20 reviews.
2026-04-15 16:46:24,215 [INFO]       - Đang quét Page 8: https://www.dienmayxanh.com/tivi/smart-tivi-samsung-4k-55-inch-ua55cu8000/danh-gia?page=8
2026-04-15 16:46:33,361 [INFO]         ✅ Thêm 20 reviews mới từ Page 8.
2026-04-15 16:46:33,363 [INFO]         💾 Đã lưu 20 reviews.
2026-04-15 16:46:34,885 [INFO]       - Đang quét Page 9: https://www.dienmayxanh.com/tivi/smart-tivi-samsung-4k-55-inch-ua55cu8000/danh-gia?page=9
2026-04-15 16:46:42,922 [INFO]         ✅ Thêm 20 reviews mới từ Page 9.
2026-04-15 16:46:42,924 [INFO]         💾 Đã lưu 20 reviews.
2026-04-15 16:46:45,884 [INFO]       - Đang quét Page 10: https://www.dienmayxanh.com/tivi/smart-tivi-samsung-4k-55-inch-ua55cu8000/danh-gia?page=10
2026-04-15 16:46:55,247 [WARNING]         [!] Không thấy dữ liệu hoặc Trống (Lần lỗi 1/5)
2026-04-15 16:46:58,135 [INFO]       - Đang quét Page 11: https://www.dienmayxanh.com/tivi/smart-tivi-samsung-4k-55-inch-ua55cu8000/danh-gia?page=11
2026-04-15 16:47:06,424 [INFO]         ✅ Thêm 20 reviews mới từ Page 11.
2026-04-15 16:47:06,425 [INFO]         💾 Đã lưu 20 reviews.
2026-04-15 16:47:09,349 [INFO]       - Đang quét Page 12: https://www.dienmayxanh.com/tivi/smart-tivi-samsung-4k-55-inch-ua55cu8000/danh-gia?page=12
2026-04-15 16:47:17,749 [INFO]         ✅ Thêm 20 reviews mới từ Page 12.
2026-04-15 16:47:17,750 [INFO]         💾 Đã lưu 20 reviews.
2026-04-15 16:47:20,146 [INFO]       - Đang quét Page 13: https://www.dienmayxanh.com/tivi/smart-tivi-samsung-4k-55-inch-ua55cu8000/danh-gia?page=13
2026-04-15 16:47:29,193 [INFO]         ✅ Thêm 19 reviews mới từ Page 13.
2026-04-15 16:47:31,651 [INFO]       - Đang quét Page 14: https://www.dienmayxanh.com/tivi/smart-tivi-samsung-4k-55-inch-ua55cu8000/danh-gia?page=14
2026-04-15 16:47:40,075 [INFO]         ✅ Thêm 20 reviews mới từ Page 14.
2026-04-15 16:47:40,076 [INFO]         💾 Đã lưu 39 reviews.
2026-04-15 16:47:42,663 [INFO]       - Đang quét Page 15: https://www.dienmayxanh.com/tivi/smart-tivi-samsung-4k-55-inch-ua55cu8000/danh-gia?page=15
2026-04-15 16:47:51,526 [INFO]         ✅ Thêm 20 reviews mới từ Page 15.
2026-04-15 16:47:51,528 [INFO]         💾 Đã lưu 20 reviews.
2026-04-15 16:47:53,364 [INFO]       - Đang quét Page 16: https://www.dienmayxanh.com/tivi/smart-tivi-samsung-4k-55-inch-ua55cu8000/danh-gia?page=16
2026-04-15 16:48:01,738 [INFO]         ✅ Thêm 18 reviews mới từ Page 16.
2026-04-15 16:48:03,939 [INFO]       - Đang quét Page 17: https://www.dienmayxanh.com/tivi/smart-tivi-samsung-4k-55-inch-ua55cu8000/danh-gia?page=17
2026-04-15 16:48:12,123 [INFO]         ✅ Thêm 18 reviews mới từ Page 17.
2026-04-15 16:48:12,125 [INFO]         💾 Đã lưu 36 reviews.
2026-04-15 16:48:14,146 [INFO]       - Đang quét Page 18: https://www.dienmayxanh.com/tivi/smart-tivi-samsung-4k-55-inch-ua55cu8000/danh-gia?page=18
2026-04-15 16:48:22,746 [INFO]         ✅ Thêm 4 reviews mới từ Page 18.
2026-04-15 16:48:25,038 [INFO]       - Đang quét Page 19: https://www.dienmayxanh.com/tivi/smart-tivi-samsung-4k-55-inch-ua55cu8000/danh-gia?page=19
2026-04-15 16:48:37,854 [WARNING]         [!] Không thấy dữ liệu hoặc Trống (Lần lỗi 1/5)
2026-04-15 16:48:39,402 [INFO]       - Đang quét Page 20: https://www.dienmayxanh.com/tivi/smart-tivi-samsung-4k-55-inch-ua55cu8000/danh-gia?page=20
2026-04-15 16:48:48,267 [WARNING]         [!] Không thấy dữ liệu hoặc Trống (Lần lỗi 2/5)
2026-04-15 16:48:49,811 [INFO]         💾 Đã lưu 4 reviews cuối.
2026-04-15 16:48:49,812 [INFO]  ✅ Hoàn tất cào sản phẩm: 303231
2026-04-15 16:48:49,813 [INFO]  -> [120/180] Lấy Breadcrumb & Review trang gốc: https://www.dienmayxanh.com/tivi/google-tivi-qled-tcl-4k-65-inch-65c69b?utm_flashsale=1
2026-04-15 16:48:56,203 [INFO]       ✅ Thu được 2 reviews từ trang gốc.
2026-04-15 16:48:56,204 [INFO]       - Đang quét Page 1: https://www.dienmayxanh.com/tivi/google-tivi-qled-tcl-4k-65-inch-65c69b/danh-gia?page=1
2026-04-15 16:49:03,788 [WARNING]         [!] Không thấy dữ liệu hoặc Trống (Lần lỗi 1/5)
2026-04-15 16:49:05,791 [INFO]       - Đang quét Page 2: https://www.dienmayxanh.com/tivi/google-tivi-qled-tcl-4k-65-inch-65c69b/danh-gia?page=2
2026-04-15 16:49:13,253 [WARNING]         [!] Không thấy dữ liệu hoặc Trống (Lần lỗi 2/5)
2026-04-15 16:49:15,385 [INFO]         💾 Đã lưu 2 reviews cuối.
2026-04-15 16:49:15,385 [INFO]  ✅ Hoàn tất cào sản phẩm: 322962
2026-04-15 16:49:15,385 [INFO]  -> [121/180] Lấy Breadcrumb & Review trang gốc: https://www.dienmayxanh.com/tivi/google-tivi-mini-led-sony-4k-65-inch-k-65xr70
2026-04-15 16:49:21,275 [INFO]       ✅ Thu được 2 reviews từ trang gốc.
2026-04-15 16:49:21,276 [INFO]       - Đang quét Page 1: https://www.dienmayxanh.com/tivi/google-tivi-mini-led-sony-4k-65-inch-k-65xr70/danh-gia?page=1
2026-04-15 16:49:29,172 [WARNING]         [!] Không thấy dữ liệu hoặc Trống (Lần lỗi 1/5)
2026-04-15 16:49:31,355 [INFO]       - Đang quét Page 2: https://www.dienmayxanh.com/tivi/google-tivi-mini-led-sony-4k-65-inch-k-65xr70/danh-gia?page=2
2026-04-15 16:49:39,026 [WARNING]         [!] Không thấy dữ liệu hoặc Trống (Lần lỗi 2/5)
2026-04-15 16:49:41,413 [INFO]         💾 Đã lưu 2 reviews cuối.
2026-04-15 16:49:41,413 [INFO]  ✅ Hoàn tất cào sản phẩm: 325318
2026-04-15 16:49:41,413 [INFO]  -> [122/180] Lấy Breadcrumb & Review trang gốc: https://www.dienmayxanh.com/tivi/android-tivi-aqua-43-inch-aqt43k800ug
2026-04-15 16:49:51,166 [INFO]       - Đang quét Page 1: https://www.dienmayxanh.com/tivi/android-tivi-aqua-43-inch-aqt43k800ug/danh-gia?page=1
2026-04-15 16:49:58,907 [WARNING]         [!] Không thấy dữ liệu hoặc Trống (Lần lỗi 1/5)
2026-04-15 16:50:01,501 [INFO]       - Đang quét Page 2: https://www.dienmayxanh.com/tivi/android-tivi-aqua-43-inch-aqt43k800ug/danh-gia?page=2
2026-04-15 16:50:08,956 [WARNING]         [!] Không thấy dữ liệu hoặc Trống (Lần lỗi 2/5)
2026-04-15 16:50:10,703 [INFO]  ✅ Hoàn tất cào sản phẩm: 327163
2026-04-15 16:50:10,704 [INFO]  -> [123/180] Lấy Breadcrumb & Review trang gốc: https://www.dienmayxanh.com/tivi/smart-tivi-oled-samsung-ai-4k-65-inch-qa65s90f
2026-04-15 16:50:24,077 [INFO]       - Đang quét Page 1: https://www.dienmayxanh.com/tivi/smart-tivi-oled-samsung-ai-4k-65-inch-qa65s90f/danh-gia?page=1
2026-04-15 16:50:31,494 [WARNING]         [!] Không thấy dữ liệu hoặc Trống (Lần lỗi 1/5)
2026-04-15 16:50:34,247 [INFO]       - Đang quét Page 2: https://www.dienmayxanh.com/tivi/smart-tivi-oled-samsung-ai-4k-65-inch-qa65s90f/danh-gia?page=2
2026-04-15 16:50:43,020 [WARNING]         [!] Không thấy dữ liệu hoặc Trống (Lần lỗi 2/5)
2026-04-15 16:50:44,545 [INFO]  ✅ Hoàn tất cào sản phẩm: 337211
2026-04-15 16:50:44,546 [INFO]  -> [124/180] Lấy Breadcrumb & Review trang gốc: https://www.dienmayxanh.com/tivi/smart-tivi-qned-lg-ai-4k-86-inch-86qned81asa
2026-04-15 16:50:52,251 [INFO]       - Đang quét Page 1: https://www.dienmayxanh.com/tivi/smart-tivi-qned-lg-ai-4k-86-inch-86qned81asa/danh-gia?page=1
2026-04-15 16:51:00,844 [WARNING]         [!] Không thấy dữ liệu hoặc Trống (Lần lỗi 1/5)
2026-04-15 16:51:03,164 [INFO]       - Đang quét Page 2: https://www.dienmayxanh.com/tivi/smart-tivi-qned-lg-ai-4k-86-inch-86qned81asa/danh-gia?page=2
2026-04-15 16:51:10,627 [WARNING]         [!] Không thấy dữ liệu hoặc Trống (Lần lỗi 2/5)
2026-04-15 16:51:12,940 [INFO]  ✅ Hoàn tất cào sản phẩm: 337388
2026-04-15 16:51:12,941 [INFO]  -> [125/180] Lấy Breadcrumb & Review trang gốc: https://www.dienmayxanh.com/tivi/smart-tivi-lg-ai-4k-86-inch-86ua8450psa?utm_flashsale=1
2026-04-15 16:51:19,765 [INFO]       - Đang quét Page 1: https://www.dienmayxanh.com/tivi/smart-tivi-lg-ai-4k-86-inch-86ua8450psa/danh-gia?page=1
2026-04-15 16:51:27,330 [WARNING]         [!] Không thấy dữ liệu hoặc Trống (Lần lỗi 1/5)
2026-04-15 16:51:28,868 [INFO]       - Đang quét Page 2: https://www.dienmayxanh.com/tivi/smart-tivi-lg-ai-4k-86-inch-86ua8450psa/danh-gia?page=2
2026-04-15 16:51:41,440 [WARNING]         [!] Không thấy dữ liệu hoặc Trống (Lần lỗi 2/5)
2026-04-15 16:51:43,411 [INFO]  ✅ Hoàn tất cào sản phẩm: 337390
2026-04-15 16:51:43,412 [INFO]  -> [126/180] Lấy Breadcrumb & Review trang gốc: https://www.dienmayxanh.com/tivi/google-tivi-qled-xiaomi-a-pro-4k-65-inch-l65mb-apsea-2026?utm_flashsale=1
2026-04-15 16:51:50,538 [INFO]       - Đang quét Page 1: https://www.dienmayxanh.com/tivi/google-tivi-qled-xiaomi-a-pro-4k-65-inch-l65mb-apsea-2026/danh-gia?page=1
2026-04-15 16:51:57,979 [WARNING]         [!] Không thấy dữ liệu hoặc Trống (Lần lỗi 1/5)
2026-04-15 16:51:59,710 [INFO]       - Đang quét Page 2: https://www.dienmayxanh.com/tivi/google-tivi-qled-xiaomi-a-pro-4k-65-inch-l65mb-apsea-2026/danh-gia?page=2
2026-04-15 16:52:08,241 [WARNING]         [!] Không thấy dữ liệu hoặc Trống (Lần lỗi 2/5)
2026-04-15 16:52:10,891 [INFO]  ✅ Hoàn tất cào sản phẩm: 338006
2026-04-15 16:52:10,892 [INFO] ♻️ Làm mới Session trình duyệt...
2026-04-15 16:52:12,117 [INFO]  -> [127/180] Lấy Breadcrumb & Review trang gốc: https://www.dienmayxanh.com/tivi/google-tivi-qled-xiaomi-a-pro-4k-75-inch-l75mb-apsea-2026?utm_flashsale=1
2026-04-15 16:52:18,588 [INFO]       - Đang quét Page 1: https://www.dienmayxanh.com/tivi/google-tivi-qled-xiaomi-a-pro-4k-75-inch-l75mb-apsea-2026/danh-gia?page=1
2026-04-15 16:52:26,215 [WARNING]         [!] Không thấy dữ liệu hoặc Trống (Lần lỗi 1/5)
2026-04-15 16:52:28,863 [INFO]       - Đang quét Page 2: https://www.dienmayxanh.com/tivi/google-tivi-qled-xiaomi-a-pro-4k-75-inch-l75mb-apsea-2026/danh-gia?page=2
2026-04-15 16:52:36,310 [WARNING]         [!] Không thấy dữ liệu hoặc Trống (Lần lỗi 2/5)
2026-04-15 16:52:38,787 [INFO]  ✅ Hoàn tất cào sản phẩm: 338007
2026-04-15 16:52:38,788 [INFO]  -> [128/180] Lấy Breadcrumb & Review trang gốc: https://www.dienmayxanh.com/tivi/smart-tivi-qled-toshiba-ai-4k-75-inch-75m450rp?utm_flashsale=1
2026-04-15 16:52:46,087 [INFO]       - Đang quét Page 1: https://www.dienmayxanh.com/tivi/smart-tivi-qled-toshiba-ai-4k-75-inch-75m450rp/danh-gia?page=1
2026-04-15 16:52:53,698 [WARNING]         [!] Không thấy dữ liệu hoặc Trống (Lần lỗi 1/5)
2026-04-15 16:52:56,612 [INFO]       - Đang quét Page 2: https://www.dienmayxanh.com/tivi/smart-tivi-qled-toshiba-ai-4k-75-inch-75m450rp/danh-gia?page=2
2026-04-15 16:53:04,173 [WARNING]         [!] Không thấy dữ liệu hoặc Trống (Lần lỗi 2/5)
2026-04-15 16:53:06,858 [INFO]  ✅ Hoàn tất cào sản phẩm: 341446
2026-04-15 16:53:06,858 [INFO]  -> [129/180] Lấy Breadcrumb & Review trang gốc: https://www.dienmayxanh.com/tivi/google-tivi-qd-miniled-xiaomi-s-4k-65-inch-l65mc-ssea
2026-04-15 16:53:12,080 [INFO]       - Đang quét Page 1: https://www.dienmayxanh.com/tivi/google-tivi-qd-miniled-xiaomi-s-4k-65-inch-l65mc-ssea/danh-gia?page=1
2026-04-15 16:53:19,539 [WARNING]         [!] Không thấy dữ liệu hoặc Trống (Lần lỗi 1/5)
2026-04-15 16:53:21,500 [INFO]       - Đang quét Page 2: https://www.dienmayxanh.com/tivi/google-tivi-qd-miniled-xiaomi-s-4k-65-inch-l65mc-ssea/danh-gia?page=2
2026-04-15 16:53:29,968 [WARNING]         [!] Không thấy dữ liệu hoặc Trống (Lần lỗi 2/5)
2026-04-15 16:53:31,652 [INFO]  ✅ Hoàn tất cào sản phẩm: 364019
2026-04-15 16:53:31,653 [INFO]  -> [130/180] Lấy Breadcrumb & Review trang gốc: https://www.dienmayxanh.com/tivi/google-tivi-tcl-ai-4k-75-inch-75p69k?utm_flashsale=1
2026-04-15 16:53:36,629 [INFO]       - Đang quét Page 1: https://www.dienmayxanh.com/tivi/google-tivi-tcl-ai-4k-75-inch-75p69k/danh-gia?page=1
2026-04-15 16:53:44,270 [WARNING]         [!] Không thấy dữ liệu hoặc Trống (Lần lỗi 1/5)
2026-04-15 16:53:47,221 [INFO]       - Đang quét Page 2: https://www.dienmayxanh.com/tivi/google-tivi-tcl-ai-4k-75-inch-75p69k/danh-gia?page=2
2026-04-15 16:53:54,713 [WARNING]         [!] Không thấy dữ liệu hoặc Trống (Lần lỗi 2/5)
2026-04-15 16:53:56,771 [INFO]  ✅ Hoàn tất cào sản phẩm: 336058
2026-04-15 16:53:56,772 [INFO]  -> [131/180] Lấy Breadcrumb & Review trang gốc: https://www.dienmayxanh.com/tivi/smart-tivi-khung-tranh-the-frame-qled-samsung-ai-4k-55-inch-qa55ls03f
2026-04-15 16:54:02,381 [INFO]       - Đang quét Page 1: https://www.dienmayxanh.com/tivi/smart-tivi-khung-tranh-the-frame-qled-samsung-ai-4k-55-inch-qa55ls03f/danh-gia?page=1
2026-04-15 16:54:09,792 [WARNING]         [!] Không thấy dữ liệu hoặc Trống (Lần lỗi 1/5)
2026-04-15 16:54:12,627 [INFO]       - Đang quét Page 2: https://www.dienmayxanh.com/tivi/smart-tivi-khung-tranh-the-frame-qled-samsung-ai-4k-55-inch-qa55ls03f/danh-gia?page=2
2026-04-15 16:54:20,030 [WARNING]         [!] Không thấy dữ liệu hoặc Trống (Lần lỗi 2/5)
2026-04-15 16:54:22,001 [INFO]  ✅ Hoàn tất cào sản phẩm: 337163
2026-04-15 16:54:22,001 [INFO]  -> [132/180] Lấy Breadcrumb & Review trang gốc: https://www.dienmayxanh.com/tivi/smart-tivi-neo-qled-samsung-ai-4k-65-inch-qa65qn85f
2026-04-15 16:54:30,277 [INFO]       - Đang quét Page 1: https://www.dienmayxanh.com/tivi/smart-tivi-neo-qled-samsung-ai-4k-65-inch-qa65qn85f/danh-gia?page=1
2026-04-15 16:54:37,736 [WARNING]         [!] Không thấy dữ liệu hoặc Trống (Lần lỗi 1/5)
2026-04-15 16:54:40,506 [INFO]       - Đang quét Page 2: https://www.dienmayxanh.com/tivi/smart-tivi-neo-qled-samsung-ai-4k-65-inch-qa65qn85f/danh-gia?page=2
2026-04-15 16:54:48,005 [WARNING]         [!] Không thấy dữ liệu hoặc Trống (Lần lỗi 2/5)
2026-04-15 16:54:50,685 [INFO]  ✅ Hoàn tất cào sản phẩm: 337229
2026-04-15 16:54:50,686 [INFO]  -> [133/180] Lấy Breadcrumb & Review trang gốc: https://www.dienmayxanh.com/tivi/smart-tivi-oled-lg-ai-4k-65-inch-oled65b5psa
2026-04-15 16:55:05,888 [INFO]       - Đang quét Page 1: https://www.dienmayxanh.com/tivi/smart-tivi-oled-lg-ai-4k-65-inch-oled65b5psa/danh-gia?page=1
2026-04-15 16:55:13,284 [WARNING]         [!] Không thấy dữ liệu hoặc Trống (Lần lỗi 1/5)
2026-04-15 16:55:15,693 [INFO]       - Đang quét Page 2: https://www.dienmayxanh.com/tivi/smart-tivi-oled-lg-ai-4k-65-inch-oled65b5psa/danh-gia?page=2
2026-04-15 16:55:23,103 [WARNING]         [!] Không thấy dữ liệu hoặc Trống (Lần lỗi 2/5)
2026-04-15 16:55:25,294 [INFO]  ✅ Hoàn tất cào sản phẩm: 337653
2026-04-15 16:55:25,295 [INFO]  -> [134/180] Lấy Breadcrumb & Review trang gốc: https://www.dienmayxanh.com/tivi/tivi-qled-samsung-4k-65-inch-qa65q80d
2026-04-15 16:55:32,226 [INFO]       - Đang quét Page 1: https://www.dienmayxanh.com/tivi/tivi-qled-samsung-4k-65-inch-qa65q80d/danh-gia?page=1
2026-04-15 16:55:39,725 [WARNING]         [!] Không thấy dữ liệu hoặc Trống (Lần lỗi 1/5)
2026-04-15 16:55:42,560 [INFO]       - Đang quét Page 2: https://www.dienmayxanh.com/tivi/tivi-qled-samsung-4k-65-inch-qa65q80d/danh-gia?page=2
2026-04-15 16:55:50,304 [WARNING]         [!] Không thấy dữ liệu hoặc Trống (Lần lỗi 2/5)
2026-04-15 16:55:52,976 [INFO]  ✅ Hoàn tất cào sản phẩm: 322660
2026-04-15 16:55:52,977 [INFO]  -> [135/180] Lấy Breadcrumb & Review trang gốc: https://www.dienmayxanh.com/tivi/tivi-oled-lg-4k-55-inch-55c4psa?utm_flashsale=1
2026-04-15 16:56:00,010 [INFO]       ✅ Thu được 10 reviews từ trang gốc.
2026-04-15 16:56:00,010 [INFO]       - Đang quét Page 1: https://www.dienmayxanh.com/tivi/tivi-oled-lg-4k-55-inch-55c4psa/danh-gia?page=1
2026-04-15 16:56:07,759 [INFO]         ✅ Thêm 15 reviews mới từ Page 1.
2026-04-15 16:56:07,761 [INFO]         💾 Đã lưu 21 reviews.
2026-04-15 16:56:10,652 [INFO]       - Đang quét Page 2: https://www.dienmayxanh.com/tivi/tivi-oled-lg-4k-55-inch-55c4psa/danh-gia?page=2
2026-04-15 16:56:18,729 [INFO]         ✅ Thêm 20 reviews mới từ Page 2.
2026-04-15 16:56:18,730 [INFO]         💾 Đã lưu 20 reviews.
2026-04-15 16:56:20,763 [INFO]       - Đang quét Page 3: https://www.dienmayxanh.com/tivi/tivi-oled-lg-4k-55-inch-55c4psa/danh-gia?page=3
2026-04-15 16:56:27,063 [INFO]         ✅ Thêm 13 reviews mới từ Page 3.
2026-04-15 16:56:29,143 [INFO]       - Đang quét Page 4: https://www.dienmayxanh.com/tivi/tivi-oled-lg-4k-55-inch-55c4psa/danh-gia?page=4
2026-04-15 16:56:38,033 [WARNING]         [!] Không thấy dữ liệu hoặc Trống (Lần lỗi 1/5)
2026-04-15 16:56:40,066 [INFO]       - Đang quét Page 5: https://www.dienmayxanh.com/tivi/tivi-oled-lg-4k-55-inch-55c4psa/danh-gia?page=5
2026-04-15 16:56:48,820 [WARNING]         [!] Không thấy dữ liệu hoặc Trống (Lần lỗi 2/5)
2026-04-15 16:56:51,143 [INFO]         💾 Đã lưu 13 reviews cuối.
2026-04-15 16:56:51,144 [INFO]  ✅ Hoàn tất cào sản phẩm: 324908
2026-04-15 16:56:51,145 [INFO]  -> [136/180] Lấy Breadcrumb & Review trang gốc: https://www.dienmayxanh.com/tivi/google-tivi-mini-led-sony-4k-85-inch-k-85xr90
2026-04-15 16:56:56,420 [INFO]       - Đang quét Page 1: https://www.dienmayxanh.com/tivi/google-tivi-mini-led-sony-4k-85-inch-k-85xr90/danh-gia?page=1
2026-04-15 16:57:03,843 [WARNING]         [!] Không thấy dữ liệu hoặc Trống (Lần lỗi 1/5)
2026-04-15 16:57:06,042 [INFO]       - Đang quét Page 2: https://www.dienmayxanh.com/tivi/google-tivi-mini-led-sony-4k-85-inch-k-85xr90/danh-gia?page=2
2026-04-15 16:57:13,616 [WARNING]         [!] Không thấy dữ liệu hoặc Trống (Lần lỗi 2/5)
2026-04-15 16:57:15,636 [INFO]  ✅ Hoàn tất cào sản phẩm: 325321
2026-04-15 16:57:15,636 [INFO] ♻️ Làm mới Session trình duyệt...
2026-04-15 16:57:16,866 [INFO]  -> [137/180] Lấy Breadcrumb & Review trang gốc: https://www.dienmayxanh.com/tivi/google-tv-aqua-qled-4k-85-inch-aqt85s800ux
2026-04-15 16:57:25,760 [INFO]       - Đang quét Page 1: https://www.dienmayxanh.com/tivi/google-tv-aqua-qled-4k-85-inch-aqt85s800ux/danh-gia?page=1
2026-04-15 16:57:34,578 [WARNING]         [!] Không thấy dữ liệu hoặc Trống (Lần lỗi 1/5)
2026-04-15 16:57:36,243 [INFO]       - Đang quét Page 2: https://www.dienmayxanh.com/tivi/google-tv-aqua-qled-4k-85-inch-aqt85s800ux/danh-gia?page=2
2026-04-15 16:57:43,782 [WARNING]         [!] Không thấy dữ liệu hoặc Trống (Lần lỗi 2/5)
2026-04-15 16:57:46,349 [INFO]  ✅ Hoàn tất cào sản phẩm: 327174
2026-04-15 16:57:46,349 [INFO]  -> [138/180] Lấy Breadcrumb & Review trang gốc: https://www.dienmayxanh.com/tivi/google-tivi-qd-mini-led-tcl-ai-4k-85-inch-85c6k?utm_flashsale=1
2026-04-15 16:57:53,297 [INFO]       - Đang quét Page 1: https://www.dienmayxanh.com/tivi/google-tivi-qd-mini-led-tcl-ai-4k-85-inch-85c6k/danh-gia?page=1
2026-04-15 16:58:01,906 [WARNING]         [!] Không thấy dữ liệu hoặc Trống (Lần lỗi 1/5)
2026-04-15 16:58:04,089 [INFO]       - Đang quét Page 2: https://www.dienmayxanh.com/tivi/google-tivi-qd-mini-led-tcl-ai-4k-85-inch-85c6k/danh-gia?page=2
2026-04-15 16:58:11,501 [WARNING]         [!] Không thấy dữ liệu hoặc Trống (Lần lỗi 2/5)
2026-04-15 16:58:14,022 [INFO]  ✅ Hoàn tất cào sản phẩm: 335891
2026-04-15 16:58:14,022 [INFO]  -> [139/180] Lấy Breadcrumb & Review trang gốc: https://www.dienmayxanh.com/tivi/google-tivi-qled-tcl-ai-4k-75-inch-75p7k?utm_flashsale=1
2026-04-15 16:58:25,909 [INFO]       - Đang quét Page 1: https://www.dienmayxanh.com/tivi/google-tivi-qled-tcl-ai-4k-75-inch-75p7k/danh-gia?page=1
2026-04-15 16:58:35,384 [WARNING]         [!] Không thấy dữ liệu hoặc Trống (Lần lỗi 1/5)
2026-04-15 16:58:37,421 [INFO]       - Đang quét Page 2: https://www.dienmayxanh.com/tivi/google-tivi-qled-tcl-ai-4k-75-inch-75p7k/danh-gia?page=2
2026-04-15 16:58:45,199 [WARNING]         [!] Không thấy dữ liệu hoặc Trống (Lần lỗi 2/5)
2026-04-15 16:58:47,763 [INFO]  ✅ Hoàn tất cào sản phẩm: 336207
2026-04-15 16:58:47,763 [INFO]  -> [140/180] Lấy Breadcrumb & Review trang gốc: https://www.dienmayxanh.com/tivi/smart-tivi-khung-tranh-the-frame-qled-samsung-ai-4k-75-inch-qa75ls03f
2026-04-15 16:58:55,223 [INFO]       - Đang quét Page 1: https://www.dienmayxanh.com/tivi/smart-tivi-khung-tranh-the-frame-qled-samsung-ai-4k-75-inch-qa75ls03f/danh-gia?page=1
2026-04-15 16:59:02,720 [WARNING]         [!] Không thấy dữ liệu hoặc Trống (Lần lỗi 1/5)
2026-04-15 16:59:04,779 [INFO]       - Đang quét Page 2: https://www.dienmayxanh.com/tivi/smart-tivi-khung-tranh-the-frame-qled-samsung-ai-4k-75-inch-qa75ls03f/danh-gia?page=2
2026-04-15 16:59:12,357 [WARNING]         [!] Không thấy dữ liệu hoặc Trống (Lần lỗi 2/5)
2026-04-15 16:59:14,618 [INFO]  ✅ Hoàn tất cào sản phẩm: 336920
2026-04-15 16:59:14,619 [INFO]  -> [141/180] Lấy Breadcrumb & Review trang gốc: https://www.dienmayxanh.com/tivi/smart-tivi-khung-tranh-the-frame-qled-samsung-ai-4k-65-inch-qa65ls03f
2026-04-15 16:59:21,945 [INFO]       - Đang quét Page 1: https://www.dienmayxanh.com/tivi/smart-tivi-khung-tranh-the-frame-qled-samsung-ai-4k-65-inch-qa65ls03f/danh-gia?page=1
2026-04-15 16:59:29,343 [WARNING]         [!] Không thấy dữ liệu hoặc Trống (Lần lỗi 1/5)
2026-04-15 16:59:32,176 [INFO]       - Đang quét Page 2: https://www.dienmayxanh.com/tivi/smart-tivi-khung-tranh-the-frame-qled-samsung-ai-4k-65-inch-qa65ls03f/danh-gia?page=2
2026-04-15 16:59:39,663 [WARNING]         [!] Không thấy dữ liệu hoặc Trống (Lần lỗi 2/5)
2026-04-15 16:59:42,083 [INFO]  ✅ Hoàn tất cào sản phẩm: 337162
2026-04-15 16:59:42,084 [INFO]  -> [142/180] Lấy Breadcrumb & Review trang gốc: https://www.dienmayxanh.com/tivi/smart-tivi-neo-qled-samsung-ai-4k-65-inch-qa65qn80f
2026-04-15 16:59:49,260 [INFO]       - Đang quét Page 1: https://www.dienmayxanh.com/tivi/smart-tivi-neo-qled-samsung-ai-4k-65-inch-qa65qn80f/danh-gia?page=1
2026-04-15 16:59:56,655 [WARNING]         [!] Không thấy dữ liệu hoặc Trống (Lần lỗi 1/5)
2026-04-15 16:59:59,166 [INFO]       - Đang quét Page 2: https://www.dienmayxanh.com/tivi/smart-tivi-neo-qled-samsung-ai-4k-65-inch-qa65qn80f/danh-gia?page=2
2026-04-15 17:00:06,576 [WARNING]         [!] Không thấy dữ liệu hoặc Trống (Lần lỗi 2/5)
2026-04-15 17:00:08,664 [INFO]  ✅ Hoàn tất cào sản phẩm: 337185
2026-04-15 17:00:08,664 [INFO]  -> [143/180] Lấy Breadcrumb & Review trang gốc: https://www.dienmayxanh.com/tivi/smart-tivi-neo-qled-samsung-ai-4k-75-inch-qa75qn85f
2026-04-15 17:00:13,539 [INFO]       - Đang quét Page 1: https://www.dienmayxanh.com/tivi/smart-tivi-neo-qled-samsung-ai-4k-75-inch-qa75qn85f/danh-gia?page=1
2026-04-15 17:00:21,256 [WARNING]         [!] Không thấy dữ liệu hoặc Trống (Lần lỗi 1/5)
2026-04-15 17:00:23,829 [INFO]       - Đang quét Page 2: https://www.dienmayxanh.com/tivi/smart-tivi-neo-qled-samsung-ai-4k-75-inch-qa75qn85f/danh-gia?page=2
2026-04-15 17:00:31,218 [WARNING]         [!] Không thấy dữ liệu hoặc Trống (Lần lỗi 2/5)
2026-04-15 17:00:34,164 [INFO]  ✅ Hoàn tất cào sản phẩm: 337228
2026-04-15 17:00:34,165 [INFO]  -> [144/180] Lấy Breadcrumb & Review trang gốc: https://www.dienmayxanh.com/tivi/google-tivi-oled-sony-ai-4k-65-inch-k-65xr80m2
2026-04-15 17:00:48,132 [INFO]       - Đang quét Page 1: https://www.dienmayxanh.com/tivi/google-tivi-oled-sony-ai-4k-65-inch-k-65xr80m2/danh-gia?page=1
2026-04-15 17:00:55,602 [WARNING]         [!] Không thấy dữ liệu hoặc Trống (Lần lỗi 1/5)
2026-04-15 17:00:57,582 [INFO]       - Đang quét Page 2: https://www.dienmayxanh.com/tivi/google-tivi-oled-sony-ai-4k-65-inch-k-65xr80m2/danh-gia?page=2
2026-04-15 17:01:05,090 [WARNING]         [!] Không thấy dữ liệu hoặc Trống (Lần lỗi 2/5)
2026-04-15 17:01:08,083 [INFO]  ✅ Hoàn tất cào sản phẩm: 338523
2026-04-15 17:01:08,085 [INFO]  -> [145/180] Lấy Breadcrumb & Review trang gốc: https://www.dienmayxanh.com/tivi/smart-tivi-hisense-4k-75-inch-75a6q?utm_flashsale=1
2026-04-15 17:01:17,581 [INFO]       - Đang quét Page 1: https://www.dienmayxanh.com/tivi/smart-tivi-hisense-4k-75-inch-75a6q/danh-gia?page=1
2026-04-15 17:01:25,060 [WARNING]         [!] Không thấy dữ liệu hoặc Trống (Lần lỗi 1/5)
2026-04-15 17:01:27,787 [INFO]       - Đang quét Page 2: https://www.dienmayxanh.com/tivi/smart-tivi-hisense-4k-75-inch-75a6q/danh-gia?page=2
2026-04-15 17:01:35,329 [WARNING]         [!] Không thấy dữ liệu hoặc Trống (Lần lỗi 2/5)
2026-04-15 17:01:37,268 [INFO]  ✅ Hoàn tất cào sản phẩm: 338640
2026-04-15 17:01:37,269 [INFO]  -> [146/180] Lấy Breadcrumb & Review trang gốc: https://www.dienmayxanh.com/tivi/google-tivi-mini-led-sony-ai-4k-75-inch-k-75xr50
2026-04-15 17:01:45,345 [INFO]       - Đang quét Page 1: https://www.dienmayxanh.com/tivi/google-tivi-mini-led-sony-ai-4k-75-inch-k-75xr50/danh-gia?page=1
2026-04-15 17:01:52,977 [WARNING]         [!] Không thấy dữ liệu hoặc Trống (Lần lỗi 1/5)
2026-04-15 17:01:55,150 [INFO]       - Đang quét Page 2: https://www.dienmayxanh.com/tivi/google-tivi-mini-led-sony-ai-4k-75-inch-k-75xr50/danh-gia?page=2
2026-04-15 17:02:03,397 [WARNING]         [!] Không thấy dữ liệu hoặc Trống (Lần lỗi 2/5)
2026-04-15 17:02:06,340 [INFO]  ✅ Hoàn tất cào sản phẩm: 338669
2026-04-15 17:02:06,341 [INFO] ♻️ Làm mới Session trình duyệt...
2026-04-15 17:02:07,569 [INFO]  -> [147/180] Lấy Breadcrumb & Review trang gốc: https://www.dienmayxanh.com/tivi/google-tivi-oled-sony-ai-4k-55-inch-k-55xr80m2
2026-04-15 17:02:25,245 [INFO]       - Đang quét Page 1: https://www.dienmayxanh.com/tivi/google-tivi-oled-sony-ai-4k-55-inch-k-55xr80m2/danh-gia?page=1
2026-04-15 17:02:33,013 [WARNING]         [!] Không thấy dữ liệu hoặc Trống (Lần lỗi 1/5)
2026-04-15 17:02:34,596 [INFO]       - Đang quét Page 2: https://www.dienmayxanh.com/tivi/google-tivi-oled-sony-ai-4k-55-inch-k-55xr80m2/danh-gia?page=2
2026-04-15 17:02:42,139 [WARNING]         [!] Không thấy dữ liệu hoặc Trống (Lần lỗi 2/5)
2026-04-15 17:02:44,200 [INFO]  ✅ Hoàn tất cào sản phẩm: 338675
2026-04-15 17:02:44,201 [INFO]  -> [148/180] Lấy Breadcrumb & Review trang gốc: https://www.dienmayxanh.com/tivi/smart-tivi-mini-led-toshiba-ai-4k-55-inch-55z670rp
2026-04-15 17:02:51,446 [INFO]       - Đang quét Page 1: https://www.dienmayxanh.com/tivi/smart-tivi-mini-led-toshiba-ai-4k-55-inch-55z670rp/danh-gia?page=1
2026-04-15 17:02:58,896 [WARNING]         [!] Không thấy dữ liệu hoặc Trống (Lần lỗi 1/5)
2026-04-15 17:03:00,997 [INFO]       - Đang quét Page 2: https://www.dienmayxanh.com/tivi/smart-tivi-mini-led-toshiba-ai-4k-55-inch-55z670rp/danh-gia?page=2
2026-04-15 17:03:08,543 [WARNING]         [!] Không thấy dữ liệu hoặc Trống (Lần lỗi 2/5)
2026-04-15 17:03:11,034 [INFO]  ✅ Hoàn tất cào sản phẩm: 342717
2026-04-15 17:03:11,035 [INFO]  -> [149/180] Lấy Breadcrumb & Review trang gốc: https://www.dienmayxanh.com/tivi/smart-tivi-qled-hisense-4k-43-inch-43q6q
2026-04-15 17:03:15,703 [INFO]       - Đang quét Page 1: https://www.dienmayxanh.com/tivi/smart-tivi-qled-hisense-4k-43-inch-43q6q/danh-gia?page=1
2026-04-15 17:03:24,133 [WARNING]         [!] Không thấy dữ liệu hoặc Trống (Lần lỗi 1/5)
2026-04-15 17:03:25,745 [INFO]       - Đang quét Page 2: https://www.dienmayxanh.com/tivi/smart-tivi-qled-hisense-4k-43-inch-43q6q/danh-gia?page=2
2026-04-15 17:03:33,114 [WARNING]         [!] Không thấy dữ liệu hoặc Trống (Lần lỗi 2/5)
2026-04-15 17:03:34,994 [INFO]  ✅ Hoàn tất cào sản phẩm: 343025
2026-04-15 17:03:34,994 [INFO]  -> [150/180] Lấy Breadcrumb & Review trang gốc: https://www.dienmayxanh.com/tivi/smart-tivi-qned-lg-ai-4k-55-inch-55qned86bsa
2026-04-15 17:03:40,686 [INFO]       - Đang quét Page 1: https://www.dienmayxanh.com/tivi/smart-tivi-qned-lg-ai-4k-55-inch-55qned86bsa/danh-gia?page=1
2026-04-15 17:03:48,075 [WARNING]         [!] Không thấy dữ liệu hoặc Trống (Lần lỗi 1/5)
2026-04-15 17:03:50,725 [INFO]       - Đang quét Page 2: https://www.dienmayxanh.com/tivi/smart-tivi-qned-lg-ai-4k-55-inch-55qned86bsa/danh-gia?page=2
2026-04-15 17:03:58,506 [WARNING]         [!] Không thấy dữ liệu hoặc Trống (Lần lỗi 2/5)
2026-04-15 17:04:00,729 [INFO]  ✅ Hoàn tất cào sản phẩm: 365288
2026-04-15 17:04:00,730 [INFO]  -> [151/180] Lấy Breadcrumb & Review trang gốc: https://www.dienmayxanh.com/tivi/smart-khung-tranh-the-frame-qled-samsung-4k-55-inch-qa55ls03b?utm_flashsale=1
2026-04-15 17:04:17,455 [INFO]       ✅ Thu được 10 reviews từ trang gốc.
2026-04-15 17:04:17,455 [INFO]       - Đang quét Page 1: https://www.dienmayxanh.com/tivi/smart-khung-tranh-the-frame-qled-samsung-4k-55-inch-qa55ls03b/danh-gia?page=1
2026-04-15 17:04:24,878 [INFO]         ✅ Thêm 15 reviews mới từ Page 1.
2026-04-15 17:04:24,879 [INFO]         💾 Đã lưu 21 reviews.
2026-04-15 17:04:27,852 [INFO]       - Đang quét Page 2: https://www.dienmayxanh.com/tivi/smart-khung-tranh-the-frame-qled-samsung-4k-55-inch-qa55ls03b/danh-gia?page=2
2026-04-15 17:04:33,251 [INFO]         ✅ Thêm 6 reviews mới từ Page 2.
2026-04-15 17:04:34,975 [INFO]       - Đang quét Page 3: https://www.dienmayxanh.com/tivi/smart-khung-tranh-the-frame-qled-samsung-4k-55-inch-qa55ls03b/danh-gia?page=3
2026-04-15 17:04:43,869 [WARNING]         [!] Không thấy dữ liệu hoặc Trống (Lần lỗi 1/5)
2026-04-15 17:04:45,395 [INFO]       - Đang quét Page 4: https://www.dienmayxanh.com/tivi/smart-khung-tranh-the-frame-qled-samsung-4k-55-inch-qa55ls03b/danh-gia?page=4
2026-04-15 17:04:54,341 [WARNING]         [!] Không thấy dữ liệu hoặc Trống (Lần lỗi 2/5)
2026-04-15 17:04:56,317 [INFO]         💾 Đã lưu 6 reviews cuối.
2026-04-15 17:04:56,317 [INFO]  ✅ Hoàn tất cào sản phẩm: 273407
2026-04-15 17:04:56,318 [INFO]  -> [152/180] Lấy Breadcrumb & Review trang gốc: https://www.dienmayxanh.com/tivi/tivi-oled-samsung-4k-65-inch-qa65s90d
2026-04-15 17:05:01,637 [INFO]       - Đang quét Page 1: https://www.dienmayxanh.com/tivi/tivi-oled-samsung-4k-65-inch-qa65s90d/danh-gia?page=1
2026-04-15 17:05:09,051 [WARNING]         [!] Không thấy dữ liệu hoặc Trống (Lần lỗi 1/5)
2026-04-15 17:05:11,356 [INFO]       - Đang quét Page 2: https://www.dienmayxanh.com/tivi/tivi-oled-samsung-4k-65-inch-qa65s90d/danh-gia?page=2
2026-04-15 17:05:18,953 [WARNING]         [!] Không thấy dữ liệu hoặc Trống (Lần lỗi 2/5)
2026-04-15 17:05:20,787 [INFO]  ✅ Hoàn tất cào sản phẩm: 322655
2026-04-15 17:05:20,788 [INFO]  -> [153/180] Lấy Breadcrumb & Review trang gốc: https://www.dienmayxanh.com/tivi/smart-tivi-neo-qled-samsung-ai-4k-100-inch-qa100qn80f
2026-04-15 17:05:26,858 [INFO]       - Đang quét Page 1: https://www.dienmayxanh.com/tivi/smart-tivi-neo-qled-samsung-ai-4k-100-inch-qa100qn80f/danh-gia?page=1
2026-04-15 17:05:34,448 [WARNING]         [!] Không thấy dữ liệu hoặc Trống (Lần lỗi 1/5)
2026-04-15 17:05:37,231 [INFO]       - Đang quét Page 2: https://www.dienmayxanh.com/tivi/smart-tivi-neo-qled-samsung-ai-4k-100-inch-qa100qn80f/danh-gia?page=2
2026-04-15 17:05:48,034 [WARNING]         [!] Không thấy dữ liệu hoặc Trống (Lần lỗi 2/5)
2026-04-15 17:05:50,090 [INFO]  ✅ Hoàn tất cào sản phẩm: 341321
2026-04-15 17:05:50,091 [INFO]  -> [154/180] Lấy Breadcrumb & Review trang gốc: https://www.dienmayxanh.com/tivi/smart-samsung-4k-43-inch-ua43bu8000
2026-04-15 17:05:56,675 [INFO]       ✅ Thu được 10 reviews từ trang gốc.
2026-04-15 17:05:56,675 [INFO]       - Đang quét Page 1: https://www.dienmayxanh.com/tivi/smart-samsung-4k-43-inch-ua43bu8000/danh-gia?page=1
2026-04-15 17:06:05,951 [INFO]         ✅ Thêm 15 reviews mới từ Page 1.
2026-04-15 17:06:05,953 [INFO]         💾 Đã lưu 21 reviews.
2026-04-15 17:06:08,313 [INFO]       - Đang quét Page 2: https://www.dienmayxanh.com/tivi/smart-samsung-4k-43-inch-ua43bu8000/danh-gia?page=2
2026-04-15 17:06:16,706 [INFO]         ✅ Thêm 20 reviews mới từ Page 2.
2026-04-15 17:06:16,707 [INFO]         💾 Đã lưu 20 reviews.
2026-04-15 17:06:18,609 [INFO]       - Đang quét Page 3: https://www.dienmayxanh.com/tivi/smart-samsung-4k-43-inch-ua43bu8000/danh-gia?page=3
2026-04-15 17:06:28,865 [INFO]         ✅ Thêm 20 reviews mới từ Page 3.
2026-04-15 17:06:28,867 [INFO]         💾 Đã lưu 20 reviews.
2026-04-15 17:06:30,934 [INFO]       - Đang quét Page 4: https://www.dienmayxanh.com/tivi/smart-samsung-4k-43-inch-ua43bu8000/danh-gia?page=4
2026-04-15 17:06:51,358 [INFO]         ✅ Thêm 20 reviews mới từ Page 4.
2026-04-15 17:06:51,360 [INFO]         💾 Đã lưu 20 reviews.
2026-04-15 17:06:53,735 [INFO]       - Đang quét Page 5: https://www.dienmayxanh.com/tivi/smart-samsung-4k-43-inch-ua43bu8000/danh-gia?page=5
2026-04-15 17:07:01,962 [INFO]         ✅ Thêm 20 reviews mới từ Page 5.
2026-04-15 17:07:01,963 [INFO]         💾 Đã lưu 20 reviews.
2026-04-15 17:07:04,630 [INFO]       - Đang quét Page 6: https://www.dienmayxanh.com/tivi/smart-samsung-4k-43-inch-ua43bu8000/danh-gia?page=6
2026-04-15 17:07:09,579 [INFO]         ✅ Thêm 2 reviews mới từ Page 6.
2026-04-15 17:07:11,990 [INFO]       - Đang quét Page 7: https://www.dienmayxanh.com/tivi/smart-samsung-4k-43-inch-ua43bu8000/danh-gia?page=7
2026-04-15 17:07:20,320 [WARNING]         [!] Không thấy dữ liệu hoặc Trống (Lần lỗi 1/5)
2026-04-15 17:07:22,620 [INFO]       - Đang quét Page 8: https://www.dienmayxanh.com/tivi/smart-samsung-4k-43-inch-ua43bu8000/danh-gia?page=8
2026-04-15 17:07:30,992 [WARNING]         [!] Không thấy dữ liệu hoặc Trống (Lần lỗi 2/5)
2026-04-15 17:07:33,554 [INFO]         💾 Đã lưu 2 reviews cuối.
2026-04-15 17:07:33,554 [INFO]  ✅ Hoàn tất cào sản phẩm: 273392
2026-04-15 17:07:33,555 [INFO]  -> [155/180] Lấy Breadcrumb & Review trang gốc: https://www.dienmayxanh.com/tivi/smart-neo-qled-4k-65-inch-samsung-qa65qn90b?utm_flashsale=1
2026-04-15 17:07:55,319 [INFO]       ✅ Thu được 10 reviews từ trang gốc.
2026-04-15 17:07:55,319 [INFO]       - Đang quét Page 1: https://www.dienmayxanh.com/tivi/smart-neo-qled-4k-65-inch-samsung-qa65qn90b/danh-gia?page=1
2026-04-15 17:08:02,630 [INFO]         ✅ Thêm 7 reviews mới từ Page 1.
2026-04-15 17:08:04,323 [INFO]       - Đang quét Page 2: https://www.dienmayxanh.com/tivi/smart-neo-qled-4k-65-inch-samsung-qa65qn90b/danh-gia?page=2
2026-04-15 17:08:13,846 [WARNING]         [!] Không thấy dữ liệu hoặc Trống (Lần lỗi 1/5)
2026-04-15 17:08:15,937 [INFO]       - Đang quét Page 3: https://www.dienmayxanh.com/tivi/smart-neo-qled-4k-65-inch-samsung-qa65qn90b/danh-gia?page=3
2026-04-15 17:08:24,715 [WARNING]         [!] Không thấy dữ liệu hoặc Trống (Lần lỗi 2/5)
2026-04-15 17:08:27,037 [INFO]         💾 Đã lưu 13 reviews cuối.
2026-04-15 17:08:27,038 [INFO]  ✅ Hoàn tất cào sản phẩm: 273397
2026-04-15 17:08:27,038 [INFO]  -> [156/180] Lấy Breadcrumb & Review trang gốc: https://www.dienmayxanh.com/tivi/smart-neo-qled-4k-55-inch-samsung-qa55qn90b
2026-04-15 17:08:54,379 [INFO]       ✅ Thu được 10 reviews từ trang gốc.
2026-04-15 17:08:54,379 [INFO]       - Đang quét Page 1: https://www.dienmayxanh.com/tivi/smart-neo-qled-4k-55-inch-samsung-qa55qn90b/danh-gia?page=1
2026-04-15 17:09:00,618 [INFO]         ✅ Thêm 8 reviews mới từ Page 1.
2026-04-15 17:09:02,538 [INFO]       - Đang quét Page 2: https://www.dienmayxanh.com/tivi/smart-neo-qled-4k-55-inch-samsung-qa55qn90b/danh-gia?page=2
2026-04-15 17:09:11,548 [WARNING]         [!] Không thấy dữ liệu hoặc Trống (Lần lỗi 1/5)
2026-04-15 17:09:13,335 [INFO]       - Đang quét Page 3: https://www.dienmayxanh.com/tivi/smart-neo-qled-4k-55-inch-samsung-qa55qn90b/danh-gia?page=3
2026-04-15 17:09:21,662 [WARNING]         [!] Không thấy dữ liệu hoặc Trống (Lần lỗi 2/5)
2026-04-15 17:09:23,797 [INFO]         💾 Đã lưu 14 reviews cuối.
2026-04-15 17:09:23,798 [INFO]  ✅ Hoàn tất cào sản phẩm: 273398
2026-04-15 17:09:23,798 [INFO] ♻️ Làm mới Session trình duyệt...
2026-04-15 17:09:25,217 [INFO]  -> [157/180] Lấy Breadcrumb & Review trang gốc: https://www.dienmayxanh.com/tivi/smart-neo-qled-4k-75-inch-samsung-qa75qn85b
2026-04-15 17:09:39,642 [INFO]       ✅ Thu được 4 reviews từ trang gốc.
2026-04-15 17:09:39,642 [INFO]       - Đang quét Page 1: https://www.dienmayxanh.com/tivi/smart-neo-qled-4k-75-inch-samsung-qa75qn85b/danh-gia?page=1
2026-04-15 17:09:45,418 [INFO]         ✅ Thêm 0 reviews mới từ Page 1.
2026-04-15 17:09:47,370 [INFO]       - Đang quét Page 2: https://www.dienmayxanh.com/tivi/smart-neo-qled-4k-75-inch-samsung-qa75qn85b/danh-gia?page=2
2026-04-15 17:09:56,338 [WARNING]         [!] Không thấy dữ liệu hoặc Trống (Lần lỗi 1/5)
2026-04-15 17:09:57,953 [INFO]       - Đang quét Page 3: https://www.dienmayxanh.com/tivi/smart-neo-qled-4k-75-inch-samsung-qa75qn85b/danh-gia?page=3
2026-04-15 17:10:07,605 [WARNING]         [!] Không thấy dữ liệu hoặc Trống (Lần lỗi 2/5)
2026-04-15 17:10:10,424 [INFO]         💾 Đã lưu 4 reviews cuối.
2026-04-15 17:10:10,425 [INFO]  ✅ Hoàn tất cào sản phẩm: 273402
2026-04-15 17:10:10,425 [INFO]  -> [158/180] Lấy Breadcrumb & Review trang gốc: https://www.dienmayxanh.com/tivi/smart-qled-4k-55-inch-samsung-qa55q60b
2026-04-15 17:10:29,759 [INFO]       ✅ Thu được 10 reviews từ trang gốc.
2026-04-15 17:10:29,759 [INFO]       - Đang quét Page 1: https://www.dienmayxanh.com/tivi/smart-qled-4k-55-inch-samsung-qa55q60b/danh-gia?page=1
2026-04-15 17:11:07,004 [INFO]         ✅ Thêm 15 reviews mới từ Page 1.
2026-04-15 17:11:07,006 [INFO]         💾 Đã lưu 21 reviews.
2026-04-15 17:11:08,548 [INFO]       - Đang quét Page 2: https://www.dienmayxanh.com/tivi/smart-qled-4k-55-inch-samsung-qa55q60b/danh-gia?page=2
2026-04-15 17:11:16,588 [INFO]         ✅ Thêm 20 reviews mới từ Page 2.
2026-04-15 17:11:16,589 [INFO]         💾 Đã lưu 20 reviews.
2026-04-15 17:11:19,036 [INFO]       - Đang quét Page 3: https://www.dienmayxanh.com/tivi/smart-qled-4k-55-inch-samsung-qa55q60b/danh-gia?page=3
2026-04-15 17:11:27,190 [INFO]         ✅ Thêm 20 reviews mới từ Page 3.
2026-04-15 17:11:27,192 [INFO]         💾 Đã lưu 20 reviews.
2026-04-15 17:11:29,363 [INFO]       - Đang quét Page 4: https://www.dienmayxanh.com/tivi/smart-qled-4k-55-inch-samsung-qa55q60b/danh-gia?page=4
2026-04-15 17:11:37,717 [INFO]         ✅ Thêm 19 reviews mới từ Page 4.
2026-04-15 17:11:40,583 [INFO]       - Đang quét Page 5: https://www.dienmayxanh.com/tivi/smart-qled-4k-55-inch-samsung-qa55q60b/danh-gia?page=5
2026-04-15 17:11:47,629 [INFO]         ✅ Thêm 8 reviews mới từ Page 5.
2026-04-15 17:11:47,631 [INFO]         💾 Đã lưu 27 reviews.
2026-04-15 17:11:49,139 [INFO]       - Đang quét Page 6: https://www.dienmayxanh.com/tivi/smart-qled-4k-55-inch-samsung-qa55q60b/danh-gia?page=6
2026-04-15 17:11:58,546 [WARNING]         [!] Không thấy dữ liệu hoặc Trống (Lần lỗi 1/5)
2026-04-15 17:12:01,350 [INFO]       - Đang quét Page 7: https://www.dienmayxanh.com/tivi/smart-qled-4k-55-inch-samsung-qa55q60b/danh-gia?page=7
2026-04-15 17:12:10,500 [WARNING]         [!] Không thấy dữ liệu hoặc Trống (Lần lỗi 2/5)
2026-04-15 17:12:12,059 [INFO]  ✅ Hoàn tất cào sản phẩm: 273925
2026-04-15 17:12:12,060 [INFO]  -> [159/180] Lấy Breadcrumb & Review trang gốc: https://www.dienmayxanh.com/tivi/google-sony-4k-55-inch-kd-55x75k
2026-04-15 17:12:49,128 [INFO]       - Đang quét Page 1: https://www.dienmayxanh.com/tivi/google-sony-4k-55-inch-kd-55x75k/danh-gia?page=1
2026-04-15 17:13:24,151 [WARNING]         [!] Không thấy dữ liệu hoặc Trống (Lần lỗi 1/5)
2026-04-15 17:13:26,962 [INFO]       - Đang quét Page 2: https://www.dienmayxanh.com/tivi/google-sony-4k-55-inch-kd-55x75k/danh-gia?page=2
2026-04-15 17:14:01,995 [WARNING]         [!] Không thấy dữ liệu hoặc Trống (Lần lỗi 2/5)
2026-04-15 17:14:04,886 [INFO]  ✅ Hoàn tất cào sản phẩm: 275512
2026-04-15 17:14:04,886 [INFO]  -> [160/180] Lấy Breadcrumb & Review trang gốc: https://www.dienmayxanh.com/tivi/smart-oled-lg-4k-48-inch-48a2psa
2026-04-15 17:14:21,353 [INFO]       ✅ Thu được 10 reviews từ trang gốc.
2026-04-15 17:14:21,353 [INFO]       - Đang quét Page 1: https://www.dienmayxanh.com/tivi/smart-oled-lg-4k-48-inch-48a2psa/danh-gia?page=1
2026-04-15 17:14:28,880 [INFO]         ✅ Thêm 15 reviews mới từ Page 1.
2026-04-15 17:14:28,882 [INFO]         💾 Đã lưu 21 reviews.
2026-04-15 17:14:31,719 [INFO]       - Đang quét Page 2: https://www.dienmayxanh.com/tivi/smart-oled-lg-4k-48-inch-48a2psa/danh-gia?page=2
2026-04-15 17:14:37,395 [INFO]         ✅ Thêm 5 reviews mới từ Page 2.
2026-04-15 17:14:39,115 [INFO]       - Đang quét Page 3: https://www.dienmayxanh.com/tivi/smart-oled-lg-4k-48-inch-48a2psa/danh-gia?page=3
2026-04-15 17:14:47,873 [WARNING]         [!] Không thấy dữ liệu hoặc Trống (Lần lỗi 1/5)
2026-04-15 17:14:50,266 [INFO]       - Đang quét Page 4: https://www.dienmayxanh.com/tivi/smart-oled-lg-4k-48-inch-48a2psa/danh-gia?page=4
2026-04-15 17:14:59,991 [WARNING]         [!] Không thấy dữ liệu hoặc Trống (Lần lỗi 2/5)
2026-04-15 17:15:02,572 [INFO]         💾 Đã lưu 5 reviews cuối.
2026-04-15 17:15:02,572 [INFO]  ✅ Hoàn tất cào sản phẩm: 278531
2026-04-15 17:15:02,573 [INFO]  -> [161/180] Lấy Breadcrumb & Review trang gốc: https://www.dienmayxanh.com/tivi/smart-oled-lg-4k-55-inch-55g2psa
2026-04-15 17:15:13,493 [INFO]       ✅ Thu được 8 reviews từ trang gốc.
2026-04-15 17:15:13,493 [INFO]       - Đang quét Page 1: https://www.dienmayxanh.com/tivi/smart-oled-lg-4k-55-inch-55g2psa/danh-gia?page=1
2026-04-15 17:15:19,010 [INFO]         ✅ Thêm 2 reviews mới từ Page 1.
2026-04-15 17:15:21,398 [INFO]       - Đang quét Page 2: https://www.dienmayxanh.com/tivi/smart-oled-lg-4k-55-inch-55g2psa/danh-gia?page=2
2026-04-15 17:15:30,276 [WARNING]         [!] Không thấy dữ liệu hoặc Trống (Lần lỗi 1/5)
2026-04-15 17:15:32,714 [INFO]       - Đang quét Page 3: https://www.dienmayxanh.com/tivi/smart-oled-lg-4k-55-inch-55g2psa/danh-gia?page=3
2026-04-15 17:15:41,303 [WARNING]         [!] Không thấy dữ liệu hoặc Trống (Lần lỗi 2/5)
2026-04-15 17:15:43,756 [INFO]         💾 Đã lưu 8 reviews cuối.
2026-04-15 17:15:43,756 [INFO]  ✅ Hoàn tất cào sản phẩm: 278544
2026-04-15 17:15:43,757 [INFO]  -> [162/180] Lấy Breadcrumb & Review trang gốc: https://www.dienmayxanh.com/tivi/smart-tivi-neo-qled-4k-55-inch-samsung-qa55qn90c
2026-04-15 17:16:01,063 [INFO]       ✅ Thu được 2 reviews từ trang gốc.
2026-04-15 17:16:01,064 [INFO]       - Đang quét Page 1: https://www.dienmayxanh.com/tivi/smart-tivi-neo-qled-4k-55-inch-samsung-qa55qn90c/danh-gia?page=1
2026-04-15 17:16:08,729 [WARNING]         [!] Không thấy dữ liệu hoặc Trống (Lần lỗi 1/5)
2026-04-15 17:16:10,947 [INFO]       - Đang quét Page 2: https://www.dienmayxanh.com/tivi/smart-tivi-neo-qled-4k-55-inch-samsung-qa55qn90c/danh-gia?page=2
2026-04-15 17:16:18,429 [WARNING]         [!] Không thấy dữ liệu hoặc Trống (Lần lỗi 2/5)
2026-04-15 17:16:20,069 [INFO]         💾 Đã lưu 2 reviews cuối.
2026-04-15 17:16:20,070 [INFO]  ✅ Hoàn tất cào sản phẩm: 303174
2026-04-15 17:16:20,071 [INFO]  -> [163/180] Lấy Breadcrumb & Review trang gốc: https://www.dienmayxanh.com/tivi/smart-tivi-neo-qled-4k-75-inch-samsung-qa75qn85c
2026-04-15 17:16:29,881 [INFO]       - Đang quét Page 1: https://www.dienmayxanh.com/tivi/smart-tivi-neo-qled-4k-75-inch-samsung-qa75qn85c/danh-gia?page=1
2026-04-15 17:16:37,950 [WARNING]         [!] Không thấy dữ liệu hoặc Trống (Lần lỗi 1/5)
2026-04-15 17:16:40,055 [INFO]       - Đang quét Page 2: https://www.dienmayxanh.com/tivi/smart-tivi-neo-qled-4k-75-inch-samsung-qa75qn85c/danh-gia?page=2
2026-04-15 17:16:48,734 [WARNING]         [!] Không thấy dữ liệu hoặc Trống (Lần lỗi 2/5)
2026-04-15 17:16:50,244 [INFO]  ✅ Hoàn tất cào sản phẩm: 303210
2026-04-15 17:16:50,245 [INFO]  -> [164/180] Lấy Breadcrumb & Review trang gốc: https://www.dienmayxanh.com/tivi/smart-tivi-neo-qled-4k-55-inch-samsung-qa55qn85c
2026-04-15 17:17:00,859 [INFO]       ✅ Thu được 3 reviews từ trang gốc.
2026-04-15 17:17:00,859 [INFO]       - Đang quét Page 1: https://www.dienmayxanh.com/tivi/smart-tivi-neo-qled-4k-55-inch-samsung-qa55qn85c/danh-gia?page=1
2026-04-15 17:17:05,837 [INFO]         ✅ Thêm 0 reviews mới từ Page 1.
2026-04-15 17:17:07,770 [INFO]       - Đang quét Page 2: https://www.dienmayxanh.com/tivi/smart-tivi-neo-qled-4k-55-inch-samsung-qa55qn85c/danh-gia?page=2
2026-04-15 17:17:15,522 [WARNING]         [!] Không thấy dữ liệu hoặc Trống (Lần lỗi 1/5)
2026-04-15 17:17:18,171 [INFO]       - Đang quét Page 3: https://www.dienmayxanh.com/tivi/smart-tivi-neo-qled-4k-55-inch-samsung-qa55qn85c/danh-gia?page=3
2026-04-15 17:17:30,775 [WARNING]         [!] Không thấy dữ liệu hoặc Trống (Lần lỗi 2/5)
2026-04-15 17:17:32,996 [INFO]         💾 Đã lưu 3 reviews cuối.
2026-04-15 17:17:32,997 [INFO]  ✅ Hoàn tất cào sản phẩm: 303212
2026-04-15 17:17:32,997 [INFO]  -> [165/180] Lấy Breadcrumb & Review trang gốc: https://www.dienmayxanh.com/tivi/smart-tivi-qled-4k-85-inch-samsung-qa85q80c
2026-04-15 17:17:39,042 [INFO]       - Đang quét Page 1: https://www.dienmayxanh.com/tivi/smart-tivi-qled-4k-85-inch-samsung-qa85q80c/danh-gia?page=1
2026-04-15 17:17:46,598 [WARNING]         [!] Không thấy dữ liệu hoặc Trống (Lần lỗi 1/5)
2026-04-15 17:17:48,746 [INFO]       - Đang quét Page 2: https://www.dienmayxanh.com/tivi/smart-tivi-qled-4k-85-inch-samsung-qa85q80c/danh-gia?page=2
2026-04-15 17:17:56,279 [WARNING]         [!] Không thấy dữ liệu hoặc Trống (Lần lỗi 2/5)
2026-04-15 17:17:58,802 [INFO]  ✅ Hoàn tất cào sản phẩm: 303213
2026-04-15 17:17:58,803 [INFO]  -> [166/180] Lấy Breadcrumb & Review trang gốc: https://www.dienmayxanh.com/tivi/smart-tivi-qled-4k-65-inch-samsung-qa65q80c
2026-04-15 17:18:13,438 [INFO]       ✅ Thu được 2 reviews từ trang gốc.
2026-04-15 17:18:13,438 [INFO]       - Đang quét Page 1: https://www.dienmayxanh.com/tivi/smart-tivi-qled-4k-65-inch-samsung-qa65q80c/danh-gia?page=1
2026-04-15 17:18:21,098 [WARNING]         [!] Không thấy dữ liệu hoặc Trống (Lần lỗi 1/5)
2026-04-15 17:18:24,066 [INFO]       - Đang quét Page 2: https://www.dienmayxanh.com/tivi/smart-tivi-qled-4k-65-inch-samsung-qa65q80c/danh-gia?page=2
2026-04-15 17:18:31,447 [WARNING]         [!] Không thấy dữ liệu hoặc Trống (Lần lỗi 2/5)
2026-04-15 17:18:33,293 [INFO]         💾 Đã lưu 2 reviews cuối.
2026-04-15 17:18:33,293 [INFO]  ✅ Hoàn tất cào sản phẩm: 303215
2026-04-15 17:18:33,294 [INFO] ♻️ Làm mới Session trình duyệt...
2026-04-15 17:18:34,624 [INFO]  -> [167/180] Lấy Breadcrumb & Review trang gốc: https://www.dienmayxanh.com/tivi/smart-tivi-oled-samsung-4k-65-inch-qa65s95ca
2026-04-15 17:18:44,519 [INFO]       ✅ Thu được 1 reviews từ trang gốc.
2026-04-15 17:18:44,519 [INFO]       - Đang quét Page 1: https://www.dienmayxanh.com/tivi/smart-tivi-oled-samsung-4k-65-inch-qa65s95ca/danh-gia?page=1
2026-04-15 17:18:52,199 [WARNING]         [!] Không thấy dữ liệu hoặc Trống (Lần lỗi 1/5)
2026-04-15 17:18:54,060 [INFO]       - Đang quét Page 2: https://www.dienmayxanh.com/tivi/smart-tivi-oled-samsung-4k-65-inch-qa65s95ca/danh-gia?page=2
2026-04-15 17:19:03,401 [WARNING]         [!] Không thấy dữ liệu hoặc Trống (Lần lỗi 2/5)
2026-04-15 17:19:05,919 [INFO]         💾 Đã lưu 1 reviews cuối.
2026-04-15 17:19:05,919 [INFO]  ✅ Hoàn tất cào sản phẩm: 304254
2026-04-15 17:19:05,920 [INFO]  -> [168/180] Lấy Breadcrumb & Review trang gốc: https://www.dienmayxanh.com/tivi/smart-tivi-qned-lg-4k-75-inch-75qned80sra
2026-04-15 17:19:12,169 [INFO]       ✅ Thu được 3 reviews từ trang gốc.
2026-04-15 17:19:12,170 [INFO]       - Đang quét Page 1: https://www.dienmayxanh.com/tivi/smart-tivi-qned-lg-4k-75-inch-75qned80sra/danh-gia?page=1
2026-04-15 17:19:17,871 [INFO]         ✅ Thêm 0 reviews mới từ Page 1.
2026-04-15 17:19:19,767 [INFO]       - Đang quét Page 2: https://www.dienmayxanh.com/tivi/smart-tivi-qned-lg-4k-75-inch-75qned80sra/danh-gia?page=2
2026-04-15 17:19:28,553 [WARNING]         [!] Không thấy dữ liệu hoặc Trống (Lần lỗi 1/5)
2026-04-15 17:19:30,851 [INFO]       - Đang quét Page 3: https://www.dienmayxanh.com/tivi/smart-tivi-qned-lg-4k-75-inch-75qned80sra/danh-gia?page=3
2026-04-15 17:19:39,314 [WARNING]         [!] Không thấy dữ liệu hoặc Trống (Lần lỗi 2/5)
2026-04-15 17:19:40,838 [INFO]         💾 Đã lưu 3 reviews cuối.
2026-04-15 17:19:40,839 [INFO]  ✅ Hoàn tất cào sản phẩm: 306587
2026-04-15 17:19:40,840 [INFO]  -> [169/180] Lấy Breadcrumb & Review trang gốc: https://www.dienmayxanh.com/tivi/smart-tivi-qned-lg-4k-75-inch-75qned86sra
2026-04-15 17:19:46,719 [INFO]       - Đang quét Page 1: https://www.dienmayxanh.com/tivi/smart-tivi-qned-lg-4k-75-inch-75qned86sra/danh-gia?page=1
2026-04-15 17:19:54,218 [WARNING]         [!] Không thấy dữ liệu hoặc Trống (Lần lỗi 1/5)
2026-04-15 17:19:56,904 [INFO]       - Đang quét Page 2: https://www.dienmayxanh.com/tivi/smart-tivi-qned-lg-4k-75-inch-75qned86sra/danh-gia?page=2
2026-04-15 17:20:04,532 [WARNING]         [!] Không thấy dữ liệu hoặc Trống (Lần lỗi 2/5)
2026-04-15 17:20:06,609 [INFO]  ✅ Hoàn tất cào sản phẩm: 306590
2026-04-15 17:20:06,609 [INFO]  -> [170/180] Lấy Breadcrumb & Review trang gốc: https://www.dienmayxanh.com/tivi/tivi-neo-qled-samsung-4k-65-inch-qa65qn90d
2026-04-15 17:20:18,213 [INFO]       - Đang quét Page 1: https://www.dienmayxanh.com/tivi/tivi-neo-qled-samsung-4k-65-inch-qa65qn90d/danh-gia?page=1
2026-04-15 17:20:25,697 [WARNING]         [!] Không thấy dữ liệu hoặc Trống (Lần lỗi 1/5)
2026-04-15 17:20:28,625 [INFO]       - Đang quét Page 2: https://www.dienmayxanh.com/tivi/tivi-neo-qled-samsung-4k-65-inch-qa65qn90d/danh-gia?page=2
2026-04-15 17:20:36,175 [WARNING]         [!] Không thấy dữ liệu hoặc Trống (Lần lỗi 2/5)
2026-04-15 17:20:38,961 [INFO]  ✅ Hoàn tất cào sản phẩm: 322644
2026-04-15 17:20:38,962 [INFO]  -> [171/180] Lấy Breadcrumb & Review trang gốc: https://www.dienmayxanh.com/tivi/tivi-neo-qled-samsung-4k-55-inchqa55qn85d
2026-04-15 17:20:46,392 [INFO]       ✅ Thu được 10 reviews từ trang gốc.
2026-04-15 17:20:46,393 [INFO]       - Đang quét Page 1: https://www.dienmayxanh.com/tivi/tivi-neo-qled-samsung-4k-55-inchqa55qn85d/danh-gia?page=1
2026-04-15 17:20:53,899 [INFO]         ✅ Thêm 5 reviews mới từ Page 1.
2026-04-15 17:20:56,788 [INFO]       - Đang quét Page 2: https://www.dienmayxanh.com/tivi/tivi-neo-qled-samsung-4k-55-inchqa55qn85d/danh-gia?page=2
2026-04-15 17:21:05,635 [WARNING]         [!] Không thấy dữ liệu hoặc Trống (Lần lỗi 1/5)
2026-04-15 17:21:08,471 [INFO]       - Đang quét Page 3: https://www.dienmayxanh.com/tivi/tivi-neo-qled-samsung-4k-55-inchqa55qn85d/danh-gia?page=3
2026-04-15 17:21:18,322 [WARNING]         [!] Không thấy dữ liệu hoặc Trống (Lần lỗi 2/5)
2026-04-15 17:21:21,134 [INFO]         💾 Đã lưu 11 reviews cuối.
2026-04-15 17:21:21,135 [INFO]  ✅ Hoàn tất cào sản phẩm: 322651
2026-04-15 17:21:21,135 [INFO]  -> [172/180] Lấy Breadcrumb & Review trang gốc: https://www.dienmayxanh.com/tivi/tivi-oled-samsung-4k-65-inch-qa65s95d
2026-04-15 17:21:28,383 [INFO]       ✅ Thu được 1 reviews từ trang gốc.
2026-04-15 17:21:28,383 [INFO]       - Đang quét Page 1: https://www.dienmayxanh.com/tivi/tivi-oled-samsung-4k-65-inch-qa65s95d/danh-gia?page=1
2026-04-15 17:21:35,819 [WARNING]         [!] Không thấy dữ liệu hoặc Trống (Lần lỗi 1/5)
2026-04-15 17:21:37,740 [INFO]       - Đang quét Page 2: https://www.dienmayxanh.com/tivi/tivi-oled-samsung-4k-65-inch-qa65s95d/danh-gia?page=2
2026-04-15 17:21:45,427 [WARNING]         [!] Không thấy dữ liệu hoặc Trống (Lần lỗi 2/5)
2026-04-15 17:21:47,125 [INFO]         💾 Đã lưu 1 reviews cuối.
2026-04-15 17:21:47,125 [INFO]  ✅ Hoàn tất cào sản phẩm: 322653
2026-04-15 17:21:47,125 [INFO]  -> [173/180] Lấy Breadcrumb & Review trang gốc: https://www.dienmayxanh.com/tivi/tivi-oled-samsung-4k-55-inch-qa55s90d
2026-04-15 17:21:53,567 [INFO]       - Đang quét Page 1: https://www.dienmayxanh.com/tivi/tivi-oled-samsung-4k-55-inch-qa55s90d/danh-gia?page=1
2026-04-15 17:22:02,054 [WARNING]         [!] Không thấy dữ liệu hoặc Trống (Lần lỗi 1/5)
2026-04-15 17:22:04,804 [INFO]       - Đang quét Page 2: https://www.dienmayxanh.com/tivi/tivi-oled-samsung-4k-55-inch-qa55s90d/danh-gia?page=2
2026-04-15 17:22:12,235 [WARNING]         [!] Không thấy dữ liệu hoặc Trống (Lần lỗi 2/5)
2026-04-15 17:22:14,907 [INFO]  ✅ Hoàn tất cào sản phẩm: 322656
2026-04-15 17:22:14,907 [INFO]  -> [174/180] Lấy Breadcrumb & Review trang gốc: https://www.dienmayxanh.com/tivi/tivi-qled-samsung-4k-75-inch-qa75q80d
2026-04-15 17:22:22,141 [INFO]       - Đang quét Page 1: https://www.dienmayxanh.com/tivi/tivi-qled-samsung-4k-75-inch-qa75q80d/danh-gia?page=1
2026-04-15 17:22:29,638 [WARNING]         [!] Không thấy dữ liệu hoặc Trống (Lần lỗi 1/5)
2026-04-15 17:22:31,390 [INFO]       - Đang quét Page 2: https://www.dienmayxanh.com/tivi/tivi-qled-samsung-4k-75-inch-qa75q80d/danh-gia?page=2
2026-04-15 17:22:38,996 [WARNING]         [!] Không thấy dữ liệu hoặc Trống (Lần lỗi 2/5)
2026-04-15 17:22:41,265 [INFO]  ✅ Hoàn tất cào sản phẩm: 322659
2026-04-15 17:22:41,266 [INFO]  -> [175/180] Lấy Breadcrumb & Review trang gốc: https://www.dienmayxanh.com/tivi/tivi-qled-samsung-4k-55-inch-qa55q80d
2026-04-15 17:22:48,264 [INFO]       ✅ Thu được 1 reviews từ trang gốc.
2026-04-15 17:22:48,264 [INFO]       - Đang quét Page 1: https://www.dienmayxanh.com/tivi/tivi-qled-samsung-4k-55-inch-qa55q80d/danh-gia?page=1
2026-04-15 17:22:55,750 [WARNING]         [!] Không thấy dữ liệu hoặc Trống (Lần lỗi 1/5)
2026-04-15 17:22:58,737 [INFO]       - Đang quét Page 2: https://www.dienmayxanh.com/tivi/tivi-qled-samsung-4k-55-inch-qa55q80d/danh-gia?page=2
2026-04-15 17:23:06,295 [WARNING]         [!] Không thấy dữ liệu hoặc Trống (Lần lỗi 2/5)
2026-04-15 17:23:08,950 [INFO]         💾 Đã lưu 1 reviews cuối.
2026-04-15 17:23:08,951 [INFO]  ✅ Hoàn tất cào sản phẩm: 322663
2026-04-15 17:23:08,951 [INFO]  -> [176/180] Lấy Breadcrumb & Review trang gốc: https://www.dienmayxanh.com/tivi/tivi-qled-khung-tranh-samsung-4k-65-inch-qa65ls03d
2026-04-15 17:23:26,019 [INFO]       - Đang quét Page 1: https://www.dienmayxanh.com/tivi/tivi-qled-khung-tranh-samsung-4k-65-inch-qa65ls03d/danh-gia?page=1
2026-04-15 17:23:33,943 [WARNING]         [!] Không thấy dữ liệu hoặc Trống (Lần lỗi 1/5)
2026-04-15 17:23:36,881 [INFO]       - Đang quét Page 2: https://www.dienmayxanh.com/tivi/tivi-qled-khung-tranh-samsung-4k-65-inch-qa65ls03d/danh-gia?page=2
2026-04-15 17:23:44,259 [WARNING]         [!] Không thấy dữ liệu hoặc Trống (Lần lỗi 2/5)
2026-04-15 17:23:46,791 [INFO]  ✅ Hoàn tất cào sản phẩm: 322679
2026-04-15 17:23:46,791 [INFO] ♻️ Làm mới Session trình duyệt...
2026-04-15 17:23:47,995 [INFO]  -> [177/180] Lấy Breadcrumb & Review trang gốc: https://www.dienmayxanh.com/tivi/tivi-oled-4k-lg-83c4psa
2026-04-15 17:24:07,994 [INFO]       - Đang quét Page 1: https://www.dienmayxanh.com/tivi/tivi-oled-4k-lg-83c4psa/danh-gia?page=1
2026-04-15 17:24:15,655 [WARNING]         [!] Không thấy dữ liệu hoặc Trống (Lần lỗi 1/5)
2026-04-15 17:24:17,533 [INFO]       - Đang quét Page 2: https://www.dienmayxanh.com/tivi/tivi-oled-4k-lg-83c4psa/danh-gia?page=2
2026-04-15 17:24:25,037 [WARNING]         [!] Không thấy dữ liệu hoặc Trống (Lần lỗi 2/5)
2026-04-15 17:24:27,265 [INFO]  ✅ Hoàn tất cào sản phẩm: 324904
2026-04-15 17:24:27,266 [INFO]  -> [178/180] Lấy Breadcrumb & Review trang gốc: https://www.dienmayxanh.com/tivi/google-tivi-oled-sony-4k-55-inch-k-55xr80
2026-04-15 17:24:33,770 [INFO]       - Đang quét Page 1: https://www.dienmayxanh.com/tivi/google-tivi-oled-sony-4k-55-inch-k-55xr80/danh-gia?page=1
2026-04-15 17:24:41,218 [WARNING]         [!] Không thấy dữ liệu hoặc Trống (Lần lỗi 1/5)
2026-04-15 17:24:42,887 [INFO]       - Đang quét Page 2: https://www.dienmayxanh.com/tivi/google-tivi-oled-sony-4k-55-inch-k-55xr80/danh-gia?page=2
2026-04-15 17:24:50,299 [WARNING]         [!] Không thấy dữ liệu hoặc Trống (Lần lỗi 2/5)
2026-04-15 17:24:53,137 [INFO]  ✅ Hoàn tất cào sản phẩm: 325316
2026-04-15 17:24:53,138 [INFO]  -> [179/180] Lấy Breadcrumb & Review trang gốc: https://www.dienmayxanh.com/tivi/google-tivi-oled-sony-4k-65-inch-k-65xr80
2026-04-15 17:25:14,413 [INFO]       - Đang quét Page 1: https://www.dienmayxanh.com/tivi/google-tivi-oled-sony-4k-65-inch-k-65xr80/danh-gia?page=1
2026-04-15 17:25:21,830 [WARNING]         [!] Không thấy dữ liệu hoặc Trống (Lần lỗi 1/5)
2026-04-15 17:25:23,613 [INFO]       - Đang quét Page 2: https://www.dienmayxanh.com/tivi/google-tivi-oled-sony-4k-65-inch-k-65xr80/danh-gia?page=2
2026-04-15 17:25:31,105 [WARNING]         [!] Không thấy dữ liệu hoặc Trống (Lần lỗi 2/5)
2026-04-15 17:25:33,719 [INFO]  ✅ Hoàn tất cào sản phẩm: 325317
2026-04-15 17:25:33,719 [INFO]  -> [180/180] Lấy Breadcrumb & Review trang gốc: https://www.dienmayxanh.com/tivi/google-tivi-mini-led-sony-4k-75-inch-k-75xr70
2026-04-15 17:25:40,737 [INFO]       - Đang quét Page 1: https://www.dienmayxanh.com/tivi/google-tivi-mini-led-sony-4k-75-inch-k-75xr70/danh-gia?page=1
2026-04-15 17:25:48,145 [WARNING]         [!] Không thấy dữ liệu hoặc Trống (Lần lỗi 1/5)
2026-04-15 17:25:50,089 [INFO]       - Đang quét Page 2: https://www.dienmayxanh.com/tivi/google-tivi-mini-led-sony-4k-75-inch-k-75xr70/danh-gia?page=2
2026-04-15 17:25:58,727 [WARNING]         [!] Không thấy dữ liệu hoặc Trống (Lần lỗi 2/5)
2026-04-15 17:26:00,662 [INFO]  ✅ Hoàn tất cào sản phẩm: 325319
2026-04-15 17:26:01,161 [INFO] 🏁 TOÀN BỘ QUY TRÌNH KẾT THÚC.
