11:55:15 [INFO] 🚀 Hệ thống khởi tạo thành công. Thư mục lưu kết quả: D:\Hoctap_Code_PrivateProject\PythonProject\craw_vn_electronic\dmx_metadata_output
11:55:30 [INFO] patching driver executable C:\Users\CONG\appdata\roaming\undetected_chromedriver\undetected_chromedriver.exe
11:55:35 [INFO] 📂 ĐANG XỬ LÝ: File headphone_integrated.csv
11:55:35 [INFO]    🔹 [1/180] Lấy Metadata: https://www.dienmayxanh.com/tai-nghe/tai-nghe-bluetooth-true-wireless-ava-freego-pt52
11:55:46 [INFO]     Đã lấy được 14 thuộc tính
11:55:46 [INFO]     Đã lấy được Thông tin mô tả sản phẩm
11:55:47 [INFO]    🔹 [2/180] Lấy Metadata: https://www.dienmayxanh.com/tai-nghe/tai-nghe-bluetooth-true-wireless-ava-freego-w30
11:55:58 [INFO]     Đã lấy được 15 thuộc tính
11:55:58 [WARNING]     Không lấy được Thông tin mô tả sản phẩm , lỗi: Message: no such element: Unable to locate element: {"method":"css selector","selector":"#tab-2"}
  (Session info: chrome=147.0.7727.102); For documentation on this error, please visit: https://www.selenium.dev/documentation/webdriver/troubleshooting/errors#nosuchelementexception
Stacktrace:
	undetected_chromedriver!GetHandleVerifier [0x11ec733+10b73]
	undetected_chromedriver!GetHandleVerifier [0x11ec864+10ca4]
	undetected_chromedriver!(No symbol) [0xfc2100]
	undetected_chromedriver!(No symbol) [0x100acba]
	undetected_chromedriver!(No symbol) [0x100af5b]
	undetected_chromedriver!(No symbol) [0x104d9c2]
	undetected_chromedriver!(No symbol) [0x102dc64]
	undetected_chromedriver!(No symbol) [0x104b1f4]
	undetected_chromedriver!(No symbol) [0x102d9b6]
	undetected_chromedriver!(No symbol) [0x1000339]
	undetected_chromedriver!(No symbol) [0x10010f4]
	undetected_chromedriver!GetHandleVerifier [0x144fe04+274244]
	undetected_chromedriver!GetHandleVerifier [0x144b459+26f899]
	undetected_chromedriver!GetHandleVerifier [0x1469bd5+28e015]
	undetected_chromedriver!GetHandleVerifier [0x1207188+2b5c8]
	undetected_chromedriver!GetHandleVerifier [0x120f23d+3367d]
	undetected_chromedriver!GetHandleVerifier [0x11f5138+19578]
	undetected_chromedriver!GetHandleVerifier [0x11f5302+19742]
	undetected_chromedriver!GetHandleVerifier [0x11de48f+28cf]
	KERNEL32!BaseThreadInitThunk [0x751a5d49+19]
	ntdll!RtlInitializeExceptionChain [0x7773d83b+6b]
	ntdll!RtlGetAppContainerNamedObjectPath [0x7773d7c1+231]

11:55:59 [INFO]    🔹 [3/180] Lấy Metadata: https://www.dienmayxanh.com/tai-nghe/tai-nghe-bluetooth-true-wireless-xiaomi-redmi-buds-6-play
11:56:09 [INFO]     Đã lấy được 16 thuộc tính
11:56:09 [INFO]     Đã lấy được Thông tin mô tả sản phẩm
11:56:11 [INFO]    🔹 [4/180] Lấy Metadata: https://www.dienmayxanh.com/tai-nghe/tai-nghe-bluetooth-true-wireless-ava-freego-y60
11:56:24 [INFO]     Đã lấy được 15 thuộc tính
11:56:24 [INFO]     Đã lấy được Thông tin mô tả sản phẩm
11:56:25 [INFO]    🔹 [5/180] Lấy Metadata: https://www.dienmayxanh.com/tai-nghe/tai-nghe-bluetooth-true-wireless-ava-buds-life-air-2-pro
11:56:33 [INFO]     Đã lấy được 14 thuộc tính
11:56:33 [INFO]     Đã lấy được Thông tin mô tả sản phẩm
11:56:35 [INFO]    🔹 [6/180] Lấy Metadata: https://www.dienmayxanh.com/tai-nghe/tai-nghe-bluetooth-true-wireless-ava-freego-w28?utm_flashsale=1
11:56:41 [INFO]     Đã lấy được 14 thuộc tính
11:56:41 [WARNING]     Không lấy được Thông tin mô tả sản phẩm , lỗi: Message: no such element: Unable to locate element: {"method":"css selector","selector":"#tab-2"}
  (Session info: chrome=147.0.7727.102); For documentation on this error, please visit: https://www.selenium.dev/documentation/webdriver/troubleshooting/errors#nosuchelementexception
Stacktrace:
	undetected_chromedriver!GetHandleVerifier [0x11ec733+10b73]
	undetected_chromedriver!GetHandleVerifier [0x11ec864+10ca4]
	undetected_chromedriver!(No symbol) [0xfc2100]
	undetected_chromedriver!(No symbol) [0x100acba]
	undetected_chromedriver!(No symbol) [0x100af5b]
	undetected_chromedriver!(No symbol) [0x104d9c2]
	undetected_chromedriver!(No symbol) [0x102dc64]
	undetected_chromedriver!(No symbol) [0x104b1f4]
	undetected_chromedriver!(No symbol) [0x102d9b6]
	undetected_chromedriver!(No symbol) [0x1000339]
	undetected_chromedriver!(No symbol) [0x10010f4]
	undetected_chromedriver!GetHandleVerifier [0x144fe04+274244]
	undetected_chromedriver!GetHandleVerifier [0x144b459+26f899]
	undetected_chromedriver!GetHandleVerifier [0x1469bd5+28e015]
	undetected_chromedriver!GetHandleVerifier [0x1207188+2b5c8]
	undetected_chromedriver!GetHandleVerifier [0x120f23d+3367d]
	undetected_chromedriver!GetHandleVerifier [0x11f5138+19578]
	undetected_chromedriver!GetHandleVerifier [0x11f5302+19742]
	undetected_chromedriver!GetHandleVerifier [0x11de48f+28cf]
	KERNEL32!BaseThreadInitThunk [0x751a5d49+19]
	ntdll!RtlInitializeExceptionChain [0x7773d83b+6b]
	ntdll!RtlGetAppContainerNamedObjectPath [0x7773d7c1+231]

11:56:43 [INFO]    🔹 [7/180] Lấy Metadata: https://www.dienmayxanh.com/tai-nghe/tai-nghe-co-day-ep-ava-livebass-e1
11:56:50 [INFO]     Đã lấy được 11 thuộc tính
11:56:50 [INFO]     Đã lấy được Thông tin mô tả sản phẩm
11:56:51 [INFO]    🔹 [8/180] Lấy Metadata: https://www.dienmayxanh.com/tai-nghe/tai-nghe-bluetooth-true-wireless-xiaomi-redmi-buds-8-lite
11:57:02 [INFO]     Đã lấy được 16 thuộc tính
11:57:02 [WARNING]     Không lấy được Thông tin mô tả sản phẩm , lỗi: Message: no such element: Unable to locate element: {"method":"css selector","selector":"#tab-2"}
  (Session info: chrome=147.0.7727.102); For documentation on this error, please visit: https://www.selenium.dev/documentation/webdriver/troubleshooting/errors#nosuchelementexception
Stacktrace:
	undetected_chromedriver!GetHandleVerifier [0x11ec733+10b73]
	undetected_chromedriver!GetHandleVerifier [0x11ec864+10ca4]
	undetected_chromedriver!(No symbol) [0xfc2100]
	undetected_chromedriver!(No symbol) [0x100acba]
	undetected_chromedriver!(No symbol) [0x100af5b]
	undetected_chromedriver!(No symbol) [0x104d9c2]
	undetected_chromedriver!(No symbol) [0x102dc64]
	undetected_chromedriver!(No symbol) [0x104b1f4]
	undetected_chromedriver!(No symbol) [0x102d9b6]
	undetected_chromedriver!(No symbol) [0x1000339]
	undetected_chromedriver!(No symbol) [0x10010f4]
	undetected_chromedriver!GetHandleVerifier [0x144fe04+274244]
	undetected_chromedriver!GetHandleVerifier [0x144b459+26f899]
	undetected_chromedriver!GetHandleVerifier [0x1469bd5+28e015]
	undetected_chromedriver!GetHandleVerifier [0x1207188+2b5c8]
	undetected_chromedriver!GetHandleVerifier [0x120f23d+3367d]
	undetected_chromedriver!GetHandleVerifier [0x11f5138+19578]
	undetected_chromedriver!GetHandleVerifier [0x11f5302+19742]
	undetected_chromedriver!GetHandleVerifier [0x11de48f+28cf]
	KERNEL32!BaseThreadInitThunk [0x751a5d49+19]
	ntdll!RtlInitializeExceptionChain [0x7773d83b+6b]
	ntdll!RtlGetAppContainerNamedObjectPath [0x7773d7c1+231]

11:57:04 [INFO]    🔹 [9/180] Lấy Metadata: https://www.dienmayxanh.com/tai-nghe/tai-nghe-bluetooth-tws-xiaomi-redmi-buds-6-active
11:57:11 [INFO]     Đã lấy được 16 thuộc tính
11:57:11 [INFO]     Đã lấy được Thông tin mô tả sản phẩm
11:57:13 [INFO]    🔹 [10/180] Lấy Metadata: https://www.dienmayxanh.com/tai-nghe/tai-nghe-bluetooth-true-wireless-oppo-enco-buds-3-pro-etek1
11:57:51 [INFO]     Đã lấy được 16 thuộc tính
11:57:51 [INFO]     Đã lấy được Thông tin mô tả sản phẩm
11:57:52 [INFO]    🔹 [11/180] Lấy Metadata: https://www.dienmayxanh.com/tai-nghe/tai-nghe-bluetooth-true-wireless-oppo-enco-buds-3-eteg1
11:58:00 [INFO]     Đã lấy được 16 thuộc tính
11:58:00 [INFO]     Đã lấy được Thông tin mô tả sản phẩm
11:58:03 [INFO]    🔹 [12/180] Lấy Metadata: https://www.dienmayxanh.com/tai-nghe/tai-nghe-bluetooth-true-wireless-ava-freego-y70
11:58:13 [INFO]     Đã lấy được 15 thuộc tính
11:58:13 [INFO]     Đã lấy được Thông tin mô tả sản phẩm
11:58:14 [INFO]    🔹 [13/180] Lấy Metadata: https://www.dienmayxanh.com/tai-nghe/tai-nghe-bluetooth-true-wireless-samsung-galaxy-buds-core-r410n
11:58:22 [INFO]     Đã lấy được 16 thuộc tính
11:58:22 [INFO]     Đã lấy được Thông tin mô tả sản phẩm
11:58:23 [INFO]    🔹 [14/180] Lấy Metadata: https://www.dienmayxanh.com/tai-nghe/tai-nghe-co-day-apple-mtjy3
11:58:30 [INFO]     Đã lấy được 10 thuộc tính
11:58:30 [INFO]     Đã lấy được Thông tin mô tả sản phẩm
11:58:32 [INFO] ♻️ Làm mới Driver để ổn định session...
11:58:41 [INFO] patching driver executable C:\Users\CONG\appdata\roaming\undetected_chromedriver\undetected_chromedriver.exe
11:58:45 [INFO]    🔹 [15/180] Lấy Metadata: https://www.dienmayxanh.com/tai-nghe/tai-nghe-bluetooth-true-wireless-ava-go-p310?utm_flashsale=1
11:58:45 [ERROR] ❌ Lỗi extract tại https://www.dienmayxanh.com/tai-nghe/tai-nghe-bluetooth-true-wireless-ava-go-p310?utm_flashsale=1: Message: no such window: target window already closed
from unknown error: web view not found
  (Session info: chrome=147.0.7727.102)
Stacktrace:
	undetected_chromedriver!GetHandleVerifier [0xb7c733+10b73]
	undetected_chromedriver!GetHandleVerifier [0xb7c864+10ca4]
	undetected_chromedriver!(No symbol) [0x952100]
	undetected_chromedriver!(No symbol) [0x930c23]
	undetected_chromedriver!(No symbol) [0x9c445b]
	undetected_chromedriver!(No symbol) [0x9dac29]
	undetected_chromedriver!(No symbol) [0x9bd9b6]
	undetected_chromedriver!(No symbol) [0x990339]
	undetected_chromedriver!(No symbol) [0x9910f4]
	undetected_chromedriver!GetHandleVerifier [0xddfe04+274244]
	undetected_chromedriver!GetHandleVerifier [0xddb459+26f899]
	undetected_chromedriver!GetHandleVerifier [0xdf9bd5+28e015]
	undetected_chromedriver!GetHandleVerifier [0xb97188+2b5c8]
	undetected_chromedriver!GetHandleVerifier [0xb9f23d+3367d]
	undetected_chromedriver!GetHandleVerifier [0xb85138+19578]
	undetected_chromedriver!GetHandleVerifier [0xb85302+19742]
	undetected_chromedriver!GetHandleVerifier [0xb6e48f+28cf]
	KERNEL32!BaseThreadInitThunk [0x751a5d49+19]
	ntdll!RtlInitializeExceptionChain [0x7773d83b+6b]
	ntdll!RtlGetAppContainerNamedObjectPath [0x7773d7c1+231]

11:58:45 [WARNING] 🛑 Dính lỗi nặng/session. Đang khởi động lại trình duyệt...
11:58:54 [INFO] patching driver executable C:\Users\CONG\appdata\roaming\undetected_chromedriver\undetected_chromedriver.exe
11:58:59 [INFO]    🔹 [15/180] Lấy Metadata: https://www.dienmayxanh.com/tai-nghe/tai-nghe-bluetooth-true-wireless-ava-go-p310?utm_flashsale=1
11:59:23 [INFO]     Đã lấy được 14 thuộc tính
11:59:23 [INFO]     Đã lấy được Thông tin mô tả sản phẩm
11:59:25 [INFO]    🔹 [16/180] Lấy Metadata: https://www.dienmayxanh.com/tai-nghe/tai-nghe-bluetooth-true-wireless-ava-buds-life-air-3
11:59:46 [INFO] 🚀 Hệ thống khởi tạo thành công. Thư mục lưu kết quả: D:\Hoctap_Code_PrivateProject\PythonProject\craw_vn_electronic\dmx_metadata_output
12:00:01 [INFO] patching driver executable C:\Users\CONG\appdata\roaming\undetected_chromedriver\undetected_chromedriver.exe
12:00:09 [INFO] 📂 ĐANG XỬ LÝ: File headphone_integrated.csv
12:00:09 [INFO]    🔹 [1/180] Lấy Metadata: https://www.dienmayxanh.com/tai-nghe/tai-nghe-bluetooth-true-wireless-ava-freego-pt52
12:00:19 [INFO]     Đã lấy được 14 thuộc tính
12:00:19 [INFO]     Đã lấy được Thông tin mô tả sản phẩm
12:00:22 [INFO]    🔹 [2/180] Lấy Metadata: https://www.dienmayxanh.com/tai-nghe/tai-nghe-bluetooth-true-wireless-ava-freego-w30
12:00:32 [INFO]     Đã lấy được 15 thuộc tính
12:00:32 [WARNING]     Không lấy được Thông tin mô tả sản phẩm , lỗi: Message: no such element: Unable to locate element: {"method":"css selector","selector":"#tab-2"}
  (Session info: chrome=147.0.7727.102); For documentation on this error, please visit: https://www.selenium.dev/documentation/webdriver/troubleshooting/errors#nosuchelementexception
Stacktrace:
	undetected_chromedriver!GetHandleVerifier [0x10bcdf3+10b03]
	undetected_chromedriver!GetHandleVerifier [0x10bcf24+10c34]
	undetected_chromedriver!(No symbol) [0xea2120]
	undetected_chromedriver!(No symbol) [0xeeabca]
	undetected_chromedriver!(No symbol) [0xeeae6b]
	undetected_chromedriver!(No symbol) [0xf2d0b2]
	undetected_chromedriver!(No symbol) [0xf0db54]
	undetected_chromedriver!(No symbol) [0xf2a9a5]
	undetected_chromedriver!(No symbol) [0xf0d8a6]
	undetected_chromedriver!(No symbol) [0xee0229]
	undetected_chromedriver!(No symbol) [0xee0fe4]
	undetected_chromedriver!GetHandleVerifier [0x13248b9+2785c9]
	undetected_chromedriver!GetHandleVerifier [0x131feb5+273bc5]
	undetected_chromedriver!GetHandleVerifier [0x133e06b+291d7b]
	undetected_chromedriver!GetHandleVerifier [0x10d5cc8+299d8]
	undetected_chromedriver!GetHandleVerifier [0x10dd9fd+3170d]
	undetected_chromedriver!GetHandleVerifier [0x10c58c8+195d8]
	undetected_chromedriver!GetHandleVerifier [0x10c5a92+197a2]
	undetected_chromedriver!GetHandleVerifier [0x10aee9a+2baa]
	KERNEL32!BaseThreadInitThunk [0x751a5d49+19]
	ntdll!RtlInitializeExceptionChain [0x7773d83b+6b]
	ntdll!RtlGetAppContainerNamedObjectPath [0x7773d7c1+231]

12:00:33 [INFO]    🔹 [3/180] Lấy Metadata: https://www.dienmayxanh.com/tai-nghe/tai-nghe-bluetooth-true-wireless-xiaomi-redmi-buds-6-play
12:00:40 [INFO]     Đã lấy được 16 thuộc tính
12:00:40 [INFO]     Đã lấy được Thông tin mô tả sản phẩm
12:00:41 [INFO]    🔹 [4/180] Lấy Metadata: https://www.dienmayxanh.com/tai-nghe/tai-nghe-bluetooth-true-wireless-ava-freego-y60
12:00:49 [INFO]     Đã lấy được 15 thuộc tính
12:00:49 [INFO]     Đã lấy được Thông tin mô tả sản phẩm
12:00:50 [INFO]    🔹 [5/180] Lấy Metadata: https://www.dienmayxanh.com/tai-nghe/tai-nghe-bluetooth-true-wireless-ava-buds-life-air-2-pro
12:00:57 [INFO]     Đã lấy được 14 thuộc tính
12:00:57 [INFO]     Đã lấy được Thông tin mô tả sản phẩm
12:00:58 [INFO]    🔹 [6/180] Lấy Metadata: https://www.dienmayxanh.com/tai-nghe/tai-nghe-bluetooth-true-wireless-ava-freego-w28?utm_flashsale=1
12:01:06 [INFO]     Đã lấy được 14 thuộc tính
12:01:06 [WARNING]     Không lấy được Thông tin mô tả sản phẩm , lỗi: Message: no such element: Unable to locate element: {"method":"css selector","selector":"#tab-2"}
  (Session info: chrome=147.0.7727.102); For documentation on this error, please visit: https://www.selenium.dev/documentation/webdriver/troubleshooting/errors#nosuchelementexception
Stacktrace:
	undetected_chromedriver!GetHandleVerifier [0x10bcdf3+10b03]
	undetected_chromedriver!GetHandleVerifier [0x10bcf24+10c34]
	undetected_chromedriver!(No symbol) [0xea2120]
	undetected_chromedriver!(No symbol) [0xeeabca]
	undetected_chromedriver!(No symbol) [0xeeae6b]
	undetected_chromedriver!(No symbol) [0xf2d0b2]
	undetected_chromedriver!(No symbol) [0xf0db54]
	undetected_chromedriver!(No symbol) [0xf2a9a5]
	undetected_chromedriver!(No symbol) [0xf0d8a6]
	undetected_chromedriver!(No symbol) [0xee0229]
	undetected_chromedriver!(No symbol) [0xee0fe4]
	undetected_chromedriver!GetHandleVerifier [0x13248b9+2785c9]
	undetected_chromedriver!GetHandleVerifier [0x131feb5+273bc5]
	undetected_chromedriver!GetHandleVerifier [0x133e06b+291d7b]
	undetected_chromedriver!GetHandleVerifier [0x10d5cc8+299d8]
	undetected_chromedriver!GetHandleVerifier [0x10dd9fd+3170d]
	undetected_chromedriver!GetHandleVerifier [0x10c58c8+195d8]
	undetected_chromedriver!GetHandleVerifier [0x10c5a92+197a2]
	undetected_chromedriver!GetHandleVerifier [0x10aee9a+2baa]
	KERNEL32!BaseThreadInitThunk [0x751a5d49+19]
	ntdll!RtlInitializeExceptionChain [0x7773d83b+6b]
	ntdll!RtlGetAppContainerNamedObjectPath [0x7773d7c1+231]

12:01:08 [INFO]    🔹 [7/180] Lấy Metadata: https://www.dienmayxanh.com/tai-nghe/tai-nghe-co-day-ep-ava-livebass-e1
12:01:16 [INFO]     Đã lấy được 11 thuộc tính
12:01:16 [INFO]     Đã lấy được Thông tin mô tả sản phẩm
12:01:17 [INFO]    🔹 [8/180] Lấy Metadata: https://www.dienmayxanh.com/tai-nghe/tai-nghe-bluetooth-true-wireless-xiaomi-redmi-buds-8-lite
12:01:24 [INFO]     Đã lấy được 16 thuộc tính
12:01:24 [WARNING]     Không lấy được Thông tin mô tả sản phẩm , lỗi: Message: no such element: Unable to locate element: {"method":"css selector","selector":"#tab-2"}
  (Session info: chrome=147.0.7727.102); For documentation on this error, please visit: https://www.selenium.dev/documentation/webdriver/troubleshooting/errors#nosuchelementexception
Stacktrace:
	undetected_chromedriver!GetHandleVerifier [0x10bcdf3+10b03]
	undetected_chromedriver!GetHandleVerifier [0x10bcf24+10c34]
	undetected_chromedriver!(No symbol) [0xea2120]
	undetected_chromedriver!(No symbol) [0xeeabca]
	undetected_chromedriver!(No symbol) [0xeeae6b]
	undetected_chromedriver!(No symbol) [0xf2d0b2]
	undetected_chromedriver!(No symbol) [0xf0db54]
	undetected_chromedriver!(No symbol) [0xf2a9a5]
	undetected_chromedriver!(No symbol) [0xf0d8a6]
	undetected_chromedriver!(No symbol) [0xee0229]
	undetected_chromedriver!(No symbol) [0xee0fe4]
	undetected_chromedriver!GetHandleVerifier [0x13248b9+2785c9]
	undetected_chromedriver!GetHandleVerifier [0x131feb5+273bc5]
	undetected_chromedriver!GetHandleVerifier [0x133e06b+291d7b]
	undetected_chromedriver!GetHandleVerifier [0x10d5cc8+299d8]
	undetected_chromedriver!GetHandleVerifier [0x10dd9fd+3170d]
	undetected_chromedriver!GetHandleVerifier [0x10c58c8+195d8]
	undetected_chromedriver!GetHandleVerifier [0x10c5a92+197a2]
	undetected_chromedriver!GetHandleVerifier [0x10aee9a+2baa]
	KERNEL32!BaseThreadInitThunk [0x751a5d49+19]
	ntdll!RtlInitializeExceptionChain [0x7773d83b+6b]
	ntdll!RtlGetAppContainerNamedObjectPath [0x7773d7c1+231]

12:01:25 [INFO]    🔹 [9/180] Lấy Metadata: https://www.dienmayxanh.com/tai-nghe/tai-nghe-bluetooth-tws-xiaomi-redmi-buds-6-active
12:01:32 [INFO]     Đã lấy được 16 thuộc tính
12:01:32 [INFO]     Đã lấy được Thông tin mô tả sản phẩm
12:01:33 [INFO]    🔹 [10/180] Lấy Metadata: https://www.dienmayxanh.com/tai-nghe/tai-nghe-bluetooth-true-wireless-oppo-enco-buds-3-pro-etek1
12:02:19 [WARNING] ⏳ Timeout khi tải trang: https://www.dienmayxanh.com/tai-nghe/tai-nghe-bluetooth-true-wireless-oppo-enco-buds-3-pro-etek1
12:02:19 [INFO]    🔹 [10/180] Lấy Metadata: https://www.dienmayxanh.com/tai-nghe/tai-nghe-bluetooth-true-wireless-oppo-enco-buds-3-pro-etek1
12:02:30 [INFO]     Đã lấy được 16 thuộc tính
12:02:30 [INFO]     Đã lấy được Thông tin mô tả sản phẩm
12:02:32 [INFO]    🔹 [11/180] Lấy Metadata: https://www.dienmayxanh.com/tai-nghe/tai-nghe-bluetooth-true-wireless-oppo-enco-buds-3-eteg1
12:02:52 [INFO]     Đã lấy được 16 thuộc tính
12:02:52 [INFO]     Đã lấy được Thông tin mô tả sản phẩm
12:02:54 [INFO]    🔹 [12/180] Lấy Metadata: https://www.dienmayxanh.com/tai-nghe/tai-nghe-bluetooth-true-wireless-ava-freego-y70
12:03:13 [INFO]     Đã lấy được 15 thuộc tính
12:03:13 [INFO]     Đã lấy được Thông tin mô tả sản phẩm
12:03:15 [INFO]    🔹 [13/180] Lấy Metadata: https://www.dienmayxanh.com/tai-nghe/tai-nghe-bluetooth-true-wireless-samsung-galaxy-buds-core-r410n
12:03:23 [INFO]     Đã lấy được 16 thuộc tính
12:03:23 [INFO]     Đã lấy được Thông tin mô tả sản phẩm
12:03:24 [INFO]    🔹 [14/180] Lấy Metadata: https://www.dienmayxanh.com/tai-nghe/tai-nghe-co-day-apple-mtjy3
12:03:31 [INFO]     Đã lấy được 10 thuộc tính
12:03:31 [INFO]     Đã lấy được Thông tin mô tả sản phẩm
12:03:32 [INFO] ♻️ Làm mới Driver để ổn định session...
12:03:38 [INFO] patching driver executable C:\Users\CONG\appdata\roaming\undetected_chromedriver\undetected_chromedriver.exe
12:03:46 [INFO]    🔹 [15/180] Lấy Metadata: https://www.dienmayxanh.com/tai-nghe/tai-nghe-bluetooth-true-wireless-ava-go-p310?utm_flashsale=1
12:04:31 [WARNING] ⏳ Timeout khi tải trang: https://www.dienmayxanh.com/tai-nghe/tai-nghe-bluetooth-true-wireless-ava-go-p310?utm_flashsale=1
12:04:31 [INFO]    🔹 [15/180] Lấy Metadata: https://www.dienmayxanh.com/tai-nghe/tai-nghe-bluetooth-true-wireless-ava-go-p310?utm_flashsale=1
12:04:39 [INFO]     Đã lấy được 14 thuộc tính
12:04:39 [INFO]     Đã lấy được Thông tin mô tả sản phẩm
12:04:42 [INFO]    🔹 [16/180] Lấy Metadata: https://www.dienmayxanh.com/tai-nghe/tai-nghe-bluetooth-true-wireless-ava-buds-life-air-3
12:05:27 [WARNING] ⏳ Timeout khi tải trang: https://www.dienmayxanh.com/tai-nghe/tai-nghe-bluetooth-true-wireless-ava-buds-life-air-3
12:05:27 [INFO]    🔹 [16/180] Lấy Metadata: https://www.dienmayxanh.com/tai-nghe/tai-nghe-bluetooth-true-wireless-ava-buds-life-air-3
12:05:46 [INFO]     Đã lấy được 15 thuộc tính
12:05:46 [INFO]     Đã lấy được Thông tin mô tả sản phẩm
12:05:47 [INFO]    🔹 [17/180] Lấy Metadata: https://www.dienmayxanh.com/tai-nghe/airpods-4-mxp63
12:05:54 [INFO] 🏁 TOÀN BỘ QUY TRÌNH HOÀN TẤT.
12:06:49 [INFO] 🚀 Hệ thống khởi tạo thành công. Thư mục lưu kết quả: D:\Hoctap_Code_PrivateProject\PythonProject\craw_vn_electronic\dmx_metadata_output
12:06:56 [INFO] patching driver executable C:\Users\CONG\appdata\roaming\undetected_chromedriver\undetected_chromedriver.exe
12:07:03 [INFO] 📂 ĐANG XỬ LÝ: File headphone_integrated.csv
12:07:03 [INFO]    🔹 [1/180] Lấy Metadata: https://www.dienmayxanh.com/tai-nghe/tai-nghe-bluetooth-true-wireless-ava-freego-pt52
12:07:16 [INFO]     Đã lấy được 14 thuộc tính
12:07:16 [INFO]       Đã lấy được Thông tin mô tả sản phẩm
12:07:18 [INFO]    🔹 [2/180] Lấy Metadata: https://www.dienmayxanh.com/tai-nghe/tai-nghe-bluetooth-true-wireless-ava-freego-w30
12:07:25 [INFO]     Đã lấy được 15 thuộc tính
12:07:25 [WARNING]       [!] Sản phẩm này không có bài viết mô tả.
12:07:27 [INFO]    🔹 [3/180] Lấy Metadata: https://www.dienmayxanh.com/tai-nghe/tai-nghe-bluetooth-true-wireless-xiaomi-redmi-buds-6-play
12:07:52 [INFO]     Đã lấy được 16 thuộc tính
12:07:52 [INFO]       Đã lấy được Thông tin mô tả sản phẩm
12:07:53 [INFO]    🔹 [4/180] Lấy Metadata: https://www.dienmayxanh.com/tai-nghe/tai-nghe-bluetooth-true-wireless-ava-freego-y60
12:08:01 [INFO]     Đã lấy được 15 thuộc tính
12:08:01 [INFO]       Đã lấy được Thông tin mô tả sản phẩm
12:08:03 [INFO]    🔹 [5/180] Lấy Metadata: https://www.dienmayxanh.com/tai-nghe/tai-nghe-bluetooth-true-wireless-ava-buds-life-air-2-pro
12:08:10 [INFO]     Đã lấy được 14 thuộc tính
12:08:10 [INFO]       Đã lấy được Thông tin mô tả sản phẩm
12:08:12 [INFO]    🔹 [6/180] Lấy Metadata: https://www.dienmayxanh.com/tai-nghe/tai-nghe-bluetooth-true-wireless-ava-freego-w28?utm_flashsale=1
12:08:24 [INFO]     Đã lấy được 14 thuộc tính
12:08:24 [WARNING]       [!] Sản phẩm này không có bài viết mô tả.
12:08:26 [INFO]    🔹 [7/180] Lấy Metadata: https://www.dienmayxanh.com/tai-nghe/tai-nghe-co-day-ep-ava-livebass-e1
12:08:34 [INFO]     Đã lấy được 11 thuộc tính
12:08:34 [INFO]       Đã lấy được Thông tin mô tả sản phẩm
12:08:35 [INFO]    🔹 [8/180] Lấy Metadata: https://www.dienmayxanh.com/tai-nghe/tai-nghe-bluetooth-true-wireless-xiaomi-redmi-buds-8-lite
12:08:43 [INFO]     Đã lấy được 16 thuộc tính
12:08:43 [WARNING]       [!] Sản phẩm này không có bài viết mô tả.
12:08:46 [INFO]    🔹 [9/180] Lấy Metadata: https://www.dienmayxanh.com/tai-nghe/tai-nghe-bluetooth-tws-xiaomi-redmi-buds-6-active
12:08:54 [INFO]     Đã lấy được 16 thuộc tính
12:08:54 [INFO]       Đã lấy được Thông tin mô tả sản phẩm
12:08:56 [INFO]    🔹 [10/180] Lấy Metadata: https://www.dienmayxanh.com/tai-nghe/tai-nghe-bluetooth-true-wireless-oppo-enco-buds-3-pro-etek1
12:09:41 [WARNING] ⏳ Timeout khi tải trang: https://www.dienmayxanh.com/tai-nghe/tai-nghe-bluetooth-true-wireless-oppo-enco-buds-3-pro-etek1
12:09:41 [INFO]    🔹 [10/180] Lấy Metadata: https://www.dienmayxanh.com/tai-nghe/tai-nghe-bluetooth-true-wireless-oppo-enco-buds-3-pro-etek1
12:10:30 [INFO]     Đã lấy được 16 thuộc tính
12:10:30 [INFO]       Đã lấy được Thông tin mô tả sản phẩm
12:10:30 [INFO]       💾 Đã ghi batch 10 items vào headphone_integrated_metadata.jsonl
12:10:32 [INFO]    🔹 [11/180] Lấy Metadata: https://www.dienmayxanh.com/tai-nghe/tai-nghe-bluetooth-true-wireless-oppo-enco-buds-3-eteg1
12:10:57 [INFO]     Đã lấy được 16 thuộc tính
12:10:57 [INFO]       Đã lấy được Thông tin mô tả sản phẩm
12:10:59 [INFO]    🔹 [12/180] Lấy Metadata: https://www.dienmayxanh.com/tai-nghe/tai-nghe-bluetooth-true-wireless-ava-freego-y70
12:11:40 [INFO]     Đã lấy được 15 thuộc tính
12:11:40 [INFO]       Đã lấy được Thông tin mô tả sản phẩm
12:11:42 [INFO]    🔹 [13/180] Lấy Metadata: https://www.dienmayxanh.com/tai-nghe/tai-nghe-bluetooth-true-wireless-samsung-galaxy-buds-core-r410n
12:11:52 [INFO]     Đã lấy được 16 thuộc tính
12:11:52 [INFO]       Đã lấy được Thông tin mô tả sản phẩm
12:11:53 [INFO]    🔹 [14/180] Lấy Metadata: https://www.dienmayxanh.com/tai-nghe/tai-nghe-co-day-apple-mtjy3
12:12:13 [INFO]     Đã lấy được 10 thuộc tính
12:12:13 [INFO]       Đã lấy được Thông tin mô tả sản phẩm
12:12:15 [INFO] ♻️ Làm mới Driver để ổn định session...
12:12:39 [INFO] patching driver executable C:\Users\CONG\appdata\roaming\undetected_chromedriver\undetected_chromedriver.exe
12:12:47 [INFO]    🔹 [15/180] Lấy Metadata: https://www.dienmayxanh.com/tai-nghe/tai-nghe-bluetooth-true-wireless-ava-go-p310?utm_flashsale=1
12:13:19 [INFO]     Đã lấy được 14 thuộc tính
12:13:19 [INFO]       Đã lấy được Thông tin mô tả sản phẩm
12:13:21 [INFO]    🔹 [16/180] Lấy Metadata: https://www.dienmayxanh.com/tai-nghe/tai-nghe-bluetooth-true-wireless-ava-buds-life-air-3
12:14:06 [WARNING] ⏳ Timeout khi tải trang: https://www.dienmayxanh.com/tai-nghe/tai-nghe-bluetooth-true-wireless-ava-buds-life-air-3
12:14:06 [INFO]    🔹 [16/180] Lấy Metadata: https://www.dienmayxanh.com/tai-nghe/tai-nghe-bluetooth-true-wireless-ava-buds-life-air-3
12:14:41 [INFO]     Đã lấy được 15 thuộc tính
12:14:41 [INFO]       Đã lấy được Thông tin mô tả sản phẩm
12:14:43 [INFO]    🔹 [17/180] Lấy Metadata: https://www.dienmayxanh.com/tai-nghe/airpods-4-mxp63
12:14:51 [INFO]     Đã lấy được 15 thuộc tính
12:14:51 [INFO]       Đã lấy được Thông tin mô tả sản phẩm
12:14:53 [INFO]    🔹 [18/180] Lấy Metadata: https://www.dienmayxanh.com/tai-nghe/tai-nghe-co-day-ep-ava-livebass-e3
12:15:34 [INFO]     Đã lấy được 10 thuộc tính
12:15:34 [INFO]       Đã lấy được Thông tin mô tả sản phẩm
12:15:35 [INFO]    🔹 [19/180] Lấy Metadata: https://www.dienmayxanh.com/tai-nghe/tai-nghe-bluetooth-true-wireless-ava-go-p510
12:16:19 [INFO]     Đã lấy được 14 thuộc tính
12:16:19 [WARNING]       [!] Sản phẩm này không có bài viết mô tả.
12:16:21 [INFO]    🔹 [20/180] Lấy Metadata: https://www.dienmayxanh.com/tai-nghe/tai-nghe-day-ep-type-c-ava-livebass-e4
12:16:27 [INFO]     Đã lấy được 12 thuộc tính
12:16:27 [INFO]       Đã lấy được Thông tin mô tả sản phẩm
12:16:27 [INFO]       💾 Đã ghi batch 10 items vào headphone_integrated_metadata.jsonl
12:16:29 [INFO]    🔹 [21/180] Lấy Metadata: https://www.dienmayxanh.com/tai-nghe/tai-nghe-co-day-jbl-c200-siu
12:16:36 [INFO]     Đã lấy được 11 thuộc tính
12:16:36 [INFO]       Đã lấy được Thông tin mô tả sản phẩm
12:16:38 [INFO]    🔹 [22/180] Lấy Metadata: https://www.dienmayxanh.com/tai-nghe/tai-nghe-ep-type-c-ava-livebass-e2
12:16:50 [INFO]     Đã lấy được 11 thuộc tính
12:16:50 [INFO]       Đã lấy được Thông tin mô tả sản phẩm
12:16:52 [INFO]    🔹 [23/180] Lấy Metadata: https://www.dienmayxanh.com/tai-nghe/tai-nghe-tws-baseus-bass-ep10-nc
12:17:00 [INFO]     Đã lấy được 16 thuộc tính
12:17:00 [WARNING]       [!] Sản phẩm này không có bài viết mô tả.
12:17:01 [INFO]    🔹 [24/180] Lấy Metadata: https://www.dienmayxanh.com/tai-nghe/tai-nghe-bluetooth-true-wireless-rezo-wave
12:17:14 [INFO]     Đã lấy được 15 thuộc tính
12:17:14 [INFO]       Đã lấy được Thông tin mô tả sản phẩm
12:17:15 [INFO]    🔹 [25/180] Lấy Metadata: https://www.dienmayxanh.com/tai-nghe/tai-nghe-co-day-ep-hydrus-pc-30
12:17:23 [INFO]     Đã lấy được 11 thuộc tính
12:17:23 [WARNING]       [!] Sản phẩm này không có bài viết mô tả.
12:17:25 [INFO]    🔹 [26/180] Lấy Metadata: https://www.dienmayxanh.com/tai-nghe/tai-nghe-bluetooth-true-wireless-baseus-bowie-e20
12:17:32 [INFO]     Đã lấy được 15 thuộc tính
12:17:32 [INFO]       Đã lấy được Thông tin mô tả sản phẩm
12:17:33 [INFO]    🔹 [27/180] Lấy Metadata: https://www.dienmayxanh.com/tai-nghe/tai-nghe-bluetooth-true-wireless-xiaomi-redmi-buds-8-active
12:17:41 [INFO]     Đã lấy được 16 thuộc tính
12:17:42 [WARNING]       [!] Sản phẩm này không có bài viết mô tả.
12:17:44 [INFO]    🔹 [28/180] Lấy Metadata: https://www.dienmayxanh.com/tai-nghe/tai-nghe-co-day-ep-type-c-xiaomi
12:18:10 [INFO]     Đã lấy được 12 thuộc tính
12:18:10 [INFO]       Đã lấy được Thông tin mô tả sản phẩm
12:18:12 [INFO]    🔹 [29/180] Lấy Metadata: https://www.dienmayxanh.com/tai-nghe/tai-nghe-bluetooth-open-ear-true-wireless-ava-freego-ows04
12:18:48 [INFO]     Đã lấy được 14 thuộc tính
12:18:48 [INFO]       Đã lấy được Thông tin mô tả sản phẩm
12:18:50 [INFO] ♻️ Làm mới Driver để ổn định session...
12:18:51 [INFO]    🔹 [30/180] Lấy Metadata: https://www.dienmayxanh.com/tai-nghe/airpods-4-chong-on-mxp93
12:19:08 [INFO]     Đã lấy được 15 thuộc tính
12:19:08 [INFO]       Đã lấy được Thông tin mô tả sản phẩm
12:19:09 [INFO]       💾 Đã ghi batch 10 items vào headphone_integrated_metadata.jsonl
12:19:10 [INFO]    🔹 [31/180] Lấy Metadata: https://www.dienmayxanh.com/tai-nghe/tai-nghe-bluetooth-apple-airpods-pro-3-trang-mfhp4
12:19:21 [INFO]     Đã lấy được 14 thuộc tính
12:19:21 [INFO]       Đã lấy được Thông tin mô tả sản phẩm
12:19:23 [INFO]    🔹 [32/180] Lấy Metadata: https://www.dienmayxanh.com/tai-nghe/tai-nghe-bluetooth-true-wireless-ava-go-f25?utm_flashsale=1
12:19:38 [INFO]     Đã lấy được 14 thuộc tính
12:19:38 [INFO]       Đã lấy được Thông tin mô tả sản phẩm
12:19:40 [INFO]    🔹 [33/180] Lấy Metadata: https://www.dienmayxanh.com/tai-nghe/tai-nghe-bluetooth-true-wireless-soundcore-r50i-a3959
12:19:57 [INFO]     Đã lấy được 16 thuộc tính
12:19:57 [INFO]       Đã lấy được Thông tin mô tả sản phẩm
12:19:58 [INFO]    🔹 [34/180] Lấy Metadata: https://www.dienmayxanh.com/tai-nghe/tai-nghe-bluetooth-true-wireless-rezo-k50?utm_flashsale=1
12:20:34 [INFO]     Đã lấy được 15 thuộc tính
12:20:34 [INFO]       Đã lấy được Thông tin mô tả sản phẩm
12:20:36 [INFO]    🔹 [35/180] Lấy Metadata: https://www.dienmayxanh.com/tai-nghe/tai-nghe-ep-oppo-mh135
12:20:52 [INFO]     Đã lấy được 11 thuộc tính
12:20:52 [INFO]       Đã lấy được Thông tin mô tả sản phẩm
12:20:54 [INFO]    🔹 [36/180] Lấy Metadata: https://www.dienmayxanh.com/tai-nghe/tai-nghe-bluetooth-true-wireless-soundcore-r60i-nc-d1202
12:21:12 [INFO]     Đã lấy được 16 thuộc tính
12:21:12 [WARNING]       [!] Sản phẩm này không có bài viết mô tả.
12:21:14 [INFO]    🔹 [37/180] Lấy Metadata: https://www.dienmayxanh.com/tai-nghe/tai-nghe-bluetooth-true-wireless-rezo-wave-pro-anc
12:21:35 [INFO]     Đã lấy được 15 thuộc tính
12:21:35 [INFO]       Đã lấy được Thông tin mô tả sản phẩm
12:21:36 [INFO]    🔹 [38/180] Lấy Metadata: https://www.dienmayxanh.com/tai-nghe/tai-nghe-tws-jbl-wave-beam-2
12:21:54 [INFO]     Đã lấy được 16 thuộc tính
12:21:54 [INFO]       Đã lấy được Thông tin mô tả sản phẩm
12:21:56 [INFO]    🔹 [39/180] Lấy Metadata: https://www.dienmayxanh.com/tai-nghe/tai-nghe-bluetooth-chup-tai-baseus-bass-bh1-lite
12:22:07 [INFO]     Đã lấy được 14 thuộc tính
12:22:07 [INFO]       Đã lấy được Thông tin mô tả sản phẩm
12:22:09 [INFO]    🔹 [40/180] Lấy Metadata: https://www.dienmayxanh.com/tai-nghe/tai-nghe-bluetooth-true-wireless-havit-life-04t
12:22:19 [INFO]     Đã lấy được 15 thuộc tính
12:22:19 [INFO]       Đã lấy được Thông tin mô tả sản phẩm
12:22:19 [INFO]       💾 Đã ghi batch 10 items vào headphone_integrated_metadata.jsonl
12:22:21 [INFO]    🔹 [41/180] Lấy Metadata: https://www.dienmayxanh.com/tai-nghe/tai-nghe-co-day-type-c-samsung-eo-ic100
12:22:30 [INFO]     Đã lấy được 11 thuộc tính
12:22:30 [WARNING]       [!] Sản phẩm này không có bài viết mô tả.
12:22:32 [INFO]    🔹 [42/180] Lấy Metadata: https://www.dienmayxanh.com/tai-nghe/tai-nghe-co-day-ep-ava-pc-25?utm_flashsale=1
12:23:17 [WARNING] ⏳ Timeout khi tải trang: https://www.dienmayxanh.com/tai-nghe/tai-nghe-co-day-ep-ava-pc-25?utm_flashsale=1
12:23:17 [INFO]    🔹 [42/180] Lấy Metadata: https://www.dienmayxanh.com/tai-nghe/tai-nghe-co-day-ep-ava-pc-25?utm_flashsale=1
12:23:27 [INFO]     Đã lấy được 12 thuộc tính
12:23:28 [INFO]       Đã lấy được Thông tin mô tả sản phẩm
12:23:29 [INFO]    🔹 [43/180] Lấy Metadata: https://www.dienmayxanh.com/tai-nghe/tai-nghe-bluetooth-true-wireless-soundcore-k20i-a3994
12:23:35 [INFO]     Đã lấy được 16 thuộc tính
12:23:35 [INFO]       Đã lấy được Thông tin mô tả sản phẩm
12:23:37 [INFO]    🔹 [44/180] Lấy Metadata: https://www.dienmayxanh.com/tai-nghe/tai-nghe-tws-xiaomi-redmi-buds-6
12:23:45 [INFO]     Đã lấy được 16 thuộc tính
12:23:45 [INFO]       Đã lấy được Thông tin mô tả sản phẩm
12:23:47 [INFO] ♻️ Làm mới Driver để ổn định session...
12:23:48 [INFO]    🔹 [45/180] Lấy Metadata: https://www.dienmayxanh.com/tai-nghe/tai-nghe-co-day-ep-ava-livebass-hifi-s10
12:23:59 [INFO]     Đã lấy được 11 thuộc tính
12:23:59 [WARNING]       [!] Sản phẩm này không có bài viết mô tả.
12:24:01 [INFO]    🔹 [46/180] Lấy Metadata: https://www.dienmayxanh.com/tai-nghe/tai-nghe-bluetooth-chup-tai-havit-h662bt
12:24:14 [INFO]     Đã lấy được 15 thuộc tính
12:24:14 [INFO]       Đã lấy được Thông tin mô tả sản phẩm
12:24:16 [INFO]    🔹 [47/180] Lấy Metadata: https://www.dienmayxanh.com/tai-nghe/tai-nghe-bluetooth-true-wireless-havit-tw996-pro
12:24:34 [INFO]     Đã lấy được 15 thuộc tính
12:24:34 [INFO]       Đã lấy được Thông tin mô tả sản phẩm
12:24:36 [INFO]    🔹 [48/180] Lấy Metadata: https://www.dienmayxanh.com/tai-nghe/tai-nghe-bluetooth-chup-tai-sony-wh-ch520
12:24:44 [INFO]     Đã lấy được 15 thuộc tính
12:24:44 [INFO]       Đã lấy được Thông tin mô tả sản phẩm
12:24:45 [INFO]    🔹 [49/180] Lấy Metadata: https://www.dienmayxanh.com/tai-nghe/tai-nghe-bluetooth-true-wireless-baseus-bass-bp1-pro-pm132
12:24:52 [INFO]     Đã lấy được 16 thuộc tính
12:24:53 [INFO]       Đã lấy được Thông tin mô tả sản phẩm
12:24:55 [INFO]    🔹 [50/180] Lấy Metadata: https://www.dienmayxanh.com/tai-nghe/tai-nghe-bluetooth-true-wireless-huawei-t0016-freebuds-se-2
12:25:05 [INFO]     Đã lấy được 16 thuộc tính
12:25:05 [INFO]       Đã lấy được Thông tin mô tả sản phẩm
12:25:05 [INFO]       💾 Đã ghi batch 10 items vào headphone_integrated_metadata.jsonl
12:25:07 [INFO]    🔹 [51/180] Lấy Metadata: https://www.dienmayxanh.com/tai-nghe/tai-nghe-bluetooth-true-wireless-havit-tw943-pro
12:25:15 [INFO]     Đã lấy được 14 thuộc tính
12:25:15 [INFO]       Đã lấy được Thông tin mô tả sản phẩm
12:25:17 [INFO]    🔹 [52/180] Lấy Metadata: https://www.dienmayxanh.com/tai-nghe/tai-nghe-bluetooth-true-wireless-havit-tw923-pro
12:25:25 [INFO]     Đã lấy được 14 thuộc tính
12:25:25 [INFO]       Đã lấy được Thông tin mô tả sản phẩm
12:25:26 [INFO]    🔹 [53/180] Lấy Metadata: https://www.dienmayxanh.com/tai-nghe/tai-nghe-ep-sony-mdr-ex15aplize
12:25:35 [INFO]     Đã lấy được 11 thuộc tính
12:25:35 [INFO]       Đã lấy được Thông tin mô tả sản phẩm
12:25:37 [INFO]    🔹 [54/180] Lấy Metadata: https://www.dienmayxanh.com/tai-nghe/tai-nghe-open-ear-tws-ava-freego-ows800
12:25:44 [INFO]     Đã lấy được 14 thuộc tính
12:25:44 [WARNING]       [!] Sản phẩm này không có bài viết mô tả.
12:25:46 [INFO]    🔹 [55/180] Lấy Metadata: https://www.dienmayxanh.com/tai-nghe/tai-nghe-bluetooth-chup-tai-jbl-tune-520bt
12:25:54 [INFO]     Đã lấy được 15 thuộc tính
12:25:54 [INFO]       Đã lấy được Thông tin mô tả sản phẩm
12:25:56 [INFO]    🔹 [56/180] Lấy Metadata: https://www.dienmayxanh.com/tai-nghe/tai-nghe-bluetooth-true-wireless-ava-freego-y50?utm_flashsale=1
12:26:03 [INFO]     Đã lấy được 14 thuộc tính
12:26:03 [INFO]       Đã lấy được Thông tin mô tả sản phẩm
12:26:04 [INFO]    🔹 [57/180] Lấy Metadata: https://www.dienmayxanh.com/tai-nghe/tai-nghe-bluetooth-true-wireless-samsung-galaxy-buds-3-fe-r420n
12:26:12 [INFO]     Đã lấy được 16 thuộc tính
12:26:12 [INFO]       Đã lấy được Thông tin mô tả sản phẩm
12:26:13 [INFO]    🔹 [58/180] Lấy Metadata: https://www.dienmayxanh.com/tai-nghe/tai-nghe-bluetooth-true-wireless-realme-techlife-buds
12:26:27 [INFO]     Đã lấy được 16 thuộc tính
12:26:27 [INFO]       Đã lấy được Thông tin mô tả sản phẩm
12:26:28 [INFO]    🔹 [59/180] Lấy Metadata: https://www.dienmayxanh.com/tai-nghe/tai-nghe-bluetooth-true-wireless-rezo-rz09-anc
12:26:39 [INFO]     Đã lấy được 15 thuộc tính
12:26:39 [WARNING]       [!] Sản phẩm này không có bài viết mô tả.
12:26:41 [INFO] ♻️ Làm mới Driver để ổn định session...
12:26:42 [INFO]    🔹 [60/180] Lấy Metadata: https://www.dienmayxanh.com/tai-nghe/tai-nghe-bluetooth-airpods-pro-gen-2-magsafe-charge-usb-c-apple-mtjv3
12:27:02 [INFO]     Đã lấy được 15 thuộc tính
12:27:02 [INFO]       Đã lấy được Thông tin mô tả sản phẩm
12:27:02 [INFO]       💾 Đã ghi batch 10 items vào headphone_integrated_metadata.jsonl
12:27:04 [INFO]    🔹 [61/180] Lấy Metadata: https://www.dienmayxanh.com/tai-nghe/tai-nghe-tws-realme-buds-t200
12:27:11 [INFO]     Đã lấy được 16 thuộc tính
12:27:11 [INFO]       Đã lấy được Thông tin mô tả sản phẩm
12:27:13 [INFO]    🔹 [62/180] Lấy Metadata: https://www.dienmayxanh.com/tai-nghe/tai-nghe-bluetooth-true-wireless-havit-tw982-life-01t
12:27:21 [INFO]     Đã lấy được 15 thuộc tính
12:27:21 [INFO]       Đã lấy được Thông tin mô tả sản phẩm
12:27:23 [INFO]    🔹 [63/180] Lấy Metadata: https://www.dienmayxanh.com/tai-nghe/tai-nghe-bluetooth-true-wireless-samsung-galaxy-buds4-pro-r640n
12:27:29 [INFO]     Đã lấy được 15 thuộc tính
12:27:29 [INFO]       Đã lấy được Thông tin mô tả sản phẩm
12:27:31 [INFO]    🔹 [64/180] Lấy Metadata: https://www.dienmayxanh.com/tai-nghe/tai-nghe-bluetooth-true-wireless-havit-tw976
12:27:39 [INFO]     Đã lấy được 15 thuộc tính
12:27:39 [INFO]       Đã lấy được Thông tin mô tả sản phẩm
12:27:40 [INFO]    🔹 [65/180] Lấy Metadata: https://www.dienmayxanh.com/tai-nghe/tai-nghe-bluetooth-chup-tai-baseus-bass-bh1
12:27:56 [INFO]     Đã lấy được 15 thuộc tính
12:27:56 [WARNING]       [!] Sản phẩm này không có bài viết mô tả.
12:27:58 [INFO]    🔹 [66/180] Lấy Metadata: https://www.dienmayxanh.com/tai-nghe/tai-nghe-bluetooth-chup-tai-havit-h612bt-pro
12:28:08 [INFO]     Đã lấy được 16 thuộc tính
12:28:08 [WARNING]       [!] Sản phẩm này không có bài viết mô tả.
12:28:10 [INFO]    🔹 [67/180] Lấy Metadata: https://www.dienmayxanh.com/tai-nghe/tai-nghe-bluetooth-true-wireless-realme-buds-t200-lite
12:28:17 [INFO]     Đã lấy được 16 thuộc tính
12:28:17 [INFO]       Đã lấy được Thông tin mô tả sản phẩm
12:28:18 [INFO]    🔹 [68/180] Lấy Metadata: https://www.dienmayxanh.com/tai-nghe/tai-nghe-bluetooth-sony-wi-c100
12:28:33 [INFO]     Đã lấy được 15 thuộc tính
12:28:33 [INFO]       Đã lấy được Thông tin mô tả sản phẩm
12:28:36 [INFO]    🔹 [69/180] Lấy Metadata: https://www.dienmayxanh.com/tai-nghe/tai-nghe-nhet-tai-ep-sony-mdr-ex155ap
12:28:53 [INFO]     Đã lấy được 11 thuộc tính
12:28:53 [INFO]       Đã lấy được Thông tin mô tả sản phẩm
12:28:55 [INFO]    🔹 [70/180] Lấy Metadata: https://www.dienmayxanh.com/tai-nghe/tai-nghe-bluetooth-true-wireless-sony-wf-c510-imei
12:29:09 [INFO]     Đã lấy được 16 thuộc tính
12:29:09 [WARNING]       [!] Sản phẩm này không có bài viết mô tả.
12:29:09 [INFO]       💾 Đã ghi batch 10 items vào headphone_integrated_metadata.jsonl
12:29:10 [INFO]    🔹 [71/180] Lấy Metadata: https://www.dienmayxanh.com/tai-nghe/tai-nghe-bluetooth-chup-tai-havit-h667bt
12:29:38 [INFO]     Đã lấy được 15 thuộc tính
12:29:38 [INFO]       Đã lấy được Thông tin mô tả sản phẩm
12:29:40 [INFO]    🔹 [72/180] Lấy Metadata: https://www.dienmayxanh.com/tai-nghe/tai-nghe-bluetooth-tws-xiaomi-redmi-buds-6-lite
12:30:09 [INFO]     Đã lấy được 16 thuộc tính
12:30:09 [INFO]       Đã lấy được Thông tin mô tả sản phẩm
12:30:10 [INFO]    🔹 [73/180] Lấy Metadata: https://www.dienmayxanh.com/tai-nghe/tai-nghe-bluetooth-open-ear-ows-rezo-pulsego
12:30:20 [INFO]     Đã lấy được 15 thuộc tính
12:30:20 [WARNING]       [!] Sản phẩm này không có bài viết mô tả.
12:30:22 [INFO]    🔹 [74/180] Lấy Metadata: https://www.dienmayxanh.com/tai-nghe/tai-nghe-bluetooth-chup-tai-ugreen-hitune-max5c-hp203?utm_flashsale=1
12:30:32 [INFO]     Đã lấy được 15 thuộc tính
12:30:32 [WARNING]       [!] Sản phẩm này không có bài viết mô tả.
12:30:33 [INFO] ♻️ Làm mới Driver để ổn định session...
12:30:34 [INFO]    🔹 [75/180] Lấy Metadata: https://www.dienmayxanh.com/tai-nghe/tai-nghe-bluetooth-true-wireless-soundpeats-q3-pro
12:30:45 [INFO]     Đã lấy được 16 thuộc tính
12:30:45 [WARNING]       [!] Sản phẩm này không có bài viết mô tả.
12:30:47 [INFO]    🔹 [76/180] Lấy Metadata: https://www.dienmayxanh.com/tai-nghe/tai-nghe-bluetooth-chup-tai-sony-wh-ch720n?utm_flashsale=1
12:31:32 [WARNING] ⏳ Timeout khi tải trang: https://www.dienmayxanh.com/tai-nghe/tai-nghe-bluetooth-chup-tai-sony-wh-ch720n?utm_flashsale=1
12:31:32 [INFO]    🔹 [76/180] Lấy Metadata: https://www.dienmayxanh.com/tai-nghe/tai-nghe-bluetooth-chup-tai-sony-wh-ch720n?utm_flashsale=1
12:31:43 [INFO]     Đã lấy được 17 thuộc tính
12:31:43 [INFO]       Đã lấy được Thông tin mô tả sản phẩm
12:31:45 [INFO]    🔹 [77/180] Lấy Metadata: https://www.dienmayxanh.com/tai-nghe/tai-nghe-sony-mdr-zx110ap
12:31:52 [INFO]     Đã lấy được 13 thuộc tính
12:31:52 [INFO]       Đã lấy được Thông tin mô tả sản phẩm
12:31:53 [INFO]    🔹 [78/180] Lấy Metadata: https://www.dienmayxanh.com/tai-nghe/tai-nghe-bluetooth-tws-ava-freego-y913?utm_flashsale=1
12:32:00 [INFO]     Đã lấy được 14 thuộc tính
12:32:00 [INFO]       Đã lấy được Thông tin mô tả sản phẩm
12:32:02 [INFO]    🔹 [79/180] Lấy Metadata: https://www.dienmayxanh.com/tai-nghe/tai-nghe-bluetooth-true-wireless-havit-tw992
12:32:09 [INFO]     Đã lấy được 17 thuộc tính
12:32:09 [WARNING]       [!] Sản phẩm này không có bài viết mô tả.
12:32:11 [INFO]    🔹 [80/180] Lấy Metadata: https://www.dienmayxanh.com/tai-nghe/tai-nghe-bluetooth-chup-tai-baseus-bass-35-max?utm_flashsale=1
12:32:19 [INFO]     Đã lấy được 16 thuộc tính
12:32:19 [INFO]       Đã lấy được Thông tin mô tả sản phẩm
12:32:19 [INFO]       💾 Đã ghi batch 10 items vào headphone_integrated_metadata.jsonl
12:32:21 [INFO]    🔹 [81/180] Lấy Metadata: https://www.dienmayxanh.com/tai-nghe/tai-nghe-bluetooth-true-wireless-havit-tw907-se
12:32:45 [INFO]     Đã lấy được 14 thuộc tính
12:32:45 [WARNING]       [!] Sản phẩm này không có bài viết mô tả.
12:32:46 [INFO]    🔹 [82/180] Lấy Metadata: https://www.dienmayxanh.com/tai-nghe/tai-nghe-co-day-ep-baseus-encok-hz20
12:33:29 [INFO]     Đã lấy được 11 thuộc tính
12:33:29 [INFO]       Đã lấy được Thông tin mô tả sản phẩm
12:33:31 [INFO]    🔹 [83/180] Lấy Metadata: https://www.dienmayxanh.com/tai-nghe/tai-nghe-bluetooth-chup-tai-havit-h603bt
12:34:09 [INFO]     Đã lấy được 14 thuộc tính
12:34:09 [WARNING]       [!] Sản phẩm này không có bài viết mô tả.
12:34:12 [INFO]    🔹 [84/180] Lấy Metadata: https://www.dienmayxanh.com/tai-nghe/tai-nghe-tws-jbl-tune-beam-2
12:34:20 [INFO]     Đã lấy được 16 thuộc tính
12:34:20 [INFO]       Đã lấy được Thông tin mô tả sản phẩm
12:34:22 [INFO]    🔹 [85/180] Lấy Metadata: https://www.dienmayxanh.com/tai-nghe/tai-nghe-bluetooth-true-wireless-sony-wf-c710n
12:34:28 [INFO]     Đã lấy được 16 thuộc tính
12:34:29 [INFO]       Đã lấy được Thông tin mô tả sản phẩm
12:34:31 [INFO]    🔹 [86/180] Lấy Metadata: https://www.dienmayxanh.com/tai-nghe/tai-nghe-bluetooth-tws-oppo-enco-buds-2-ete41-trang?utm_flashsale=1
12:34:38 [INFO]     Đã lấy được 16 thuộc tính
12:34:38 [INFO]       Đã lấy được Thông tin mô tả sản phẩm
12:34:40 [INFO]    🔹 [87/180] Lấy Metadata: https://www.dienmayxanh.com/tai-nghe/tai-nghe-tws-alpha-works-aw-curve-200
12:34:57 [INFO]     Đã lấy được 15 thuộc tính
12:34:57 [INFO]       Đã lấy được Thông tin mô tả sản phẩm
12:34:59 [INFO]    🔹 [88/180] Lấy Metadata: https://www.dienmayxanh.com/tai-nghe/tai-nghe-bluetooth-open-ear-ows-rezo-musego-2
12:35:07 [INFO]     Đã lấy được 15 thuộc tính
12:35:08 [WARNING]       [!] Sản phẩm này không có bài viết mô tả.
12:35:09 [INFO]    🔹 [89/180] Lấy Metadata: https://www.dienmayxanh.com/tai-nghe/tai-nghe-chup-tai-logitech-h111
12:35:18 [INFO]     Đã lấy được 12 thuộc tính
12:35:18 [INFO]       Đã lấy được Thông tin mô tả sản phẩm
12:35:19 [INFO] ♻️ Làm mới Driver để ổn định session...
12:35:20 [INFO]    🔹 [90/180] Lấy Metadata: https://www.dienmayxanh.com/tai-nghe/tai-nghe-co-day-ep-type-c-ava-livebass-s870?utm_flashsale=1
12:35:36 [INFO]     Đã lấy được 11 thuộc tính
12:35:36 [INFO]       Đã lấy được Thông tin mô tả sản phẩm
12:35:36 [INFO]       💾 Đã ghi batch 10 items vào headphone_integrated_metadata.jsonl
12:35:39 [INFO]    🔹 [91/180] Lấy Metadata: https://www.dienmayxanh.com/tai-nghe/tai-nghe-co-day-type-c-jbl-t310cblk
12:35:48 [INFO]     Đã lấy được 12 thuộc tính
12:35:48 [INFO]       Đã lấy được Thông tin mô tả sản phẩm
12:35:50 [INFO]    🔹 [92/180] Lấy Metadata: https://www.dienmayxanh.com/tai-nghe/tai-nghe-chup-tai-havit-h652bt
12:36:02 [INFO]     Đã lấy được 16 thuộc tính
12:36:02 [WARNING]       [!] Sản phẩm này không có bài viết mô tả.
12:36:04 [INFO]    🔹 [93/180] Lấy Metadata: https://www.dienmayxanh.com/tai-nghe/tai-nghe-bluetooth-true-wireless-xiaomi-redmi-buds-8-pro
12:36:14 [INFO]     Đã lấy được 16 thuộc tính
12:36:14 [WARNING]       [!] Sản phẩm này không có bài viết mô tả.
12:36:16 [INFO]    🔹 [94/180] Lấy Metadata: https://www.dienmayxanh.com/tai-nghe/tai-nghe-bluetooth-chup-tai-alpha-works-aw-lite-600
12:36:26 [INFO]     Đã lấy được 16 thuộc tính
12:36:26 [INFO]       Đã lấy được Thông tin mô tả sản phẩm
12:36:28 [INFO]    🔹 [95/180] Lấy Metadata: https://www.dienmayxanh.com/tai-nghe/tai-nghe-bluetooth-open-ear-true-wireless-havit-owfit-02a
12:36:37 [INFO]     Đã lấy được 14 thuộc tính
12:36:37 [WARNING]       [!] Sản phẩm này không có bài viết mô tả.
12:36:39 [INFO]    🔹 [96/180] Lấy Metadata: https://www.dienmayxanh.com/tai-nghe/tai-nghe-bluetooth-true-wireless-soul-s-live-30
12:36:52 [INFO]     Đã lấy được 15 thuộc tính
12:36:52 [INFO]       Đã lấy được Thông tin mô tả sản phẩm
12:36:53 [INFO]    🔹 [97/180] Lấy Metadata: https://www.dienmayxanh.com/tai-nghe/tai-nghe-chup-tai-gaming-asus-tuf-h3-den-do?utm_flashsale=1
12:37:10 [INFO]     Đã lấy được 13 thuộc tính
12:37:10 [INFO]       Đã lấy được Thông tin mô tả sản phẩm
12:37:13 [INFO]    🔹 [98/180] Lấy Metadata: https://www.dienmayxanh.com/tai-nghe/tai-nghe-co-day-gaming-hp-hyperx-cloud-stinger-core-ii
12:37:22 [INFO]     Đã lấy được 12 thuộc tính
12:37:22 [INFO]       Đã lấy được Thông tin mô tả sản phẩm
12:37:23 [INFO]    🔹 [99/180] Lấy Metadata: https://www.dienmayxanh.com/tai-nghe/tai-nghe-tws-havit-tw941
12:38:08 [WARNING] ⏳ Timeout khi tải trang: https://www.dienmayxanh.com/tai-nghe/tai-nghe-tws-havit-tw941
12:38:08 [INFO]    🔹 [99/180] Lấy Metadata: https://www.dienmayxanh.com/tai-nghe/tai-nghe-tws-havit-tw941
12:38:23 [INFO]     Đã lấy được 15 thuộc tính
12:38:23 [INFO]       Đã lấy được Thông tin mô tả sản phẩm
12:38:24 [INFO]    🔹 [100/180] Lấy Metadata: https://www.dienmayxanh.com/tai-nghe/tai-nghe-bluetooth-true-wireless-samsung-galaxy-buds-3-r530n?utm_flashsale=1
12:39:02 [INFO]     Đã lấy được 16 thuộc tính
12:39:02 [INFO]       Đã lấy được Thông tin mô tả sản phẩm
12:39:02 [INFO]       💾 Đã ghi batch 10 items vào headphone_integrated_metadata.jsonl
12:39:04 [INFO]    🔹 [101/180] Lấy Metadata: https://www.dienmayxanh.com/tai-nghe/tai-nghe-bluetooth-true-wireless-alpha-works-aw-curve-100?utm_flashsale=1
12:39:13 [INFO]     Đã lấy được 15 thuộc tính
12:39:13 [INFO]       Đã lấy được Thông tin mô tả sản phẩm
12:39:14 [INFO]    🔹 [102/180] Lấy Metadata: https://www.dienmayxanh.com/tai-nghe/tai-nghe-bluetooth-true-wireless-ugreen-hitune-p3-ws207-45110
12:39:23 [INFO]     Đã lấy được 17 thuộc tính
12:39:23 [WARNING]       [!] Sản phẩm này không có bài viết mô tả.
12:39:25 [INFO]    🔹 [103/180] Lấy Metadata: https://www.dienmayxanh.com/tai-nghe/tai-nghe-bluetooth-true-wireless-havit-tw947
12:39:38 [INFO]     Đã lấy được 15 thuộc tính
12:39:38 [INFO]       Đã lấy được Thông tin mô tả sản phẩm
12:39:39 [INFO]    🔹 [104/180] Lấy Metadata: https://www.dienmayxanh.com/tai-nghe/tai-nghe-bluetooth-chup-tai-havit-h661bt?utm_flashsale=1
12:39:48 [INFO]     Đã lấy được 15 thuộc tính
12:39:48 [INFO]       Đã lấy được Thông tin mô tả sản phẩm
12:39:49 [INFO] ♻️ Làm mới Driver để ổn định session...
12:39:50 [INFO]    🔹 [105/180] Lấy Metadata: https://www.dienmayxanh.com/tai-nghe/tai-nghe-bluetooth-true-wireless-marshall-minor-iv
12:40:02 [INFO]     Đã lấy được 16 thuộc tính
12:40:02 [INFO]       Đã lấy được Thông tin mô tả sản phẩm
12:40:04 [INFO]    🔹 [106/180] Lấy Metadata: https://www.dienmayxanh.com/tai-nghe/tai-nghe-bluetooth-true-wireless-samsung-galaxy-buds4-r540n
12:40:12 [INFO]     Đã lấy được 16 thuộc tính
12:40:12 [INFO]       Đã lấy được Thông tin mô tả sản phẩm
12:40:14 [INFO]    🔹 [107/180] Lấy Metadata: https://www.dienmayxanh.com/tai-nghe/tai-nghe-bluetooth-chup-tai-alpha-works-lite-660
12:40:21 [INFO]     Đã lấy được 16 thuộc tính
12:40:21 [WARNING]       [!] Sản phẩm này không có bài viết mô tả.
12:40:24 [INFO]    🔹 [108/180] Lấy Metadata: https://www.dienmayxanh.com/tai-nghe/tai-nghe-bluetooth-chup-tai-zadez-gp-803b
12:40:37 [INFO]     Đã lấy được 15 thuộc tính
12:40:37 [INFO]       Đã lấy được Thông tin mô tả sản phẩm
12:40:39 [INFO]    🔹 [109/180] Lấy Metadata: https://www.dienmayxanh.com/tai-nghe/tai-nghe-co-day-ep-type-c-sony-ier-ex15c
12:40:51 [INFO]     Đã lấy được 13 thuộc tính
12:40:51 [WARNING]       [!] Sản phẩm này không có bài viết mô tả.
12:40:52 [INFO]    🔹 [110/180] Lấy Metadata: https://www.dienmayxanh.com/tai-nghe/tai-nghe-bluetooth-true-wireless-samsung-galaxy-buds-3-pro-r630n?utm_flashsale=1
12:41:04 [INFO]     Đã lấy được 16 thuộc tính
12:41:05 [INFO]       Đã lấy được Thông tin mô tả sản phẩm
12:41:05 [INFO]       💾 Đã ghi batch 10 items vào headphone_integrated_metadata.jsonl
12:41:07 [INFO]    🔹 [111/180] Lấy Metadata: https://www.dienmayxanh.com/tai-nghe/tai-nghe-tws-havit-tw986
12:41:21 [INFO]     Đã lấy được 15 thuộc tính
12:41:21 [INFO]       Đã lấy được Thông tin mô tả sản phẩm
12:41:22 [INFO]    🔹 [112/180] Lấy Metadata: https://www.dienmayxanh.com/tai-nghe/tai-nghe-bluetooth-true-wireless-havit-life-nc01t-tw984
12:41:46 [INFO]     Đã lấy được 16 thuộc tính
12:41:46 [WARNING]       [!] Sản phẩm này không có bài viết mô tả.
12:41:48 [INFO]    🔹 [113/180] Lấy Metadata: https://www.dienmayxanh.com/tai-nghe/tai-nghe-bluetooth-chup-tai-baseus-bass-bh1-nc
12:41:56 [INFO]     Đã lấy được 15 thuộc tính
12:41:56 [INFO]       Đã lấy được Thông tin mô tả sản phẩm
12:41:58 [INFO]    🔹 [114/180] Lấy Metadata: https://www.dienmayxanh.com/tai-nghe/tai-nghe-bluetooth-true-wireless-huawei-t0019-freebuds-6i
12:42:06 [INFO]     Đã lấy được 16 thuộc tính
12:42:06 [WARNING]       [!] Sản phẩm này không có bài viết mô tả.
12:42:09 [INFO]    🔹 [115/180] Lấy Metadata: https://www.dienmayxanh.com/tai-nghe/tai-nghe-bluetooth-open-ear-true-wireless-havit-ows929
12:42:18 [INFO]     Đã lấy được 14 thuộc tính
12:42:18 [WARNING]       [!] Sản phẩm này không có bài viết mô tả.
12:42:20 [INFO]    🔹 [116/180] Lấy Metadata: https://www.dienmayxanh.com/tai-nghe/tai-nghe-tws-xiaomi-redmi-buds-6-pro
12:42:29 [INFO]     Đã lấy được 16 thuộc tính
12:42:29 [INFO]       Đã lấy được Thông tin mô tả sản phẩm
12:42:31 [INFO]    🔹 [117/180] Lấy Metadata: https://www.dienmayxanh.com/tai-nghe/tai-nghe-bluetooth-chup-tai-ugreen-studio-max2-hp205?utm_flashsale=1
12:43:07 [INFO]     Đã lấy được 14 thuộc tính
12:43:07 [WARNING]       [!] Sản phẩm này không có bài viết mô tả.
12:43:10 [INFO]    🔹 [118/180] Lấy Metadata: https://www.dienmayxanh.com/tai-nghe/tai-nghe-bluetooth-soundpeats-free-2-classic
12:43:19 [INFO]     Đã lấy được 15 thuộc tính
12:43:19 [INFO]       Đã lấy được Thông tin mô tả sản phẩm
12:43:21 [INFO]    🔹 [119/180] Lấy Metadata: https://www.dienmayxanh.com/tai-nghe/tai-nghe-bluetooth-chup-tai-alpha-works-flex-680
12:43:29 [INFO]     Đã lấy được 16 thuộc tính
12:43:29 [WARNING]       [!] Sản phẩm này không có bài viết mô tả.
12:43:31 [INFO] ♻️ Làm mới Driver để ổn định session...
12:43:32 [INFO]    🔹 [120/180] Lấy Metadata: https://www.dienmayxanh.com/tai-nghe/tai-nghe-bluetooth-true-wireless-sony-wf1000xm5
12:43:43 [INFO]     Đã lấy được 16 thuộc tính
12:43:43 [INFO]       Đã lấy được Thông tin mô tả sản phẩm
12:43:43 [INFO]       💾 Đã ghi batch 10 items vào headphone_integrated_metadata.jsonl
12:43:45 [INFO]    🔹 [121/180] Lấy Metadata: https://www.dienmayxanh.com/tai-nghe/tai-nghe-beats-solo-buds
12:43:54 [INFO]     Đã lấy được 12 thuộc tính
12:43:54 [INFO]       Đã lấy được Thông tin mô tả sản phẩm
12:43:56 [INFO]    🔹 [122/180] Lấy Metadata: https://www.dienmayxanh.com/tai-nghe/tai-nghe-chup-tai-logitech-h340
12:44:05 [INFO]     Đã lấy được 12 thuộc tính
12:44:05 [INFO]       Đã lấy được Thông tin mô tả sản phẩm
12:44:07 [INFO]    🔹 [123/180] Lấy Metadata: https://www.dienmayxanh.com/tai-nghe/tai-nghe-bluetooth-true-wireless-soundpeats-air-6-hs
12:44:16 [INFO]     Đã lấy được 16 thuộc tính
12:44:16 [WARNING]       [!] Sản phẩm này không có bài viết mô tả.
12:44:18 [INFO]    🔹 [124/180] Lấy Metadata: https://www.dienmayxanh.com/tai-nghe/tai-nghe-bluetooth-chup-tai-sony-wh1000xm5
12:44:25 [INFO]     Đã lấy được 17 thuộc tính
12:44:25 [INFO]       Đã lấy được Thông tin mô tả sản phẩm
12:44:27 [INFO]    🔹 [125/180] Lấy Metadata: https://www.dienmayxanh.com/tai-nghe/tai-nghe-bluetooth-the-thao-soundpeats-runfree-lite-2
12:44:40 [INFO]     Đã lấy được 14 thuộc tính
12:44:40 [INFO]       Đã lấy được Thông tin mô tả sản phẩm
12:44:41 [INFO]    🔹 [126/180] Lấy Metadata: https://www.dienmayxanh.com/tai-nghe/tai-nghe-co-day-hp-hyperx-cloud-earbuds-ii
12:44:54 [INFO]     Đã lấy được 12 thuộc tính
12:44:54 [INFO]       Đã lấy được Thông tin mô tả sản phẩm
12:44:56 [INFO]    🔹 [127/180] Lấy Metadata: https://www.dienmayxanh.com/tai-nghe/tai-nghe-bluetooth-chup-tai-havit-h663bt
12:45:15 [INFO]     Đã lấy được 15 thuộc tính
12:45:15 [INFO]       Đã lấy được Thông tin mô tả sản phẩm
12:45:18 [INFO]    🔹 [128/180] Lấy Metadata: https://www.dienmayxanh.com/tai-nghe/tai-nghe-bluetooth-true-wireless-rezo-air-5-deluxe-anc?utm_flashsale=1
12:45:28 [INFO]     Đã lấy được 15 thuộc tính
12:45:28 [INFO]       Đã lấy được Thông tin mô tả sản phẩm
12:45:30 [INFO]    🔹 [129/180] Lấy Metadata: https://www.dienmayxanh.com/tai-nghe/tai-nghe-chup-tai-gaming-jbl-quantum-qtum100m2blk
12:45:40 [INFO]     Đã lấy được 13 thuộc tính
12:45:40 [INFO]       Đã lấy được Thông tin mô tả sản phẩm
12:45:42 [INFO]    🔹 [130/180] Lấy Metadata: https://www.dienmayxanh.com/tai-nghe/tai-nghe-bluetooth-open-ear-true-wireless-jbl-sense-lite
12:45:49 [INFO]     Đã lấy được 16 thuộc tính
12:45:49 [WARNING]       [!] Sản phẩm này không có bài viết mô tả.
12:45:49 [INFO]       💾 Đã ghi batch 10 items vào headphone_integrated_metadata.jsonl
12:45:51 [INFO]    🔹 [131/180] Lấy Metadata: https://www.dienmayxanh.com/tai-nghe/airpods-max-2
12:45:58 [INFO]     Đã lấy được 14 thuộc tính
12:45:58 [WARNING]       [!] Sản phẩm này không có bài viết mô tả.
12:46:00 [INFO]    🔹 [132/180] Lấy Metadata: https://www.dienmayxanh.com/tai-nghe/ep-gaming-asus-rog-cetra-ii-core-den?utm_flashsale=1
12:46:16 [INFO]     Đã lấy được 12 thuộc tính
12:46:16 [INFO]       Đã lấy được Thông tin mô tả sản phẩm
12:46:19 [INFO]    🔹 [133/180] Lấy Metadata: https://www.dienmayxanh.com/tai-nghe/tai-nghe-bluetooth-chup-tai-marshall-major-v?utm_flashsale=1
12:46:27 [INFO]     Đã lấy được 16 thuộc tính
12:46:27 [INFO]       Đã lấy được Thông tin mô tả sản phẩm
12:46:29 [INFO]    🔹 [134/180] Lấy Metadata: https://www.dienmayxanh.com/tai-nghe/tai-nghe-bluetooth-true-wireless-jbl-live-beam-3
12:46:37 [INFO]     Đã lấy được 16 thuộc tính
12:46:37 [INFO]       Đã lấy được Thông tin mô tả sản phẩm
12:46:39 [INFO] ♻️ Làm mới Driver để ổn định session...
12:46:40 [INFO]    🔹 [135/180] Lấy Metadata: https://www.dienmayxanh.com/tai-nghe/tai-nghe-chup-tai-soundcore-space-one-a3035
12:46:58 [INFO]     Đã lấy được 17 thuộc tính
12:46:58 [INFO]       Đã lấy được Thông tin mô tả sản phẩm
12:47:00 [INFO]    🔹 [136/180] Lấy Metadata: https://www.dienmayxanh.com/tai-nghe/tai-nghe-co-day-gaming-jbl-quantum-qtum50cblk
12:47:18 [INFO]     Đã lấy được 12 thuộc tính
12:47:18 [INFO]       Đã lấy được Thông tin mô tả sản phẩm
12:47:20 [INFO]    🔹 [137/180] Lấy Metadata: https://www.dienmayxanh.com/tai-nghe/tai-nghe-tws-huawei-t0014-freebuds-5i
12:47:30 [INFO]     Đã lấy được 16 thuộc tính
12:47:30 [INFO]       Đã lấy được Thông tin mô tả sản phẩm
12:47:32 [INFO]    🔹 [138/180] Lấy Metadata: https://www.dienmayxanh.com/tai-nghe/tai-nghe-chup-tai-gaming-razer-blackshark-v2-x
12:47:40 [INFO]     Đã lấy được 13 thuộc tính
12:47:40 [WARNING]       [!] Sản phẩm này không có bài viết mô tả.
12:47:42 [INFO]    🔹 [139/180] Lấy Metadata: https://www.dienmayxanh.com/tai-nghe/tai-nghe-bluetooth-open-ear-ows-soundcore-c50i-d1101
12:47:50 [INFO]     Đã lấy được 15 thuộc tính
12:47:50 [WARNING]       [!] Sản phẩm này không có bài viết mô tả.
12:47:51 [INFO]    🔹 [140/180] Lấy Metadata: https://www.dienmayxanh.com/tai-nghe/tai-nghe-bluetooth-chup-tai-alpha-works-flex-688
12:47:58 [INFO]     Đã lấy được 16 thuộc tính
12:47:59 [WARNING]       [!] Sản phẩm này không có bài viết mô tả.
12:47:59 [INFO]       💾 Đã ghi batch 10 items vào headphone_integrated_metadata.jsonl
12:48:01 [INFO]    🔹 [141/180] Lấy Metadata: https://www.dienmayxanh.com/tai-nghe/tai-nghe-bluetooth-open-ear-tws-baseus-eli-sport-2
12:48:12 [INFO]     Đã lấy được 16 thuộc tính
12:48:12 [INFO]       Đã lấy được Thông tin mô tả sản phẩm
12:48:14 [INFO]    🔹 [142/180] Lấy Metadata: https://www.dienmayxanh.com/tai-nghe/tai-nghe-bluetooth-true-wireless-oppo-enco-x3s-eted1
12:48:26 [INFO]     Đã lấy được 16 thuộc tính
12:48:26 [WARNING]       [!] Sản phẩm này không có bài viết mô tả.
12:48:29 [INFO]    🔹 [143/180] Lấy Metadata: https://www.dienmayxanh.com/tai-nghe/tai-nghe-bluetooth-true-wireless-soundcore-liberty-5-a3957
12:48:36 [INFO]     Đã lấy được 16 thuộc tính
12:48:36 [INFO]       Đã lấy được Thông tin mô tả sản phẩm
12:48:39 [INFO]    🔹 [144/180] Lấy Metadata: https://www.dienmayxanh.com/tai-nghe/tai-nghe-bluetooth-true-wireless-jbl-sense-pro
12:48:46 [INFO]     Đã lấy được 16 thuộc tính
12:48:46 [WARNING]       [!] Sản phẩm này không có bài viết mô tả.
12:48:47 [INFO]    🔹 [145/180] Lấy Metadata: https://www.dienmayxanh.com/tai-nghe/tai-nghe-bluetooth-true-wireless-sony-wf1000xm6
12:48:53 [INFO]     Đã lấy được 16 thuộc tính
12:48:54 [WARNING]       [!] Sản phẩm này không có bài viết mô tả.
12:48:55 [INFO]    🔹 [146/180] Lấy Metadata: https://www.dienmayxanh.com/tai-nghe/tai-nghe-bluetooth-true-wireless-ava-go-p210
12:49:16 [INFO]     Đã lấy được 14 thuộc tính
12:49:16 [INFO]       Đã lấy được Thông tin mô tả sản phẩm
12:49:18 [INFO]    🔹 [147/180] Lấy Metadata: https://www.dienmayxanh.com/tai-nghe/tai-nghe-chup-tai-logitech-h151
12:49:26 [INFO]     Đã lấy được 12 thuộc tính
12:49:26 [INFO]       Đã lấy được Thông tin mô tả sản phẩm
12:49:28 [INFO]    🔹 [148/180] Lấy Metadata: https://www.dienmayxanh.com/tai-nghe/tai-nghe-chup-tai-logitech-h390
12:49:36 [INFO]     Đã lấy được 12 thuộc tính
12:49:36 [INFO]       Đã lấy được Thông tin mô tả sản phẩm
12:49:37 [INFO]    🔹 [149/180] Lấy Metadata: https://www.dienmayxanh.com/tai-nghe/tai-nghe-bluetooth-true-wireless-soundpeats-air5-pro
12:49:45 [INFO]     Đã lấy được 16 thuộc tính
12:49:45 [WARNING]       [!] Sản phẩm này không có bài viết mô tả.
12:49:47 [INFO] ♻️ Làm mới Driver để ổn định session...
12:49:48 [INFO]    🔹 [150/180] Lấy Metadata: https://www.dienmayxanh.com/tai-nghe/tai-nghe-bluetooth-true-wireless-havit-h2590bt
12:50:08 [INFO]     Đã lấy được 13 thuộc tính
12:50:08 [INFO]       Đã lấy được Thông tin mô tả sản phẩm
12:50:08 [INFO]       💾 Đã ghi batch 10 items vào headphone_integrated_metadata.jsonl
12:50:10 [INFO]    🔹 [151/180] Lấy Metadata: https://www.dienmayxanh.com/tai-nghe/tai-nghe-blutetooth-true-wireless-aukey-ep-m3a-trang
12:50:28 [INFO]     Đã lấy được 16 thuộc tính
12:50:28 [INFO]       Đã lấy được Thông tin mô tả sản phẩm
12:50:29 [INFO]    🔹 [152/180] Lấy Metadata: https://www.dienmayxanh.com/tai-nghe/tai-nghe-tws-jbl-tour-pro-3
12:50:38 [INFO]     Đã lấy được 16 thuộc tính
12:50:38 [INFO]       Đã lấy được Thông tin mô tả sản phẩm
12:50:39 [INFO]    🔹 [153/180] Lấy Metadata: https://www.dienmayxanh.com/tai-nghe/tai-nghe-bluetooth-open-ear-tws-ava-freego-ows02
12:50:46 [INFO]     Đã lấy được 14 thuộc tính
12:50:46 [INFO]       Đã lấy được Thông tin mô tả sản phẩm
12:50:48 [INFO]    🔹 [154/180] Lấy Metadata: https://www.dienmayxanh.com/tai-nghe/tai-nghe-bluetooth-true-wireless-havit-tw967-pro
12:51:10 [INFO]     Đã lấy được 12 thuộc tính
12:51:10 [INFO]       Đã lấy được Thông tin mô tả sản phẩm
12:51:11 [INFO]    🔹 [155/180] Lấy Metadata: https://www.dienmayxanh.com/tai-nghe/tai-nghe-tws-soundcore-liberty-4-pro-a3954
12:51:22 [INFO]     Đã lấy được 16 thuộc tính
12:51:22 [INFO]       Đã lấy được Thông tin mô tả sản phẩm
12:51:24 [INFO]    🔹 [156/180] Lấy Metadata: https://www.dienmayxanh.com/tai-nghe/tai-nghe-bluetooth-chup-tai-sony-wh1000xm6
12:51:32 [INFO]     Đã lấy được 17 thuộc tính
12:51:32 [INFO]       Đã lấy được Thông tin mô tả sản phẩm
12:51:33 [INFO]    🔹 [157/180] Lấy Metadata: https://www.dienmayxanh.com/tai-nghe/tai-nghe-co-day-ep-razer-hammerhead-v3-earbuds
12:51:45 [INFO]     Đã lấy được 13 thuộc tính
12:51:46 [WARNING]       [!] Sản phẩm này không có bài viết mô tả.
12:51:47 [INFO]    🔹 [158/180] Lấy Metadata: https://www.dienmayxanh.com/tai-nghe/tai-nghe-bluetooth-jbl-endurance-pace
12:51:56 [INFO]     Đã lấy được 15 thuộc tính
12:51:56 [WARNING]       [!] Sản phẩm này không có bài viết mô tả.
12:51:58 [INFO]    🔹 [159/180] Lấy Metadata: https://www.dienmayxanh.com/tai-nghe/tai-nghe-bluetooth-true-wireless-soundcore-p41i-a3937
12:52:07 [INFO]     Đã lấy được 15 thuộc tính
12:52:07 [WARNING]       [!] Sản phẩm này không có bài viết mô tả.
12:52:09 [INFO]    🔹 [160/180] Lấy Metadata: https://www.dienmayxanh.com/tai-nghe/tai-nghe-bluetooth-true-wireless-ugreen-hitune-t3-pro-ws206-35725
12:52:16 [INFO]     Đã lấy được 17 thuộc tính
12:52:16 [WARNING]       [!] Sản phẩm này không có bài viết mô tả.
12:52:16 [INFO]       💾 Đã ghi batch 10 items vào headphone_integrated_metadata.jsonl
12:52:19 [INFO]    🔹 [161/180] Lấy Metadata: https://www.dienmayxanh.com/tai-nghe/tai-nghe-bluetooth-open-ear-true-wireless-ugreen-clipbuds-magic-ws208-55136
12:52:29 [INFO]     Đã lấy được 16 thuộc tính
12:52:29 [WARNING]       [!] Sản phẩm này không có bài viết mô tả.
12:52:31 [INFO]    🔹 [162/180] Lấy Metadata: https://www.dienmayxanh.com/tai-nghe/tai-nghe-chup-tai-gaming-sony-inzone-h3-mdr-g300
12:52:37 [INFO]     Đã lấy được 13 thuộc tính
12:52:37 [INFO]       Đã lấy được Thông tin mô tả sản phẩm
12:52:39 [INFO]    🔹 [163/180] Lấy Metadata: https://www.dienmayxanh.com/tai-nghe/tai-nghe-bluetooth-true-wireless-baseus-bass-bd1
12:53:28 [INFO]     Đã lấy được 16 thuộc tính
12:53:28 [INFO]       Đã lấy được Thông tin mô tả sản phẩm
12:53:30 [INFO]    🔹 [164/180] Lấy Metadata: https://www.dienmayxanh.com/tai-nghe/tai-nghe-bluetooth-true-wireless-soundpeats-c30
12:53:39 [INFO]     Đã lấy được 16 thuộc tính
12:53:39 [WARNING]       [!] Sản phẩm này không có bài viết mô tả.
12:53:41 [INFO] ♻️ Làm mới Driver để ổn định session...
12:53:41 [INFO]    🔹 [165/180] Lấy Metadata: https://www.dienmayxanh.com/tai-nghe/tai-nghe-bluetooth-true-wireless-marshall-motif-ii-a-n-c
12:53:57 [INFO]     Đã lấy được 16 thuộc tính
12:53:57 [INFO]       Đã lấy được Thông tin mô tả sản phẩm
12:53:58 [INFO]    🔹 [166/180] Lấy Metadata: https://www.dienmayxanh.com/tai-nghe/tai-nghe-bluetooth-open-ear-tws-baseus-eli-sport-1
12:54:08 [INFO]     Đã lấy được 16 thuộc tính
12:54:08 [INFO]       Đã lấy được Thông tin mô tả sản phẩm
12:54:11 [INFO]    🔹 [167/180] Lấy Metadata: https://www.dienmayxanh.com/tai-nghe/tai-nghe-chup-tai-gaming-baseus-goplay-1-max
12:54:18 [INFO]     Đã lấy được 13 thuộc tính
12:54:18 [INFO]       Đã lấy được Thông tin mô tả sản phẩm
12:54:20 [INFO]    🔹 [168/180] Lấy Metadata: https://www.dienmayxanh.com/tai-nghe/tai-nghe-chup-tai-sennheiser-accentum-acaebt?utm_flashsale=1
12:54:27 [INFO]     Đã lấy được 16 thuộc tính
12:54:28 [INFO]       Đã lấy được Thông tin mô tả sản phẩm
12:54:29 [INFO]    🔹 [169/180] Lấy Metadata: https://www.dienmayxanh.com/tai-nghe/tai-nghe-bluetooth-chup-tai-sennheiser-momentum-4-m4aebt
12:54:37 [INFO]     Đã lấy được 15 thuộc tính
12:54:37 [INFO]       Đã lấy được Thông tin mô tả sản phẩm
12:54:40 [INFO]    🔹 [170/180] Lấy Metadata: https://www.dienmayxanh.com/tai-nghe/tai-nghe-bluetooth-true-wireless-xiaomi-openwear-stereo-pro
12:54:48 [INFO]     Đã lấy được 16 thuộc tính
12:54:48 [INFO]       Đã lấy được Thông tin mô tả sản phẩm
12:54:48 [INFO]       💾 Đã ghi batch 10 items vào headphone_integrated_metadata.jsonl
12:54:50 [INFO]    🔹 [171/180] Lấy Metadata: https://www.dienmayxanh.com/tai-nghe/tai-nghe-bluetooth-true-wireless-havit-tw991-pro
12:54:59 [INFO]     Đã lấy được 16 thuộc tính
12:54:59 [WARNING]       [!] Sản phẩm này không có bài viết mô tả.
12:55:01 [INFO]    🔹 [172/180] Lấy Metadata: https://www.dienmayxanh.com/tai-nghe/tai-nghe-blutetooth-true-wireless-aukey-ep-m3a-xanh-duong
12:55:36 [INFO]     Đã lấy được 16 thuộc tính
12:55:36 [INFO]       Đã lấy được Thông tin mô tả sản phẩm
12:55:39 [INFO]    🔹 [173/180] Lấy Metadata: https://www.dienmayxanh.com/tai-nghe/tai-nghe-bluetooth-open-ear-ows-truyen-khi-havit-freego-pro
12:55:48 [INFO]     Đã lấy được 14 thuộc tính
12:55:48 [WARNING]       [!] Sản phẩm này không có bài viết mô tả.
12:55:50 [INFO]    🔹 [174/180] Lấy Metadata: https://www.dienmayxanh.com/tai-nghe/tai-nghe-bluetooth-true-wireless-sony-clip-wf-lc900
12:55:57 [INFO]     Đã lấy được 16 thuộc tính
12:55:57 [WARNING]       [!] Sản phẩm này không có bài viết mô tả.
12:55:59 [INFO]    🔹 [175/180] Lấy Metadata: https://www.dienmayxanh.com/tai-nghe/tai-nghe-bluetooth-true-wireless-jbl-soundgear-clips
12:56:06 [INFO]     Đã lấy được 16 thuộc tính
12:56:06 [WARNING]       [!] Sản phẩm này không có bài viết mô tả.
12:56:08 [INFO]    🔹 [176/180] Lấy Metadata: https://www.dienmayxanh.com/tai-nghe/tai-nghe-blutetooth-true-wireless-aukey-ep-m3a-tim
12:56:16 [INFO]     Đã lấy được 16 thuộc tính
12:56:16 [INFO]       Đã lấy được Thông tin mô tả sản phẩm
12:56:18 [INFO]    🔹 [177/180] Lấy Metadata: https://www.dienmayxanh.com/tai-nghe/tai-nghe-bluetooth-open-ear-ows-rezo-litewave-ows1020
12:56:26 [INFO]     Đã lấy được 14 thuộc tính
12:56:26 [WARNING]       [!] Sản phẩm này không có bài viết mô tả.
12:56:27 [INFO]    🔹 [178/180] Lấy Metadata: https://www.dienmayxanh.com/tai-nghe/tai-nghe-bluetooth-true-wireless-ava-freego-w26
12:56:36 [INFO]     Đã lấy được 14 thuộc tính
12:56:36 [INFO]       Đã lấy được Thông tin mô tả sản phẩm
12:56:38 [INFO]    🔹 [179/180] Lấy Metadata: https://www.dienmayxanh.com/tai-nghe/tai-nghe-bluetooth-beats-solo-4
12:56:50 [INFO]     Đã lấy được 16 thuộc tính
12:56:50 [INFO]       Đã lấy được Thông tin mô tả sản phẩm
12:56:51 [INFO] ♻️ Làm mới Driver để ổn định session...
12:56:52 [INFO]    🔹 [180/180] Lấy Metadata: https://www.dienmayxanh.com/tai-nghe/airpods-max-cong-usb-c
12:57:00 [INFO]     Đã lấy được 14 thuộc tính
12:57:00 [INFO]       Đã lấy được Thông tin mô tả sản phẩm
12:57:00 [INFO]       💾 Đã ghi batch 10 items vào headphone_integrated_metadata.jsonl
12:57:02 [INFO] ✅ Hoàn tất file: headphone_integrated.csv
12:57:02 [INFO] 📂 ĐANG XỬ LÝ: File laptop_integrated.csv
12:57:02 [INFO]    🔹 [1/179] Lấy Metadata: https://www.dienmayxanh.com/laptop/asus-vivobook-go-e1504fa-r5-7520u-bq1160w
12:57:19 [INFO]     Đã lấy được 4 thuộc tính
12:57:19 [INFO]       Đã lấy được Thông tin mô tả sản phẩm
12:57:21 [INFO]    🔹 [2/179] Lấy Metadata: https://www.dienmayxanh.com/laptop/macbook-air-13-inch-m4-16gb-256gb-sac-70w
12:57:27 [INFO]     Đã lấy được 4 thuộc tính
12:57:27 [INFO]       Đã lấy được Thông tin mô tả sản phẩm
12:57:29 [INFO]    🔹 [3/179] Lấy Metadata: https://www.dienmayxanh.com/laptop/hp-15-fc0023au-r5-7520u-d0bh1pa
12:57:34 [INFO]     Đã lấy được 4 thuộc tính
12:57:34 [INFO]       Đã lấy được Thông tin mô tả sản phẩm
12:57:36 [INFO]    🔹 [4/179] Lấy Metadata: https://www.dienmayxanh.com/laptop/macbook-air-13-inch-m4-16gb-256gb
12:57:44 [INFO]     Đã lấy được 4 thuộc tính
12:57:44 [INFO]       Đã lấy được Thông tin mô tả sản phẩm
12:57:46 [INFO]    🔹 [5/179] Lấy Metadata: https://www.dienmayxanh.com/laptop/hp-245-g10-r5-b8pf9at
12:57:53 [INFO]     Đã lấy được 4 thuộc tính
12:57:53 [INFO]       Đã lấy được Thông tin mô tả sản phẩm
12:57:56 [INFO]    🔹 [6/179] Lấy Metadata: https://www.dienmayxanh.com/laptop/dell-15-dc15250-i5-1334u-dc5i5897w1
12:58:04 [INFO]     Đã lấy được 4 thuộc tính
12:58:04 [INFO]       Đã lấy được Thông tin mô tả sản phẩm
12:58:07 [INFO]    🔹 [7/179] Lấy Metadata: https://www.dienmayxanh.com/laptop/asus-x1504va-core-5-bq185ws
12:58:16 [INFO]     Đã lấy được 4 thuộc tính
12:58:16 [INFO]       Đã lấy được Thông tin mô tả sản phẩm
12:58:17 [INFO]    🔹 [8/179] Lấy Metadata: https://www.dienmayxanh.com/laptop/dell-15-dc15250-i5-dc5i5357w1
12:58:26 [INFO]     Đã lấy được 4 thuộc tính
12:58:26 [INFO]       Đã lấy được Thông tin mô tả sản phẩm
12:58:28 [INFO]    🔹 [9/179] Lấy Metadata: https://www.dienmayxanh.com/laptop/hp-probook-455-g10-r5-b8pg7at
12:58:38 [INFO]     Đã lấy được 4 thuộc tính
12:58:38 [INFO]       Đã lấy được Thông tin mô tả sản phẩm
12:58:39 [INFO]    🔹 [10/179] Lấy Metadata: https://www.dienmayxanh.com/laptop/acer-aspire-lite-14-al14-71m-52gq-i5-12500h-nx-j4asv-001
12:58:46 [INFO]     Đã lấy được 4 thuộc tính
12:58:46 [INFO]       Đã lấy được Thông tin mô tả sản phẩm
12:58:46 [INFO]       💾 Đã ghi batch 10 items vào laptop_integrated_metadata.jsonl
12:58:48 [INFO]    🔹 [11/179] Lấy Metadata: https://www.dienmayxanh.com/laptop/dell-15-dc15255-r5-7530u-dc5r5802w1
12:58:59 [INFO]     Đã lấy được 4 thuộc tính
12:58:59 [INFO]       Đã lấy được Thông tin mô tả sản phẩm
12:59:00 [INFO]    🔹 [12/179] Lấy Metadata: https://www.dienmayxanh.com/laptop/macbook-air-13-inch-m5-16gb-512gb
12:59:08 [INFO]     Đã lấy được 4 thuộc tính
12:59:08 [WARNING]       [!] Sản phẩm này không có bài viết mô tả.
12:59:09 [INFO]    🔹 [13/179] Lấy Metadata: https://www.dienmayxanh.com/laptop/lenovo-ideapad-slim-3-15irh10-i5-83k1000hvn
12:59:20 [INFO]     Đã lấy được 4 thuộc tính
12:59:20 [INFO]       Đã lấy được Thông tin mô tả sản phẩm
12:59:22 [INFO]    🔹 [14/179] Lấy Metadata: https://www.dienmayxanh.com/laptop/acer-aspire-lite-15-al15-42p-r50r-r5-7430u-nxd34sv004
12:59:29 [INFO]     Đã lấy được 4 thuộc tính
12:59:29 [INFO]       Đã lấy được Thông tin mô tả sản phẩm
12:59:31 [INFO] ♻️ Làm mới Driver để ổn định session...
12:59:31 [INFO]    🔹 [15/179] Lấy Metadata: https://www.dienmayxanh.com/laptop/acer-aspire-lite-15-al15-33p-38ba-core-3-n355-nx-d2ksv-001
12:59:39 [INFO]     Đã lấy được 4 thuộc tính
12:59:39 [INFO]       Đã lấy được Thông tin mô tả sản phẩm
12:59:42 [INFO]    🔹 [16/179] Lấy Metadata: https://www.dienmayxanh.com/laptop/lenovo-loq-15iax9e-i5-83lk0079vn
13:00:00 [INFO]     Đã lấy được 4 thuộc tính
13:00:00 [INFO]       Đã lấy được Thông tin mô tả sản phẩm
13:00:01 [INFO]    🔹 [17/179] Lấy Metadata: https://www.dienmayxanh.com/laptop/dell-15-dc15250-i7-dc5i7748w1
13:00:25 [INFO]     Đã lấy được 4 thuộc tính
13:00:25 [INFO]       Đã lấy được Thông tin mô tả sản phẩm
13:00:26 [INFO]    🔹 [18/179] Lấy Metadata: https://www.dienmayxanh.com/laptop/dell-14-dc14250-core-5-120u-dc4c5386w
13:00:37 [INFO]     Đã lấy được 4 thuộc tính
13:00:37 [INFO]       Đã lấy được Thông tin mô tả sản phẩm
13:00:39 [INFO]    🔹 [19/179] Lấy Metadata: https://www.dienmayxanh.com/laptop/dell-15-dc15250-i5-1334u-cph99
13:00:49 [INFO]     Đã lấy được 4 thuộc tính
13:00:49 [INFO]       Đã lấy được Thông tin mô tả sản phẩm
13:00:51 [INFO]    🔹 [20/179] Lấy Metadata: https://www.dienmayxanh.com/laptop/asus-vivobook-15-x1504va-i3-nj1634w
13:00:59 [INFO]     Đã lấy được 4 thuộc tính
13:00:59 [INFO]       Đã lấy được Thông tin mô tả sản phẩm
13:00:59 [INFO]       💾 Đã ghi batch 10 items vào laptop_integrated_metadata.jsonl
13:01:01 [INFO]    🔹 [21/179] Lấy Metadata: https://www.dienmayxanh.com/laptop/dell-15-dc15250-i5-1334u-71084746
13:01:10 [INFO]     Đã lấy được 4 thuộc tính
13:01:11 [INFO]       Đã lấy được Thông tin mô tả sản phẩm
13:01:12 [INFO]    🔹 [22/179] Lấy Metadata: https://www.dienmayxanh.com/laptop/acer-aspire-lite-15-al15-41p-r3ql-r7-nxj54sv001
13:01:24 [INFO]     Đã lấy được 4 thuộc tính
13:01:24 [INFO]       Đã lấy được Thông tin mô tả sản phẩm
13:01:26 [INFO]    🔹 [23/179] Lấy Metadata: https://www.dienmayxanh.com/laptop/hp-15-fc0655au-r5-7430u-c81ngpa
13:01:35 [INFO]     Đã lấy được 4 thuộc tính
13:01:35 [INFO]       Đã lấy được Thông tin mô tả sản phẩm
13:01:37 [INFO]    🔹 [24/179] Lấy Metadata: https://www.dienmayxanh.com/laptop/hp-15-fd0234tu-core-5-120u-9q969pa-120u
13:01:45 [INFO]     Đã lấy được 4 thuộc tính
13:01:45 [INFO]       Đã lấy được Thông tin mô tả sản phẩm
13:01:46 [INFO]    🔹 [25/179] Lấy Metadata: https://www.dienmayxanh.com/laptop/hp-pavilion-16-af0055tu-ultra-5-ay8c4pa
13:01:56 [INFO]     Đã lấy được 6 thuộc tính
13:01:56 [INFO]       Đã lấy được Thông tin mô tả sản phẩm
13:01:58 [INFO]    🔹 [26/179] Lấy Metadata: https://www.dienmayxanh.com/laptop/hp-240r-g10-core-5-120u-c3ru7at
13:02:08 [INFO]     Đã lấy được 4 thuộc tính
13:02:08 [INFO]       Đã lấy được Thông tin mô tả sản phẩm
13:02:10 [INFO]    🔹 [27/179] Lấy Metadata: https://www.dienmayxanh.com/laptop/asus-vivobook-14-x1404va-core-5-eb155ws
13:02:18 [INFO]    🔹 [27/179] Lấy Metadata: https://www.dienmayxanh.com/laptop/asus-vivobook-14-x1404va-core-5-eb155ws
13:02:22 [INFO]    🔹 [27/179] Lấy Metadata: https://www.dienmayxanh.com/laptop/asus-vivobook-14-x1404va-core-5-eb155ws
13:02:28 [INFO]    🔹 [28/179] Lấy Metadata: https://www.dienmayxanh.com/laptop/hp-240r-g10-core-3-100u-c3ru6at
13:02:37 [INFO]     Đã lấy được 4 thuộc tính
13:02:37 [INFO]       Đã lấy được Thông tin mô tả sản phẩm
13:02:39 [INFO]    🔹 [29/179] Lấy Metadata: https://www.dienmayxanh.com/laptop/asus-k3605vc-i5-rp364w
13:02:57 [INFO]     Đã lấy được 4 thuộc tính
13:02:58 [INFO]       Đã lấy được Thông tin mô tả sản phẩm
13:02:59 [INFO] ♻️ Làm mới Driver để ổn định session...
13:02:59 [INFO]    🔹 [30/179] Lấy Metadata: https://www.dienmayxanh.com/laptop/asus-vivobook-s14-s3407va-core-5-210h-ly146w
13:03:18 [INFO]     Đã lấy được 4 thuộc tính
13:03:18 [INFO]       Đã lấy được Thông tin mô tả sản phẩm
13:03:19 [INFO]    🔹 [31/179] Lấy Metadata: https://www.dienmayxanh.com/laptop/dell-pro-14-essential-pv14250-core-5-120u-pv14250-120u-16512w-bl
13:03:31 [INFO]     Đã lấy được 4 thuộc tính
13:03:31 [INFO]       Đã lấy được Thông tin mô tả sản phẩm
13:03:31 [INFO]       💾 Đã ghi batch 10 items vào laptop_integrated_metadata.jsonl
13:03:32 [INFO]    🔹 [32/179] Lấy Metadata: https://www.dienmayxanh.com/laptop/dell-15-dc15250-i5-1334u-dc15250-i5u165w11slu
13:03:40 [INFO]     Đã lấy được 4 thuộc tính
13:03:40 [INFO]       Đã lấy được Thông tin mô tả sản phẩm
13:03:42 [INFO]    🔹 [33/179] Lấy Metadata: https://www.dienmayxanh.com/laptop/asus-vivobook-15-x1504va-i3-1315u-bq3394w
13:03:55 [INFO]     Đã lấy được 4 thuộc tính
13:03:55 [INFO]       Đã lấy được Thông tin mô tả sản phẩm
13:03:57 [INFO]    🔹 [34/179] Lấy Metadata: https://www.dienmayxanh.com/laptop/hp-15-fd0303tu-i3-a2nl4pa
13:04:04 [INFO]     Đã lấy được 4 thuộc tính
13:04:05 [INFO]       Đã lấy được Thông tin mô tả sản phẩm
13:04:06 [INFO]    🔹 [35/179] Lấy Metadata: https://www.dienmayxanh.com/laptop/asus-vivobook-s16-s3607va-core-5-210h-rp155ws
13:04:15 [INFO]     Đã lấy được 4 thuộc tính
13:04:15 [INFO]       Đã lấy được Thông tin mô tả sản phẩm
13:04:17 [INFO]    🔹 [36/179] Lấy Metadata: https://www.dienmayxanh.com/laptop/dell-15-dc15250-i7-1355u-dc15250-i7u161w11slu
13:04:30 [INFO]     Đã lấy được 4 thuộc tính
13:04:30 [INFO]       Đã lấy được Thông tin mô tả sản phẩm
13:04:32 [INFO]    🔹 [37/179] Lấy Metadata: https://www.dienmayxanh.com/laptop/hp-15-fd0235tu-9q970pa-120u-core-5-120u-16gb-512gb-full-hd-win11
13:04:51 [INFO]     Đã lấy được 4 thuộc tính
13:04:51 [INFO]       Đã lấy được Thông tin mô tả sản phẩm
13:04:52 [INFO]    🔹 [38/179] Lấy Metadata: https://www.dienmayxanh.com/laptop/dell-15-dc15250-i7-1355u-dc15250-i7u161w11slu-5
13:05:02 [INFO]     Đã lấy được 4 thuộc tính
13:05:02 [INFO]       Đã lấy được Thông tin mô tả sản phẩm
13:05:03 [INFO]    🔹 [39/179] Lấy Metadata: https://www.dienmayxanh.com/laptop/dell-15-dc15250-i5-1334u-71071928
13:05:16 [INFO]     Đã lấy được 4 thuộc tính
13:05:16 [INFO]       Đã lấy được Thông tin mô tả sản phẩm
13:05:17 [INFO]    🔹 [40/179] Lấy Metadata: https://www.dienmayxanh.com/laptop/dell-15-dc15250-i7-1355u-cph991
13:05:29 [INFO]     Đã lấy được 4 thuộc tính
13:05:29 [INFO]       Đã lấy được Thông tin mô tả sản phẩm
13:05:31 [INFO]    🔹 [41/179] Lấy Metadata: https://www.dienmayxanh.com/laptop/dell-15-dc15250-i5-1334u-dc15250-i5u165w11slu-5
13:05:40 [INFO]     Đã lấy được 4 thuộc tính
13:05:40 [INFO]       Đã lấy được Thông tin mô tả sản phẩm
13:05:40 [INFO]       💾 Đã ghi batch 10 items vào laptop_integrated_metadata.jsonl
13:05:42 [INFO]    🔹 [42/179] Lấy Metadata: https://www.dienmayxanh.com/laptop/lenovo-ideapad-slim-5-oled-14akp10-r5-ai-350-83hx0065vn
13:05:53 [INFO]     Đã lấy được 6 thuộc tính
13:05:53 [INFO]       Đã lấy được Thông tin mô tả sản phẩm
13:05:55 [INFO]    🔹 [43/179] Lấy Metadata: https://www.dienmayxanh.com/laptop/acer-nitro-v-15-anv15-41-r1jy-r5-nhqpfsv001
13:06:17 [INFO]     Đã lấy được 4 thuộc tính
13:06:17 [INFO]       Đã lấy được Thông tin mô tả sản phẩm
13:06:20 [INFO]    🔹 [44/179] Lấy Metadata: https://www.dienmayxanh.com/laptop/acer-nitro-v-15-anv15-41-r2up-r5-nhqpgsv004
13:07:03 [INFO]     Đã lấy được 4 thuộc tính
13:07:03 [INFO]       Đã lấy được Thông tin mô tả sản phẩm
13:07:06 [INFO] ♻️ Làm mới Driver để ổn định session...
13:07:07 [INFO]    🔹 [45/179] Lấy Metadata: https://www.dienmayxanh.com/laptop/lenovo-ideapad-slim-3-16irh10-i5-83k20003vn
13:07:38 [INFO]     Đã lấy được 4 thuộc tính
13:07:38 [INFO]       Đã lấy được Thông tin mô tả sản phẩm
13:07:40 [INFO]    🔹 [46/179] Lấy Metadata: https://www.dienmayxanh.com/laptop/lenovo-v14-g4-i3-1315u-83a000s4vn
13:07:49 [INFO]     Đã lấy được 4 thuộc tính
13:07:49 [INFO]       Đã lấy được Thông tin mô tả sản phẩm
13:07:51 [INFO]    🔹 [47/179] Lấy Metadata: https://www.dienmayxanh.com/laptop/macbook-neo-13-inch-a18-pro-8gb-256gb
13:07:59 [INFO]     Đã lấy được 4 thuộc tính
13:07:59 [WARNING]       [!] Sản phẩm này không có bài viết mô tả.
13:08:00 [INFO]    🔹 [48/179] Lấy Metadata: https://www.dienmayxanh.com/laptop/hp-15-fd0015tu-i7-a19c5pa
13:08:10 [INFO]     Đã lấy được 4 thuộc tính
13:08:10 [INFO]       Đã lấy được Thông tin mô tả sản phẩm
13:08:12 [INFO]    🔹 [49/179] Lấy Metadata: https://www.dienmayxanh.com/laptop/acer-aspire-lite-15-al15-71p-517d-i5-nxj7ksv001
13:08:20 [INFO]     Đã lấy được 4 thuộc tính
13:08:20 [INFO]       Đã lấy được Thông tin mô tả sản phẩm
13:08:21 [INFO]    🔹 [50/179] Lấy Metadata: https://www.dienmayxanh.com/laptop/asus-vivobook-go-e1404fa-r5-7520u-eb482w
13:08:27 [INFO]    🔹 [50/179] Lấy Metadata: https://www.dienmayxanh.com/laptop/asus-vivobook-go-e1404fa-r5-7520u-eb482w
13:08:32 [INFO]    🔹 [50/179] Lấy Metadata: https://www.dienmayxanh.com/laptop/asus-vivobook-go-e1404fa-r5-7520u-eb482w
13:08:39 [INFO]    🔹 [51/179] Lấy Metadata: https://www.dienmayxanh.com/laptop/dell-inspiron-15-3530-i5-n5i5530w1
13:08:52 [INFO]     Đã lấy được 4 thuộc tính
13:08:52 [INFO]       Đã lấy được Thông tin mô tả sản phẩm
13:08:53 [INFO]    🔹 [52/179] Lấy Metadata: https://www.dienmayxanh.com/laptop/msi-gaming-thin-15-b13uc-i5-13420h-3247vn-16gb
13:09:09 [INFO]     Đã lấy được 4 thuộc tính
13:09:09 [INFO]       Đã lấy được Thông tin mô tả sản phẩm
13:09:09 [INFO]       💾 Đã ghi batch 10 items vào laptop_integrated_metadata.jsonl
13:09:11 [INFO]    🔹 [53/179] Lấy Metadata: https://www.dienmayxanh.com/laptop/acer-aspire-lite-al14-52m-54cj-i5-nxj39sv002
13:09:21 [INFO]     Đã lấy được 4 thuộc tính
13:09:21 [INFO]       Đã lấy được Thông tin mô tả sản phẩm
13:09:23 [INFO]    🔹 [54/179] Lấy Metadata: https://www.dienmayxanh.com/laptop/dell-latitude-3450-i5-l34501335u16512wn
13:09:38 [INFO]     Đã lấy được 4 thuộc tính
13:09:38 [INFO]       Đã lấy được Thông tin mô tả sản phẩm
13:09:39 [INFO]    🔹 [55/179] Lấy Metadata: https://www.dienmayxanh.com/laptop/asus-x1502va-i7-bq986ws
13:09:47 [INFO]     Đã lấy được 4 thuộc tính
13:09:47 [INFO]       Đã lấy được Thông tin mô tả sản phẩm
13:09:48 [INFO]    🔹 [56/179] Lấy Metadata: https://www.dienmayxanh.com/laptop/asus-s3607va-i5-rp055ws
13:09:57 [INFO]     Đã lấy được 4 thuộc tính
13:09:57 [INFO]       Đã lấy được Thông tin mô tả sản phẩm
13:09:59 [INFO]    🔹 [57/179] Lấy Metadata: https://www.dienmayxanh.com/laptop/asus-vivobook-15-x1504va-core-7-150u-bq295w
13:10:21 [INFO]     Đã lấy được 4 thuộc tính
13:10:21 [INFO]       Đã lấy được Thông tin mô tả sản phẩm
13:10:23 [INFO]    🔹 [58/179] Lấy Metadata: https://www.dienmayxanh.com/laptop/lenovo-ideapad-slim-3-15irh10-i7-83k1000fvn
13:11:01 [INFO]     Đã lấy được 4 thuộc tính
13:11:01 [INFO]       Đã lấy được Thông tin mô tả sản phẩm
13:11:03 [INFO]    🔹 [59/179] Lấy Metadata: https://www.dienmayxanh.com/laptop/asus-tuf-gaming-f16-fx607vj-core-5-rl034w
13:11:23 [INFO]     Đã lấy được 4 thuộc tính
13:11:23 [INFO]       Đã lấy được Thông tin mô tả sản phẩm
13:11:24 [INFO] ♻️ Làm mới Driver để ổn định session...
13:11:25 [INFO]    🔹 [60/179] Lấy Metadata: https://www.dienmayxanh.com/laptop/dell-inspiron-15-3530-i5-71070372
13:11:46 [INFO]     Đã lấy được 4 thuộc tính
13:11:47 [INFO]       Đã lấy được Thông tin mô tả sản phẩm
13:11:49 [INFO]    🔹 [61/179] Lấy Metadata: https://www.dienmayxanh.com/laptop/asus-s3407ca-ultra-5-ly095ws
13:12:01 [INFO]     Đã lấy được 6 thuộc tính
13:12:01 [INFO]       Đã lấy được Thông tin mô tả sản phẩm
13:12:03 [INFO]    🔹 [62/179] Lấy Metadata: https://www.dienmayxanh.com/laptop/hp-240-g10-i3-b73tjat
13:12:42 [INFO]     Đã lấy được 4 thuộc tính
13:12:42 [INFO]       Đã lấy được Thông tin mô tả sản phẩm
13:12:42 [INFO]       💾 Đã ghi batch 10 items vào laptop_integrated_metadata.jsonl
13:12:44 [INFO]    🔹 [63/179] Lấy Metadata: https://www.dienmayxanh.com/laptop/hp-omnibook-5-flip-14-fp0057tu-core-5-120u-bz7q6pa
13:13:03 [INFO]     Đã lấy được 4 thuộc tính
13:13:04 [INFO]       Đã lấy được Thông tin mô tả sản phẩm
13:13:06 [INFO]    🔹 [64/179] Lấy Metadata: https://www.dienmayxanh.com/laptop/lenovo-ideapad-slim-3-15arp10-r5-7535hs-83k700epvn
13:13:17 [INFO]     Đã lấy được 4 thuộc tính
13:13:17 [INFO]       Đã lấy được Thông tin mô tả sản phẩm
13:13:19 [INFO]    🔹 [65/179] Lấy Metadata: https://www.dienmayxanh.com/laptop/asus-vivobook-14-x1404va-core-5-120u-eb155w
13:14:06 [INFO]    🔹 [65/179] Lấy Metadata: https://www.dienmayxanh.com/laptop/asus-vivobook-14-x1404va-core-5-120u-eb155w
13:14:13 [INFO]    🔹 [65/179] Lấy Metadata: https://www.dienmayxanh.com/laptop/asus-vivobook-14-x1404va-core-5-120u-eb155w
13:14:21 [INFO]    🔹 [66/179] Lấy Metadata: https://www.dienmayxanh.com/laptop/hp-pavilion-x360-14-ek2024tu-core-5-9z2v6pa
13:14:36 [INFO]     Đã lấy được 4 thuộc tính
13:14:36 [INFO]       Đã lấy được Thông tin mô tả sản phẩm
13:14:37 [INFO]    🔹 [67/179] Lấy Metadata: https://www.dienmayxanh.com/laptop/macbook-pro-14-inch-m5-16gb-512gb-sac-96w
13:14:55 [INFO]     Đã lấy được 4 thuộc tính
13:14:55 [INFO]       Đã lấy được Thông tin mô tả sản phẩm
13:14:57 [INFO]    🔹 [68/179] Lấy Metadata: https://www.dienmayxanh.com/laptop/asus-tuf-gaming-fa506ncq-r7-170-hn005w
13:15:25 [INFO]     Đã lấy được 4 thuộc tính
13:15:25 [INFO]       Đã lấy được Thông tin mô tả sản phẩm
13:15:27 [INFO]    🔹 [69/179] Lấy Metadata: https://www.dienmayxanh.com/laptop/dell-inspiron-15-3530-i5-p16wd22
13:15:44 [INFO]     Đã lấy được 4 thuộc tính
13:15:44 [INFO]       Đã lấy được Thông tin mô tả sản phẩm
13:15:46 [INFO]    🔹 [70/179] Lấy Metadata: https://www.dienmayxanh.com/laptop/asus-vivobook-15-x1504va-core-5-120u-bq185w
13:15:58 [INFO]     Đã lấy được 4 thuộc tính
13:15:58 [INFO]       Đã lấy được Thông tin mô tả sản phẩm
13:16:00 [INFO]    🔹 [71/179] Lấy Metadata: https://www.dienmayxanh.com/laptop/dell-15-dc15255-r7-7730u-x9ym41
13:16:19 [INFO]     Đã lấy được 4 thuộc tính
13:16:19 [INFO]       Đã lấy được Thông tin mô tả sản phẩm
13:16:21 [INFO]    🔹 [72/179] Lấy Metadata: https://www.dienmayxanh.com/laptop/hp-15-fc0085au-r5-a6vv8pa
13:16:32 [INFO]     Đã lấy được 4 thuộc tính
13:16:33 [INFO]       Đã lấy được Thông tin mô tả sản phẩm
13:16:34 [INFO]    🔹 [73/179] Lấy Metadata: https://www.dienmayxanh.com/laptop/acer-aspire-go-ag15-31p-30m4-i3-nxkrpsv004
13:16:44 [INFO]     Đã lấy được 4 thuộc tính
13:16:44 [INFO]       Đã lấy được Thông tin mô tả sản phẩm
13:16:44 [INFO]       💾 Đã ghi batch 10 items vào laptop_integrated_metadata.jsonl
13:16:45 [INFO]    🔹 [74/179] Lấy Metadata: https://www.dienmayxanh.com/laptop/dell-inspiron-15-3530-i5-n3530-i5u165w11slu-hs24
13:17:05 [INFO]     Đã lấy được 4 thuộc tính
13:17:05 [INFO]       Đã lấy được Thông tin mô tả sản phẩm
13:17:06 [INFO] ♻️ Làm mới Driver để ổn định session...
13:17:07 [INFO]    🔹 [75/179] Lấy Metadata: https://www.dienmayxanh.com/laptop/hp-15-fr0036tu-i5-13420h-bz7u2pa
13:17:31 [INFO]     Đã lấy được 4 thuộc tính
13:17:31 [INFO]       Đã lấy được Thông tin mô tả sản phẩm
13:17:33 [INFO]    🔹 [76/179] Lấy Metadata: https://www.dienmayxanh.com/laptop/hp-victus-15-fa2731tx-i5-b85lnpa
13:17:48 [INFO]     Đã lấy được 4 thuộc tính
13:17:48 [INFO]       Đã lấy được Thông tin mô tả sản phẩm
13:17:50 [INFO]    🔹 [77/179] Lấy Metadata: https://www.dienmayxanh.com/laptop/dell-15-dc15250-i7-1355u-71084747
13:17:58 [INFO]     Đã lấy được 4 thuộc tính
13:17:58 [INFO]       Đã lấy được Thông tin mô tả sản phẩm
13:17:59 [INFO]    🔹 [78/179] Lấy Metadata: https://www.dienmayxanh.com/laptop/msi-katana-15-b13vfk-i7-676vn
13:18:10 [INFO]     Đã lấy được 4 thuộc tính
13:18:10 [INFO]       Đã lấy được Thông tin mô tả sản phẩm
13:18:12 [INFO]    🔹 [79/179] Lấy Metadata: https://www.dienmayxanh.com/laptop/acer-aspire-lite-16-g2-al16-52p-572a-i5-nxj2ssv004
13:18:31 [INFO]     Đã lấy được 4 thuộc tính
13:18:31 [INFO]       Đã lấy được Thông tin mô tả sản phẩm
13:18:33 [INFO]    🔹 [80/179] Lấy Metadata: https://www.dienmayxanh.com/laptop/hp-245-g10-r5-a20tdpt
13:18:41 [INFO]     Đã lấy được 4 thuộc tính
13:18:41 [INFO]       Đã lấy được Thông tin mô tả sản phẩm
13:18:44 [INFO]    🔹 [81/179] Lấy Metadata: https://www.dienmayxanh.com/laptop/dell-inspiron-14-5440-i5-ndy5v1
13:18:50 [INFO]     Đã lấy được 4 thuộc tính
13:18:50 [INFO]       Đã lấy được Thông tin mô tả sản phẩm
13:18:53 [INFO]    🔹 [82/179] Lấy Metadata: https://www.dienmayxanh.com/laptop/asus-vivobook-a1505va-i5-ma515ws
13:19:02 [INFO]     Đã lấy được 4 thuộc tính
13:19:02 [INFO]       Đã lấy được Thông tin mô tả sản phẩm
13:19:04 [INFO]    🔹 [83/179] Lấy Metadata: https://www.dienmayxanh.com/laptop/acer-aspire-a515-58gm-53pz-i5-nxkq4sv008
13:19:14 [INFO]     Đã lấy được 4 thuộc tính
13:19:14 [INFO]       Đã lấy được Thông tin mô tả sản phẩm
13:19:14 [INFO]       💾 Đã ghi batch 10 items vào laptop_integrated_metadata.jsonl
13:19:16 [INFO]    🔹 [84/179] Lấy Metadata: https://www.dienmayxanh.com/laptop/msi-gf63-thin-12ve-i5-460vn
13:19:24 [INFO]     Đã lấy được 4 thuộc tính
13:19:24 [INFO]       Đã lấy được Thông tin mô tả sản phẩm
13:19:26 [INFO]    🔹 [85/179] Lấy Metadata: https://www.dienmayxanh.com/laptop/asus-gaming-v16-v3607vu-core-5-rp192w
13:19:35 [INFO]     Đã lấy được 4 thuộc tính
13:19:35 [INFO]       Đã lấy được Thông tin mô tả sản phẩm
13:19:36 [INFO]    🔹 [86/179] Lấy Metadata: https://www.dienmayxanh.com/laptop/dell-15-dc15250-i5-1334u-71092479
13:19:47 [INFO]     Đã lấy được 4 thuộc tính
13:19:47 [WARNING]       [!] Sản phẩm này không có bài viết mô tả.
13:19:48 [INFO]    🔹 [87/179] Lấy Metadata: https://www.dienmayxanh.com/laptop/hp-victus-15-fb3116ax-r7-7445hs-bx8u4pa
13:19:56 [INFO]     Đã lấy được 4 thuộc tính
13:19:56 [INFO]       Đã lấy được Thông tin mô tả sản phẩm
13:19:59 [INFO]    🔹 [88/179] Lấy Metadata: https://www.dienmayxanh.com/laptop/acer-aspire-lite-15-al15-42p-r86y-r7-7730u-nxd3qsv003
13:20:10 [INFO]     Đã lấy được 4 thuộc tính
13:20:10 [INFO]       Đã lấy được Thông tin mô tả sản phẩm
13:20:12 [INFO]    🔹 [89/179] Lấy Metadata: https://www.dienmayxanh.com/laptop/hp-15-fd0234tu-i5-9q969pa
13:20:22 [INFO]     Đã lấy được 4 thuộc tính
13:20:23 [INFO]       Đã lấy được Thông tin mô tả sản phẩm
13:20:25 [INFO] ♻️ Làm mới Driver để ổn định session...
13:20:26 [INFO]    🔹 [90/179] Lấy Metadata: https://www.dienmayxanh.com/laptop/acer-aspire-lite-15-al15-72p-581v-i5-13500h-nx-d4csv-001
13:20:37 [INFO]     Đã lấy được 4 thuộc tính
13:20:37 [INFO]       Đã lấy được Thông tin mô tả sản phẩm
13:20:39 [INFO]    🔹 [91/179] Lấy Metadata: https://www.dienmayxanh.com/laptop/acer-nitro-v-anv15-51-55ca-i5-nhqn8sv004
13:20:52 [INFO]     Đã lấy được 4 thuộc tính
13:20:52 [INFO]       Đã lấy được Thông tin mô tả sản phẩm
13:20:54 [INFO]    🔹 [92/179] Lấy Metadata: https://www.dienmayxanh.com/laptop/dell-inspiron-15-3530-i5-n3530-i5u165w11slu-bl
13:21:03 [INFO]     Đã lấy được 4 thuộc tính
13:21:03 [INFO]       Đã lấy được Thông tin mô tả sản phẩm
13:21:05 [INFO]    🔹 [93/179] Lấy Metadata: https://www.dienmayxanh.com/laptop/hp-envy-x360-14-fa0047au-r7-a19bppa
13:21:14 [INFO]     Đã lấy được 6 thuộc tính
13:21:15 [INFO]       Đã lấy được Thông tin mô tả sản phẩm
13:21:15 [INFO]       💾 Đã ghi batch 10 items vào laptop_integrated_metadata.jsonl
13:21:16 [INFO]    🔹 [94/179] Lấy Metadata: https://www.dienmayxanh.com/laptop/msi-katana-15-b13vek-i7-13620h-2256vn
13:21:25 [INFO]     Đã lấy được 4 thuộc tính
13:21:26 [INFO]       Đã lấy được Thông tin mô tả sản phẩm
13:21:27 [INFO]    🔹 [95/179] Lấy Metadata: https://www.dienmayxanh.com/laptop/msi-modern-15-f13mg-i5-1334u-667vn-16gb
13:21:36 [INFO]     Đã lấy được 4 thuộc tính
13:21:36 [INFO]       Đã lấy được Thông tin mô tả sản phẩm
13:21:38 [INFO]    🔹 [96/179] Lấy Metadata: https://www.dienmayxanh.com/laptop/hp-14-ep1137tu-ultra-7-155h-c2cy8pa
13:21:46 [INFO]     Đã lấy được 6 thuộc tính
13:21:46 [INFO]       Đã lấy được Thông tin mô tả sản phẩm
13:21:47 [INFO]    🔹 [97/179] Lấy Metadata: https://www.dienmayxanh.com/laptop/hp-15-fd1288tu-ultra-7-155h-c2cv7pa
13:21:55 [INFO]     Đã lấy được 6 thuộc tính
13:21:55 [INFO]       Đã lấy được Thông tin mô tả sản phẩm
13:21:57 [INFO]    🔹 [98/179] Lấy Metadata: https://www.dienmayxanh.com/laptop/asus-vivobook-15-x1504va-core-5-120u-bq285w
13:22:05 [INFO]     Đã lấy được 4 thuộc tính
13:22:05 [INFO]       Đã lấy được Thông tin mô tả sản phẩm
13:22:07 [INFO]    🔹 [99/179] Lấy Metadata: https://www.dienmayxanh.com/laptop/lenovo-ideapad-slim-3-15amn8-r5-82xq00j0vn
13:22:45 [INFO]     Đã lấy được 4 thuộc tính
13:22:45 [INFO]       Đã lấy được Thông tin mô tả sản phẩm
13:22:47 [INFO]    🔹 [100/179] Lấy Metadata: https://www.dienmayxanh.com/laptop/asus-gaming-v16-v3607vh-core-5-210h-rp084w
13:23:03 [INFO]     Đã lấy được 4 thuộc tính
13:23:03 [INFO]       Đã lấy được Thông tin mô tả sản phẩm
13:23:04 [INFO]    🔹 [101/179] Lấy Metadata: https://www.dienmayxanh.com/laptop/hp-15-fd1486tu-ultra-5-125h-d0bh3pa
13:23:15 [INFO]     Đã lấy được 6 thuộc tính
13:23:15 [INFO]       Đã lấy được Thông tin mô tả sản phẩm
13:23:17 [INFO]    🔹 [102/179] Lấy Metadata: https://www.dienmayxanh.com/laptop/lenovo-thinkbook-14-gen-8-ultra-5-135h-21sj00eavn
13:23:25 [INFO]     Đã lấy được 6 thuộc tính
13:23:25 [WARNING]       [!] Sản phẩm này không có bài viết mô tả.
13:23:27 [INFO]    🔹 [103/179] Lấy Metadata: https://www.dienmayxanh.com/laptop/acer-nitro-v-15-propanel-anv15-41-r9m1-r5-7535hs-nh-qpfsv-004
13:23:39 [INFO]     Đã lấy được 4 thuộc tính
13:23:39 [INFO]       Đã lấy được Thông tin mô tả sản phẩm
13:23:39 [INFO]       💾 Đã ghi batch 10 items vào laptop_integrated_metadata.jsonl
13:23:41 [INFO]    🔹 [104/179] Lấy Metadata: https://www.dienmayxanh.com/laptop/macbook-pro-14-inch-m5-16gb-512gb
13:23:52 [INFO]     Đã lấy được 4 thuộc tính
13:23:52 [INFO]       Đã lấy được Thông tin mô tả sản phẩm
13:23:54 [INFO] ♻️ Làm mới Driver để ổn định session...
13:23:55 [INFO]    🔹 [105/179] Lấy Metadata: https://www.dienmayxanh.com/laptop/asus-vivobook-14-x1404va-core-5-120u-eb260w
13:24:04 [INFO]    🔹 [105/179] Lấy Metadata: https://www.dienmayxanh.com/laptop/asus-vivobook-14-x1404va-core-5-120u-eb260w
13:24:27 [INFO]    🔹 [105/179] Lấy Metadata: https://www.dienmayxanh.com/laptop/asus-vivobook-14-x1404va-core-5-120u-eb260w
13:24:33 [INFO]    🔹 [106/179] Lấy Metadata: https://www.dienmayxanh.com/laptop/hp-15-fd0235tu-i5-9q970pa
13:24:46 [INFO]     Đã lấy được 4 thuộc tính
13:24:46 [INFO]       Đã lấy được Thông tin mô tả sản phẩm
13:24:47 [INFO]    🔹 [107/179] Lấy Metadata: https://www.dienmayxanh.com/laptop/dell-15-dc15250-i7-1355u-dc5i7952w1
13:24:56 [INFO]     Đã lấy được 4 thuộc tính
13:24:56 [INFO]       Đã lấy được Thông tin mô tả sản phẩm
13:24:57 [INFO]    🔹 [108/179] Lấy Metadata: https://www.dienmayxanh.com/laptop/samsung-galaxy-chromebook-go-xe310xda-ka1vn-n4500
13:25:05 [INFO]     Đã lấy được 4 thuộc tính
13:25:05 [INFO]       Đã lấy được Thông tin mô tả sản phẩm
13:25:06 [INFO]    🔹 [109/179] Lấy Metadata: https://www.dienmayxanh.com/laptop/hp-pavilion-15-eg3093tu-i5-8c5l4pa
13:25:14 [INFO]     Đã lấy được 4 thuộc tính
13:25:14 [INFO]       Đã lấy được Thông tin mô tả sản phẩm
13:25:16 [INFO]    🔹 [110/179] Lấy Metadata: https://www.dienmayxanh.com/laptop/hp-pavilion-15-eg3091tu-i7-8c5l2pa
13:25:23 [INFO]     Đã lấy được 4 thuộc tính
13:25:23 [INFO]       Đã lấy được Thông tin mô tả sản phẩm
13:25:24 [INFO]    🔹 [111/179] Lấy Metadata: https://www.dienmayxanh.com/laptop/hp-pavilion-16-af0054tu-ultra-5-ay8c3pa
13:25:55 [INFO]     Đã lấy được 6 thuộc tính
13:25:55 [INFO]       Đã lấy được Thông tin mô tả sản phẩm
13:25:57 [INFO]    🔹 [112/179] Lấy Metadata: https://www.dienmayxanh.com/laptop/hp-240-g10-i5-b93gzat
13:26:07 [INFO]     Đã lấy được 4 thuộc tính
13:26:07 [INFO]       Đã lấy được Thông tin mô tả sản phẩm
13:26:09 [INFO]    🔹 [113/179] Lấy Metadata: https://www.dienmayxanh.com/laptop/dell-15-dc15250-i7-1355u-cph997
13:26:37 [INFO]     Đã lấy được 4 thuộc tính
13:26:37 [INFO]       Đã lấy được Thông tin mô tả sản phẩm
13:26:39 [INFO]    🔹 [114/179] Lấy Metadata: https://www.dienmayxanh.com/laptop/macbook-pro-14-inch-nano-m5-16gb-512gb?utm_flashsale=1
13:26:50 [INFO]     Đã lấy được 4 thuộc tính
13:26:50 [INFO]       Đã lấy được Thông tin mô tả sản phẩm
13:26:50 [INFO]       💾 Đã ghi batch 10 items vào laptop_integrated_metadata.jsonl
13:26:52 [INFO]    🔹 [115/179] Lấy Metadata: https://www.dienmayxanh.com/laptop/dell-14-dc1425-core-7-150u-71083580
13:27:08 [INFO]     Đã lấy được 4 thuộc tính
13:27:08 [INFO]       Đã lấy được Thông tin mô tả sản phẩm
13:27:09 [INFO]    🔹 [116/179] Lấy Metadata: https://www.dienmayxanh.com/laptop/asus-vivobook-go-14-e1404fa-r5-40-eb945w
13:27:14 [INFO]    🔹 [116/179] Lấy Metadata: https://www.dienmayxanh.com/laptop/asus-vivobook-go-14-e1404fa-r5-40-eb945w
13:27:19 [INFO]    🔹 [116/179] Lấy Metadata: https://www.dienmayxanh.com/laptop/asus-vivobook-go-14-e1404fa-r5-40-eb945w
13:27:25 [INFO]    🔹 [117/179] Lấy Metadata: https://www.dienmayxanh.com/laptop/acer-aspire-3-a314-42p-r3b3-r7-nxksfsv001
13:27:34 [INFO]     Đã lấy được 4 thuộc tính
13:27:34 [INFO]       Đã lấy được Thông tin mô tả sản phẩm
13:27:35 [INFO]    🔹 [118/179] Lấy Metadata: https://www.dienmayxanh.com/laptop/dell-inspiron-14-5440-core-7-n4i7204w1
13:27:46 [INFO]     Đã lấy được 4 thuộc tính
13:27:46 [INFO]       Đã lấy được Thông tin mô tả sản phẩm
13:27:48 [INFO]    🔹 [119/179] Lấy Metadata: https://www.dienmayxanh.com/laptop/msi-katana-15-b13vek-i5-2416vn
13:27:58 [INFO]     Đã lấy được 4 thuộc tính
13:27:58 [INFO]       Đã lấy được Thông tin mô tả sản phẩm
13:28:00 [INFO] ♻️ Làm mới Driver để ổn định session...
13:28:01 [INFO]    🔹 [120/179] Lấy Metadata: https://www.dienmayxanh.com/laptop/acer-aspire-lite-14-al14-51p-35qd-i3-nxj84sv001
13:28:11 [INFO]     Đã lấy được 4 thuộc tính
13:28:11 [INFO]       Đã lấy được Thông tin mô tả sản phẩm
13:28:14 [INFO]    🔹 [121/179] Lấy Metadata: https://www.dienmayxanh.com/laptop/hp-pavilion-x360-14-ek2017tu-core-5-9z2v5pa
13:28:27 [INFO]     Đã lấy được 4 thuộc tính
13:28:27 [INFO]       Đã lấy được Thông tin mô tả sản phẩm
13:28:29 [INFO]    🔹 [122/179] Lấy Metadata: https://www.dienmayxanh.com/laptop/hp-probook-4-g1i-16-ultra-5-225u-bq5d4pt
13:28:39 [INFO]     Đã lấy được 6 thuộc tính
13:28:40 [INFO]       Đã lấy được Thông tin mô tả sản phẩm
13:28:42 [INFO]    🔹 [123/179] Lấy Metadata: https://www.dienmayxanh.com/laptop/macbook-pro-14-inch-m5-16gb-1tb
13:28:53 [INFO]     Đã lấy được 4 thuộc tính
13:28:53 [INFO]       Đã lấy được Thông tin mô tả sản phẩm
13:28:55 [INFO]    🔹 [124/179] Lấy Metadata: https://www.dienmayxanh.com/laptop/asus-zenbook-14-ux3405ca-ultra-9-pz204ws
13:29:06 [INFO]     Đã lấy được 6 thuộc tính
13:29:06 [INFO]       Đã lấy được Thông tin mô tả sản phẩm
13:29:07 [INFO]    🔹 [125/179] Lấy Metadata: https://www.dienmayxanh.com/laptop/dell-inspiron-15-3530-i7-n3530-i7u161w11slu
13:29:19 [INFO]     Đã lấy được 4 thuộc tính
13:29:19 [INFO]       Đã lấy được Thông tin mô tả sản phẩm
13:29:19 [INFO]       💾 Đã ghi batch 10 items vào laptop_integrated_metadata.jsonl
13:29:22 [INFO]    🔹 [126/179] Lấy Metadata: https://www.dienmayxanh.com/laptop/asus-vivobook-14-x1407ca-ultra-5-225h-ly008w
13:29:30 [INFO]     Đã lấy được 6 thuộc tính
13:29:30 [INFO]       Đã lấy được Thông tin mô tả sản phẩm
13:29:31 [INFO]    🔹 [127/179] Lấy Metadata: https://www.dienmayxanh.com/laptop/dell-alienware-16-aurora-ac16250-core-5-210h-71072939
13:29:43 [INFO]     Đã lấy được 4 thuộc tính
13:29:43 [INFO]       Đã lấy được Thông tin mô tả sản phẩm
13:29:45 [INFO]    🔹 [128/179] Lấy Metadata: https://www.dienmayxanh.com/laptop/acer-aspire-lite-16-ai-al16-71p-5674-ultra-5-125h-nx-d4xsv-001
13:29:55 [INFO]     Đã lấy được 4 thuộc tính
13:29:55 [INFO]       Đã lấy được Thông tin mô tả sản phẩm
13:29:57 [INFO]    🔹 [129/179] Lấy Metadata: https://www.dienmayxanh.com/laptop/asus-tuf-gaming-f16-fx607vjb-core-5-210h-rl151w
13:30:07 [INFO]     Đã lấy được 6 thuộc tính
13:30:07 [INFO]       Đã lấy được Thông tin mô tả sản phẩm
13:30:08 [INFO]    🔹 [130/179] Lấy Metadata: https://www.dienmayxanh.com/laptop/dell-16-plus-db16250-ultra-7-256v-x65nw7
13:30:19 [INFO]     Đã lấy được 6 thuộc tính
13:30:19 [INFO]       Đã lấy được Thông tin mô tả sản phẩm
13:30:21 [INFO]    🔹 [131/179] Lấy Metadata: https://www.dienmayxanh.com/laptop/dell-14-dc14250-core-5-120u-f0ftk5
13:30:30 [INFO]     Đã lấy được 4 thuộc tính
13:30:30 [INFO]       Đã lấy được Thông tin mô tả sản phẩm
13:30:31 [INFO]    🔹 [132/179] Lấy Metadata: https://www.dienmayxanh.com/laptop/lenovo-ideapad-slim-3-oled-14irh10-i5-83k0000cvn
13:30:55 [INFO]     Đã lấy được 4 thuộc tính
13:30:55 [INFO]       Đã lấy được Thông tin mô tả sản phẩm
13:30:57 [INFO]    🔹 [133/179] Lấy Metadata: https://www.dienmayxanh.com/laptop/asus-s3407ca-ultra-7-ly096ws
13:31:08 [INFO]     Đã lấy được 6 thuộc tính
13:31:08 [INFO]       Đã lấy được Thông tin mô tả sản phẩm
13:31:09 [INFO]    🔹 [134/179] Lấy Metadata: https://www.dienmayxanh.com/laptop/hp-omnibook-5-ai-16-af1048tu-ultra-5-225u-bz7q9pa
13:31:40 [INFO]     Đã lấy được 5 thuộc tính
13:31:40 [INFO]       Đã lấy được Thông tin mô tả sản phẩm
13:31:42 [INFO] ♻️ Làm mới Driver để ổn định session...
13:31:43 [INFO]    🔹 [135/179] Lấy Metadata: https://www.dienmayxanh.com/laptop/lenovo-gaming-loq-15irx9-i5-83dv01anvn
13:32:10 [INFO]     Đã lấy được 4 thuộc tính
13:32:10 [INFO]       Đã lấy được Thông tin mô tả sản phẩm
13:32:10 [INFO]       💾 Đã ghi batch 10 items vào laptop_integrated_metadata.jsonl
13:32:11 [INFO]    🔹 [136/179] Lấy Metadata: https://www.dienmayxanh.com/laptop/asus-vivobook-s16-s3607ca-ultra-7-255h-sh083ws
13:32:23 [INFO]     Đã lấy được 6 thuộc tính
13:32:23 [INFO]       Đã lấy được Thông tin mô tả sản phẩm
13:32:25 [INFO]    🔹 [137/179] Lấy Metadata: https://www.dienmayxanh.com/laptop/macbook-pro-14-inch-m5-24gb-1tb
13:32:42 [INFO]     Đã lấy được 4 thuộc tính
13:32:42 [INFO]       Đã lấy được Thông tin mô tả sản phẩm
13:32:44 [INFO]    🔹 [138/179] Lấy Metadata: https://www.dienmayxanh.com/laptop/samsung-galaxy-chromebook-go-xe340xda-ka1vn-n4500
13:32:52 [INFO]     Đã lấy được 4 thuộc tính
13:32:52 [INFO]       Đã lấy được Thông tin mô tả sản phẩm
13:32:53 [INFO]    🔹 [139/179] Lấy Metadata: https://www.dienmayxanh.com/laptop/macbook-air-15-inch-m4-16gb-256gb
13:33:02 [INFO]     Đã lấy được 4 thuộc tính
13:33:02 [INFO]       Đã lấy được Thông tin mô tả sản phẩm
13:33:04 [INFO]    🔹 [140/179] Lấy Metadata: https://www.dienmayxanh.com/laptop/lenovo-loq-15arp9-r7-83jc00j0vn
13:33:12 [INFO]     Đã lấy được 4 thuộc tính
13:33:12 [INFO]       Đã lấy được Thông tin mô tả sản phẩm
13:33:13 [INFO]    🔹 [141/179] Lấy Metadata: https://www.dienmayxanh.com/laptop/lenovo-thinkbook-14-core-7-240h-21sg007vvn
13:33:22 [INFO]     Đã lấy được 4 thuộc tính
13:33:22 [INFO]       Đã lấy được Thông tin mô tả sản phẩm
13:33:23 [INFO]    🔹 [142/179] Lấy Metadata: https://www.dienmayxanh.com/laptop/asus-zenbook-ux3405ca-ultra-7-255h-pz188ws
13:33:37 [INFO]     Đã lấy được 6 thuộc tính
13:33:37 [INFO]       Đã lấy được Thông tin mô tả sản phẩm
13:33:39 [INFO]    🔹 [143/179] Lấy Metadata: https://www.dienmayxanh.com/laptop/hp-omnibook-5-flip-14-fp0055tu-core-7-150u-bz7q4pa
13:33:48 [INFO]     Đã lấy được 4 thuộc tính
13:33:48 [INFO]       Đã lấy được Thông tin mô tả sản phẩm
13:33:50 [INFO]    🔹 [144/179] Lấy Metadata: https://www.dienmayxanh.com/laptop/asus-vivobook-15-x1504va-core-3-100u-bq793w
13:34:01 [INFO]     Đã lấy được 4 thuộc tính
13:34:01 [WARNING]       [!] Sản phẩm này không có bài viết mô tả.
13:34:03 [INFO]    🔹 [145/179] Lấy Metadata: https://www.dienmayxanh.com/laptop/acer-aspire-7-gaming-a715-76g-5806-i5-nhqmfsv002
13:34:14 [INFO]     Đã lấy được 4 thuộc tính
13:34:14 [INFO]       Đã lấy được Thông tin mô tả sản phẩm
13:34:14 [INFO]       💾 Đã ghi batch 10 items vào laptop_integrated_metadata.jsonl
13:34:17 [INFO]    🔹 [146/179] Lấy Metadata: https://www.dienmayxanh.com/laptop/dell-inspiron-15-3520-i7-n3520i7u165w11blufp
13:34:37 [INFO]     Đã lấy được 4 thuộc tính
13:34:37 [INFO]       Đã lấy được Thông tin mô tả sản phẩm
13:34:39 [INFO]    🔹 [147/179] Lấy Metadata: https://www.dienmayxanh.com/laptop/asus-zenbook-14-ux3405ca-ultra-5-pz187ws
13:35:12 [INFO]     Đã lấy được 6 thuộc tính
13:35:12 [INFO]       Đã lấy được Thông tin mô tả sản phẩm
13:35:14 [INFO]    🔹 [148/179] Lấy Metadata: https://www.dienmayxanh.com/laptop/dell-inspiron-15-3530-i7-71053721
13:35:27 [INFO]     Đã lấy được 4 thuộc tính
13:35:27 [INFO]       Đã lấy được Thông tin mô tả sản phẩm
13:35:30 [INFO]    🔹 [149/179] Lấy Metadata: https://www.dienmayxanh.com/laptop/hp-15-fd1039tu-core-7-150u-9z2w7pa?utm_flashsale=1
13:35:43 [INFO]     Đã lấy được 4 thuộc tính
13:35:43 [INFO]       Đã lấy được Thông tin mô tả sản phẩm
13:35:45 [INFO] ♻️ Làm mới Driver để ổn định session...
13:35:46 [INFO]    🔹 [150/179] Lấy Metadata: https://www.dienmayxanh.com/laptop/dell-inspiron-14-5440-core-7-7fn5j
13:35:58 [INFO]     Đã lấy được 4 thuộc tính
13:35:58 [INFO]       Đã lấy được Thông tin mô tả sản phẩm
13:36:00 [INFO]    🔹 [151/179] Lấy Metadata: https://www.dienmayxanh.com/laptop/msi-katana-15-b13udxk-i7-2077vn
13:36:13 [INFO]     Đã lấy được 4 thuộc tính
13:36:13 [INFO]       Đã lấy được Thông tin mô tả sản phẩm
13:36:15 [INFO]    🔹 [152/179] Lấy Metadata: https://www.dienmayxanh.com/laptop/hp-probook-450-g10-i5-9h1n5pt
13:36:26 [INFO]     Đã lấy được 4 thuộc tính
13:36:26 [INFO]       Đã lấy được Thông tin mô tả sản phẩm
13:36:28 [INFO]    🔹 [153/179] Lấy Metadata: https://www.dienmayxanh.com/laptop/lenovo-ideapad-slim-3-16irh10-i7-83k20004vn
13:36:37 [INFO]     Đã lấy được 4 thuộc tính
13:36:37 [INFO]       Đã lấy được Thông tin mô tả sản phẩm
13:36:38 [INFO]    🔹 [154/179] Lấy Metadata: https://www.dienmayxanh.com/laptop/lenovo-loq-15arp9-r5-83jc00kuvn
13:36:55 [INFO]     Đã lấy được 4 thuộc tính
13:36:55 [INFO]       Đã lấy được Thông tin mô tả sản phẩm
13:36:57 [INFO]    🔹 [155/179] Lấy Metadata: https://www.dienmayxanh.com/laptop/hp-pavilion-15-eg3095tu-i5-8c5l6pa-16g
13:37:08 [INFO]     Đã lấy được 4 thuộc tính
13:37:09 [INFO]       Đã lấy được Thông tin mô tả sản phẩm
13:37:09 [INFO]       💾 Đã ghi batch 10 items vào laptop_integrated_metadata.jsonl
13:37:11 [INFO]    🔹 [156/179] Lấy Metadata: https://www.dienmayxanh.com/laptop/acer-aspire-7-a715-59g-73lb-i7-12650h-nh-qx6sv-002
13:37:21 [INFO]     Đã lấy được 4 thuộc tính
13:37:21 [INFO]       Đã lấy được Thông tin mô tả sản phẩm
13:37:23 [INFO]    🔹 [157/179] Lấy Metadata: https://www.dienmayxanh.com/laptop/lenovo-gaming-loq-15irx9-i7-13650hx-83dv01alvn
13:37:32 [INFO]     Đã lấy được 4 thuộc tính
13:37:32 [INFO]       Đã lấy được Thông tin mô tả sản phẩm
13:37:34 [INFO]    🔹 [158/179] Lấy Metadata: https://www.dienmayxanh.com/laptop/hp-omnibook-5-ai-16-af1054tu-ultra-7-255u-c1mn8pa
13:37:43 [INFO]     Đã lấy được 6 thuộc tính
13:37:44 [WARNING]       [!] Sản phẩm này không có bài viết mô tả.
13:37:45 [INFO]    🔹 [159/179] Lấy Metadata: https://www.dienmayxanh.com/laptop/hp-omnibook-x-flip-14-fm0076tu-ultra-7-258v-bz7p6pa
13:37:59 [INFO]     Đã lấy được 6 thuộc tính
13:37:59 [INFO]       Đã lấy được Thông tin mô tả sản phẩm
13:38:01 [INFO]    🔹 [160/179] Lấy Metadata: https://www.dienmayxanh.com/laptop/lenovo-yoga-slim-7-oled-14imh9-ultra-5-125h-83cv00d8vn
13:38:13 [INFO]     Đã lấy được 6 thuộc tính
13:38:13 [INFO]       Đã lấy được Thông tin mô tả sản phẩm
13:38:14 [INFO]    🔹 [161/179] Lấy Metadata: https://www.dienmayxanh.com/laptop/asus-gaming-v16-v3607vj-core-5-210h-rp071w
13:38:27 [INFO]     Đã lấy được 4 thuộc tính
13:38:27 [WARNING]       [!] Sản phẩm này không có bài viết mô tả.
13:38:28 [INFO]    🔹 [162/179] Lấy Metadata: https://www.dienmayxanh.com/laptop/asus-tuf-gaming-fx607vu-core-5-210h-rl045w
13:38:38 [INFO]     Đã lấy được 4 thuộc tính
13:38:38 [INFO]       Đã lấy được Thông tin mô tả sản phẩm
13:38:39 [INFO]    🔹 [163/179] Lấy Metadata: https://www.dienmayxanh.com/laptop/dell-inspiron-15-3530-i7-p16wd
13:38:55 [INFO]     Đã lấy được 4 thuộc tính
13:38:55 [INFO]       Đã lấy được Thông tin mô tả sản phẩm
13:38:57 [INFO]    🔹 [164/179] Lấy Metadata: https://www.dienmayxanh.com/laptop/acer-aspire-5-a515-58gm-598j-i5-nxkw1sv002
13:39:05 [INFO]     Đã lấy được 4 thuộc tính
13:39:05 [INFO]       Đã lấy được Thông tin mô tả sản phẩm
13:39:08 [INFO] ♻️ Làm mới Driver để ổn định session...
13:39:09 [INFO]    🔹 [165/179] Lấy Metadata: https://www.dienmayxanh.com/laptop/asus-vivobook-16-a1607ca-ultra-5-mb038ws
13:39:21 [INFO]     Đã lấy được 6 thuộc tính
13:39:21 [INFO]       Đã lấy được Thông tin mô tả sản phẩm
13:39:21 [INFO]       💾 Đã ghi batch 10 items vào laptop_integrated_metadata.jsonl
13:39:23 [INFO]    🔹 [166/179] Lấy Metadata: https://www.dienmayxanh.com/laptop/lenovo-loq-15irx9-i5-83dv003cvn
13:39:58 [INFO]     Đã lấy được 4 thuộc tính
13:39:58 [INFO]       Đã lấy được Thông tin mô tả sản phẩm
13:40:00 [INFO]    🔹 [167/179] Lấy Metadata: https://www.dienmayxanh.com/laptop/dell-inspiron-15-3530-i5-71053696
13:40:22 [INFO]     Đã lấy được 4 thuộc tính
13:40:22 [INFO]       Đã lấy được Thông tin mô tả sản phẩm
13:40:23 [INFO]    🔹 [168/179] Lấy Metadata: https://www.dienmayxanh.com/laptop/lenovo-ideapad-slim-5-oled-14irh10r-core-5-83j0006dvn
13:40:35 [INFO]     Đã lấy được 4 thuộc tính
13:40:35 [INFO]       Đã lấy được Thông tin mô tả sản phẩm
13:40:37 [INFO]    🔹 [169/179] Lấy Metadata: https://www.dienmayxanh.com/laptop/asus-x1607ca-ultra-5-225h-mb980w
13:40:46 [INFO]     Đã lấy được 6 thuộc tính
13:40:46 [WARNING]       [!] Sản phẩm này không có bài viết mô tả.
13:40:47 [INFO]    🔹 [170/179] Lấy Metadata: https://www.dienmayxanh.com/laptop/acer-aspire-5-a515-58gm-51lb-i5-nxkq4sv002
13:41:08 [INFO]     Đã lấy được 4 thuộc tính
13:41:08 [INFO]       Đã lấy được Thông tin mô tả sản phẩm
13:41:10 [INFO]    🔹 [171/179] Lấy Metadata: https://www.dienmayxanh.com/laptop/acer-nitro-v-anv15-51-57b2-i5-nhqn8sv001
13:41:28 [INFO]     Đã lấy được 4 thuộc tính
13:41:28 [INFO]       Đã lấy được Thông tin mô tả sản phẩm
13:41:29 [INFO]    🔹 [172/179] Lấy Metadata: https://www.dienmayxanh.com/laptop/hp-elitebook-635-aero-g11-r7-b91d3pt
13:41:38 [INFO]     Đã lấy được 6 thuộc tính
13:41:39 [INFO]       Đã lấy được Thông tin mô tả sản phẩm
13:41:40 [INFO]    🔹 [173/179] Lấy Metadata: https://www.dienmayxanh.com/laptop/lenovo-gaming-loq-15arp9-r5-83jc00lvvn
13:42:05 [INFO]     Đã lấy được 4 thuộc tính
13:42:05 [INFO]       Đã lấy được Thông tin mô tả sản phẩm
13:42:07 [INFO]    🔹 [174/179] Lấy Metadata: https://www.dienmayxanh.com/laptop/asus-vivobook-s14-s3407va-i7-13620h-ly053w
13:42:22 [INFO]     Đã lấy được 4 thuộc tính
13:42:22 [INFO]       Đã lấy được Thông tin mô tả sản phẩm
13:42:24 [INFO]    🔹 [175/179] Lấy Metadata: https://www.dienmayxanh.com/laptop/acer-aspire-lite-15-al15-42p-r8e6-r5-7430u-nx-d34sv-001
13:42:38 [INFO]     Đã lấy được 4 thuộc tính
13:42:38 [INFO]       Đã lấy được Thông tin mô tả sản phẩm
13:42:38 [INFO]       💾 Đã ghi batch 10 items vào laptop_integrated_metadata.jsonl
13:42:40 [INFO]    🔹 [176/179] Lấy Metadata: https://www.dienmayxanh.com/laptop/dell-15-dc15250-i7-1355u-71073959
13:42:53 [INFO]     Đã lấy được 4 thuộc tính
13:42:54 [INFO]       Đã lấy được Thông tin mô tả sản phẩm
13:42:55 [INFO]    🔹 [177/179] Lấy Metadata: https://www.dienmayxanh.com/laptop/dell-16-dc16250-core-7-150u-c7u161w11blu
13:43:05 [INFO]     Đã lấy được 4 thuộc tính
13:43:05 [INFO]       Đã lấy được Thông tin mô tả sản phẩm
13:43:07 [INFO]    🔹 [178/179] Lấy Metadata: https://www.dienmayxanh.com/laptop/msi-gaming-cyborg-15-a13uc-i5-13420h-2088vn
13:43:15 [INFO]     Đã lấy được 4 thuộc tính
13:43:15 [WARNING]       [!] Sản phẩm này không có bài viết mô tả.
13:43:17 [INFO]    🔹 [179/179] Lấy Metadata: https://www.dienmayxanh.com/laptop/lenovo-v15-g5-irl-i5-13420h-83hf00bvvn
13:43:26 [INFO]     Đã lấy được 4 thuộc tính
13:43:26 [WARNING]       [!] Sản phẩm này không có bài viết mô tả.
13:43:28 [INFO]       💾 Đã ghi 4 items cuối vào laptop_integrated_metadata.jsonl
13:43:28 [INFO] ✅ Hoàn tất file: laptop_integrated.csv
13:43:28 [INFO] 📂 ĐANG XỬ LÝ: File pc_integrated.csv
13:43:28 [INFO]    🔹 [1/40] Lấy Metadata: https://www.dienmayxanh.com/may-tinh-nguyen-bo/singpc-r54m495sf-w-r5-4650g
13:43:36 [INFO]     Đã lấy được 7 thuộc tính
13:43:36 [INFO]       Đã lấy được Thông tin mô tả sản phẩm
13:43:39 [INFO]    🔹 [2/40] Lấy Metadata: https://www.dienmayxanh.com/may-tinh-nguyen-bo/singpc-i713h695sf-w-i7-13620h
13:43:49 [INFO]     Đã lấy được 5 thuộc tính
13:43:49 [INFO]       Đã lấy được Thông tin mô tả sản phẩm
13:43:50 [INFO]    🔹 [3/40] Lấy Metadata: https://www.dienmayxanh.com/may-tinh-nguyen-bo/singpc-i512h682sf-w-i5-12450h
13:43:59 [INFO]     Đã lấy được 5 thuộc tính
13:43:59 [INFO]       Đã lấy được Thông tin mô tả sản phẩm
13:44:00 [INFO]    🔹 [4/40] Lấy Metadata: https://www.dienmayxanh.com/may-tinh-nguyen-bo/singpc-r33b482sf-w-r3-3200g
13:44:10 [INFO]     Đã lấy được 7 thuộc tính
13:44:10 [INFO]       Đã lấy được Thông tin mô tả sản phẩm
13:44:12 [INFO]    🔹 [5/40] Lấy Metadata: https://www.dienmayxanh.com/may-tinh-nguyen-bo/minipc-singpc-i12450h682-w-i5-12450h
13:44:22 [INFO]     Đã lấy được 5 thuộc tính
13:44:22 [INFO]       Đã lấy được Thông tin mô tả sản phẩm
13:44:24 [INFO]    🔹 [6/40] Lấy Metadata: https://www.dienmayxanh.com/may-tinh-nguyen-bo/aio-asus-v440vak-i3-1315u-8gb-512gb
13:44:33 [INFO]     Đã lấy được 5 thuộc tính
13:44:33 [INFO]       Đã lấy được Thông tin mô tả sản phẩm
13:44:35 [INFO]    🔹 [7/40] Lấy Metadata: https://www.dienmayxanh.com/may-tinh-nguyen-bo/rosa-crystal-a10-ryzen-3-3200g-8gb-256gb-win11
13:44:43 [INFO]     Đã lấy được 8 thuộc tính
13:44:44 [INFO]       Đã lấy được Thông tin mô tả sản phẩm
13:44:45 [INFO]    🔹 [8/40] Lấy Metadata: https://www.dienmayxanh.com/may-tinh-nguyen-bo/rosa-x-asus-rezo-i121-core-i5-12400f-16gb-500gb-rtx-5060-8gb-win11pro
13:44:53 [INFO]     Đã lấy được 8 thuộc tính
13:44:53 [INFO]       Đã lấy được Thông tin mô tả sản phẩm
13:44:55 [INFO]    🔹 [9/40] Lấy Metadata: https://www.dienmayxanh.com/may-tinh-nguyen-bo/asus-aio-v440vak-i5-13420h-16gb-512g
13:45:03 [INFO]     Đã lấy được 5 thuộc tính
13:45:03 [INFO]       Đã lấy được Thông tin mô tả sản phẩm
13:45:05 [INFO]    🔹 [10/40] Lấy Metadata: https://www.dienmayxanh.com/may-tinh-nguyen-bo/imac-24-inch-m4-16gb-256gb
13:45:14 [INFO]     Đã lấy được 5 thuộc tính
13:45:14 [INFO]       Đã lấy được Thông tin mô tả sản phẩm
13:45:14 [INFO]       💾 Đã ghi batch 10 items vào pc_integrated_metadata.jsonl
13:45:16 [INFO]    🔹 [11/40] Lấy Metadata: https://www.dienmayxanh.com/may-tinh-nguyen-bo/rosa-rezo-i120-core-i5-12400f-16gb-ssd-500gb-rtx3050-6gb-win11
13:45:26 [INFO]     Đã lấy được 8 thuộc tính
13:45:26 [INFO]       Đã lấy được Thông tin mô tả sản phẩm
13:45:27 [INFO]    🔹 [12/40] Lấy Metadata: https://www.dienmayxanh.com/may-tinh-nguyen-bo/minipc-msi-cubi-n-adl-235xvn-n100
13:45:36 [INFO]     Đã lấy được 8 thuộc tính
13:45:36 [INFO]       Đã lấy được Thông tin mô tả sản phẩm
13:45:38 [INFO]    🔹 [13/40] Lấy Metadata: https://www.dienmayxanh.com/may-tinh-nguyen-bo/msi-aio-modern-am242-12m-i5-1235u-8gb-512gb-23-8-full-hd-ban-phim-chuot-win11
13:45:47 [INFO]     Đã lấy được 5 thuộc tính
13:45:47 [INFO]       Đã lấy được Thông tin mô tả sản phẩm
13:45:49 [INFO]    🔹 [14/40] Lấy Metadata: https://www.dienmayxanh.com/may-tinh-nguyen-bo/singpc-aio-m24n18m2-w-n100-23-8-inch
13:45:59 [INFO]     Đã lấy được 7 thuộc tính
13:45:59 [INFO]       Đã lấy được Thông tin mô tả sản phẩm
13:46:00 [INFO] ♻️ Làm mới Driver để ổn định session...
13:46:01 [INFO]    🔹 [15/40] Lấy Metadata: https://www.dienmayxanh.com/may-tinh-nguyen-bo/asus-v501sv-core-5-210h-v501sv-05210h040w
13:46:12 [INFO]     Đã lấy được 7 thuộc tính
13:46:12 [INFO]       Đã lấy được Thông tin mô tả sản phẩm
13:46:14 [INFO]    🔹 [16/40] Lấy Metadata: https://www.dienmayxanh.com/may-tinh-nguyen-bo/singpc-aio-m24ai512h9m5-w-i5-12450h-23-8-inch
13:46:25 [INFO]     Đã lấy được 8 thuộc tính
13:46:25 [INFO]       Đã lấy được Thông tin mô tả sản phẩm
13:46:26 [INFO]    🔹 [17/40] Lấy Metadata: https://www.dienmayxanh.com/may-tinh-nguyen-bo/imac-24-inch-m4-24gb-512gb
13:46:35 [INFO]     Đã lấy được 5 thuộc tính
13:46:35 [INFO]       Đã lấy được Thông tin mô tả sản phẩm
13:46:37 [INFO]    🔹 [18/40] Lấy Metadata: https://www.dienmayxanh.com/may-tinh-nguyen-bo/asus-aio-v440vat-i5-13420h-16gb-512gb
13:46:44 [INFO]     Đã lấy được 5 thuộc tính
13:46:44 [INFO]       Đã lấy được Thông tin mô tả sản phẩm
13:46:45 [INFO]    🔹 [19/40] Lấy Metadata: https://www.dienmayxanh.com/may-tinh-nguyen-bo/imac-24-inch-m4-16gb-512gb
13:46:54 [INFO]     Đã lấy được 5 thuộc tính
13:46:54 [INFO]       Đã lấy được Thông tin mô tả sản phẩm
13:46:55 [INFO]    🔹 [20/40] Lấy Metadata: https://www.dienmayxanh.com/may-tinh-nguyen-bo/asus-v500mv-i5-13420h-8gb-512gb
13:47:10 [INFO]     Đã lấy được 5 thuộc tính
13:47:10 [INFO]       Đã lấy được Thông tin mô tả sản phẩm
13:47:10 [INFO]       💾 Đã ghi batch 10 items vào pc_integrated_metadata.jsonl
13:47:12 [INFO]    🔹 [21/40] Lấy Metadata: https://www.dienmayxanh.com/may-tinh-nguyen-bo/singpc-aio-m24n19m5-w-n100-23-8-inch
13:47:22 [INFO]     Đã lấy được 7 thuộc tính
13:47:22 [INFO]       Đã lấy được Thông tin mô tả sản phẩm
13:47:24 [INFO]    🔹 [22/40] Lấy Metadata: https://www.dienmayxanh.com/may-tinh-nguyen-bo/msi-pro-dp180-i5-14400-9s6-b0a761-1220
13:47:31 [INFO]     Đã lấy được 8 thuộc tính
13:47:31 [INFO]       Đã lấy được Thông tin mô tả sản phẩm
13:47:33 [INFO]    🔹 [23/40] Lấy Metadata: https://www.dienmayxanh.com/may-tinh-nguyen-bo/asus-aio-v440va-core-7-240h-23-8-inch-v440vak-wpc408w
13:47:42 [INFO]     Đã lấy được 8 thuộc tính
13:47:42 [INFO]       Đã lấy được Thông tin mô tả sản phẩm
13:47:44 [INFO]    🔹 [24/40] Lấy Metadata: https://www.dienmayxanh.com/may-tinh-nguyen-bo/imac-24-inch-m4-16gb-256gb-10gpu
13:47:53 [INFO]     Đã lấy được 5 thuộc tính
13:47:53 [INFO]       Đã lấy được Thông tin mô tả sản phẩm
13:47:54 [INFO]    🔹 [25/40] Lấy Metadata: https://www.dienmayxanh.com/may-tinh-nguyen-bo/imac-24-inch-m4-24gb-256gb
13:48:03 [INFO]     Đã lấy được 5 thuộc tính
13:48:03 [INFO]       Đã lấy được Thông tin mô tả sản phẩm
13:48:05 [INFO]    🔹 [26/40] Lấy Metadata: https://www.dienmayxanh.com/may-tinh-nguyen-bo/rosa-rezo-i110-core-i3-12100f-8gb-ssd-256gb-rtx3050-6gb-win11
13:48:15 [INFO]     Đã lấy được 8 thuộc tính
13:48:15 [INFO]       Đã lấy được Thông tin mô tả sản phẩm
13:48:16 [INFO]    🔹 [27/40] Lấy Metadata: https://www.dienmayxanh.com/may-tinh-nguyen-bo/singpc-aio-m24ei5129m5-w-i5-12400
13:48:23 [INFO]     Đã lấy được 5 thuộc tính
13:48:23 [INFO]       Đã lấy được Thông tin mô tả sản phẩm
13:48:25 [INFO]    🔹 [28/40] Lấy Metadata: https://www.dienmayxanh.com/may-tinh-nguyen-bo/minipc-singpc-nuc-u512u695-w-ultra-5-125u
13:48:33 [INFO]     Đã lấy được 6 thuộc tính
13:48:33 [INFO]       Đã lấy được Thông tin mô tả sản phẩm
13:48:35 [INFO]    🔹 [29/40] Lấy Metadata: https://www.dienmayxanh.com/may-tinh-nguyen-bo/minipc-singpc-nuc-u715u695-w-ultra-7-155u
13:48:43 [INFO]     Đã lấy được 6 thuộc tính
13:48:43 [INFO]       Đã lấy được Thông tin mô tả sản phẩm
13:48:44 [INFO] ♻️ Làm mới Driver để ổn định session...
13:48:45 [INFO]    🔹 [30/40] Lấy Metadata: https://www.dienmayxanh.com/may-tinh-nguyen-bo/rosa-rezo-i131-core-i7-12700f-16gb-500gb-rtx-3050-6gb-win11pro
13:48:56 [INFO]     Đã lấy được 8 thuộc tính
13:48:56 [INFO]       Đã lấy được Thông tin mô tả sản phẩm
13:48:56 [INFO]       💾 Đã ghi batch 10 items vào pc_integrated_metadata.jsonl
13:48:58 [INFO]    🔹 [31/40] Lấy Metadata: https://www.dienmayxanh.com/may-tinh-nguyen-bo/rosa-x-asus-rezo-i120-core-i5-12400f-16gb-500gb-rtx-5050-8gb-win11pro
13:49:12 [INFO]     Đã lấy được 8 thuộc tính
13:49:12 [INFO]       Đã lấy được Thông tin mô tả sản phẩm
13:49:14 [INFO]    🔹 [32/40] Lấy Metadata: https://www.dienmayxanh.com/may-tinh-nguyen-bo/msi-pro-dp180-i3-14100-8gb-512gb-ban-phim-chuot-win11
13:49:21 [INFO]     Đã lấy được 8 thuộc tính
13:49:21 [INFO]       Đã lấy được Thông tin mô tả sản phẩm
13:49:23 [INFO]    🔹 [33/40] Lấy Metadata: https://www.dienmayxanh.com/may-tinh-nguyen-bo/asus-v501mv-core-5-210h-v501mv-05210h048w
13:49:30 [INFO]     Đã lấy được 7 thuộc tính
13:49:30 [INFO]       Đã lấy được Thông tin mô tả sản phẩm
13:49:31 [INFO]    🔹 [34/40] Lấy Metadata: https://www.dienmayxanh.com/may-tinh-nguyen-bo/mac-mini-m4-16gb-256gb
13:49:39 [INFO]     Đã lấy được 5 thuộc tính
13:49:39 [INFO]       Đã lấy được Thông tin mô tả sản phẩm
13:49:40 [INFO]    🔹 [35/40] Lấy Metadata: https://www.dienmayxanh.com/may-tinh-nguyen-bo/mac-mini-m4-pro-24gb-1tb
13:49:47 [INFO]     Đã lấy được 5 thuộc tính
13:49:47 [INFO]       Đã lấy được Thông tin mô tả sản phẩm
13:49:48 [INFO]    🔹 [36/40] Lấy Metadata: https://www.dienmayxanh.com/may-tinh-nguyen-bo/asus-v501mv-core-3-100u-v501mv-03100u014w
13:49:56 [INFO]     Đã lấy được 8 thuộc tính
13:49:56 [INFO]       Đã lấy được Thông tin mô tả sản phẩm
13:49:58 [INFO]    🔹 [37/40] Lấy Metadata: https://www.dienmayxanh.com/may-tinh-nguyen-bo/asus-aio-v440va-core-5-210h-23-8-inch-v440vak-wpc407w
13:50:07 [INFO]     Đã lấy được 8 thuộc tính
13:50:07 [INFO]       Đã lấy được Thông tin mô tả sản phẩm
13:50:09 [INFO]    🔹 [38/40] Lấy Metadata: https://www.dienmayxanh.com/may-tinh-nguyen-bo/asus-aio-v440va-core-5-210h-23-8-inch-v440vat-wpd089w
13:50:18 [INFO]     Đã lấy được 7 thuộc tính
13:50:18 [INFO]       Đã lấy được Thông tin mô tả sản phẩm
13:50:20 [INFO]    🔹 [39/40] Lấy Metadata: https://www.dienmayxanh.com/may-tinh-nguyen-bo/asus-aio-v440va-core-3-100u-23-8-inch-v440vak-wpc406w
13:50:28 [INFO]     Đã lấy được 7 thuộc tính
13:50:28 [INFO]       Đã lấy được Thông tin mô tả sản phẩm
13:50:30 [INFO]    🔹 [40/40] Lấy Metadata: https://www.dienmayxanh.com/may-tinh-nguyen-bo/asus-v501mv-core-7-240h-v501mv-07240h073w
13:50:39 [INFO]     Đã lấy được 7 thuộc tính
13:50:39 [INFO]       Đã lấy được Thông tin mô tả sản phẩm
13:50:39 [INFO]       💾 Đã ghi batch 10 items vào pc_integrated_metadata.jsonl
13:50:41 [INFO] ✅ Hoàn tất file: pc_integrated.csv
13:50:41 [INFO] 📂 ĐANG XỬ LÝ: File smartphone_integrated.csv
13:50:41 [INFO]    🔹 [1/174] Lấy Metadata: https://www.dienmayxanh.com/dien-thoai/iphone-17-pro-max
13:51:26 [WARNING] ⏳ Timeout khi tải trang: https://www.dienmayxanh.com/dien-thoai/iphone-17-pro-max
13:51:26 [INFO]    🔹 [1/174] Lấy Metadata: https://www.dienmayxanh.com/dien-thoai/iphone-17-pro-max
13:51:53 [INFO]     Đã lấy được 8 thuộc tính
13:51:53 [INFO]       Đã lấy được Thông tin mô tả sản phẩm
13:51:54 [INFO]    🔹 [2/174] Lấy Metadata: https://www.dienmayxanh.com/dien-thoai/samsung-galaxy-a17-4gb-128gb?utm_flashsale=1
13:52:03 [INFO]     Đã lấy được 8 thuộc tính
13:52:03 [INFO]       Đã lấy được Thông tin mô tả sản phẩm
13:52:05 [INFO]    🔹 [3/174] Lấy Metadata: https://www.dienmayxanh.com/dien-thoai/nokia-105-4g-pro
13:52:15 [INFO]     Đã lấy được 7 thuộc tính
13:52:15 [INFO]       Đã lấy được Thông tin mô tả sản phẩm
13:52:16 [INFO]    🔹 [4/174] Lấy Metadata: https://www.dienmayxanh.com/dien-thoai/oppo-a6-8gb-128gb
13:52:28 [INFO]     Đã lấy được 9 thuộc tính
13:52:28 [WARNING]       [!] Sản phẩm này không có bài viết mô tả.
13:52:30 [INFO]    🔹 [5/174] Lấy Metadata: https://www.dienmayxanh.com/dien-thoai/masstel-izi-t6
13:52:51 [INFO]     Đã lấy được 6 thuộc tính
13:52:51 [INFO]       Đã lấy được Thông tin mô tả sản phẩm
13:52:53 [INFO]    🔹 [6/174] Lấy Metadata: https://www.dienmayxanh.com/dien-thoai/xiaomi-redmi-15-8gb-128gb
13:53:04 [INFO]     Đã lấy được 9 thuộc tính
13:53:04 [INFO]       Đã lấy được Thông tin mô tả sản phẩm
13:53:05 [INFO]    🔹 [7/174] Lấy Metadata: https://www.dienmayxanh.com/dien-thoai/samsung-galaxy-a07-4gb-64gb
13:53:47 [INFO]     Đã lấy được 8 thuộc tính
13:53:47 [INFO]       Đã lấy được Thông tin mô tả sản phẩm
13:53:48 [INFO]    🔹 [8/174] Lấy Metadata: https://www.dienmayxanh.com/dien-thoai/iphone-17
13:54:20 [INFO]     Đã lấy được 8 thuộc tính
13:54:20 [INFO]       Đã lấy được Thông tin mô tả sản phẩm
13:54:22 [INFO]    🔹 [9/174] Lấy Metadata: https://www.dienmayxanh.com/dien-thoai/motorola-moto-g06-power-4gb-128gb?utm_flashsale=1
13:54:30 [INFO]     Đã lấy được 9 thuộc tính
13:54:30 [WARNING]       [!] Sản phẩm này không có bài viết mô tả.
13:54:32 [INFO]    🔹 [10/174] Lấy Metadata: https://www.dienmayxanh.com/dien-thoai/oppo-reno14-f-5g-12gb-256gb
13:54:41 [INFO]     Đã lấy được 9 thuộc tính
13:54:41 [INFO]       Đã lấy được Thông tin mô tả sản phẩm
13:54:41 [INFO]       💾 Đã ghi batch 10 items vào smartphone_integrated_metadata.jsonl
13:54:43 [INFO]    🔹 [11/174] Lấy Metadata: https://www.dienmayxanh.com/dien-thoai/oppo-a6x-4gb-64gb
13:54:51 [INFO]     Đã lấy được 9 thuộc tính
13:54:51 [INFO]       Đã lấy được Thông tin mô tả sản phẩm
13:54:53 [INFO]    🔹 [12/174] Lấy Metadata: https://www.dienmayxanh.com/dien-thoai/iphone-15-plus
13:55:02 [INFO]     Đã lấy được 8 thuộc tính
13:55:02 [INFO]       Đã lấy được Thông tin mô tả sản phẩm
13:55:04 [INFO]    🔹 [13/174] Lấy Metadata: https://www.dienmayxanh.com/dien-thoai/iphone-13
13:55:12 [INFO]     Đã lấy được 8 thuộc tính
13:55:12 [INFO]       Đã lấy được Thông tin mô tả sản phẩm
13:55:13 [INFO]    🔹 [14/174] Lấy Metadata: https://www.dienmayxanh.com/dien-thoai/xiaomi-15t-12gb-256gb
13:55:23 [INFO]     Đã lấy được 8 thuộc tính
13:55:23 [INFO]       Đã lấy được Thông tin mô tả sản phẩm
13:55:25 [INFO] ♻️ Làm mới Driver để ổn định session...
13:55:26 [INFO]    🔹 [15/174] Lấy Metadata: https://www.dienmayxanh.com/dien-thoai/realme-note-80-4gb-64gb
13:55:50 [INFO]     Đã lấy được 0 thuộc tính
13:55:50 [WARNING]       [!] Sản phẩm này không có bài viết mô tả.
13:55:52 [INFO]    🔹 [16/174] Lấy Metadata: https://www.dienmayxanh.com/dien-thoai/oppo-reno15-5g-8gb-256gb
13:56:02 [INFO]     Đã lấy được 8 thuộc tính
13:56:02 [WARNING]       [!] Sản phẩm này không có bài viết mô tả.
13:56:05 [INFO]    🔹 [17/174] Lấy Metadata: https://www.dienmayxanh.com/dien-thoai/vivo-y21d-4gb-128gb
13:56:17 [INFO]     Đã lấy được 9 thuộc tính
13:56:17 [INFO]       Đã lấy được Thông tin mô tả sản phẩm
13:56:19 [INFO]    🔹 [18/174] Lấy Metadata: https://www.dienmayxanh.com/dien-thoai/xiaomi-redmi-note-15-pro-5g-12gb-256gb
13:56:48 [INFO]     Đã lấy được 8 thuộc tính
13:56:48 [WARNING]       [!] Sản phẩm này không có bài viết mô tả.
13:56:50 [INFO]    🔹 [19/174] Lấy Metadata: https://www.dienmayxanh.com/dien-thoai/iphone-14
13:56:59 [INFO]     Đã lấy được 8 thuộc tính
13:56:59 [INFO]       Đã lấy được Thông tin mô tả sản phẩm
13:57:01 [INFO]    🔹 [20/174] Lấy Metadata: https://www.dienmayxanh.com/dien-thoai/oppo-reno15f-5g-12gb-256gb
13:57:09 [INFO]     Đã lấy được 9 thuộc tính
13:57:09 [WARNING]       [!] Sản phẩm này không có bài viết mô tả.
13:57:09 [INFO]       💾 Đã ghi batch 10 items vào smartphone_integrated_metadata.jsonl
13:57:11 [INFO]    🔹 [21/174] Lấy Metadata: https://www.dienmayxanh.com/dien-thoai/nokia-hmd-105-4g
13:57:23 [INFO]     Đã lấy được 4 thuộc tính
13:57:23 [INFO]       Đã lấy được Thông tin mô tả sản phẩm
13:57:25 [INFO]    🔹 [22/174] Lấy Metadata: https://www.dienmayxanh.com/dien-thoai/nokia-220-4g
13:58:10 [WARNING] ⏳ Timeout khi tải trang: https://www.dienmayxanh.com/dien-thoai/nokia-220-4g
13:58:10 [INFO]    🔹 [22/174] Lấy Metadata: https://www.dienmayxanh.com/dien-thoai/nokia-220-4g
13:58:29 [INFO]     Đã lấy được 6 thuộc tính
13:58:29 [INFO]       Đã lấy được Thông tin mô tả sản phẩm
13:58:30 [INFO]    🔹 [23/174] Lấy Metadata: https://www.dienmayxanh.com/dien-thoai/oppo-reno15-pro-5g-12gb-256gb
13:59:15 [WARNING] ⏳ Timeout khi tải trang: https://www.dienmayxanh.com/dien-thoai/oppo-reno15-pro-5g-12gb-256gb
13:59:15 [INFO]    🔹 [23/174] Lấy Metadata: https://www.dienmayxanh.com/dien-thoai/oppo-reno15-pro-5g-12gb-256gb
13:59:55 [INFO]     Đã lấy được 8 thuộc tính
13:59:56 [WARNING]       [!] Sản phẩm này không có bài viết mô tả.
13:59:58 [INFO]    🔹 [24/174] Lấy Metadata: https://www.dienmayxanh.com/dien-thoai/xiaomi-redmi-note-15-pro-12gb-256gb
14:00:08 [INFO]     Đã lấy được 9 thuộc tính
14:00:08 [WARNING]       [!] Sản phẩm này không có bài viết mô tả.
14:00:10 [INFO]    🔹 [25/174] Lấy Metadata: https://www.dienmayxanh.com/dien-thoai/samsung-galaxy-a37-6gb-128gb
14:00:47 [INFO]     Đã lấy được 0 thuộc tính
14:00:48 [WARNING]       [!] Sản phẩm này không có bài viết mô tả.
14:00:49 [INFO]    🔹 [26/174] Lấy Metadata: https://www.dienmayxanh.com/dien-thoai/vivo-y31d-6gb-128gb
14:01:33 [INFO]     Đã lấy được 8 thuộc tính
14:01:33 [INFO]       Đã lấy được Thông tin mô tả sản phẩm
14:01:34 [INFO]    🔹 [27/174] Lấy Metadata: https://www.dienmayxanh.com/dien-thoai/realme-c85-8gb-128gb
14:01:44 [INFO]     Đã lấy được 9 thuộc tính
14:01:44 [WARNING]       [!] Sản phẩm này không có bài viết mô tả.
14:01:46 [INFO]    🔹 [28/174] Lấy Metadata: https://www.dienmayxanh.com/dien-thoai/xiaomi-redmi-15c-4gb-128gb
14:01:56 [INFO]     Đã lấy được 9 thuộc tính
14:01:56 [INFO]       Đã lấy được Thông tin mô tả sản phẩm
14:01:58 [INFO]    🔹 [29/174] Lấy Metadata: https://www.dienmayxanh.com/dien-thoai/masstel-fami-50
14:02:12 [INFO]     Đã lấy được 6 thuộc tính
14:02:12 [INFO]       Đã lấy được Thông tin mô tả sản phẩm
14:02:14 [INFO] ♻️ Làm mới Driver để ổn định session...
14:02:15 [INFO]    🔹 [30/174] Lấy Metadata: https://www.dienmayxanh.com/dien-thoai/oppo-reno13-5g
14:03:00 [WARNING] ⏳ Timeout khi tải trang: https://www.dienmayxanh.com/dien-thoai/oppo-reno13-5g
14:03:00 [INFO]    🔹 [30/174] Lấy Metadata: https://www.dienmayxanh.com/dien-thoai/oppo-reno13-5g
14:03:45 [WARNING] ⏳ Timeout khi tải trang: https://www.dienmayxanh.com/dien-thoai/oppo-reno13-5g
14:03:45 [INFO]    🔹 [30/174] Lấy Metadata: https://www.dienmayxanh.com/dien-thoai/oppo-reno13-5g
14:03:56 [INFO]     Đã lấy được 8 thuộc tính
14:03:56 [INFO]       Đã lấy được Thông tin mô tả sản phẩm
14:03:56 [INFO]       💾 Đã ghi batch 10 items vào smartphone_integrated_metadata.jsonl
14:03:59 [INFO]    🔹 [31/174] Lấy Metadata: https://www.dienmayxanh.com/dien-thoai/vivo-y04-64gb
14:04:19 [INFO]     Đã lấy được 9 thuộc tính
14:04:19 [INFO]       Đã lấy được Thông tin mô tả sản phẩm
14:04:22 [INFO]    🔹 [32/174] Lấy Metadata: https://www.dienmayxanh.com/dien-thoai/masstel-izi-10-type-c
14:04:30 [INFO]     Đã lấy được 5 thuộc tính
14:04:30 [WARNING]       [!] Sản phẩm này không có bài viết mô tả.
14:04:31 [INFO]    🔹 [33/174] Lấy Metadata: https://www.dienmayxanh.com/dien-thoai/iphone-15
14:04:41 [INFO]     Đã lấy được 8 thuộc tính
14:04:41 [INFO]       Đã lấy được Thông tin mô tả sản phẩm
14:04:42 [INFO]    🔹 [34/174] Lấy Metadata: https://www.dienmayxanh.com/dien-thoai/iphone-17-pro
14:05:27 [WARNING] ⏳ Timeout khi tải trang: https://www.dienmayxanh.com/dien-thoai/iphone-17-pro
14:05:27 [INFO]    🔹 [34/174] Lấy Metadata: https://www.dienmayxanh.com/dien-thoai/iphone-17-pro
14:05:47 [INFO]     Đã lấy được 8 thuộc tính
14:05:47 [INFO]       Đã lấy được Thông tin mô tả sản phẩm
14:05:48 [INFO]    🔹 [35/174] Lấy Metadata: https://www.dienmayxanh.com/dien-thoai/vivo-v70-fe-12gb-256gb
14:06:33 [WARNING] ⏳ Timeout khi tải trang: https://www.dienmayxanh.com/dien-thoai/vivo-v70-fe-12gb-256gb
14:06:33 [INFO]    🔹 [35/174] Lấy Metadata: https://www.dienmayxanh.com/dien-thoai/vivo-v70-fe-12gb-256gb
14:07:10 [INFO]     Đã lấy được 0 thuộc tính
14:07:10 [WARNING]       [!] Sản phẩm này không có bài viết mô tả.
14:07:11 [INFO]    🔹 [36/174] Lấy Metadata: https://www.dienmayxanh.com/dien-thoai/realme-c100-4g-6gb-128gb
14:07:28 [INFO]     Đã lấy được 0 thuộc tính
14:07:28 [WARNING]       [!] Sản phẩm này không có bài viết mô tả.
14:07:30 [INFO]    🔹 [37/174] Lấy Metadata: https://www.dienmayxanh.com/dien-thoai/oppo-a5x-4gb-64gb
14:07:53 [INFO]     Đã lấy được 9 thuộc tính
14:07:53 [INFO]       Đã lấy được Thông tin mô tả sản phẩm
14:07:54 [INFO]    🔹 [38/174] Lấy Metadata: https://www.dienmayxanh.com/dien-thoai/samsung-galaxy-s26-ultra-12gb-256gb
14:08:52 [INFO]     Đã lấy được 0 thuộc tính
14:08:52 [WARNING]       [!] Sản phẩm này không có bài viết mô tả.
14:08:54 [INFO]    🔹 [39/174] Lấy Metadata: https://www.dienmayxanh.com/dien-thoai/mobell-m179
14:09:11 [INFO]     Đã lấy được 8 thuộc tính
14:09:11 [INFO]       Đã lấy được Thông tin mô tả sản phẩm
14:09:13 [INFO]    🔹 [40/174] Lấy Metadata: https://www.dienmayxanh.com/dien-thoai/vivo-v60-lite-8gb-256gb
14:09:37 [INFO]     Đã lấy được 8 thuộc tính
14:09:37 [INFO]       Đã lấy được Thông tin mô tả sản phẩm
14:09:37 [INFO]       💾 Đã ghi batch 10 items vào smartphone_integrated_metadata.jsonl
14:09:39 [INFO]    🔹 [41/174] Lấy Metadata: https://www.dienmayxanh.com/dien-thoai/vivo-y39-5g?utm_flashsale=1
14:10:02 [INFO]     Đã lấy được 8 thuộc tính
14:10:02 [INFO]       Đã lấy được Thông tin mô tả sản phẩm
14:10:04 [INFO]    🔹 [42/174] Lấy Metadata: https://www.dienmayxanh.com/dien-thoai/oppo-a5-8gb-128gb?utm_flashsale=1
14:10:29 [INFO]     Đã lấy được 9 thuộc tính
14:10:29 [INFO]       Đã lấy được Thông tin mô tả sản phẩm
14:10:31 [INFO]    🔹 [43/174] Lấy Metadata: https://www.dienmayxanh.com/dien-thoai/realme-note-70-4gb-64gb
14:10:59 [INFO]     Đã lấy được 9 thuộc tính
14:10:59 [INFO]       Đã lấy được Thông tin mô tả sản phẩm
14:11:00 [INFO]    🔹 [44/174] Lấy Metadata: https://www.dienmayxanh.com/dien-thoai/oppo-a6-pro-5g-8gb-256gb
14:11:45 [WARNING] ⏳ Timeout khi tải trang: https://www.dienmayxanh.com/dien-thoai/oppo-a6-pro-5g-8gb-256gb
14:11:45 [INFO]    🔹 [44/174] Lấy Metadata: https://www.dienmayxanh.com/dien-thoai/oppo-a6-pro-5g-8gb-256gb
14:12:30 [WARNING] ⏳ Timeout khi tải trang: https://www.dienmayxanh.com/dien-thoai/oppo-a6-pro-5g-8gb-256gb
14:12:30 [INFO]    🔹 [44/174] Lấy Metadata: https://www.dienmayxanh.com/dien-thoai/oppo-a6-pro-5g-8gb-256gb
