2026-04-13 23:34:53,998 [INFO]  đang xử lý file: headphone_integrated.csv
2026-04-13 23:34:54,032 [INFO]  -> Cào: https://www.dienmayxanh.com/tai-nghe/tai-nghe-bluetooth-true-wireless-ava-freego-pt52
2026-04-13 23:35:05,178 [INFO]  -> Cào: https://www.dienmayxanh.com/tai-nghe/tai-nghe-bluetooth-true-wireless-ava-freego-w30
2026-04-13 23:35:17,322 [INFO]  -> Cào: https://www.dienmayxanh.com/tai-nghe/tai-nghe-bluetooth-true-wireless-xiaomi-redmi-buds-6-play
2026-04-13 23:35:24,673 [INFO]  --- Đã lưu 29 review vào dmx_reviews_output\headphone_integrated.jsonl
2026-04-13 23:35:25,712 [INFO]  -> Cào: https://www.dienmayxanh.com/tai-nghe/tai-nghe-bluetooth-true-wireless-ava-freego-y60
2026-04-13 23:35:35,699 [INFO]  -> Cào: https://www.dienmayxanh.com/tai-nghe/tai-nghe-bluetooth-true-wireless-ava-buds-life-air-2-pro
2026-04-13 23:35:43,938 [INFO]  -> Cào: https://www.dienmayxanh.com/tai-nghe/tai-nghe-bluetooth-true-wireless-ava-freego-w28?utm_flashsale=1
2026-04-13 23:35:51,000 [INFO]  --- Đã lưu 23 review vào dmx_reviews_output\headphone_integrated.jsonl
2026-04-13 23:35:52,563 [INFO]  -> Cào: https://www.dienmayxanh.com/tai-nghe/tai-nghe-co-day-ep-ava-livebass-e1
2026-04-13 23:36:02,482 [INFO]  -> Cào: https://www.dienmayxanh.com/tai-nghe/tai-nghe-bluetooth-true-wireless-xiaomi-redmi-buds-8-lite
2026-04-13 23:36:11,534 [INFO]  -> Cào: https://www.dienmayxanh.com/tai-nghe/tai-nghe-bluetooth-tws-xiaomi-redmi-buds-6-active
2026-04-13 23:36:17,788 [INFO]  --- Đã lưu 26 review vào dmx_reviews_output\headphone_integrated.jsonl
2026-04-13 23:36:19,623 [INFO]  -> Cào: https://www.dienmayxanh.com/tai-nghe/tai-nghe-bluetooth-true-wireless-oppo-enco-buds-3-pro-etek1
2026-04-13 23:36:29,392 [INFO]  -> Cào: https://www.dienmayxanh.com/tai-nghe/tai-nghe-bluetooth-true-wireless-oppo-enco-buds-3-eteg1
2026-04-13 23:36:37,886 [INFO]  -> Cào: https://www.dienmayxanh.com/tai-nghe/tai-nghe-bluetooth-true-wireless-ava-freego-y70
2026-04-13 23:36:45,569 [INFO]  -> Cào: https://www.dienmayxanh.com/tai-nghe/tai-nghe-bluetooth-true-wireless-samsung-galaxy-buds-core-r410n
2026-04-13 23:36:52,802 [INFO]  --- Đã lưu 27 review vào dmx_reviews_output\headphone_integrated.jsonl
2026-04-13 23:36:55,044 [INFO]  -> Cào: https://www.dienmayxanh.com/tai-nghe/tai-nghe-co-day-apple-mtjy3
2026-04-13 23:37:04,655 [INFO]  -> Cào: https://www.dienmayxanh.com/tai-nghe/tai-nghe-bluetooth-true-wireless-ava-go-p310?utm_flashsale=1
2026-04-13 23:37:15,630 [INFO]  -> Cào: https://www.dienmayxanh.com/tai-nghe/tai-nghe-bluetooth-true-wireless-ava-buds-life-air-3
2026-04-13 23:37:27,165 [INFO]  --- Đã lưu 28 review vào dmx_reviews_output\headphone_integrated.jsonl
2026-04-13 23:37:29,739 [INFO]  -> Cào: https://www.dienmayxanh.com/tai-nghe/airpods-4-mxp63
2026-04-13 23:37:37,214 [INFO]  -> Cào: https://www.dienmayxanh.com/tai-nghe/tai-nghe-co-day-ep-ava-livebass-e3
2026-04-13 23:37:46,064 [INFO]  -> Cào: https://www.dienmayxanh.com/tai-nghe/tai-nghe-bluetooth-true-wireless-ava-go-p510
2026-04-13 23:37:54,930 [INFO]  -> Cào: https://www.dienmayxanh.com/tai-nghe/tai-nghe-day-ep-type-c-ava-livebass-e4
2026-04-13 23:38:02,437 [INFO]  -> Cào: https://www.dienmayxanh.com/tai-nghe/tai-nghe-co-day-jbl-c200-siu
2026-04-13 23:38:09,623 [INFO]  --- Đã lưu 25 review vào dmx_reviews_output\headphone_integrated.jsonl
2026-04-13 23:38:11,092 [INFO]  -> Cào: https://www.dienmayxanh.com/tai-nghe/tai-nghe-ep-type-c-ava-livebass-e2
2026-04-13 23:38:20,194 [INFO]  -> Cào: https://www.dienmayxanh.com/tai-nghe/tai-nghe-tws-baseus-bass-ep10-nc
2026-04-13 23:38:27,861 [INFO]  -> Cào: https://www.dienmayxanh.com/tai-nghe/tai-nghe-bluetooth-true-wireless-rezo-wave
2026-04-13 23:38:34,391 [INFO]  -> Cào: https://www.dienmayxanh.com/tai-nghe/tai-nghe-co-day-ep-hydrus-pc-30
2026-04-13 23:38:43,047 [INFO]  -> Cào: https://www.dienmayxanh.com/tai-nghe/tai-nghe-bluetooth-true-wireless-baseus-bowie-e20
2026-04-13 23:38:51,927 [INFO]  -> Cào: https://www.dienmayxanh.com/tai-nghe/tai-nghe-bluetooth-true-wireless-xiaomi-redmi-buds-8-active
2026-04-13 23:38:58,877 [INFO]  --- Đã lưu 20 review vào dmx_reviews_output\headphone_integrated.jsonl
2026-04-13 23:39:01,417 [INFO]  -> Cào: https://www.dienmayxanh.com/tai-nghe/tai-nghe-co-day-ep-type-c-xiaomi
2026-04-13 23:39:11,202 [INFO]  -> Cào: https://www.dienmayxanh.com/tai-nghe/tai-nghe-bluetooth-open-ear-true-wireless-ava-freego-ows04
2026-04-13 23:39:20,326 [INFO]  -> Cào: https://www.dienmayxanh.com/tai-nghe/airpods-4-chong-on-mxp93
2026-04-13 23:39:29,927 [INFO]  --- Đã lưu 25 review vào dmx_reviews_output\headphone_integrated.jsonl
2026-04-13 23:39:32,482 [INFO]  -> Cào: https://www.dienmayxanh.com/tai-nghe/tai-nghe-bluetooth-apple-airpods-pro-3-trang-mfhp4
2026-04-13 23:39:40,819 [INFO]  -> Cào: https://www.dienmayxanh.com/tai-nghe/tai-nghe-bluetooth-true-wireless-ava-go-f25?utm_flashsale=1
2026-04-13 23:39:50,944 [INFO]  -> Cào: https://www.dienmayxanh.com/tai-nghe/tai-nghe-bluetooth-true-wireless-soundcore-r50i-a3959
2026-04-13 23:39:58,368 [INFO]  --- Đã lưu 23 review vào dmx_reviews_output\headphone_integrated.jsonl
2026-04-13 23:39:59,620 [INFO]  -> Cào: https://www.dienmayxanh.com/tai-nghe/tai-nghe-bluetooth-true-wireless-rezo-k50?utm_flashsale=1
2026-04-13 23:40:09,605 [INFO]  -> Cào: https://www.dienmayxanh.com/tai-nghe/tai-nghe-ep-oppo-mh135
2026-04-13 23:40:20,932 [INFO]  -> Cào: https://www.dienmayxanh.com/tai-nghe/tai-nghe-bluetooth-true-wireless-soundcore-r60i-nc-d1202
2026-04-13 23:40:30,577 [INFO]  --- Đã lưu 28 review vào dmx_reviews_output\headphone_integrated.jsonl
2026-04-13 23:40:33,567 [INFO]  -> Cào: https://www.dienmayxanh.com/tai-nghe/tai-nghe-bluetooth-true-wireless-rezo-wave-pro-anc
2026-04-13 23:40:42,976 [INFO]  -> Cào: https://www.dienmayxanh.com/tai-nghe/tai-nghe-tws-jbl-wave-beam-2
2026-04-13 23:40:53,536 [INFO]  -> Cào: https://www.dienmayxanh.com/tai-nghe/tai-nghe-bluetooth-chup-tai-baseus-bass-bh1-lite
2026-04-13 23:41:02,277 [INFO]  -> Cào: https://www.dienmayxanh.com/tai-nghe/tai-nghe-bluetooth-true-wireless-havit-life-04t
2026-04-13 23:41:11,925 [INFO]  -> Cào: https://www.dienmayxanh.com/tai-nghe/tai-nghe-co-day-type-c-samsung-eo-ic100
2026-04-13 23:41:21,711 [INFO]  -> Cào: https://www.dienmayxanh.com/tai-nghe/tai-nghe-co-day-ep-ava-pc-25?utm_flashsale=1
2026-04-13 23:41:31,175 [INFO]  --- Đã lưu 24 review vào dmx_reviews_output\headphone_integrated.jsonl
2026-04-13 23:41:33,244 [INFO]  -> Cào: https://www.dienmayxanh.com/tai-nghe/tai-nghe-bluetooth-true-wireless-soundcore-k20i-a3994
2026-04-13 23:41:43,705 [INFO]  -> Cào: https://www.dienmayxanh.com/tai-nghe/tai-nghe-tws-xiaomi-redmi-buds-6
2026-04-13 23:41:54,911 [INFO]  -> Cào: https://www.dienmayxanh.com/tai-nghe/tai-nghe-co-day-ep-ava-livebass-hifi-s10
2026-04-13 23:42:02,940 [INFO]  -> Cào: https://www.dienmayxanh.com/tai-nghe/tai-nghe-bluetooth-chup-tai-havit-h662bt
2026-04-13 23:42:10,151 [INFO]  --- Đã lưu 27 review vào dmx_reviews_output\headphone_integrated.jsonl
2026-04-13 23:42:12,855 [INFO]  -> Cào: https://www.dienmayxanh.com/tai-nghe/tai-nghe-bluetooth-true-wireless-havit-tw996-pro
2026-04-13 23:42:23,115 [INFO]  -> Cào: https://www.dienmayxanh.com/tai-nghe/tai-nghe-bluetooth-chup-tai-sony-wh-ch520
2026-04-13 23:42:32,275 [INFO]  -> Cào: https://www.dienmayxanh.com/tai-nghe/tai-nghe-bluetooth-true-wireless-baseus-bass-bp1-pro-pm132
2026-04-13 23:42:40,694 [INFO]  --- Đã lưu 22 review vào dmx_reviews_output\headphone_integrated.jsonl
2026-04-13 23:42:42,043 [INFO]  -> Cào: https://www.dienmayxanh.com/tai-nghe/tai-nghe-bluetooth-true-wireless-huawei-t0016-freebuds-se-2
2026-04-13 23:42:51,756 [INFO]  -> Cào: https://www.dienmayxanh.com/tai-nghe/tai-nghe-bluetooth-true-wireless-havit-tw943-pro
2026-04-13 23:43:06,105 [INFO]  -> Cào: https://www.dienmayxanh.com/tai-nghe/tai-nghe-bluetooth-true-wireless-havit-tw923-pro
2026-04-13 23:43:14,361 [INFO]  -> Cào: https://www.dienmayxanh.com/tai-nghe/tai-nghe-ep-sony-mdr-ex15aplize
2026-04-13 23:43:21,735 [INFO]  --- Đã lưu 22 review vào dmx_reviews_output\headphone_integrated.jsonl
2026-04-13 23:43:22,921 [INFO]  -> Cào: https://www.dienmayxanh.com/tai-nghe/tai-nghe-open-ear-tws-ava-freego-ows800
2026-04-13 23:43:31,539 [INFO]  -> Cào: https://www.dienmayxanh.com/tai-nghe/tai-nghe-bluetooth-chup-tai-jbl-tune-520bt
2026-04-13 23:43:41,691 [INFO]  -> Cào: https://www.dienmayxanh.com/tai-nghe/tai-nghe-bluetooth-true-wireless-ava-freego-y50?utm_flashsale=1
2026-04-13 23:43:50,414 [INFO]  -> Cào: https://www.dienmayxanh.com/tai-nghe/tai-nghe-bluetooth-true-wireless-samsung-galaxy-buds-3-fe-r420n
2026-04-13 23:43:57,229 [INFO]  --- Đã lưu 21 review vào dmx_reviews_output\headphone_integrated.jsonl
2026-04-13 23:43:59,603 [INFO]  -> Cào: https://www.dienmayxanh.com/tai-nghe/tai-nghe-bluetooth-true-wireless-realme-techlife-buds
2026-04-13 23:44:09,337 [INFO]  -> Cào: https://www.dienmayxanh.com/tai-nghe/tai-nghe-bluetooth-true-wireless-rezo-rz09-anc
2026-04-13 23:44:17,493 [INFO]  -> Cào: https://www.dienmayxanh.com/tai-nghe/tai-nghe-bluetooth-airpods-pro-gen-2-magsafe-charge-usb-c-apple-mtjv3
2026-04-13 23:44:25,734 [INFO]  --- Đã lưu 21 review vào dmx_reviews_output\headphone_integrated.jsonl
2026-04-13 23:44:27,917 [INFO]  -> Cào: https://www.dienmayxanh.com/tai-nghe/tai-nghe-tws-realme-buds-t200
2026-04-13 23:44:37,170 [INFO]  -> Cào: https://www.dienmayxanh.com/tai-nghe/tai-nghe-bluetooth-true-wireless-havit-tw982-life-01t
2026-04-13 23:44:48,983 [INFO]  -> Cào: https://www.dienmayxanh.com/tai-nghe/tai-nghe-bluetooth-true-wireless-samsung-galaxy-buds4-pro-r640n
2026-04-13 23:44:57,357 [INFO]  -> Cào: https://www.dienmayxanh.com/tai-nghe/tai-nghe-bluetooth-true-wireless-havit-tw976
2026-04-13 23:45:05,965 [INFO]  --- Đã lưu 20 review vào dmx_reviews_output\headphone_integrated.jsonl
2026-04-13 23:45:08,045 [INFO]  -> Cào: https://www.dienmayxanh.com/tai-nghe/tai-nghe-bluetooth-chup-tai-baseus-bass-bh1
2026-04-13 23:45:17,515 [INFO]  -> Cào: https://www.dienmayxanh.com/tai-nghe/tai-nghe-bluetooth-chup-tai-havit-h612bt-pro
2026-04-13 23:45:27,203 [INFO]  -> Cào: https://www.dienmayxanh.com/tai-nghe/tai-nghe-bluetooth-true-wireless-realme-buds-t200-lite
2026-04-13 23:45:37,127 [INFO]  -> Cào: https://www.dienmayxanh.com/tai-nghe/tai-nghe-bluetooth-sony-wi-c100
2026-04-13 23:45:46,361 [INFO]  -> Cào: https://www.dienmayxanh.com/tai-nghe/tai-nghe-nhet-tai-ep-sony-mdr-ex155ap
2026-04-13 23:45:54,753 [INFO]  --- Đã lưu 29 review vào dmx_reviews_output\headphone_integrated.jsonl
2026-04-13 23:45:56,746 [INFO]  -> Cào: https://www.dienmayxanh.com/tai-nghe/tai-nghe-bluetooth-true-wireless-sony-wf-c510-imei
2026-04-13 23:46:07,946 [INFO]  -> Cào: https://www.dienmayxanh.com/tai-nghe/tai-nghe-bluetooth-chup-tai-havit-h667bt
2026-04-13 23:46:20,337 [INFO]  -> Cào: https://www.dienmayxanh.com/tai-nghe/tai-nghe-bluetooth-tws-xiaomi-redmi-buds-6-lite
2026-04-13 23:46:28,520 [INFO]  --- Đã lưu 28 review vào dmx_reviews_output\headphone_integrated.jsonl
2026-04-13 23:46:31,035 [INFO]  -> Cào: https://www.dienmayxanh.com/tai-nghe/tai-nghe-bluetooth-open-ear-ows-rezo-pulsego
2026-04-13 23:46:39,568 [INFO]  -> Cào: https://www.dienmayxanh.com/tai-nghe/tai-nghe-bluetooth-chup-tai-ugreen-hitune-max5c-hp203?utm_flashsale=1
2026-04-13 23:46:47,897 [INFO]  -> Cào: https://www.dienmayxanh.com/tai-nghe/tai-nghe-bluetooth-true-wireless-soundpeats-q3-pro
2026-04-13 23:46:56,250 [INFO]  -> Cào: https://www.dienmayxanh.com/tai-nghe/tai-nghe-bluetooth-chup-tai-sony-wh-ch720n?utm_flashsale=1
2026-04-13 23:47:06,770 [INFO]  -> Cào: https://www.dienmayxanh.com/tai-nghe/tai-nghe-sony-mdr-zx110ap
2026-04-13 23:47:14,038 [INFO]  --- Đã lưu 21 review vào dmx_reviews_output\headphone_integrated.jsonl
2026-04-13 23:47:15,441 [INFO]  -> Cào: https://www.dienmayxanh.com/tai-nghe/tai-nghe-bluetooth-tws-ava-freego-y913?utm_flashsale=1
2026-04-13 23:47:26,275 [INFO]  -> Cào: https://www.dienmayxanh.com/tai-nghe/tai-nghe-bluetooth-true-wireless-havit-tw992
2026-04-13 23:47:41,400 [INFO]  -> Cào: https://www.dienmayxanh.com/tai-nghe/tai-nghe-bluetooth-chup-tai-baseus-bass-35-max?utm_flashsale=1
2026-04-13 23:47:51,484 [INFO]  -> Cào: https://www.dienmayxanh.com/tai-nghe/tai-nghe-bluetooth-true-wireless-havit-tw907-se
2026-04-13 23:48:00,040 [INFO]  -> Cào: https://www.dienmayxanh.com/tai-nghe/tai-nghe-co-day-ep-baseus-encok-hz20
2026-04-13 23:48:06,631 [INFO]  --- Đã lưu 24 review vào dmx_reviews_output\headphone_integrated.jsonl
2026-04-13 23:48:09,279 [INFO]  -> Cào: https://www.dienmayxanh.com/tai-nghe/tai-nghe-bluetooth-chup-tai-havit-h603bt
2026-04-13 23:48:17,809 [INFO]  -> Cào: https://www.dienmayxanh.com/tai-nghe/tai-nghe-tws-jbl-tune-beam-2
2026-04-13 23:48:26,988 [INFO]  -> Cào: https://www.dienmayxanh.com/tai-nghe/tai-nghe-bluetooth-true-wireless-sony-wf-c710n
2026-04-13 23:48:36,917 [INFO]  -> Cào: https://www.dienmayxanh.com/tai-nghe/tai-nghe-bluetooth-tws-oppo-enco-buds-2-ete41-trang?utm_flashsale=1
2026-04-13 23:48:45,820 [INFO]  --- Đã lưu 25 review vào dmx_reviews_output\headphone_integrated.jsonl
2026-04-13 23:48:47,480 [INFO]  -> Cào: https://www.dienmayxanh.com/tai-nghe/tai-nghe-tws-alpha-works-aw-curve-200
2026-04-13 23:48:57,435 [INFO]  -> Cào: https://www.dienmayxanh.com/tai-nghe/tai-nghe-bluetooth-open-ear-ows-rezo-musego-2
2026-04-13 23:49:05,078 [INFO]  -> Cào: https://www.dienmayxanh.com/tai-nghe/tai-nghe-chup-tai-logitech-h111
2026-04-13 23:49:13,303 [INFO]  -> Cào: https://www.dienmayxanh.com/tai-nghe/tai-nghe-co-day-ep-type-c-ava-livebass-s870?utm_flashsale=1
2026-04-13 23:49:21,689 [INFO]  -> Cào: https://www.dienmayxanh.com/tai-nghe/tai-nghe-co-day-type-c-jbl-t310cblk
2026-04-13 23:49:30,816 [INFO]  -> Cào: https://www.dienmayxanh.com/tai-nghe/tai-nghe-chup-tai-havit-h652bt
2026-04-13 23:49:38,208 [INFO]  -> Cào: https://www.dienmayxanh.com/tai-nghe/tai-nghe-bluetooth-true-wireless-xiaomi-redmi-buds-8-pro
2026-04-13 23:49:45,366 [INFO]  -> Cào: https://www.dienmayxanh.com/tai-nghe/tai-nghe-bluetooth-chup-tai-alpha-works-aw-lite-600
2026-04-13 23:49:54,846 [INFO]  -> Cào: https://www.dienmayxanh.com/tai-nghe/tai-nghe-bluetooth-open-ear-true-wireless-havit-owfit-02a
2026-04-13 23:50:05,811 [INFO]  -> Cào: https://www.dienmayxanh.com/tai-nghe/tai-nghe-bluetooth-true-wireless-soul-s-live-30
2026-04-13 23:50:12,603 [INFO]  --- Đã lưu 29 review vào dmx_reviews_output\headphone_integrated.jsonl
2026-04-13 23:50:15,564 [INFO]  -> Cào: https://www.dienmayxanh.com/tai-nghe/tai-nghe-chup-tai-gaming-asus-tuf-h3-den-do?utm_flashsale=1
2026-04-13 23:50:26,017 [INFO]  -> Cào: https://www.dienmayxanh.com/tai-nghe/tai-nghe-co-day-gaming-hp-hyperx-cloud-stinger-core-ii
2026-04-13 23:50:33,823 [INFO]  -> Cào: https://www.dienmayxanh.com/tai-nghe/tai-nghe-tws-havit-tw941
2026-04-13 23:50:45,012 [INFO]  -> Cào: https://www.dienmayxanh.com/tai-nghe/tai-nghe-bluetooth-true-wireless-samsung-galaxy-buds-3-r530n?utm_flashsale=1
2026-04-13 23:50:53,214 [INFO]  --- Đã lưu 28 review vào dmx_reviews_output\headphone_integrated.jsonl
2026-04-13 23:50:55,282 [INFO]  -> Cào: https://www.dienmayxanh.com/tai-nghe/tai-nghe-bluetooth-true-wireless-alpha-works-aw-curve-100?utm_flashsale=1
2026-04-13 23:51:03,752 [INFO]  -> Cào: https://www.dienmayxanh.com/tai-nghe/tai-nghe-bluetooth-true-wireless-ugreen-hitune-p3-ws207-45110
2026-04-13 23:51:14,886 [INFO]  -> Cào: https://www.dienmayxanh.com/tai-nghe/tai-nghe-bluetooth-true-wireless-havit-tw947
2026-04-13 23:51:24,777 [INFO]  -> Cào: https://www.dienmayxanh.com/tai-nghe/tai-nghe-bluetooth-chup-tai-havit-h661bt?utm_flashsale=1
2026-04-13 23:51:33,174 [INFO]  --- Đã lưu 25 review vào dmx_reviews_output\headphone_integrated.jsonl
2026-04-13 23:51:35,463 [INFO]  -> Cào: https://www.dienmayxanh.com/tai-nghe/tai-nghe-bluetooth-true-wireless-marshall-minor-iv
2026-04-13 23:51:49,240 [INFO]  -> Cào: https://www.dienmayxanh.com/tai-nghe/tai-nghe-bluetooth-true-wireless-samsung-galaxy-buds4-r540n
2026-04-13 23:51:57,819 [INFO]  -> Cào: https://www.dienmayxanh.com/tai-nghe/tai-nghe-bluetooth-chup-tai-alpha-works-lite-660
2026-04-13 23:52:07,858 [INFO]  -> Cào: https://www.dienmayxanh.com/tai-nghe/tai-nghe-bluetooth-chup-tai-zadez-gp-803b
2026-04-13 23:52:20,007 [INFO]  -> Cào: https://www.dienmayxanh.com/tai-nghe/tai-nghe-co-day-ep-type-c-sony-ier-ex15c
2026-04-13 23:52:29,658 [INFO]  -> Cào: https://www.dienmayxanh.com/tai-nghe/tai-nghe-bluetooth-true-wireless-samsung-galaxy-buds-3-pro-r630n?utm_flashsale=1
2026-04-13 23:52:37,828 [INFO]  --- Đã lưu 27 review vào dmx_reviews_output\headphone_integrated.jsonl
2026-04-13 23:52:39,439 [INFO]  -> Cào: https://www.dienmayxanh.com/tai-nghe/tai-nghe-tws-havit-tw986
2026-04-13 23:52:50,279 [INFO]  -> Cào: https://www.dienmayxanh.com/tai-nghe/tai-nghe-bluetooth-true-wireless-havit-life-nc01t-tw984
2026-04-13 23:53:03,077 [INFO]  -> Cào: https://www.dienmayxanh.com/tai-nghe/tai-nghe-bluetooth-chup-tai-baseus-bass-bh1-nc
2026-04-13 23:53:13,020 [INFO]  -> Cào: https://www.dienmayxanh.com/tai-nghe/tai-nghe-bluetooth-true-wireless-huawei-t0019-freebuds-6i
2026-04-13 23:53:21,357 [INFO]  -> Cào: https://www.dienmayxanh.com/tai-nghe/tai-nghe-bluetooth-open-ear-true-wireless-havit-ows929
2026-04-13 23:53:30,132 [INFO]  -> Cào: https://www.dienmayxanh.com/tai-nghe/tai-nghe-tws-xiaomi-redmi-buds-6-pro
2026-04-13 23:53:39,355 [INFO]  -> Cào: https://www.dienmayxanh.com/tai-nghe/tai-nghe-bluetooth-chup-tai-ugreen-studio-max2-hp205?utm_flashsale=1
2026-04-13 23:53:47,359 [INFO]  --- Đã lưu 23 review vào dmx_reviews_output\headphone_integrated.jsonl
2026-04-13 23:53:48,516 [INFO]  -> Cào: https://www.dienmayxanh.com/tai-nghe/tai-nghe-bluetooth-soundpeats-free-2-classic
2026-04-13 23:54:00,604 [INFO]  -> Cào: https://www.dienmayxanh.com/tai-nghe/tai-nghe-bluetooth-chup-tai-alpha-works-flex-680
2026-04-13 23:54:11,010 [INFO]  -> Cào: https://www.dienmayxanh.com/tai-nghe/tai-nghe-bluetooth-true-wireless-sony-wf1000xm5
2026-04-13 23:54:19,567 [INFO]  -> Cào: https://www.dienmayxanh.com/tai-nghe/tai-nghe-beats-solo-buds
2026-04-13 23:54:29,023 [INFO]  -> Cào: https://www.dienmayxanh.com/tai-nghe/tai-nghe-chup-tai-logitech-h340
2026-04-13 23:54:37,651 [INFO]  -> Cào: https://www.dienmayxanh.com/tai-nghe/tai-nghe-bluetooth-true-wireless-soundpeats-air-6-hs
2026-04-13 23:54:47,295 [INFO]  -> Cào: https://www.dienmayxanh.com/tai-nghe/tai-nghe-bluetooth-chup-tai-sony-wh1000xm5
2026-04-13 23:54:57,072 [INFO]  -> Cào: https://www.dienmayxanh.com/tai-nghe/tai-nghe-bluetooth-the-thao-soundpeats-runfree-lite-2
2026-04-13 23:55:07,421 [INFO]  -> Cào: https://www.dienmayxanh.com/tai-nghe/tai-nghe-co-day-hp-hyperx-cloud-earbuds-ii
2026-04-13 23:55:15,166 [INFO]  --- Đã lưu 22 review vào dmx_reviews_output\headphone_integrated.jsonl
2026-04-13 23:55:16,699 [INFO]  -> Cào: https://www.dienmayxanh.com/tai-nghe/tai-nghe-bluetooth-chup-tai-havit-h663bt
2026-04-13 23:55:27,378 [INFO]  -> Cào: https://www.dienmayxanh.com/tai-nghe/tai-nghe-bluetooth-true-wireless-rezo-air-5-deluxe-anc?utm_flashsale=1
2026-04-13 23:55:37,458 [INFO]  -> Cào: https://www.dienmayxanh.com/tai-nghe/tai-nghe-chup-tai-gaming-jbl-quantum-qtum100m2blk
2026-04-13 23:55:46,837 [INFO]  -> Cào: https://www.dienmayxanh.com/tai-nghe/tai-nghe-bluetooth-open-ear-true-wireless-jbl-sense-lite
2026-04-13 23:55:55,534 [INFO]  -> Cào: https://www.dienmayxanh.com/tai-nghe/airpods-max-2
2026-04-13 23:56:03,210 [INFO]  -> Cào: https://www.dienmayxanh.com/tai-nghe/ep-gaming-asus-rog-cetra-ii-core-den?utm_flashsale=1
2026-04-13 23:56:10,530 [INFO]  --- Đã lưu 25 review vào dmx_reviews_output\headphone_integrated.jsonl
2026-04-13 23:56:11,836 [INFO]  -> Cào: https://www.dienmayxanh.com/tai-nghe/tai-nghe-bluetooth-chup-tai-marshall-major-v?utm_flashsale=1
2026-04-13 23:56:21,044 [INFO]  -> Cào: https://www.dienmayxanh.com/tai-nghe/tai-nghe-bluetooth-true-wireless-jbl-live-beam-3
2026-04-13 23:56:31,129 [INFO]  -> Cào: https://www.dienmayxanh.com/tai-nghe/tai-nghe-chup-tai-soundcore-space-one-a3035
2026-04-13 23:56:38,714 [INFO]  -> Cào: https://www.dienmayxanh.com/tai-nghe/tai-nghe-co-day-gaming-jbl-quantum-qtum50cblk
2026-04-13 23:56:47,881 [INFO]  -> Cào: https://www.dienmayxanh.com/tai-nghe/tai-nghe-tws-huawei-t0014-freebuds-5i
2026-04-13 23:57:01,500 [INFO]  -> Cào: https://www.dienmayxanh.com/tai-nghe/tai-nghe-chup-tai-gaming-razer-blackshark-v2-x
2026-04-13 23:57:09,504 [INFO]  -> Cào: https://www.dienmayxanh.com/tai-nghe/tai-nghe-bluetooth-open-ear-ows-soundcore-c50i-d1101
2026-04-13 23:57:18,389 [INFO]  -> Cào: https://www.dienmayxanh.com/tai-nghe/tai-nghe-bluetooth-chup-tai-alpha-works-flex-688
2026-04-13 23:57:28,209 [INFO]  -> Cào: https://www.dienmayxanh.com/tai-nghe/tai-nghe-bluetooth-open-ear-tws-baseus-eli-sport-2
2026-04-13 23:57:37,702 [INFO]  -> Cào: https://www.dienmayxanh.com/tai-nghe/tai-nghe-bluetooth-true-wireless-oppo-enco-x3s-eted1
2026-04-13 23:57:57,936 [INFO]  -> Cào: https://www.dienmayxanh.com/tai-nghe/tai-nghe-bluetooth-true-wireless-soundcore-liberty-5-a3957
2026-04-13 23:58:07,045 [INFO]  -> Cào: https://www.dienmayxanh.com/tai-nghe/tai-nghe-bluetooth-true-wireless-jbl-sense-pro
2026-04-13 23:58:16,134 [INFO]  -> Cào: https://www.dienmayxanh.com/tai-nghe/tai-nghe-bluetooth-true-wireless-sony-wf1000xm6
2026-04-13 23:58:24,271 [INFO]  -> Cào: https://www.dienmayxanh.com/tai-nghe/tai-nghe-bluetooth-true-wireless-ava-go-p210
2026-04-13 23:58:37,216 [INFO]  -> Cào: https://www.dienmayxanh.com/tai-nghe/tai-nghe-chup-tai-logitech-h151
2026-04-13 23:58:45,723 [INFO]  -> Cào: https://www.dienmayxanh.com/tai-nghe/tai-nghe-chup-tai-logitech-h390
2026-04-13 23:58:54,904 [INFO]  -> Cào: https://www.dienmayxanh.com/tai-nghe/tai-nghe-bluetooth-true-wireless-soundpeats-air5-pro
2026-04-14 00:00:03,370 [INFO]  -> Cào: https://www.dienmayxanh.com/tai-nghe/tai-nghe-bluetooth-true-wireless-havit-h2590bt
2026-04-14 00:00:13,515 [INFO]  -> Cào: https://www.dienmayxanh.com/tai-nghe/tai-nghe-blutetooth-true-wireless-aukey-ep-m3a-trang
2026-04-14 00:00:29,695 [INFO]  -> Cào: https://www.dienmayxanh.com/tai-nghe/tai-nghe-tws-jbl-tour-pro-3
2026-04-14 00:00:37,946 [INFO]  --- Đã lưu 23 review vào dmx_reviews_output\headphone_integrated.jsonl
2026-04-14 00:00:39,186 [INFO]  -> Cào: https://www.dienmayxanh.com/tai-nghe/tai-nghe-bluetooth-open-ear-tws-ava-freego-ows02
2026-04-14 00:00:52,364 [INFO]  -> Cào: https://www.dienmayxanh.com/tai-nghe/tai-nghe-bluetooth-true-wireless-havit-tw967-pro
2026-04-14 00:01:03,037 [INFO]  -> Cào: https://www.dienmayxanh.com/tai-nghe/tai-nghe-tws-soundcore-liberty-4-pro-a3954
2026-04-14 00:01:12,355 [INFO]  -> Cào: https://www.dienmayxanh.com/tai-nghe/tai-nghe-bluetooth-chup-tai-sony-wh1000xm6
2026-04-14 00:01:21,065 [INFO]  -> Cào: https://www.dienmayxanh.com/tai-nghe/tai-nghe-co-day-ep-razer-hammerhead-v3-earbuds
2026-04-14 00:01:31,276 [INFO]  -> Cào: https://www.dienmayxanh.com/tai-nghe/tai-nghe-bluetooth-jbl-endurance-pace
2026-04-14 00:01:40,550 [INFO]  -> Cào: https://www.dienmayxanh.com/tai-nghe/tai-nghe-bluetooth-true-wireless-soundcore-p41i-a3937
2026-04-14 00:01:49,949 [INFO]  -> Cào: https://www.dienmayxanh.com/tai-nghe/tai-nghe-bluetooth-true-wireless-ugreen-hitune-t3-pro-ws206-35725
2026-04-14 00:01:59,041 [INFO]  -> Cào: https://www.dienmayxanh.com/tai-nghe/tai-nghe-bluetooth-open-ear-true-wireless-ugreen-clipbuds-magic-ws208-55136
2026-04-14 00:02:06,568 [INFO]  --- Đã lưu 21 review vào dmx_reviews_output\headphone_integrated.jsonl
2026-04-14 00:02:09,512 [INFO]  -> Cào: https://www.dienmayxanh.com/tai-nghe/tai-nghe-chup-tai-gaming-sony-inzone-h3-mdr-g300
2026-04-14 00:02:19,785 [INFO]  -> Cào: https://www.dienmayxanh.com/tai-nghe/tai-nghe-bluetooth-true-wireless-baseus-bass-bd1
2026-04-14 00:02:29,468 [INFO]  -> Cào: https://www.dienmayxanh.com/tai-nghe/tai-nghe-bluetooth-true-wireless-soundpeats-c30
2026-04-14 00:02:38,608 [INFO]  -> Cào: https://www.dienmayxanh.com/tai-nghe/tai-nghe-bluetooth-true-wireless-marshall-motif-ii-a-n-c
2026-04-14 00:02:49,245 [INFO]  -> Cào: https://www.dienmayxanh.com/tai-nghe/tai-nghe-bluetooth-open-ear-tws-baseus-eli-sport-1
2026-04-14 00:02:58,573 [INFO]  -> Cào: https://www.dienmayxanh.com/tai-nghe/tai-nghe-chup-tai-gaming-baseus-goplay-1-max
2026-04-14 00:03:07,002 [INFO]  -> Cào: https://www.dienmayxanh.com/tai-nghe/tai-nghe-chup-tai-sennheiser-accentum-acaebt?utm_flashsale=1
2026-04-14 00:03:16,687 [INFO]  -> Cào: https://www.dienmayxanh.com/tai-nghe/tai-nghe-bluetooth-chup-tai-sennheiser-momentum-4-m4aebt
2026-04-14 00:03:25,853 [INFO]  -> Cào: https://www.dienmayxanh.com/tai-nghe/tai-nghe-bluetooth-true-wireless-xiaomi-openwear-stereo-pro
2026-04-14 00:03:35,138 [INFO]  -> Cào: https://www.dienmayxanh.com/tai-nghe/tai-nghe-bluetooth-true-wireless-havit-tw991-pro
2026-04-14 00:03:45,313 [INFO]  -> Cào: https://www.dienmayxanh.com/tai-nghe/tai-nghe-blutetooth-true-wireless-aukey-ep-m3a-xanh-duong
2026-04-14 00:03:55,445 [INFO]  -> Cào: https://www.dienmayxanh.com/tai-nghe/tai-nghe-bluetooth-open-ear-ows-truyen-khi-havit-freego-pro
2026-04-14 00:04:03,793 [INFO]  -> Cào: https://www.dienmayxanh.com/tai-nghe/tai-nghe-bluetooth-true-wireless-sony-clip-wf-lc900
2026-04-14 00:04:12,488 [INFO]  -> Cào: https://www.dienmayxanh.com/tai-nghe/tai-nghe-bluetooth-true-wireless-jbl-soundgear-clips
2026-04-14 00:04:20,999 [INFO]  -> Cào: https://www.dienmayxanh.com/tai-nghe/tai-nghe-blutetooth-true-wireless-aukey-ep-m3a-tim
2026-04-14 00:04:30,205 [INFO]  -> Cào: https://www.dienmayxanh.com/tai-nghe/tai-nghe-bluetooth-open-ear-ows-rezo-litewave-ows1020
2026-04-14 00:04:37,085 [INFO]  -> Cào: https://www.dienmayxanh.com/tai-nghe/tai-nghe-bluetooth-true-wireless-ava-freego-w26
2026-04-14 00:04:45,417 [INFO]  --- Đã lưu 26 review vào dmx_reviews_output\headphone_integrated.jsonl
2026-04-14 00:04:47,678 [INFO]  -> Cào: https://www.dienmayxanh.com/tai-nghe/tai-nghe-bluetooth-beats-solo-4
2026-04-14 00:04:57,337 [INFO]  -> Cào: https://www.dienmayxanh.com/tai-nghe/airpods-max-cong-usb-c
2026-04-14 00:05:06,828 [INFO]  đang xử lý file: laptop_integrated.csv
2026-04-14 00:05:06,845 [INFO]  -> Cào: https://www.dienmayxanh.com/laptop/asus-vivobook-go-e1504fa-r5-7520u-bq1160w
2026-04-14 00:05:14,807 [INFO]  -> Cào: https://www.dienmayxanh.com/laptop/macbook-air-13-inch-m4-16gb-256gb-sac-70w
2026-04-14 00:05:22,795 [INFO]  -> Cào: https://www.dienmayxanh.com/laptop/hp-15-fc0023au-r5-7520u-d0bh1pa
2026-04-14 00:05:31,647 [INFO]  -> Cào: https://www.dienmayxanh.com/laptop/macbook-air-13-inch-m4-16gb-256gb
2026-04-14 00:05:43,087 [INFO]  -> Cào: https://www.dienmayxanh.com/laptop/hp-245-g10-r5-b8pf9at
2026-04-14 00:05:52,091 [INFO]  -> Cào: https://www.dienmayxanh.com/laptop/dell-15-dc15250-i5-1334u-dc5i5897w1
2026-04-14 00:06:00,867 [INFO]  -> Cào: https://www.dienmayxanh.com/laptop/asus-x1504va-core-5-bq185ws
2026-04-14 00:06:08,636 [INFO]  -> Cào: https://www.dienmayxanh.com/laptop/dell-15-dc15250-i5-dc5i5357w1
2026-04-14 00:06:17,352 [INFO]  -> Cào: https://www.dienmayxanh.com/laptop/hp-probook-455-g10-r5-b8pg7at
2026-04-14 00:06:26,859 [INFO]  -> Cào: https://www.dienmayxanh.com/laptop/acer-aspire-lite-14-al14-71m-52gq-i5-12500h-nx-j4asv-001
2026-04-14 00:06:37,004 [INFO]  -> Cào: https://www.dienmayxanh.com/laptop/dell-15-dc15255-r5-7530u-dc5r5802w1
2026-04-14 00:06:46,566 [INFO]  -> Cào: https://www.dienmayxanh.com/laptop/macbook-air-13-inch-m5-16gb-512gb
2026-04-14 00:06:56,496 [INFO]  -> Cào: https://www.dienmayxanh.com/laptop/lenovo-ideapad-slim-3-15irh10-i5-83k1000hvn
2026-04-14 00:07:07,088 [INFO]  -> Cào: https://www.dienmayxanh.com/laptop/acer-aspire-lite-15-al15-42p-r50r-r5-7430u-nxd34sv004
2026-04-14 00:07:14,652 [INFO]  -> Cào: https://www.dienmayxanh.com/laptop/acer-aspire-lite-15-al15-33p-38ba-core-3-n355-nx-d2ksv-001
2026-04-14 00:07:24,245 [INFO]  -> Cào: https://www.dienmayxanh.com/laptop/lenovo-loq-15iax9e-i5-83lk0079vn
2026-04-14 00:07:32,738 [INFO]  --- Đã lưu 20 review vào dmx_reviews_output\laptop_integrated.jsonl
2026-04-14 00:07:35,095 [INFO]  -> Cào: https://www.dienmayxanh.com/laptop/dell-15-dc15250-i7-dc5i7748w1
2026-04-14 00:07:45,416 [INFO]  -> Cào: https://www.dienmayxanh.com/laptop/dell-14-dc14250-core-5-120u-dc4c5386w
2026-04-14 00:07:53,511 [INFO]  -> Cào: https://www.dienmayxanh.com/laptop/dell-15-dc15250-i5-1334u-cph99
2026-04-14 00:08:02,545 [INFO]  -> Cào: https://www.dienmayxanh.com/laptop/asus-vivobook-15-x1504va-i3-nj1634w
2026-04-14 00:08:11,181 [INFO]  -> Cào: https://www.dienmayxanh.com/laptop/dell-15-dc15250-i5-1334u-71084746
2026-04-14 00:08:19,994 [INFO]  -> Cào: https://www.dienmayxanh.com/laptop/acer-aspire-lite-15-al15-41p-r3ql-r7-nxj54sv001
2026-04-14 00:08:28,942 [INFO]  -> Cào: https://www.dienmayxanh.com/laptop/hp-15-fc0655au-r5-7430u-c81ngpa
2026-04-14 00:08:37,849 [INFO]  -> Cào: https://www.dienmayxanh.com/laptop/hp-15-fd0234tu-core-5-120u-9q969pa-120u
2026-04-14 00:08:48,112 [INFO]  -> Cào: https://www.dienmayxanh.com/laptop/hp-pavilion-16-af0055tu-ultra-5-ay8c4pa
2026-04-14 00:08:55,760 [INFO]  -> Cào: https://www.dienmayxanh.com/laptop/hp-240r-g10-core-5-120u-c3ru7at
2026-04-14 00:09:07,074 [INFO]  -> Cào: https://www.dienmayxanh.com/laptop/asus-vivobook-14-x1404va-core-5-eb155ws
2026-04-14 00:09:16,005 [INFO]  -> Cào: https://www.dienmayxanh.com/laptop/hp-240r-g10-core-3-100u-c3ru6at
2026-04-14 00:09:25,660 [INFO]  -> Cào: https://www.dienmayxanh.com/laptop/asus-k3605vc-i5-rp364w
2026-04-14 00:09:33,694 [INFO]  -> Cào: https://www.dienmayxanh.com/laptop/asus-vivobook-s14-s3407va-core-5-210h-ly146w
2026-04-14 00:09:43,840 [INFO]  -> Cào: https://www.dienmayxanh.com/laptop/dell-pro-14-essential-pv14250-core-5-120u-pv14250-120u-16512w-bl
2026-04-14 00:09:53,807 [INFO]  -> Cào: https://www.dienmayxanh.com/laptop/dell-15-dc15250-i5-1334u-dc15250-i5u165w11slu
2026-04-14 00:10:03,236 [INFO]  -> Cào: https://www.dienmayxanh.com/laptop/asus-vivobook-15-x1504va-i3-1315u-bq3394w
2026-04-14 00:10:11,740 [INFO]  -> Cào: https://www.dienmayxanh.com/laptop/hp-15-fd0303tu-i3-a2nl4pa
2026-04-14 00:10:31,480 [INFO]  -> Cào: https://www.dienmayxanh.com/laptop/asus-vivobook-s16-s3607va-core-5-210h-rp155ws
2026-04-14 00:10:40,595 [INFO]  -> Cào: https://www.dienmayxanh.com/laptop/dell-15-dc15250-i7-1355u-dc15250-i7u161w11slu
2026-04-14 00:10:51,271 [INFO]  -> Cào: https://www.dienmayxanh.com/laptop/hp-15-fd0235tu-9q970pa-120u-core-5-120u-16gb-512gb-full-hd-win11
2026-04-14 00:11:00,847 [INFO]  -> Cào: https://www.dienmayxanh.com/laptop/dell-15-dc15250-i7-1355u-dc15250-i7u161w11slu-5
2026-04-14 00:11:12,395 [INFO]  -> Cào: https://www.dienmayxanh.com/laptop/dell-15-dc15250-i5-1334u-71071928
2026-04-14 00:11:22,186 [INFO]  -> Cào: https://www.dienmayxanh.com/laptop/dell-15-dc15250-i7-1355u-cph991
2026-04-14 00:11:31,156 [INFO]  -> Cào: https://www.dienmayxanh.com/laptop/dell-15-dc15250-i5-1334u-dc15250-i5u165w11slu-5
2026-04-14 00:11:40,908 [INFO]  -> Cào: https://www.dienmayxanh.com/laptop/lenovo-ideapad-slim-5-oled-14akp10-r5-ai-350-83hx0065vn
2026-04-14 00:11:50,197 [INFO]  -> Cào: https://www.dienmayxanh.com/laptop/acer-nitro-v-15-anv15-41-r1jy-r5-nhqpfsv001
2026-04-14 00:11:59,944 [INFO]  -> Cào: https://www.dienmayxanh.com/laptop/acer-nitro-v-15-anv15-41-r2up-r5-nhqpgsv004
2026-04-14 00:12:10,260 [INFO]  -> Cào: https://www.dienmayxanh.com/laptop/lenovo-ideapad-slim-3-16irh10-i5-83k20003vn
2026-04-14 00:12:18,762 [INFO]  --- Đã lưu 24 review vào dmx_reviews_output\laptop_integrated.jsonl
2026-04-14 00:12:20,631 [INFO]  -> Cào: https://www.dienmayxanh.com/laptop/lenovo-v14-g4-i3-1315u-83a000s4vn
2026-04-14 00:12:29,602 [INFO]  -> Cào: https://www.dienmayxanh.com/laptop/macbook-neo-13-inch-a18-pro-8gb-256gb
2026-04-14 00:12:37,634 [INFO]  -> Cào: https://www.dienmayxanh.com/laptop/hp-15-fd0015tu-i7-a19c5pa
2026-04-14 00:12:48,914 [INFO]  -> Cào: https://www.dienmayxanh.com/laptop/acer-aspire-lite-15-al15-71p-517d-i5-nxj7ksv001
2026-04-14 00:12:56,655 [INFO]  -> Cào: https://www.dienmayxanh.com/laptop/asus-vivobook-go-e1404fa-r5-7520u-eb482w
2026-04-14 00:13:04,807 [INFO]  -> Cào: https://www.dienmayxanh.com/laptop/dell-inspiron-15-3530-i5-n5i5530w1
2026-04-14 00:13:14,234 [INFO]  -> Cào: https://www.dienmayxanh.com/laptop/msi-gaming-thin-15-b13uc-i5-13420h-3247vn-16gb
2026-04-14 00:13:24,114 [INFO]  -> Cào: https://www.dienmayxanh.com/laptop/acer-aspire-lite-al14-52m-54cj-i5-nxj39sv002
2026-04-14 00:13:32,161 [INFO]  -> Cào: https://www.dienmayxanh.com/laptop/dell-latitude-3450-i5-l34501335u16512wn
2026-04-14 00:13:41,701 [INFO]  -> Cào: https://www.dienmayxanh.com/laptop/asus-x1502va-i7-bq986ws
2026-04-14 00:13:51,795 [INFO]  -> Cào: https://www.dienmayxanh.com/laptop/asus-s3607va-i5-rp055ws
2026-04-14 00:14:00,975 [INFO]  -> Cào: https://www.dienmayxanh.com/laptop/asus-vivobook-15-x1504va-core-7-150u-bq295w
2026-04-14 00:14:10,296 [INFO]  -> Cào: https://www.dienmayxanh.com/laptop/lenovo-ideapad-slim-3-15irh10-i7-83k1000fvn
2026-04-14 00:14:21,137 [INFO]  -> Cào: https://www.dienmayxanh.com/laptop/asus-tuf-gaming-f16-fx607vj-core-5-rl034w
2026-04-14 00:14:30,239 [INFO]  -> Cào: https://www.dienmayxanh.com/laptop/dell-inspiron-15-3530-i5-71070372
2026-04-14 00:14:39,773 [INFO]  -> Cào: https://www.dienmayxanh.com/laptop/asus-s3407ca-ultra-5-ly095ws
2026-04-14 00:14:48,014 [INFO]  -> Cào: https://www.dienmayxanh.com/laptop/hp-240-g10-i3-b73tjat
2026-04-14 00:14:56,846 [INFO]  --- Đã lưu 20 review vào dmx_reviews_output\laptop_integrated.jsonl
2026-04-14 00:14:57,934 [INFO]  -> Cào: https://www.dienmayxanh.com/laptop/hp-omnibook-5-flip-14-fp0057tu-core-5-120u-bz7q6pa
2026-04-14 00:15:08,139 [INFO]  -> Cào: https://www.dienmayxanh.com/laptop/lenovo-ideapad-slim-3-15arp10-r5-7535hs-83k700epvn
2026-04-14 00:15:16,386 [INFO]  -> Cào: https://www.dienmayxanh.com/laptop/asus-vivobook-14-x1404va-core-5-120u-eb155w
2026-04-14 00:15:23,980 [INFO]  -> Cào: https://www.dienmayxanh.com/laptop/hp-pavilion-x360-14-ek2024tu-core-5-9z2v6pa
2026-04-14 00:15:33,927 [INFO]  -> Cào: https://www.dienmayxanh.com/laptop/macbook-pro-14-inch-m5-16gb-512gb-sac-96w
2026-04-14 00:15:42,897 [INFO]  -> Cào: https://www.dienmayxanh.com/laptop/asus-tuf-gaming-fa506ncq-r7-170-hn005w
2026-04-14 00:15:53,197 [INFO]  -> Cào: https://www.dienmayxanh.com/laptop/dell-inspiron-15-3530-i5-p16wd22
2026-04-14 00:16:03,110 [INFO]  -> Cào: https://www.dienmayxanh.com/laptop/asus-vivobook-15-x1504va-core-5-120u-bq185w
2026-04-14 00:16:11,676 [INFO]  -> Cào: https://www.dienmayxanh.com/laptop/dell-15-dc15255-r7-7730u-x9ym41
2026-04-14 00:16:21,490 [INFO]  -> Cào: https://www.dienmayxanh.com/laptop/hp-15-fc0085au-r5-a6vv8pa
2026-04-14 00:16:33,338 [INFO]  -> Cào: https://www.dienmayxanh.com/laptop/acer-aspire-go-ag15-31p-30m4-i3-nxkrpsv004
2026-04-14 00:16:43,615 [INFO]  -> Cào: https://www.dienmayxanh.com/laptop/dell-inspiron-15-3530-i5-n3530-i5u165w11slu-hs24
2026-04-14 00:16:51,825 [INFO]  -> Cào: https://www.dienmayxanh.com/laptop/hp-15-fr0036tu-i5-13420h-bz7u2pa
2026-04-14 00:17:00,784 [INFO]  -> Cào: https://www.dienmayxanh.com/laptop/hp-victus-15-fa2731tx-i5-b85lnpa
2026-04-14 00:17:11,733 [INFO]  -> Cào: https://www.dienmayxanh.com/laptop/dell-15-dc15250-i7-1355u-71084747
2026-04-14 00:17:22,148 [INFO]  -> Cào: https://www.dienmayxanh.com/laptop/msi-katana-15-b13vfk-i7-676vn
2026-04-14 00:17:29,441 [INFO]  --- Đã lưu 20 review vào dmx_reviews_output\laptop_integrated.jsonl
2026-04-14 00:17:32,181 [INFO]  -> Cào: https://www.dienmayxanh.com/laptop/acer-aspire-lite-16-g2-al16-52p-572a-i5-nxj2ssv004
2026-04-14 00:17:43,822 [INFO]  -> Cào: https://www.dienmayxanh.com/laptop/hp-245-g10-r5-a20tdpt
2026-04-14 00:17:53,000 [INFO]  -> Cào: https://www.dienmayxanh.com/laptop/dell-inspiron-14-5440-i5-ndy5v1
2026-04-14 00:18:01,496 [INFO]  -> Cào: https://www.dienmayxanh.com/laptop/asus-vivobook-a1505va-i5-ma515ws
2026-04-14 00:18:10,625 [INFO]  -> Cào: https://www.dienmayxanh.com/laptop/acer-aspire-a515-58gm-53pz-i5-nxkq4sv008
2026-04-14 00:18:21,378 [INFO]  -> Cào: https://www.dienmayxanh.com/laptop/msi-gf63-thin-12ve-i5-460vn
2026-04-14 00:18:30,244 [INFO]  --- Đã lưu 23 review vào dmx_reviews_output\laptop_integrated.jsonl
2026-04-14 00:18:32,987 [INFO]  -> Cào: https://www.dienmayxanh.com/laptop/asus-gaming-v16-v3607vu-core-5-rp192w
2026-04-14 00:18:43,372 [INFO]  -> Cào: https://www.dienmayxanh.com/laptop/dell-15-dc15250-i5-1334u-71092479
2026-04-14 00:18:52,613 [INFO]  -> Cào: https://www.dienmayxanh.com/laptop/hp-victus-15-fb3116ax-r7-7445hs-bx8u4pa
2026-04-14 00:19:02,075 [INFO]  -> Cào: https://www.dienmayxanh.com/laptop/acer-aspire-lite-15-al15-42p-r86y-r7-7730u-nxd3qsv003
2026-04-14 00:19:10,456 [INFO]  -> Cào: https://www.dienmayxanh.com/laptop/hp-15-fd0234tu-i5-9q969pa
2026-04-14 00:19:19,471 [INFO]  -> Cào: https://www.dienmayxanh.com/laptop/acer-aspire-lite-15-al15-72p-581v-i5-13500h-nx-d4csv-001
2026-04-14 00:19:29,259 [INFO]  -> Cào: https://www.dienmayxanh.com/laptop/acer-nitro-v-anv15-51-55ca-i5-nhqn8sv004
2026-04-14 00:19:39,448 [INFO]  -> Cào: https://www.dienmayxanh.com/laptop/dell-inspiron-15-3530-i5-n3530-i5u165w11slu-bl
2026-04-14 00:19:50,285 [INFO]  -> Cào: https://www.dienmayxanh.com/laptop/hp-envy-x360-14-fa0047au-r7-a19bppa
2026-04-14 00:19:58,773 [INFO]  -> Cào: https://www.dienmayxanh.com/laptop/msi-katana-15-b13vek-i7-13620h-2256vn
2026-04-14 00:20:08,030 [INFO]  -> Cào: https://www.dienmayxanh.com/laptop/msi-modern-15-f13mg-i5-1334u-667vn-16gb
2026-04-14 00:20:17,321 [INFO]  -> Cào: https://www.dienmayxanh.com/laptop/hp-14-ep1137tu-ultra-7-155h-c2cy8pa
2026-04-14 00:20:26,446 [INFO]  -> Cào: https://www.dienmayxanh.com/laptop/hp-15-fd1288tu-ultra-7-155h-c2cv7pa
2026-04-14 00:20:36,106 [INFO]  -> Cào: https://www.dienmayxanh.com/laptop/asus-vivobook-15-x1504va-core-5-120u-bq285w
2026-04-14 00:20:46,017 [INFO]  -> Cào: https://www.dienmayxanh.com/laptop/lenovo-ideapad-slim-3-15amn8-r5-82xq00j0vn
2026-04-14 00:20:54,985 [INFO]  --- Đã lưu 24 review vào dmx_reviews_output\laptop_integrated.jsonl
2026-04-14 00:20:56,298 [INFO]  -> Cào: https://www.dienmayxanh.com/laptop/asus-gaming-v16-v3607vh-core-5-210h-rp084w
2026-04-14 00:21:06,205 [INFO]  -> Cào: https://www.dienmayxanh.com/laptop/hp-15-fd1486tu-ultra-5-125h-d0bh3pa
2026-04-14 00:21:16,822 [INFO]  -> Cào: https://www.dienmayxanh.com/laptop/lenovo-thinkbook-14-gen-8-ultra-5-135h-21sj00eavn
2026-04-14 00:21:26,096 [INFO]  -> Cào: https://www.dienmayxanh.com/laptop/acer-nitro-v-15-propanel-anv15-41-r9m1-r5-7535hs-nh-qpfsv-004
2026-04-14 00:21:34,241 [INFO]  -> Cào: https://www.dienmayxanh.com/laptop/macbook-pro-14-inch-m5-16gb-512gb
2026-04-14 00:21:43,042 [INFO]  -> Cào: https://www.dienmayxanh.com/laptop/asus-vivobook-14-x1404va-core-5-120u-eb260w
2026-04-14 00:21:51,580 [INFO]  -> Cào: https://www.dienmayxanh.com/laptop/hp-15-fd0235tu-i5-9q970pa
2026-04-14 00:22:01,050 [INFO]  -> Cào: https://www.dienmayxanh.com/laptop/dell-15-dc15250-i7-1355u-dc5i7952w1
2026-04-14 00:22:11,893 [INFO]  -> Cào: https://www.dienmayxanh.com/laptop/samsung-galaxy-chromebook-go-xe310xda-ka1vn-n4500
2026-04-14 00:22:20,275 [INFO]  -> Cào: https://www.dienmayxanh.com/laptop/hp-pavilion-15-eg3093tu-i5-8c5l4pa
2026-04-14 00:22:31,401 [INFO]  -> Cào: https://www.dienmayxanh.com/laptop/hp-pavilion-15-eg3091tu-i7-8c5l2pa
2026-04-14 00:22:43,713 [INFO]  -> Cào: https://www.dienmayxanh.com/laptop/hp-pavilion-16-af0054tu-ultra-5-ay8c3pa
2026-04-14 00:22:52,917 [INFO]  -> Cào: https://www.dienmayxanh.com/laptop/hp-240-g10-i5-b93gzat
2026-04-14 00:23:03,861 [INFO]  -> Cào: https://www.dienmayxanh.com/laptop/dell-15-dc15250-i7-1355u-cph997
2026-04-14 00:23:13,685 [INFO]  -> Cào: https://www.dienmayxanh.com/laptop/macbook-pro-14-inch-nano-m5-16gb-512gb?utm_flashsale=1
2026-04-14 00:23:21,545 [INFO]  -> Cào: https://www.dienmayxanh.com/laptop/dell-14-dc1425-core-7-150u-71083580
2026-04-14 00:23:30,152 [INFO]  -> Cào: https://www.dienmayxanh.com/laptop/asus-vivobook-go-14-e1404fa-r5-40-eb945w
2026-04-14 00:23:39,692 [INFO]  -> Cào: https://www.dienmayxanh.com/laptop/acer-aspire-3-a314-42p-r3b3-r7-nxksfsv001
2026-04-14 00:23:46,706 [INFO]  --- Đã lưu 21 review vào dmx_reviews_output\laptop_integrated.jsonl
2026-04-14 00:23:48,776 [INFO]  -> Cào: https://www.dienmayxanh.com/laptop/dell-inspiron-14-5440-core-7-n4i7204w1
2026-04-14 00:23:58,118 [INFO]  -> Cào: https://www.dienmayxanh.com/laptop/msi-katana-15-b13vek-i5-2416vn
2026-04-14 00:24:06,924 [INFO]  -> Cào: https://www.dienmayxanh.com/laptop/acer-aspire-lite-14-al14-51p-35qd-i3-nxj84sv001
2026-04-14 00:24:15,130 [INFO]  -> Cào: https://www.dienmayxanh.com/laptop/hp-pavilion-x360-14-ek2017tu-core-5-9z2v5pa
2026-04-14 00:24:24,540 [INFO]  -> Cào: https://www.dienmayxanh.com/laptop/hp-probook-4-g1i-16-ultra-5-225u-bq5d4pt
2026-04-14 00:24:33,274 [INFO]  -> Cào: https://www.dienmayxanh.com/laptop/macbook-pro-14-inch-m5-16gb-1tb
2026-04-14 00:24:40,823 [INFO]  -> Cào: https://www.dienmayxanh.com/laptop/asus-zenbook-14-ux3405ca-ultra-9-pz204ws
2026-04-14 00:24:51,466 [INFO]  -> Cào: https://www.dienmayxanh.com/laptop/dell-inspiron-15-3530-i7-n3530-i7u161w11slu
2026-04-14 00:25:02,047 [INFO]  -> Cào: https://www.dienmayxanh.com/laptop/asus-vivobook-14-x1407ca-ultra-5-225h-ly008w
2026-04-14 00:25:11,963 [INFO]  -> Cào: https://www.dienmayxanh.com/laptop/dell-alienware-16-aurora-ac16250-core-5-210h-71072939
2026-04-14 00:25:19,029 [INFO]  -> Cào: https://www.dienmayxanh.com/laptop/acer-aspire-lite-16-ai-al16-71p-5674-ultra-5-125h-nx-d4xsv-001
2026-04-14 00:25:27,865 [INFO]  -> Cào: https://www.dienmayxanh.com/laptop/asus-tuf-gaming-f16-fx607vjb-core-5-210h-rl151w
2026-04-14 00:25:37,116 [INFO]  -> Cào: https://www.dienmayxanh.com/laptop/dell-16-plus-db16250-ultra-7-256v-x65nw7
2026-04-14 00:25:47,094 [INFO]  -> Cào: https://www.dienmayxanh.com/laptop/dell-14-dc14250-core-5-120u-f0ftk5
2026-04-14 00:25:56,461 [INFO]  -> Cào: https://www.dienmayxanh.com/laptop/lenovo-ideapad-slim-3-oled-14irh10-i5-83k0000cvn
2026-04-14 00:26:07,043 [INFO]  -> Cào: https://www.dienmayxanh.com/laptop/asus-s3407ca-ultra-7-ly096ws
2026-04-14 00:26:15,487 [INFO]  -> Cào: https://www.dienmayxanh.com/laptop/hp-omnibook-5-ai-16-af1048tu-ultra-5-225u-bz7q9pa
2026-04-14 00:26:23,814 [INFO]  -> Cào: https://www.dienmayxanh.com/laptop/lenovo-gaming-loq-15irx9-i5-83dv01anvn
2026-04-14 00:26:32,719 [INFO]  -> Cào: https://www.dienmayxanh.com/laptop/asus-vivobook-s16-s3607ca-ultra-7-255h-sh083ws
2026-04-14 00:26:40,364 [INFO]  -> Cào: https://www.dienmayxanh.com/laptop/macbook-pro-14-inch-m5-24gb-1tb
2026-04-14 00:26:49,029 [INFO]  -> Cào: https://www.dienmayxanh.com/laptop/samsung-galaxy-chromebook-go-xe340xda-ka1vn-n4500
2026-04-14 00:26:55,945 [INFO]  -> Cào: https://www.dienmayxanh.com/laptop/macbook-air-15-inch-m4-16gb-256gb
2026-04-14 00:27:05,684 [INFO]  -> Cào: https://www.dienmayxanh.com/laptop/lenovo-loq-15arp9-r7-83jc00j0vn
2026-04-14 00:27:18,584 [INFO]  -> Cào: https://www.dienmayxanh.com/laptop/lenovo-thinkbook-14-core-7-240h-21sg007vvn
2026-04-14 00:27:27,688 [INFO]  -> Cào: https://www.dienmayxanh.com/laptop/asus-zenbook-ux3405ca-ultra-7-255h-pz188ws
2026-04-14 00:27:38,218 [INFO]  -> Cào: https://www.dienmayxanh.com/laptop/hp-omnibook-5-flip-14-fp0055tu-core-7-150u-bz7q4pa
2026-04-14 00:27:47,028 [INFO]  -> Cào: https://www.dienmayxanh.com/laptop/asus-vivobook-15-x1504va-core-3-100u-bq793w
2026-04-14 00:27:55,259 [INFO]  -> Cào: https://www.dienmayxanh.com/laptop/acer-aspire-7-gaming-a715-76g-5806-i5-nhqmfsv002
2026-04-14 00:28:05,079 [INFO]  -> Cào: https://www.dienmayxanh.com/laptop/dell-inspiron-15-3520-i7-n3520i7u165w11blufp
2026-04-14 00:28:14,619 [INFO]  -> Cào: https://www.dienmayxanh.com/laptop/asus-zenbook-14-ux3405ca-ultra-5-pz187ws
2026-04-14 00:28:24,563 [INFO]  -> Cào: https://www.dienmayxanh.com/laptop/dell-inspiron-15-3530-i7-71053721
2026-04-14 00:28:35,596 [INFO]  -> Cào: https://www.dienmayxanh.com/laptop/hp-15-fd1039tu-core-7-150u-9z2w7pa?utm_flashsale=1
2026-04-14 00:28:45,599 [INFO]  -> Cào: https://www.dienmayxanh.com/laptop/dell-inspiron-14-5440-core-7-7fn5j
2026-04-14 00:28:55,432 [INFO]  -> Cào: https://www.dienmayxanh.com/laptop/msi-katana-15-b13udxk-i7-2077vn
2026-04-14 00:29:04,598 [INFO]  -> Cào: https://www.dienmayxanh.com/laptop/hp-probook-450-g10-i5-9h1n5pt
2026-04-14 00:29:15,695 [INFO]  -> Cào: https://www.dienmayxanh.com/laptop/lenovo-ideapad-slim-3-16irh10-i7-83k20004vn
2026-04-14 00:29:24,179 [INFO]  -> Cào: https://www.dienmayxanh.com/laptop/lenovo-loq-15arp9-r5-83jc00kuvn
2026-04-14 00:29:31,828 [INFO]  -> Cào: https://www.dienmayxanh.com/laptop/hp-pavilion-15-eg3095tu-i5-8c5l6pa-16g
2026-04-14 00:29:41,357 [INFO]  -> Cào: https://www.dienmayxanh.com/laptop/acer-aspire-7-a715-59g-73lb-i7-12650h-nh-qx6sv-002
2026-04-14 00:29:49,996 [INFO]  -> Cào: https://www.dienmayxanh.com/laptop/lenovo-gaming-loq-15irx9-i7-13650hx-83dv01alvn
2026-04-14 00:29:59,925 [INFO]  -> Cào: https://www.dienmayxanh.com/laptop/hp-omnibook-5-ai-16-af1054tu-ultra-7-255u-c1mn8pa
2026-04-14 00:30:09,070 [INFO]  -> Cào: https://www.dienmayxanh.com/laptop/hp-omnibook-x-flip-14-fm0076tu-ultra-7-258v-bz7p6pa
2026-04-14 00:30:19,078 [INFO]  -> Cào: https://www.dienmayxanh.com/laptop/lenovo-yoga-slim-7-oled-14imh9-ultra-5-125h-83cv00d8vn
2026-04-14 00:30:28,737 [INFO]  -> Cào: https://www.dienmayxanh.com/laptop/asus-gaming-v16-v3607vj-core-5-210h-rp071w
2026-04-14 00:30:37,653 [INFO]  --- Đã lưu 21 review vào dmx_reviews_output\laptop_integrated.jsonl
2026-04-14 00:30:40,178 [INFO]  -> Cào: https://www.dienmayxanh.com/laptop/asus-tuf-gaming-fx607vu-core-5-210h-rl045w
2026-04-14 00:30:47,738 [INFO]  -> Cào: https://www.dienmayxanh.com/laptop/dell-inspiron-15-3530-i7-p16wd
2026-04-14 00:30:56,694 [INFO]  -> Cào: https://www.dienmayxanh.com/laptop/acer-aspire-5-a515-58gm-598j-i5-nxkw1sv002
2026-04-14 00:31:04,024 [INFO]  -> Cào: https://www.dienmayxanh.com/laptop/asus-vivobook-16-a1607ca-ultra-5-mb038ws
2026-04-14 00:31:14,489 [INFO]  -> Cào: https://www.dienmayxanh.com/laptop/lenovo-loq-15irx9-i5-83dv003cvn
2026-04-14 00:31:23,180 [INFO]  -> Cào: https://www.dienmayxanh.com/laptop/dell-inspiron-15-3530-i5-71053696
2026-04-14 00:31:30,546 [INFO]  -> Cào: https://www.dienmayxanh.com/laptop/lenovo-ideapad-slim-5-oled-14irh10r-core-5-83j0006dvn
2026-04-14 00:31:41,026 [INFO]  -> Cào: https://www.dienmayxanh.com/laptop/asus-x1607ca-ultra-5-225h-mb980w
2026-04-14 00:31:49,762 [INFO]  -> Cào: https://www.dienmayxanh.com/laptop/acer-aspire-5-a515-58gm-51lb-i5-nxkq4sv002
2026-04-14 00:32:00,725 [INFO]  -> Cào: https://www.dienmayxanh.com/laptop/acer-nitro-v-anv15-51-57b2-i5-nhqn8sv001
2026-04-14 00:32:10,179 [INFO]  -> Cào: https://www.dienmayxanh.com/laptop/hp-elitebook-635-aero-g11-r7-b91d3pt
2026-04-14 00:32:19,895 [INFO]  -> Cào: https://www.dienmayxanh.com/laptop/lenovo-gaming-loq-15arp9-r5-83jc00lvvn
2026-04-14 00:32:29,427 [INFO]  -> Cào: https://www.dienmayxanh.com/laptop/asus-vivobook-s14-s3407va-i7-13620h-ly053w
2026-04-14 00:32:38,685 [INFO]  -> Cào: https://www.dienmayxanh.com/laptop/acer-aspire-lite-15-al15-42p-r8e6-r5-7430u-nx-d34sv-001
2026-04-14 00:32:48,362 [INFO]  -> Cào: https://www.dienmayxanh.com/laptop/dell-15-dc15250-i7-1355u-71073959
2026-04-14 00:32:58,147 [INFO]  -> Cào: https://www.dienmayxanh.com/laptop/dell-16-dc16250-core-7-150u-c7u161w11blu
2026-04-14 00:33:08,637 [INFO]  -> Cào: https://www.dienmayxanh.com/laptop/msi-gaming-cyborg-15-a13uc-i5-13420h-2088vn
2026-04-14 00:33:18,331 [INFO]  -> Cào: https://www.dienmayxanh.com/laptop/lenovo-v15-g5-irl-i5-13420h-83hf00bvvn
2026-04-14 00:33:27,820 [INFO]  đang xử lý file: pc_integrated.csv
2026-04-14 00:33:27,830 [INFO]  -> Cào: https://www.dienmayxanh.com/may-tinh-nguyen-bo/singpc-r54m495sf-w-r5-4650g
2026-04-14 00:33:38,628 [INFO]  -> Cào: https://www.dienmayxanh.com/may-tinh-nguyen-bo/singpc-i713h695sf-w-i7-13620h
2026-04-14 00:33:47,001 [INFO]  -> Cào: https://www.dienmayxanh.com/may-tinh-nguyen-bo/singpc-i512h682sf-w-i5-12450h
2026-04-14 00:33:56,778 [INFO]  -> Cào: https://www.dienmayxanh.com/may-tinh-nguyen-bo/singpc-r33b482sf-w-r3-3200g
2026-04-14 00:34:05,278 [INFO]  -> Cào: https://www.dienmayxanh.com/may-tinh-nguyen-bo/minipc-singpc-i12450h682-w-i5-12450h
2026-04-14 00:34:12,958 [INFO]  -> Cào: https://www.dienmayxanh.com/may-tinh-nguyen-bo/aio-asus-v440vak-i3-1315u-8gb-512gb
2026-04-14 00:34:22,284 [INFO]  -> Cào: https://www.dienmayxanh.com/may-tinh-nguyen-bo/rosa-crystal-a10-ryzen-3-3200g-8gb-256gb-win11
2026-04-14 00:34:31,712 [INFO]  -> Cào: https://www.dienmayxanh.com/may-tinh-nguyen-bo/rosa-x-asus-rezo-i121-core-i5-12400f-16gb-500gb-rtx-5060-8gb-win11pro
2026-04-14 00:34:40,124 [INFO]  -> Cào: https://www.dienmayxanh.com/may-tinh-nguyen-bo/asus-aio-v440vak-i5-13420h-16gb-512g
2026-04-14 00:34:49,426 [INFO]  -> Cào: https://www.dienmayxanh.com/may-tinh-nguyen-bo/imac-24-inch-m4-16gb-256gb
2026-04-14 00:35:01,041 [INFO]  -> Cào: https://www.dienmayxanh.com/may-tinh-nguyen-bo/rosa-rezo-i120-core-i5-12400f-16gb-ssd-500gb-rtx3050-6gb-win11
2026-04-14 00:35:08,583 [INFO]  -> Cào: https://www.dienmayxanh.com/may-tinh-nguyen-bo/minipc-msi-cubi-n-adl-235xvn-n100
2026-04-14 00:35:15,491 [INFO]  -> Cào: https://www.dienmayxanh.com/may-tinh-nguyen-bo/msi-aio-modern-am242-12m-i5-1235u-8gb-512gb-23-8-full-hd-ban-phim-chuot-win11
2026-04-14 00:35:23,179 [INFO]  -> Cào: https://www.dienmayxanh.com/may-tinh-nguyen-bo/singpc-aio-m24n18m2-w-n100-23-8-inch
2026-04-14 00:35:31,107 [INFO]  -> Cào: https://www.dienmayxanh.com/may-tinh-nguyen-bo/asus-v501sv-core-5-210h-v501sv-05210h040w
2026-04-14 00:35:40,836 [INFO]  -> Cào: https://www.dienmayxanh.com/may-tinh-nguyen-bo/singpc-aio-m24ai512h9m5-w-i5-12450h-23-8-inch
2026-04-14 00:35:48,865 [INFO]  -> Cào: https://www.dienmayxanh.com/may-tinh-nguyen-bo/imac-24-inch-m4-24gb-512gb
2026-04-14 00:35:58,785 [INFO]  -> Cào: https://www.dienmayxanh.com/may-tinh-nguyen-bo/asus-aio-v440vat-i5-13420h-16gb-512gb
2026-04-14 00:36:07,701 [INFO]  -> Cào: https://www.dienmayxanh.com/may-tinh-nguyen-bo/imac-24-inch-m4-16gb-512gb
2026-04-14 00:36:16,093 [INFO]  -> Cào: https://www.dienmayxanh.com/may-tinh-nguyen-bo/asus-v500mv-i5-13420h-8gb-512gb
2026-04-14 00:36:24,376 [INFO]  -> Cào: https://www.dienmayxanh.com/may-tinh-nguyen-bo/singpc-aio-m24n19m5-w-n100-23-8-inch
2026-04-14 00:36:33,158 [INFO]  -> Cào: https://www.dienmayxanh.com/may-tinh-nguyen-bo/msi-pro-dp180-i5-14400-9s6-b0a761-1220
2026-04-14 00:36:42,663 [INFO]  -> Cào: https://www.dienmayxanh.com/may-tinh-nguyen-bo/asus-aio-v440va-core-7-240h-23-8-inch-v440vak-wpc408w
2026-04-14 00:36:51,832 [INFO]  -> Cào: https://www.dienmayxanh.com/may-tinh-nguyen-bo/imac-24-inch-m4-16gb-256gb-10gpu
2026-04-14 00:37:00,337 [INFO]  -> Cào: https://www.dienmayxanh.com/may-tinh-nguyen-bo/imac-24-inch-m4-24gb-256gb
2026-04-14 00:37:10,673 [INFO]  -> Cào: https://www.dienmayxanh.com/may-tinh-nguyen-bo/rosa-rezo-i110-core-i3-12100f-8gb-ssd-256gb-rtx3050-6gb-win11
2026-04-14 00:37:20,011 [INFO]  -> Cào: https://www.dienmayxanh.com/may-tinh-nguyen-bo/singpc-aio-m24ei5129m5-w-i5-12400
2026-04-14 00:37:28,694 [INFO]  -> Cào: https://www.dienmayxanh.com/may-tinh-nguyen-bo/minipc-singpc-nuc-u512u695-w-ultra-5-125u
2026-04-14 00:37:37,068 [INFO]  -> Cào: https://www.dienmayxanh.com/may-tinh-nguyen-bo/minipc-singpc-nuc-u715u695-w-ultra-7-155u
2026-04-14 00:37:47,064 [INFO]  -> Cào: https://www.dienmayxanh.com/may-tinh-nguyen-bo/rosa-rezo-i131-core-i7-12700f-16gb-500gb-rtx-3050-6gb-win11pro
2026-04-14 00:37:54,197 [INFO]  -> Cào: https://www.dienmayxanh.com/may-tinh-nguyen-bo/rosa-x-asus-rezo-i120-core-i5-12400f-16gb-500gb-rtx-5050-8gb-win11pro
2026-04-14 00:38:03,859 [INFO]  -> Cào: https://www.dienmayxanh.com/may-tinh-nguyen-bo/msi-pro-dp180-i3-14100-8gb-512gb-ban-phim-chuot-win11
2026-04-14 00:38:12,236 [INFO]  -> Cào: https://www.dienmayxanh.com/may-tinh-nguyen-bo/asus-v501mv-core-5-210h-v501mv-05210h048w
2026-04-14 00:38:21,233 [INFO]  -> Cào: https://www.dienmayxanh.com/may-tinh-nguyen-bo/mac-mini-m4-16gb-256gb
2026-04-14 00:38:29,802 [INFO]  -> Cào: https://www.dienmayxanh.com/may-tinh-nguyen-bo/mac-mini-m4-pro-24gb-1tb
2026-04-14 00:38:47,611 [INFO]  -> Cào: https://www.dienmayxanh.com/may-tinh-nguyen-bo/asus-v501mv-core-3-100u-v501mv-03100u014w
2026-04-14 00:38:56,672 [INFO]  -> Cào: https://www.dienmayxanh.com/may-tinh-nguyen-bo/asus-aio-v440va-core-5-210h-23-8-inch-v440vak-wpc407w
2026-04-14 00:39:06,049 [INFO]  -> Cào: https://www.dienmayxanh.com/may-tinh-nguyen-bo/asus-aio-v440va-core-5-210h-23-8-inch-v440vat-wpd089w
2026-04-14 00:39:15,273 [INFO]  -> Cào: https://www.dienmayxanh.com/may-tinh-nguyen-bo/asus-aio-v440va-core-3-100u-23-8-inch-v440vak-wpc406w
2026-04-14 00:39:24,449 [INFO]  -> Cào: https://www.dienmayxanh.com/may-tinh-nguyen-bo/asus-v501mv-core-7-240h-v501mv-07240h073w
2026-04-14 00:39:33,435 [INFO]  đang xử lý file: smartphone_integrated.csv
2026-04-14 00:39:33,448 [INFO]  -> Cào: https://www.dienmayxanh.com/dien-thoai/iphone-17-pro-max
2026-04-14 00:39:43,404 [INFO]  -> Cào: https://www.dienmayxanh.com/dien-thoai/samsung-galaxy-a17-4gb-128gb?utm_flashsale=1
2026-04-14 00:39:53,055 [INFO]  --- Đã lưu 20 review vào dmx_reviews_output\smartphone_integrated.jsonl
2026-04-14 00:39:54,619 [INFO]  -> Cào: https://www.dienmayxanh.com/dien-thoai/nokia-105-4g-pro
2026-04-14 00:40:05,787 [INFO]  -> Cào: https://www.dienmayxanh.com/dien-thoai/oppo-a6-8gb-128gb
2026-04-14 00:40:17,074 [INFO]  -> Cào: https://www.dienmayxanh.com/dien-thoai/masstel-izi-t6
2026-04-14 00:40:25,409 [INFO]  --- Đã lưu 20 review vào dmx_reviews_output\smartphone_integrated.jsonl
2026-04-14 00:40:26,954 [INFO]  -> Cào: https://www.dienmayxanh.com/dien-thoai/xiaomi-redmi-15-8gb-128gb
2026-04-14 00:40:36,155 [INFO]  -> Cào: https://www.dienmayxanh.com/dien-thoai/samsung-galaxy-a07-4gb-64gb
2026-04-14 00:40:46,842 [INFO]  -> Cào: https://www.dienmayxanh.com/dien-thoai/iphone-17
2026-04-14 00:40:54,846 [INFO]  --- Đã lưu 29 review vào dmx_reviews_output\smartphone_integrated.jsonl
2026-04-14 00:40:56,120 [INFO]  -> Cào: https://www.dienmayxanh.com/dien-thoai/motorola-moto-g06-power-4gb-128gb?utm_flashsale=1
2026-04-14 00:41:07,204 [INFO]  -> Cào: https://www.dienmayxanh.com/dien-thoai/oppo-reno14-f-5g-12gb-256gb
2026-04-14 00:41:16,881 [INFO]  --- Đã lưu 20 review vào dmx_reviews_output\smartphone_integrated.jsonl
2026-04-14 00:41:18,573 [INFO]  -> Cào: https://www.dienmayxanh.com/dien-thoai/oppo-a6x-4gb-64gb
2026-04-14 00:41:28,534 [INFO]  -> Cào: https://www.dienmayxanh.com/dien-thoai/iphone-15-plus
2026-04-14 00:41:38,706 [INFO]  -> Cào: https://www.dienmayxanh.com/dien-thoai/iphone-13
2026-04-14 00:41:48,228 [INFO]  --- Đã lưu 21 review vào dmx_reviews_output\smartphone_integrated.jsonl
2026-04-14 00:41:49,819 [INFO]  -> Cào: https://www.dienmayxanh.com/dien-thoai/xiaomi-15t-12gb-256gb
2026-04-14 00:42:00,226 [INFO]  -> Cào: https://www.dienmayxanh.com/dien-thoai/realme-note-80-4gb-64gb
2026-04-14 09:14:30,157 [WARNING] There was an error managing chromedriver (error decoding response body); using driver found in the cache
2026-04-14 09:14:31,662 [INFO]  đang xử lý file: headphone_integrated.csv
2026-04-14 09:14:31,689 [INFO]  -> Cào: https://www.dienmayxanh.com/tai-nghe/tai-nghe-bluetooth-true-wireless-ava-freego-pt52
2026-04-14 09:15:30,951 [INFO]  -> Cào: https://www.dienmayxanh.com/tai-nghe/tai-nghe-bluetooth-true-wireless-ava-freego-w30
2026-04-14 09:16:53,685 [INFO]  -> Cào: https://www.dienmayxanh.com/tai-nghe/tai-nghe-bluetooth-true-wireless-xiaomi-redmi-buds-6-play
2026-04-14 09:18:06,350 [INFO]  --- Đã lưu 29 review vào dmx_reviews_output\headphone_integrated.jsonl
2026-04-14 09:18:08,403 [INFO]  -> Cào: https://www.dienmayxanh.com/tai-nghe/tai-nghe-bluetooth-true-wireless-ava-freego-y60
2026-04-14 09:18:24,586 [INFO]  -> Cào: https://www.dienmayxanh.com/tai-nghe/tai-nghe-bluetooth-true-wireless-ava-buds-life-air-2-pro
2026-04-14 09:18:38,074 [INFO]  -> Cào: https://www.dienmayxanh.com/tai-nghe/tai-nghe-bluetooth-true-wireless-ava-freego-w28?utm_flashsale=1
2026-04-14 09:18:55,882 [INFO]  --- Đã lưu 23 review vào dmx_reviews_output\headphone_integrated.jsonl
2026-04-14 09:18:58,121 [INFO]  -> Cào: https://www.dienmayxanh.com/tai-nghe/tai-nghe-co-day-ep-ava-livebass-e1
2026-04-14 09:19:35,230 [INFO]  -> Cào: https://www.dienmayxanh.com/tai-nghe/tai-nghe-bluetooth-true-wireless-xiaomi-redmi-buds-8-lite
2026-04-14 09:20:00,844 [INFO]  -> Cào: https://www.dienmayxanh.com/tai-nghe/tai-nghe-bluetooth-tws-xiaomi-redmi-buds-6-active
2026-04-14 09:21:52,839 [INFO]  --- Đã lưu 26 review vào dmx_reviews_output\headphone_integrated.jsonl
2026-04-14 09:21:55,142 [INFO]  -> Cào: https://www.dienmayxanh.com/tai-nghe/tai-nghe-bluetooth-true-wireless-oppo-enco-buds-3-pro-etek1
2026-04-14 09:25:43,784 [INFO] Hoàn tất!
2026-04-14 10:15:03,219 [WARNING] There was an error managing chromedriver (error decoding response body); using driver found in the cache
2026-04-14 10:15:03,220 [WARNING] Error sending stats to Plausible: error sending request for url (https://plausible.io/api/event)
2026-04-14 10:15:04,553 [INFO]  đang xử lý file: smartphone_integrated.csv
2026-04-14 10:15:04,566 [INFO]  -> Cào: https://www.dienmayxanh.com/dien-thoai/iphone-17-pro-max
2026-04-14 10:15:58,435 [INFO]  -> Cào: https://www.dienmayxanh.com/dien-thoai/samsung-galaxy-a17-4gb-128gb?utm_flashsale=1
2026-04-14 10:16:35,712 [INFO]  --- Đã lưu 20 review vào dmx_reviews_output\smartphone_integrated.jsonl
2026-04-14 10:16:38,582 [INFO]  -> Cào: https://www.dienmayxanh.com/dien-thoai/nokia-105-4g-pro
2026-04-14 10:17:05,062 [INFO]  -> Cào: https://www.dienmayxanh.com/dien-thoai/oppo-a6-8gb-128gb
2026-04-14 10:17:27,891 [INFO]  -> Cào: https://www.dienmayxanh.com/dien-thoai/masstel-izi-t6
2026-04-14 10:18:24,332 [INFO]  --- Đã lưu 20 review vào dmx_reviews_output\smartphone_integrated.jsonl
2026-04-14 10:18:25,590 [INFO]  -> Cào: https://www.dienmayxanh.com/dien-thoai/xiaomi-redmi-15-8gb-128gb
2026-04-14 10:19:03,688 [INFO]  -> Cào: https://www.dienmayxanh.com/dien-thoai/samsung-galaxy-a07-4gb-64gb
2026-04-14 10:20:15,927 [INFO]  -> Cào: https://www.dienmayxanh.com/dien-thoai/iphone-17
2026-04-14 10:21:38,478 [INFO]  --- Đã lưu 29 review vào dmx_reviews_output\smartphone_integrated.jsonl
2026-04-14 10:21:39,676 [INFO]  -> Cào: https://www.dienmayxanh.com/dien-thoai/motorola-moto-g06-power-4gb-128gb?utm_flashsale=1
2026-04-14 10:22:31,812 [INFO]  -> Cào: https://www.dienmayxanh.com/dien-thoai/oppo-reno14-f-5g-12gb-256gb
2026-04-14 10:23:53,477 [INFO]  --- Đã lưu 20 review vào dmx_reviews_output\smartphone_integrated.jsonl
2026-04-14 10:23:56,332 [INFO]  -> Cào: https://www.dienmayxanh.com/dien-thoai/oppo-a6x-4gb-64gb
2026-04-14 10:24:15,809 [INFO]  -> Cào: https://www.dienmayxanh.com/dien-thoai/iphone-15-plus
2026-04-14 10:24:29,735 [INFO]  -> Cào: https://www.dienmayxanh.com/dien-thoai/iphone-13
2026-04-14 10:24:57,007 [INFO]  --- Đã lưu 21 review vào dmx_reviews_output\smartphone_integrated.jsonl
2026-04-14 10:24:58,615 [INFO]  -> Cào: https://www.dienmayxanh.com/dien-thoai/xiaomi-15t-12gb-256gb
2026-04-14 10:25:36,187 [INFO]  -> Cào: https://www.dienmayxanh.com/dien-thoai/realme-note-80-4gb-64gb
2026-04-14 10:26:02,250 [INFO]  -> Cào: https://www.dienmayxanh.com/dien-thoai/oppo-reno15-5g-8gb-256gb
2026-04-14 10:26:19,376 [INFO]  -> Cào: https://www.dienmayxanh.com/dien-thoai/vivo-y21d-4gb-128gb
2026-04-14 10:26:35,968 [INFO]  -> Cào: https://www.dienmayxanh.com/dien-thoai/xiaomi-redmi-note-15-pro-5g-12gb-256gb
2026-04-14 10:26:54,327 [INFO]  -> Cào: https://www.dienmayxanh.com/dien-thoai/iphone-14
2026-04-14 10:27:23,289 [INFO]  --- Đã lưu 25 review vào dmx_reviews_output\smartphone_integrated.jsonl
2026-04-14 10:27:25,318 [INFO]  -> Cào: https://www.dienmayxanh.com/dien-thoai/oppo-reno15f-5g-12gb-256gb
2026-04-14 10:28:18,671 [INFO]  -> Cào: https://www.dienmayxanh.com/dien-thoai/nokia-hmd-105-4g
2026-04-14 10:29:41,117 [INFO]  --- Đã lưu 20 review vào dmx_reviews_output\smartphone_integrated.jsonl
2026-04-14 10:29:42,754 [INFO]  -> Cào: https://www.dienmayxanh.com/dien-thoai/nokia-220-4g
2026-04-14 10:31:01,822 [INFO]  -> Cào: https://www.dienmayxanh.com/dien-thoai/oppo-reno15-pro-5g-12gb-256gb
2026-04-14 10:32:21,463 [INFO]  -> Cào: https://www.dienmayxanh.com/dien-thoai/xiaomi-redmi-note-15-pro-12gb-256gb
2026-04-14 10:33:49,325 [INFO]  -> Cào: https://www.dienmayxanh.com/dien-thoai/samsung-galaxy-a37-6gb-128gb
2026-04-14 10:34:22,520 [INFO]  -> Cào: https://www.dienmayxanh.com/dien-thoai/vivo-y31d-6gb-128gb
2026-04-14 10:35:14,690 [INFO]  -> Cào: https://www.dienmayxanh.com/dien-thoai/realme-c85-8gb-128gb
2026-04-14 10:36:52,133 [INFO]  -> Cào: https://www.dienmayxanh.com/dien-thoai/xiaomi-redmi-15c-4gb-128gb
2026-04-14 10:37:35,068 [INFO]  -> Cào: https://www.dienmayxanh.com/dien-thoai/masstel-fami-50
2026-04-14 10:37:50,644 [INFO]  --- Đã lưu 26 review vào dmx_reviews_output\smartphone_integrated.jsonl
2026-04-14 10:37:51,960 [INFO]  -> Cào: https://www.dienmayxanh.com/dien-thoai/oppo-reno13-5g
2026-04-14 10:38:34,377 [INFO]  -> Cào: https://www.dienmayxanh.com/dien-thoai/vivo-y04-64gb
2026-04-14 10:39:04,322 [INFO]  -> Cào: https://www.dienmayxanh.com/dien-thoai/masstel-izi-10-type-c
2026-04-14 10:39:19,548 [INFO]  -> Cào: https://www.dienmayxanh.com/dien-thoai/iphone-15
2026-04-14 10:39:32,737 [INFO]  --- Đã lưu 20 review vào dmx_reviews_output\smartphone_integrated.jsonl
2026-04-14 10:39:34,297 [INFO]  -> Cào: https://www.dienmayxanh.com/dien-thoai/iphone-17-pro
2026-04-14 10:40:00,362 [INFO]  -> Cào: https://www.dienmayxanh.com/dien-thoai/vivo-v70-fe-12gb-256gb
2026-04-14 10:40:24,108 [INFO]  -> Cào: https://www.dienmayxanh.com/dien-thoai/realme-c100-4g-6gb-128gb
2026-04-14 10:40:45,552 [INFO]  -> Cào: https://www.dienmayxanh.com/dien-thoai/oppo-a5x-4gb-64gb
2026-04-14 10:41:02,732 [INFO]  --- Đã lưu 20 review vào dmx_reviews_output\smartphone_integrated.jsonl
2026-04-14 10:41:05,359 [INFO]  -> Cào: https://www.dienmayxanh.com/dien-thoai/samsung-galaxy-s26-ultra-12gb-256gb
2026-04-14 10:42:26,512 [INFO]  -> Cào: https://www.dienmayxanh.com/dien-thoai/mobell-m179
2026-04-14 10:43:06,268 [INFO]  -> Cào: https://www.dienmayxanh.com/dien-thoai/vivo-v60-lite-8gb-256gb
2026-04-14 10:43:57,822 [INFO]  -> Cào: https://www.dienmayxanh.com/dien-thoai/vivo-y39-5g?utm_flashsale=1
2026-04-14 10:44:13,813 [INFO]  --- Đã lưu 20 review vào dmx_reviews_output\smartphone_integrated.jsonl
2026-04-14 10:44:15,879 [INFO]  -> Cào: https://www.dienmayxanh.com/dien-thoai/oppo-a5-8gb-128gb?utm_flashsale=1
2026-04-14 10:44:33,335 [INFO]  -> Cào: https://www.dienmayxanh.com/dien-thoai/realme-note-70-4gb-64gb
2026-04-14 10:46:09,141 [INFO]  -> Cào: https://www.dienmayxanh.com/dien-thoai/oppo-a6-pro-5g-8gb-256gb
2026-04-14 10:46:56,751 [INFO]  -> Cào: https://www.dienmayxanh.com/dien-thoai/motorola-moto-g35-5g-4gb-128gb?utm_flashsale=1
2026-04-14 10:47:17,876 [INFO]  --- Đã lưu 21 review vào dmx_reviews_output\smartphone_integrated.jsonl
2026-04-14 10:47:20,764 [INFO]  -> Cào: https://www.dienmayxanh.com/dien-thoai/oppo-a6-pro-8gb-128gb
2026-04-14 10:51:20,779 [WARNING] Retrying (Retry(total=2, connect=None, read=None, redirect=None, status=None)) after connection broken by 'ReadTimeoutError("HTTPConnectionPool(host='localhost', port=59134): Read timed out. (read timeout=120)")': /session/595d43f4eac0560aa7059c9114599c58
2026-04-14 10:52:23,752 [INFO] Hoàn tất!
2026-04-14 11:40:34,877 [WARNING] There was an error managing chromedriver (error sending request for url (https://googlechromelabs.github.io/chrome-for-testing/known-good-versions-with-downloads.json)); using driver found in the cache
2026-04-14 11:40:35,983 [INFO]  đang xử lý file: pc_integrated.csv
2026-04-14 11:40:35,992 [INFO]  -> Cào: https://www.dienmayxanh.com/may-tinh-nguyen-bo/singpc-r54m495sf-w-r5-4650g
2026-04-14 11:40:35,992 [INFO]      -> [1/40] Cào: https://www.dienmayxanh.com/may-tinh-nguyen-bo/singpc-r54m495sf-w-r5-4650g
2026-04-14 11:41:06,856 [INFO]  -> Cào: https://www.dienmayxanh.com/may-tinh-nguyen-bo/singpc-i713h695sf-w-i7-13620h
2026-04-14 11:41:06,857 [INFO]      -> [2/40] Cào: https://www.dienmayxanh.com/may-tinh-nguyen-bo/singpc-i713h695sf-w-i7-13620h
2026-04-14 11:41:18,702 [INFO]  -> Cào: https://www.dienmayxanh.com/may-tinh-nguyen-bo/singpc-i512h682sf-w-i5-12450h
2026-04-14 11:41:18,702 [INFO]      -> [3/40] Cào: https://www.dienmayxanh.com/may-tinh-nguyen-bo/singpc-i512h682sf-w-i5-12450h
2026-04-14 11:41:39,222 [INFO]  -> Cào: https://www.dienmayxanh.com/may-tinh-nguyen-bo/singpc-r33b482sf-w-r3-3200g
2026-04-14 11:41:39,222 [INFO]      -> [4/40] Cào: https://www.dienmayxanh.com/may-tinh-nguyen-bo/singpc-r33b482sf-w-r3-3200g
2026-04-14 11:41:59,832 [INFO]  -> Cào: https://www.dienmayxanh.com/may-tinh-nguyen-bo/minipc-singpc-i12450h682-w-i5-12450h
2026-04-14 11:41:59,833 [INFO]      -> [5/40] Cào: https://www.dienmayxanh.com/may-tinh-nguyen-bo/minipc-singpc-i12450h682-w-i5-12450h
2026-04-14 11:42:10,089 [INFO]  -> Cào: https://www.dienmayxanh.com/may-tinh-nguyen-bo/aio-asus-v440vak-i3-1315u-8gb-512gb
2026-04-14 11:42:10,090 [INFO]      -> [6/40] Cào: https://www.dienmayxanh.com/may-tinh-nguyen-bo/aio-asus-v440vak-i3-1315u-8gb-512gb
2026-04-14 11:42:30,186 [INFO]  -> Cào: https://www.dienmayxanh.com/may-tinh-nguyen-bo/rosa-crystal-a10-ryzen-3-3200g-8gb-256gb-win11
2026-04-14 11:42:30,186 [INFO]      -> [7/40] Cào: https://www.dienmayxanh.com/may-tinh-nguyen-bo/rosa-crystal-a10-ryzen-3-3200g-8gb-256gb-win11
2026-04-14 11:42:49,590 [INFO]  -> Cào: https://www.dienmayxanh.com/may-tinh-nguyen-bo/rosa-x-asus-rezo-i121-core-i5-12400f-16gb-500gb-rtx-5060-8gb-win11pro
2026-04-14 11:42:49,590 [INFO]      -> [8/40] Cào: https://www.dienmayxanh.com/may-tinh-nguyen-bo/rosa-x-asus-rezo-i121-core-i5-12400f-16gb-500gb-rtx-5060-8gb-win11pro
2026-04-14 11:43:05,322 [INFO]  -> Cào: https://www.dienmayxanh.com/may-tinh-nguyen-bo/asus-aio-v440vak-i5-13420h-16gb-512g
2026-04-14 11:43:05,322 [INFO]      -> [9/40] Cào: https://www.dienmayxanh.com/may-tinh-nguyen-bo/asus-aio-v440vak-i5-13420h-16gb-512g
2026-04-14 11:43:17,848 [INFO]  -> Cào: https://www.dienmayxanh.com/may-tinh-nguyen-bo/imac-24-inch-m4-16gb-256gb
2026-04-14 11:43:17,848 [INFO]      -> [10/40] Cào: https://www.dienmayxanh.com/may-tinh-nguyen-bo/imac-24-inch-m4-16gb-256gb
2026-04-14 11:43:47,856 [WARNING]       [!] Timeout khi tải https://www.dienmayxanh.com/may-tinh-nguyen-bo/imac-24-inch-m4-16gb-256gb, vẫn cố gắng lấy dữ liệu hiện có.
2026-04-14 11:43:53,027 [INFO]  -> Cào: https://www.dienmayxanh.com/may-tinh-nguyen-bo/rosa-rezo-i120-core-i5-12400f-16gb-ssd-500gb-rtx3050-6gb-win11
2026-04-14 11:43:53,028 [INFO]      -> [11/40] Cào: https://www.dienmayxanh.com/may-tinh-nguyen-bo/rosa-rezo-i120-core-i5-12400f-16gb-ssd-500gb-rtx3050-6gb-win11
2026-04-14 11:44:04,504 [INFO]  -> Cào: https://www.dienmayxanh.com/may-tinh-nguyen-bo/minipc-msi-cubi-n-adl-235xvn-n100
2026-04-14 11:44:04,504 [INFO]      -> [12/40] Cào: https://www.dienmayxanh.com/may-tinh-nguyen-bo/minipc-msi-cubi-n-adl-235xvn-n100
2026-04-14 11:44:32,712 [INFO]  -> Cào: https://www.dienmayxanh.com/may-tinh-nguyen-bo/msi-aio-modern-am242-12m-i5-1235u-8gb-512gb-23-8-full-hd-ban-phim-chuot-win11
2026-04-14 11:44:32,712 [INFO]      -> [13/40] Cào: https://www.dienmayxanh.com/may-tinh-nguyen-bo/msi-aio-modern-am242-12m-i5-1235u-8gb-512gb-23-8-full-hd-ban-phim-chuot-win11
2026-04-14 11:45:00,733 [INFO]  -> Cào: https://www.dienmayxanh.com/may-tinh-nguyen-bo/singpc-aio-m24n18m2-w-n100-23-8-inch
2026-04-14 11:45:00,733 [INFO]      -> [14/40] Cào: https://www.dienmayxanh.com/may-tinh-nguyen-bo/singpc-aio-m24n18m2-w-n100-23-8-inch
2026-04-14 11:45:17,897 [INFO]  -> Cào: https://www.dienmayxanh.com/may-tinh-nguyen-bo/asus-v501sv-core-5-210h-v501sv-05210h040w
2026-04-14 11:45:17,898 [INFO]      -> [15/40] Cào: https://www.dienmayxanh.com/may-tinh-nguyen-bo/asus-v501sv-core-5-210h-v501sv-05210h040w
2026-04-14 11:45:26,978 [INFO]  -> Cào: https://www.dienmayxanh.com/may-tinh-nguyen-bo/singpc-aio-m24ai512h9m5-w-i5-12450h-23-8-inch
2026-04-14 11:45:26,978 [INFO]      -> [16/40] Cào: https://www.dienmayxanh.com/may-tinh-nguyen-bo/singpc-aio-m24ai512h9m5-w-i5-12450h-23-8-inch
2026-04-14 11:45:37,753 [INFO]  -> Cào: https://www.dienmayxanh.com/may-tinh-nguyen-bo/imac-24-inch-m4-24gb-512gb
2026-04-14 11:45:37,754 [INFO]      -> [17/40] Cào: https://www.dienmayxanh.com/may-tinh-nguyen-bo/imac-24-inch-m4-24gb-512gb
2026-04-14 11:45:50,925 [INFO]  -> Cào: https://www.dienmayxanh.com/may-tinh-nguyen-bo/asus-aio-v440vat-i5-13420h-16gb-512gb
2026-04-14 11:45:50,926 [INFO]      -> [18/40] Cào: https://www.dienmayxanh.com/may-tinh-nguyen-bo/asus-aio-v440vat-i5-13420h-16gb-512gb
2026-04-14 11:46:00,702 [INFO]  -> Cào: https://www.dienmayxanh.com/may-tinh-nguyen-bo/imac-24-inch-m4-16gb-512gb
2026-04-14 11:46:00,703 [INFO]      -> [19/40] Cào: https://www.dienmayxanh.com/may-tinh-nguyen-bo/imac-24-inch-m4-16gb-512gb
2026-04-14 11:46:09,599 [INFO]  -> Cào: https://www.dienmayxanh.com/may-tinh-nguyen-bo/asus-v500mv-i5-13420h-8gb-512gb
2026-04-14 11:46:09,600 [INFO]      -> [20/40] Cào: https://www.dienmayxanh.com/may-tinh-nguyen-bo/asus-v500mv-i5-13420h-8gb-512gb
2026-04-14 11:46:45,764 [INFO]  -> Cào: https://www.dienmayxanh.com/may-tinh-nguyen-bo/singpc-aio-m24n19m5-w-n100-23-8-inch
2026-04-14 11:46:45,764 [INFO]      -> [21/40] Cào: https://www.dienmayxanh.com/may-tinh-nguyen-bo/singpc-aio-m24n19m5-w-n100-23-8-inch
2026-04-14 11:46:56,490 [INFO]  -> Cào: https://www.dienmayxanh.com/may-tinh-nguyen-bo/msi-pro-dp180-i5-14400-9s6-b0a761-1220
2026-04-14 11:46:56,490 [INFO]      -> [22/40] Cào: https://www.dienmayxanh.com/may-tinh-nguyen-bo/msi-pro-dp180-i5-14400-9s6-b0a761-1220
2026-04-14 11:47:07,547 [INFO]  -> Cào: https://www.dienmayxanh.com/may-tinh-nguyen-bo/asus-aio-v440va-core-7-240h-23-8-inch-v440vak-wpc408w
2026-04-14 11:47:07,548 [INFO]      -> [23/40] Cào: https://www.dienmayxanh.com/may-tinh-nguyen-bo/asus-aio-v440va-core-7-240h-23-8-inch-v440vak-wpc408w
2026-04-14 11:47:16,502 [INFO]  -> Cào: https://www.dienmayxanh.com/may-tinh-nguyen-bo/imac-24-inch-m4-16gb-256gb-10gpu
2026-04-14 11:47:16,502 [INFO]      -> [24/40] Cào: https://www.dienmayxanh.com/may-tinh-nguyen-bo/imac-24-inch-m4-16gb-256gb-10gpu
2026-04-14 11:47:25,438 [INFO]  -> Cào: https://www.dienmayxanh.com/may-tinh-nguyen-bo/imac-24-inch-m4-24gb-256gb
2026-04-14 11:47:25,438 [INFO]      -> [25/40] Cào: https://www.dienmayxanh.com/may-tinh-nguyen-bo/imac-24-inch-m4-24gb-256gb
2026-04-14 11:47:33,396 [INFO]  -> Cào: https://www.dienmayxanh.com/may-tinh-nguyen-bo/rosa-rezo-i110-core-i3-12100f-8gb-ssd-256gb-rtx3050-6gb-win11
2026-04-14 11:47:33,396 [INFO]      -> [26/40] Cào: https://www.dienmayxanh.com/may-tinh-nguyen-bo/rosa-rezo-i110-core-i3-12100f-8gb-ssd-256gb-rtx3050-6gb-win11
2026-04-14 11:47:42,774 [INFO]  -> Cào: https://www.dienmayxanh.com/may-tinh-nguyen-bo/singpc-aio-m24ei5129m5-w-i5-12400
2026-04-14 11:47:42,775 [INFO]      -> [27/40] Cào: https://www.dienmayxanh.com/may-tinh-nguyen-bo/singpc-aio-m24ei5129m5-w-i5-12400
2026-04-14 11:47:51,055 [INFO]  -> Cào: https://www.dienmayxanh.com/may-tinh-nguyen-bo/minipc-singpc-nuc-u512u695-w-ultra-5-125u
2026-04-14 11:47:51,055 [INFO]      -> [28/40] Cào: https://www.dienmayxanh.com/may-tinh-nguyen-bo/minipc-singpc-nuc-u512u695-w-ultra-5-125u
2026-04-14 11:48:03,647 [INFO]  -> Cào: https://www.dienmayxanh.com/may-tinh-nguyen-bo/minipc-singpc-nuc-u715u695-w-ultra-7-155u
2026-04-14 11:48:03,647 [INFO]      -> [29/40] Cào: https://www.dienmayxanh.com/may-tinh-nguyen-bo/minipc-singpc-nuc-u715u695-w-ultra-7-155u
2026-04-14 11:48:12,448 [INFO]  -> Cào: https://www.dienmayxanh.com/may-tinh-nguyen-bo/rosa-rezo-i131-core-i7-12700f-16gb-500gb-rtx-3050-6gb-win11pro
2026-04-14 11:48:12,448 [INFO]      -> [30/40] Cào: https://www.dienmayxanh.com/may-tinh-nguyen-bo/rosa-rezo-i131-core-i7-12700f-16gb-500gb-rtx-3050-6gb-win11pro
2026-04-14 11:48:21,101 [INFO]  -> Cào: https://www.dienmayxanh.com/may-tinh-nguyen-bo/rosa-x-asus-rezo-i120-core-i5-12400f-16gb-500gb-rtx-5050-8gb-win11pro
2026-04-14 11:48:21,101 [INFO]      -> [31/40] Cào: https://www.dienmayxanh.com/may-tinh-nguyen-bo/rosa-x-asus-rezo-i120-core-i5-12400f-16gb-500gb-rtx-5050-8gb-win11pro
2026-04-14 11:48:29,234 [INFO]  -> Cào: https://www.dienmayxanh.com/may-tinh-nguyen-bo/msi-pro-dp180-i3-14100-8gb-512gb-ban-phim-chuot-win11
2026-04-14 11:48:29,234 [INFO]      -> [32/40] Cào: https://www.dienmayxanh.com/may-tinh-nguyen-bo/msi-pro-dp180-i3-14100-8gb-512gb-ban-phim-chuot-win11
2026-04-14 11:48:45,236 [INFO]  -> Cào: https://www.dienmayxanh.com/may-tinh-nguyen-bo/asus-v501mv-core-5-210h-v501mv-05210h048w
2026-04-14 11:48:45,236 [INFO]      -> [33/40] Cào: https://www.dienmayxanh.com/may-tinh-nguyen-bo/asus-v501mv-core-5-210h-v501mv-05210h048w
2026-04-14 11:49:01,525 [INFO]  -> Cào: https://www.dienmayxanh.com/may-tinh-nguyen-bo/mac-mini-m4-16gb-256gb
2026-04-14 11:49:01,526 [INFO]      -> [34/40] Cào: https://www.dienmayxanh.com/may-tinh-nguyen-bo/mac-mini-m4-16gb-256gb
2026-04-14 11:49:12,212 [INFO]  -> Cào: https://www.dienmayxanh.com/may-tinh-nguyen-bo/mac-mini-m4-pro-24gb-1tb
2026-04-14 11:49:12,213 [INFO]      -> [35/40] Cào: https://www.dienmayxanh.com/may-tinh-nguyen-bo/mac-mini-m4-pro-24gb-1tb
2026-04-14 11:49:37,883 [INFO]  -> Cào: https://www.dienmayxanh.com/may-tinh-nguyen-bo/asus-v501mv-core-3-100u-v501mv-03100u014w
2026-04-14 11:49:37,883 [INFO]      -> [36/40] Cào: https://www.dienmayxanh.com/may-tinh-nguyen-bo/asus-v501mv-core-3-100u-v501mv-03100u014w
2026-04-14 11:49:55,117 [INFO]  -> Cào: https://www.dienmayxanh.com/may-tinh-nguyen-bo/asus-aio-v440va-core-5-210h-23-8-inch-v440vak-wpc407w
2026-04-14 11:49:55,117 [INFO]      -> [37/40] Cào: https://www.dienmayxanh.com/may-tinh-nguyen-bo/asus-aio-v440va-core-5-210h-23-8-inch-v440vak-wpc407w
2026-04-14 11:50:10,253 [INFO]  -> Cào: https://www.dienmayxanh.com/may-tinh-nguyen-bo/asus-aio-v440va-core-5-210h-23-8-inch-v440vat-wpd089w
2026-04-14 11:50:10,253 [INFO]      -> [38/40] Cào: https://www.dienmayxanh.com/may-tinh-nguyen-bo/asus-aio-v440va-core-5-210h-23-8-inch-v440vat-wpd089w
2026-04-14 11:50:20,273 [INFO]  -> Cào: https://www.dienmayxanh.com/may-tinh-nguyen-bo/asus-aio-v440va-core-3-100u-23-8-inch-v440vak-wpc406w
2026-04-14 11:50:20,273 [INFO]      -> [39/40] Cào: https://www.dienmayxanh.com/may-tinh-nguyen-bo/asus-aio-v440va-core-3-100u-23-8-inch-v440vak-wpc406w
2026-04-14 11:50:38,016 [INFO]  -> Cào: https://www.dienmayxanh.com/may-tinh-nguyen-bo/asus-v501mv-core-7-240h-v501mv-07240h073w
2026-04-14 11:50:38,016 [INFO]      -> [40/40] Cào: https://www.dienmayxanh.com/may-tinh-nguyen-bo/asus-v501mv-core-7-240h-v501mv-07240h073w
2026-04-14 11:50:51,892 [INFO]  đang xử lý file: smartphone_integrated.csv
2026-04-14 11:50:51,900 [INFO]  -> Cào: https://www.dienmayxanh.com/dien-thoai/iphone-17-pro-max
2026-04-14 11:50:51,901 [INFO]      -> [1/174] Cào: https://www.dienmayxanh.com/dien-thoai/iphone-17-pro-max
2026-04-14 11:51:27,126 [INFO]  -> Cào: https://www.dienmayxanh.com/dien-thoai/samsung-galaxy-a17-4gb-128gb?utm_flashsale=1
2026-04-14 11:51:27,126 [INFO]      -> [2/174] Cào: https://www.dienmayxanh.com/dien-thoai/samsung-galaxy-a17-4gb-128gb?utm_flashsale=1
2026-04-14 11:52:01,009 [INFO]  --- Đã lưu 20 review vào dmx_reviews_output\smartphone_integrated.jsonl
2026-04-14 11:52:03,324 [INFO]  -> Cào: https://www.dienmayxanh.com/dien-thoai/nokia-105-4g-pro
2026-04-14 11:52:03,325 [INFO]      -> [3/174] Cào: https://www.dienmayxanh.com/dien-thoai/nokia-105-4g-pro
2026-04-14 11:52:14,503 [INFO]  -> Cào: https://www.dienmayxanh.com/dien-thoai/oppo-a6-8gb-128gb
2026-04-14 11:52:14,503 [INFO]      -> [4/174] Cào: https://www.dienmayxanh.com/dien-thoai/oppo-a6-8gb-128gb
2026-04-14 11:52:32,842 [INFO]  -> Cào: https://www.dienmayxanh.com/dien-thoai/masstel-izi-t6
2026-04-14 11:52:32,843 [INFO]      -> [5/174] Cào: https://www.dienmayxanh.com/dien-thoai/masstel-izi-t6
2026-04-14 11:53:02,866 [WARNING]       [!] Timeout khi tải https://www.dienmayxanh.com/dien-thoai/masstel-izi-t6, vẫn cố gắng lấy dữ liệu hiện có.
2026-04-14 11:53:07,001 [INFO]  --- Đã lưu 20 review vào dmx_reviews_output\smartphone_integrated.jsonl
2026-04-14 11:53:08,293 [INFO]  -> Cào: https://www.dienmayxanh.com/dien-thoai/xiaomi-redmi-15-8gb-128gb
2026-04-14 11:53:08,294 [INFO]      -> [6/174] Cào: https://www.dienmayxanh.com/dien-thoai/xiaomi-redmi-15-8gb-128gb
2026-04-14 11:53:38,302 [WARNING]       [!] Timeout khi tải https://www.dienmayxanh.com/dien-thoai/xiaomi-redmi-15-8gb-128gb, vẫn cố gắng lấy dữ liệu hiện có.
2026-04-14 11:53:44,652 [INFO]  -> Cào: https://www.dienmayxanh.com/dien-thoai/samsung-galaxy-a07-4gb-64gb
2026-04-14 11:53:44,652 [INFO]      -> [7/174] Cào: https://www.dienmayxanh.com/dien-thoai/samsung-galaxy-a07-4gb-64gb
2026-04-14 11:54:14,658 [WARNING]       [!] Timeout khi tải https://www.dienmayxanh.com/dien-thoai/samsung-galaxy-a07-4gb-64gb, vẫn cố gắng lấy dữ liệu hiện có.
2026-04-14 11:54:20,914 [INFO]  -> Cào: https://www.dienmayxanh.com/dien-thoai/iphone-17
2026-04-14 11:54:20,914 [INFO]      -> [8/174] Cào: https://www.dienmayxanh.com/dien-thoai/iphone-17
2026-04-14 11:54:50,929 [WARNING]       [!] Timeout khi tải https://www.dienmayxanh.com/dien-thoai/iphone-17, vẫn cố gắng lấy dữ liệu hiện có.
2026-04-14 11:54:55,131 [INFO]  --- Đã lưu 29 review vào dmx_reviews_output\smartphone_integrated.jsonl
2026-04-14 11:54:57,858 [INFO]  -> Cào: https://www.dienmayxanh.com/dien-thoai/motorola-moto-g06-power-4gb-128gb?utm_flashsale=1
2026-04-14 11:54:57,858 [INFO]      -> [9/174] Cào: https://www.dienmayxanh.com/dien-thoai/motorola-moto-g06-power-4gb-128gb?utm_flashsale=1
2026-04-14 11:55:15,138 [INFO]  -> Cào: https://www.dienmayxanh.com/dien-thoai/oppo-reno14-f-5g-12gb-256gb
2026-04-14 11:55:15,138 [INFO]      -> [10/174] Cào: https://www.dienmayxanh.com/dien-thoai/oppo-reno14-f-5g-12gb-256gb
2026-04-14 11:55:46,819 [INFO]  --- Đã lưu 20 review vào dmx_reviews_output\smartphone_integrated.jsonl
2026-04-14 11:55:49,394 [INFO]  -> Cào: https://www.dienmayxanh.com/dien-thoai/oppo-a6x-4gb-64gb
2026-04-14 11:55:49,394 [INFO]      -> [11/174] Cào: https://www.dienmayxanh.com/dien-thoai/oppo-a6x-4gb-64gb
2026-04-14 11:56:00,119 [INFO]  -> Cào: https://www.dienmayxanh.com/dien-thoai/iphone-15-plus
2026-04-14 11:56:00,120 [INFO]      -> [12/174] Cào: https://www.dienmayxanh.com/dien-thoai/iphone-15-plus
2026-04-14 11:56:09,211 [INFO]  -> Cào: https://www.dienmayxanh.com/dien-thoai/iphone-13
2026-04-14 11:56:09,211 [INFO]      -> [13/174] Cào: https://www.dienmayxanh.com/dien-thoai/iphone-13
2026-04-14 11:56:23,495 [INFO]  --- Đã lưu 21 review vào dmx_reviews_output\smartphone_integrated.jsonl
2026-04-14 11:56:25,810 [INFO]  -> Cào: https://www.dienmayxanh.com/dien-thoai/xiaomi-15t-12gb-256gb
2026-04-14 11:56:25,810 [INFO]      -> [14/174] Cào: https://www.dienmayxanh.com/dien-thoai/xiaomi-15t-12gb-256gb
2026-04-14 11:56:38,583 [INFO]  -> Cào: https://www.dienmayxanh.com/dien-thoai/realme-note-80-4gb-64gb
2026-04-14 11:56:38,583 [INFO]      -> [15/174] Cào: https://www.dienmayxanh.com/dien-thoai/realme-note-80-4gb-64gb
2026-04-14 11:56:52,134 [INFO]  -> Cào: https://www.dienmayxanh.com/dien-thoai/oppo-reno15-5g-8gb-256gb
2026-04-14 11:56:52,134 [INFO]      -> [16/174] Cào: https://www.dienmayxanh.com/dien-thoai/oppo-reno15-5g-8gb-256gb
2026-04-14 11:57:03,594 [INFO]  -> Cào: https://www.dienmayxanh.com/dien-thoai/vivo-y21d-4gb-128gb
2026-04-14 11:57:03,594 [INFO]      -> [17/174] Cào: https://www.dienmayxanh.com/dien-thoai/vivo-y21d-4gb-128gb
2026-04-14 11:57:11,180 [INFO]  -> Cào: https://www.dienmayxanh.com/dien-thoai/xiaomi-redmi-note-15-pro-5g-12gb-256gb
2026-04-14 11:57:11,180 [INFO]      -> [18/174] Cào: https://www.dienmayxanh.com/dien-thoai/xiaomi-redmi-note-15-pro-5g-12gb-256gb
2026-04-14 11:57:19,469 [INFO]  -> Cào: https://www.dienmayxanh.com/dien-thoai/iphone-14
2026-04-14 11:57:19,470 [INFO]      -> [19/174] Cào: https://www.dienmayxanh.com/dien-thoai/iphone-14
2026-04-14 11:57:26,908 [INFO]  --- Đã lưu 25 review vào dmx_reviews_output\smartphone_integrated.jsonl
2026-04-14 11:57:28,009 [INFO]  -> Cào: https://www.dienmayxanh.com/dien-thoai/oppo-reno15f-5g-12gb-256gb
2026-04-14 11:57:28,009 [INFO]      -> [20/174] Cào: https://www.dienmayxanh.com/dien-thoai/oppo-reno15f-5g-12gb-256gb
2026-04-14 11:57:37,773 [INFO]  -> Cào: https://www.dienmayxanh.com/dien-thoai/nokia-hmd-105-4g
2026-04-14 11:57:37,773 [INFO]      -> [21/174] Cào: https://www.dienmayxanh.com/dien-thoai/nokia-hmd-105-4g
2026-04-14 11:57:51,517 [INFO]  --- Đã lưu 20 review vào dmx_reviews_output\smartphone_integrated.jsonl
2026-04-14 11:57:53,697 [INFO]  -> Cào: https://www.dienmayxanh.com/dien-thoai/nokia-220-4g
2026-04-14 11:57:53,697 [INFO]      -> [22/174] Cào: https://www.dienmayxanh.com/dien-thoai/nokia-220-4g
2026-04-14 11:58:23,708 [WARNING]       [!] Timeout khi tải https://www.dienmayxanh.com/dien-thoai/nokia-220-4g, vẫn cố gắng lấy dữ liệu hiện có.
2026-04-14 11:58:29,823 [INFO]  -> Cào: https://www.dienmayxanh.com/dien-thoai/oppo-reno15-pro-5g-12gb-256gb
2026-04-14 11:58:29,823 [INFO]      -> [23/174] Cào: https://www.dienmayxanh.com/dien-thoai/oppo-reno15-pro-5g-12gb-256gb
2026-04-14 11:58:59,838 [WARNING]       [!] Timeout khi tải https://www.dienmayxanh.com/dien-thoai/oppo-reno15-pro-5g-12gb-256gb, vẫn cố gắng lấy dữ liệu hiện có.
2026-04-14 11:59:05,756 [INFO]  -> Cào: https://www.dienmayxanh.com/dien-thoai/xiaomi-redmi-note-15-pro-12gb-256gb
2026-04-14 11:59:05,756 [INFO]      -> [24/174] Cào: https://www.dienmayxanh.com/dien-thoai/xiaomi-redmi-note-15-pro-12gb-256gb
2026-04-14 11:59:14,553 [INFO]  -> Cào: https://www.dienmayxanh.com/dien-thoai/samsung-galaxy-a37-6gb-128gb
2026-04-14 11:59:14,553 [INFO]      -> [25/174] Cào: https://www.dienmayxanh.com/dien-thoai/samsung-galaxy-a37-6gb-128gb
2026-04-14 11:59:28,172 [INFO]  -> Cào: https://www.dienmayxanh.com/dien-thoai/vivo-y31d-6gb-128gb
2026-04-14 11:59:28,173 [INFO]      -> [26/174] Cào: https://www.dienmayxanh.com/dien-thoai/vivo-y31d-6gb-128gb
2026-04-14 11:59:58,186 [WARNING]       [!] Timeout khi tải https://www.dienmayxanh.com/dien-thoai/vivo-y31d-6gb-128gb, vẫn cố gắng lấy dữ liệu hiện có.
2026-04-14 12:00:03,959 [INFO]  -> Cào: https://www.dienmayxanh.com/dien-thoai/realme-c85-8gb-128gb
2026-04-14 12:00:03,959 [INFO]      -> [27/174] Cào: https://www.dienmayxanh.com/dien-thoai/realme-c85-8gb-128gb
2026-04-14 12:00:25,605 [INFO]  -> Cào: https://www.dienmayxanh.com/dien-thoai/xiaomi-redmi-15c-4gb-128gb
2026-04-14 12:00:25,606 [INFO]      -> [28/174] Cào: https://www.dienmayxanh.com/dien-thoai/xiaomi-redmi-15c-4gb-128gb
2026-04-14 12:00:36,401 [INFO]  -> Cào: https://www.dienmayxanh.com/dien-thoai/masstel-fami-50
2026-04-14 12:00:36,402 [INFO]      -> [29/174] Cào: https://www.dienmayxanh.com/dien-thoai/masstel-fami-50
2026-04-14 12:00:54,580 [INFO]  --- Đã lưu 26 review vào dmx_reviews_output\smartphone_integrated.jsonl
2026-04-14 12:00:56,509 [INFO]  -> Cào: https://www.dienmayxanh.com/dien-thoai/oppo-reno13-5g
2026-04-14 12:00:56,509 [INFO]      -> [30/174] Cào: https://www.dienmayxanh.com/dien-thoai/oppo-reno13-5g
2026-04-14 12:01:12,805 [INFO]  -> Cào: https://www.dienmayxanh.com/dien-thoai/vivo-y04-64gb
2026-04-14 12:01:12,805 [INFO]      -> [31/174] Cào: https://www.dienmayxanh.com/dien-thoai/vivo-y04-64gb
2026-04-14 12:01:47,534 [INFO]  -> Cào: https://www.dienmayxanh.com/dien-thoai/masstel-izi-10-type-c
2026-04-14 12:01:47,534 [INFO]      -> [32/174] Cào: https://www.dienmayxanh.com/dien-thoai/masstel-izi-10-type-c
2026-04-14 12:02:04,635 [INFO]  --- Đã lưu 20 review vào dmx_reviews_output\smartphone_integrated.jsonl
2026-04-14 12:02:07,425 [INFO]  -> Cào: https://www.dienmayxanh.com/dien-thoai/iphone-15
2026-04-14 12:02:07,426 [INFO]      -> [33/174] Cào: https://www.dienmayxanh.com/dien-thoai/iphone-15
2026-04-14 12:02:25,246 [INFO]  -> Cào: https://www.dienmayxanh.com/dien-thoai/iphone-17-pro
2026-04-14 12:02:25,246 [INFO]      -> [34/174] Cào: https://www.dienmayxanh.com/dien-thoai/iphone-17-pro
2026-04-14 12:02:32,736 [INFO]  --- Đã lưu 20 review vào dmx_reviews_output\smartphone_integrated.jsonl
2026-04-14 12:02:34,551 [INFO]  -> Cào: https://www.dienmayxanh.com/dien-thoai/vivo-v70-fe-12gb-256gb
2026-04-14 12:02:34,551 [INFO]      -> [35/174] Cào: https://www.dienmayxanh.com/dien-thoai/vivo-v70-fe-12gb-256gb
2026-04-14 12:02:48,410 [INFO]  -> Cào: https://www.dienmayxanh.com/dien-thoai/realme-c100-4g-6gb-128gb
2026-04-14 12:02:48,410 [INFO]      -> [36/174] Cào: https://www.dienmayxanh.com/dien-thoai/realme-c100-4g-6gb-128gb
2026-04-14 12:03:09,144 [INFO]  -> Cào: https://www.dienmayxanh.com/dien-thoai/oppo-a5x-4gb-64gb
2026-04-14 12:03:09,145 [INFO]      -> [37/174] Cào: https://www.dienmayxanh.com/dien-thoai/oppo-a5x-4gb-64gb
2026-04-14 12:03:19,016 [INFO]  -> Cào: https://www.dienmayxanh.com/dien-thoai/samsung-galaxy-s26-ultra-12gb-256gb
2026-04-14 12:03:19,016 [INFO]      -> [38/174] Cào: https://www.dienmayxanh.com/dien-thoai/samsung-galaxy-s26-ultra-12gb-256gb
2026-04-14 12:03:56,821 [WARNING]       [!] Timeout khi tải https://www.dienmayxanh.com/dien-thoai/samsung-galaxy-s26-ultra-12gb-256gb, vẫn cố gắng lấy dữ liệu hiện có.
2026-04-14 12:04:01,804 [INFO]  -> Cào: https://www.dienmayxanh.com/dien-thoai/mobell-m179
2026-04-14 12:04:01,805 [INFO]      -> [39/174] Cào: https://www.dienmayxanh.com/dien-thoai/mobell-m179
2026-04-14 12:04:17,706 [INFO]  -> Cào: https://www.dienmayxanh.com/dien-thoai/vivo-v60-lite-8gb-256gb
2026-04-14 12:04:17,706 [INFO]      -> [40/174] Cào: https://www.dienmayxanh.com/dien-thoai/vivo-v60-lite-8gb-256gb
2026-04-14 12:04:28,224 [INFO]  --- Đã lưu 20 review vào dmx_reviews_output\smartphone_integrated.jsonl
2026-04-14 12:04:29,909 [INFO]  -> Cào: https://www.dienmayxanh.com/dien-thoai/vivo-y39-5g?utm_flashsale=1
2026-04-14 12:04:29,910 [INFO]      -> [41/174] Cào: https://www.dienmayxanh.com/dien-thoai/vivo-y39-5g?utm_flashsale=1
2026-04-14 12:04:38,435 [INFO]  -> Cào: https://www.dienmayxanh.com/dien-thoai/oppo-a5-8gb-128gb?utm_flashsale=1
2026-04-14 12:04:38,435 [INFO]      -> [42/174] Cào: https://www.dienmayxanh.com/dien-thoai/oppo-a5-8gb-128gb?utm_flashsale=1
2026-04-14 12:04:47,412 [INFO]  -> Cào: https://www.dienmayxanh.com/dien-thoai/realme-note-70-4gb-64gb
2026-04-14 12:04:47,412 [INFO]      -> [43/174] Cào: https://www.dienmayxanh.com/dien-thoai/realme-note-70-4gb-64gb
2026-04-14 12:04:57,316 [INFO]  -> Cào: https://www.dienmayxanh.com/dien-thoai/oppo-a6-pro-5g-8gb-256gb
2026-04-14 12:04:57,317 [INFO]      -> [44/174] Cào: https://www.dienmayxanh.com/dien-thoai/oppo-a6-pro-5g-8gb-256gb
2026-04-14 12:05:27,328 [WARNING]       [!] Timeout khi tải https://www.dienmayxanh.com/dien-thoai/oppo-a6-pro-5g-8gb-256gb, vẫn cố gắng lấy dữ liệu hiện có.
2026-04-14 12:05:30,815 [INFO]  --- Đã lưu 21 review vào dmx_reviews_output\smartphone_integrated.jsonl
2026-04-14 12:05:32,900 [INFO]  -> Cào: https://www.dienmayxanh.com/dien-thoai/motorola-moto-g35-5g-4gb-128gb?utm_flashsale=1
2026-04-14 12:05:32,900 [INFO]      -> [45/174] Cào: https://www.dienmayxanh.com/dien-thoai/motorola-moto-g35-5g-4gb-128gb?utm_flashsale=1
2026-04-14 12:05:43,052 [INFO]  -> Cào: https://www.dienmayxanh.com/dien-thoai/oppo-a6-pro-8gb-128gb
2026-04-14 12:05:43,052 [INFO]      -> [46/174] Cào: https://www.dienmayxanh.com/dien-thoai/oppo-a6-pro-8gb-128gb
2026-04-14 12:05:50,533 [INFO]  --- Đã lưu 20 review vào dmx_reviews_output\smartphone_integrated.jsonl
2026-04-14 12:05:53,507 [INFO]  -> Cào: https://www.dienmayxanh.com/dien-thoai/realme-c71-6gb
2026-04-14 12:05:53,508 [INFO]      -> [47/174] Cào: https://www.dienmayxanh.com/dien-thoai/realme-c71-6gb
2026-04-14 12:06:12,841 [INFO]  -> Cào: https://www.dienmayxanh.com/dien-thoai/vivo-y19s-pro-6gb
2026-04-14 12:06:12,841 [INFO]      -> [48/174] Cào: https://www.dienmayxanh.com/dien-thoai/vivo-y19s-pro-6gb
2026-04-14 12:06:23,672 [INFO]  -> Cào: https://www.dienmayxanh.com/dien-thoai/nokia-110-4g-pro
2026-04-14 12:06:23,673 [INFO]      -> [49/174] Cào: https://www.dienmayxanh.com/dien-thoai/nokia-110-4g-pro
2026-04-14 12:06:41,570 [INFO]  --- Đã lưu 20 review vào dmx_reviews_output\smartphone_integrated.jsonl
2026-04-14 12:06:42,629 [INFO]  -> Cào: https://www.dienmayxanh.com/dien-thoai/realme-16-5g-12gb-256gb
2026-04-14 12:06:42,629 [INFO]      -> [50/174] Cào: https://www.dienmayxanh.com/dien-thoai/realme-16-5g-12gb-256gb
2026-04-14 12:06:58,001 [INFO]  -> Cào: https://www.dienmayxanh.com/dien-thoai/realme-c85-pro-8gb-128gb
2026-04-14 12:06:58,002 [INFO]      -> [51/174] Cào: https://www.dienmayxanh.com/dien-thoai/realme-c85-pro-8gb-128gb
2026-04-14 12:07:13,837 [INFO]  -> Cào: https://www.dienmayxanh.com/dien-thoai/samsung-galaxy-a07-5g-4gb-128gb
2026-04-14 12:07:13,838 [INFO]      -> [52/174] Cào: https://www.dienmayxanh.com/dien-thoai/samsung-galaxy-a07-5g-4gb-128gb
2026-04-14 12:07:31,942 [INFO]  -> Cào: https://www.dienmayxanh.com/dien-thoai/xiaomi-15t-pro-12gb-256gb
2026-04-14 12:07:31,942 [INFO]      -> [53/174] Cào: https://www.dienmayxanh.com/dien-thoai/xiaomi-15t-pro-12gb-256gb
2026-04-14 12:07:51,559 [INFO]  -> Cào: https://www.dienmayxanh.com/dien-thoai/xiaomi-redmi-15-5g-4gb-128gb
2026-04-14 12:07:51,559 [INFO]      -> [54/174] Cào: https://www.dienmayxanh.com/dien-thoai/xiaomi-redmi-15-5g-4gb-128gb
2026-04-14 12:08:00,269 [INFO]  --- Đã lưu 25 review vào dmx_reviews_output\smartphone_integrated.jsonl
2026-04-14 12:08:02,638 [INFO]  -> Cào: https://www.dienmayxanh.com/dien-thoai/realme-15t-5g-8gb-256gb
2026-04-14 12:08:02,639 [INFO]      -> [55/174] Cào: https://www.dienmayxanh.com/dien-thoai/realme-15t-5g-8gb-256gb
2026-04-14 12:08:14,317 [INFO]  -> Cào: https://www.dienmayxanh.com/dien-thoai/samsung-galaxy-s25-ultra
2026-04-14 12:08:14,317 [INFO]      -> [56/174] Cào: https://www.dienmayxanh.com/dien-thoai/samsung-galaxy-s25-ultra
2026-04-14 12:08:44,339 [INFO]  -> Cào: https://www.dienmayxanh.com/dien-thoai/iphone-air
2026-04-14 12:08:44,339 [INFO]      -> [57/174] Cào: https://www.dienmayxanh.com/dien-thoai/iphone-air
2026-04-14 12:09:14,889 [INFO]  --- Đã lưu 24 review vào dmx_reviews_output\smartphone_integrated.jsonl
2026-04-14 12:09:16,241 [INFO]  -> Cào: https://www.dienmayxanh.com/dien-thoai/realme-p4-power-5g-12gb-256gb
2026-04-14 12:09:16,242 [INFO]      -> [58/174] Cào: https://www.dienmayxanh.com/dien-thoai/realme-p4-power-5g-12gb-256gb
2026-04-14 12:09:56,058 [WARNING]       [!] Timeout khi tải https://www.dienmayxanh.com/dien-thoai/realme-p4-power-5g-12gb-256gb, vẫn cố gắng lấy dữ liệu hiện có.
2026-04-14 12:10:00,212 [INFO]  -> Cào: https://www.dienmayxanh.com/dien-thoai/xiaomi-redmi-13x
2026-04-14 12:10:00,212 [INFO]      -> [59/174] Cào: https://www.dienmayxanh.com/dien-thoai/xiaomi-redmi-13x
2026-04-14 12:10:31,182 [INFO]  -> Cào: https://www.dienmayxanh.com/dien-thoai/iphone-16
2026-04-14 12:10:31,183 [INFO]      -> [60/174] Cào: https://www.dienmayxanh.com/dien-thoai/iphone-16
2026-04-14 12:10:38,949 [INFO]  --- Đã lưu 20 review vào dmx_reviews_output\smartphone_integrated.jsonl
2026-04-14 12:10:41,413 [INFO]  -> Cào: https://www.dienmayxanh.com/dien-thoai/xiaomi-redmi-note-14-pro-5g?utm_flashsale=1
2026-04-14 12:10:41,413 [INFO]      -> [61/174] Cào: https://www.dienmayxanh.com/dien-thoai/xiaomi-redmi-note-14-pro-5g?utm_flashsale=1
2026-04-14 12:11:04,275 [INFO]  -> Cào: https://www.dienmayxanh.com/dien-thoai/masstel-s9
2026-04-14 12:11:04,276 [INFO]      -> [62/174] Cào: https://www.dienmayxanh.com/dien-thoai/masstel-s9
2026-04-14 12:11:32,307 [INFO]  --- Đã lưu 26 review vào dmx_reviews_output\smartphone_integrated.jsonl
2026-04-14 12:11:33,865 [INFO]  -> Cào: https://www.dienmayxanh.com/dien-thoai/xiaomi-redmi-note-15-pro-plus-12gb-256gb
2026-04-14 12:11:33,865 [INFO]      -> [63/174] Cào: https://www.dienmayxanh.com/dien-thoai/xiaomi-redmi-note-15-pro-plus-12gb-256gb
2026-04-14 12:11:47,126 [INFO]  -> Cào: https://www.dienmayxanh.com/dien-thoai/samsung-galaxy-s25
2026-04-14 12:11:47,126 [INFO]      -> [64/174] Cào: https://www.dienmayxanh.com/dien-thoai/samsung-galaxy-s25
2026-04-14 12:12:17,134 [WARNING]       [!] Timeout khi tải https://www.dienmayxanh.com/dien-thoai/samsung-galaxy-s25, vẫn cố gắng lấy dữ liệu hiện có.
2026-04-14 12:12:22,854 [INFO]  -> Cào: https://www.dienmayxanh.com/dien-thoai/vivo-v70-12gb-256gb
2026-04-14 12:12:22,855 [INFO]      -> [65/174] Cào: https://www.dienmayxanh.com/dien-thoai/vivo-v70-12gb-256gb
2026-04-14 12:13:10,154 [WARNING]       [!] Timeout khi tải https://www.dienmayxanh.com/dien-thoai/vivo-v70-12gb-256gb, vẫn cố gắng lấy dữ liệu hiện có.
2026-04-14 12:13:16,133 [INFO]  -> Cào: https://www.dienmayxanh.com/dien-thoai/tecno-spark-40c-4gb-128gb
2026-04-14 12:13:16,134 [INFO]      -> [66/174] Cào: https://www.dienmayxanh.com/dien-thoai/tecno-spark-40c-4gb-128gb
2026-04-14 12:13:45,477 [INFO]  -> Cào: https://www.dienmayxanh.com/dien-thoai/mobell-m239
2026-04-14 12:13:45,477 [INFO]      -> [67/174] Cào: https://www.dienmayxanh.com/dien-thoai/mobell-m239
2026-04-14 12:13:59,515 [INFO]  -> Cào: https://www.dienmayxanh.com/dien-thoai/iphone-17e-256gb
2026-04-14 12:13:59,516 [INFO]      -> [68/174] Cào: https://www.dienmayxanh.com/dien-thoai/iphone-17e-256gb
2026-04-14 12:14:27,287 [INFO]  -> Cào: https://www.dienmayxanh.com/dien-thoai/xiaomi-redmi-a5-3gb-64gb
2026-04-14 12:14:27,288 [INFO]      -> [69/174] Cào: https://www.dienmayxanh.com/dien-thoai/xiaomi-redmi-a5-3gb-64gb
2026-04-14 12:14:41,629 [INFO]  --- Đã lưu 21 review vào dmx_reviews_output\smartphone_integrated.jsonl
2026-04-14 12:14:42,844 [INFO]  -> Cào: https://www.dienmayxanh.com/dien-thoai/motorola-moto-g86-5g-8gb-128gb?utm_flashsale=1
2026-04-14 12:14:42,844 [INFO]      -> [70/174] Cào: https://www.dienmayxanh.com/dien-thoai/motorola-moto-g86-5g-8gb-128gb?utm_flashsale=1
2026-04-14 12:15:12,854 [WARNING]       [!] Timeout khi tải https://www.dienmayxanh.com/dien-thoai/motorola-moto-g86-5g-8gb-128gb?utm_flashsale=1, vẫn cố gắng lấy dữ liệu hiện có.
2026-04-14 12:15:20,397 [INFO]  -> Cào: https://www.dienmayxanh.com/dien-thoai/samsung-galaxy-a17-5g-8gb-128gb
2026-04-14 12:15:20,398 [INFO]      -> [71/174] Cào: https://www.dienmayxanh.com/dien-thoai/samsung-galaxy-a17-5g-8gb-128gb
2026-04-14 12:15:49,782 [INFO]  -> Cào: https://www.dienmayxanh.com/dien-thoai/samsung-galaxy-s26-12gb-256gb
2026-04-14 12:15:49,783 [INFO]      -> [72/174] Cào: https://www.dienmayxanh.com/dien-thoai/samsung-galaxy-s26-12gb-256gb
2026-04-14 12:16:19,058 [WARNING]       [!] Timeout khi tải https://www.dienmayxanh.com/dien-thoai/samsung-galaxy-s26-12gb-256gb, vẫn cố gắng lấy dữ liệu hiện có.
2026-04-14 12:16:25,025 [INFO]  -> Cào: https://www.dienmayxanh.com/dien-thoai/mobell-m539
2026-04-14 12:16:25,026 [INFO]      -> [73/174] Cào: https://www.dienmayxanh.com/dien-thoai/mobell-m539
2026-04-14 12:16:34,710 [INFO]  --- Đã lưu 26 review vào dmx_reviews_output\smartphone_integrated.jsonl
2026-04-14 12:16:35,933 [INFO]  -> Cào: https://www.dienmayxanh.com/dien-thoai/oppo-find-x9-12gb-256gb
2026-04-14 12:16:35,933 [INFO]      -> [74/174] Cào: https://www.dienmayxanh.com/dien-thoai/oppo-find-x9-12gb-256gb
2026-04-14 12:17:06,759 [INFO]  -> Cào: https://www.dienmayxanh.com/dien-thoai/samsung-galaxy-s26-plus-12gb-256gb
2026-04-14 12:17:06,760 [INFO]      -> [75/174] Cào: https://www.dienmayxanh.com/dien-thoai/samsung-galaxy-s26-plus-12gb-256gb
2026-04-14 12:17:33,213 [WARNING]       [!] Timeout khi tải https://www.dienmayxanh.com/dien-thoai/samsung-galaxy-s26-plus-12gb-256gb, vẫn cố gắng lấy dữ liệu hiện có.
2026-04-14 12:17:38,739 [INFO]  -> Cào: https://www.dienmayxanh.com/dien-thoai/mobell-m331
2026-04-14 12:17:38,739 [INFO]      -> [76/174] Cào: https://www.dienmayxanh.com/dien-thoai/mobell-m331
2026-04-14 12:17:49,137 [INFO]  --- Đã lưu 20 review vào dmx_reviews_output\smartphone_integrated.jsonl
2026-04-14 12:17:50,816 [INFO]  -> Cào: https://www.dienmayxanh.com/dien-thoai/xiaomi-17
2026-04-14 12:17:50,816 [INFO]      -> [77/174] Cào: https://www.dienmayxanh.com/dien-thoai/xiaomi-17
2026-04-14 12:18:11,354 [INFO]  -> Cào: https://www.dienmayxanh.com/dien-thoai/iphone-16-plus
2026-04-14 12:18:11,354 [INFO]      -> [78/174] Cào: https://www.dienmayxanh.com/dien-thoai/iphone-16-plus
2026-04-14 12:18:25,490 [INFO]  -> Cào: https://www.dienmayxanh.com/dien-thoai/realme-16-pro-5g-12gb-256gb
2026-04-14 12:18:25,491 [INFO]      -> [79/174] Cào: https://www.dienmayxanh.com/dien-thoai/realme-16-pro-5g-12gb-256gb
2026-04-14 12:18:43,109 [INFO]  -> Cào: https://www.dienmayxanh.com/dien-thoai/xiaomi-redmi-note-15-6gb-128gb
2026-04-14 12:18:43,109 [INFO]      -> [80/174] Cào: https://www.dienmayxanh.com/dien-thoai/xiaomi-redmi-note-15-6gb-128gb
2026-04-14 12:18:51,572 [INFO]  -> Cào: https://www.dienmayxanh.com/dien-thoai/honor-x5c-plus-4gb-64gb
2026-04-14 12:18:51,572 [INFO]      -> [81/174] Cào: https://www.dienmayxanh.com/dien-thoai/honor-x5c-plus-4gb-64gb
2026-04-14 12:19:04,993 [INFO]  -> Cào: https://www.dienmayxanh.com/dien-thoai/samsung-galaxy-s25-fe-5g-8gb-128gb
2026-04-14 12:19:04,994 [INFO]      -> [82/174] Cào: https://www.dienmayxanh.com/dien-thoai/samsung-galaxy-s25-fe-5g-8gb-128gb
2026-04-14 12:19:17,211 [INFO]  -> Cào: https://www.dienmayxanh.com/dien-thoai/samsung-galaxy-a26-8gb-128gb
2026-04-14 12:19:17,211 [INFO]      -> [83/174] Cào: https://www.dienmayxanh.com/dien-thoai/samsung-galaxy-a26-8gb-128gb
2026-04-14 12:19:30,922 [INFO]  -> Cào: https://www.dienmayxanh.com/dien-thoai/motorola-g57-power-5g-8gb-128gb
2026-04-14 12:19:30,922 [INFO]      -> [84/174] Cào: https://www.dienmayxanh.com/dien-thoai/motorola-g57-power-5g-8gb-128gb
2026-04-14 12:19:41,587 [INFO]  -> Cào: https://www.dienmayxanh.com/dien-thoai/mobell-f209
2026-04-14 12:19:41,588 [INFO]      -> [85/174] Cào: https://www.dienmayxanh.com/dien-thoai/mobell-f209
2026-04-14 12:19:53,963 [INFO]  --- Đã lưu 24 review vào dmx_reviews_output\smartphone_integrated.jsonl
2026-04-14 12:19:55,048 [INFO]  -> Cào: https://www.dienmayxanh.com/dien-thoai/vivo-v50-lite
2026-04-14 12:19:55,048 [INFO]      -> [86/174] Cào: https://www.dienmayxanh.com/dien-thoai/vivo-v50-lite
2026-04-14 12:20:23,778 [INFO]  -> Cào: https://www.dienmayxanh.com/dien-thoai/nubia-a36-4gb-64gb
2026-04-14 12:20:23,779 [INFO]      -> [87/174] Cào: https://www.dienmayxanh.com/dien-thoai/nubia-a36-4gb-64gb
2026-04-14 12:20:53,793 [WARNING]       [!] Timeout khi tải https://www.dienmayxanh.com/dien-thoai/nubia-a36-4gb-64gb, vẫn cố gắng lấy dữ liệu hiện có.
2026-04-14 12:20:58,471 [INFO]  -> Cào: https://www.dienmayxanh.com/dien-thoai/xiaomi-poco-x7-pro-12-256gb
2026-04-14 12:20:58,471 [INFO]      -> [88/174] Cào: https://www.dienmayxanh.com/dien-thoai/xiaomi-poco-x7-pro-12-256gb
2026-04-14 12:21:28,495 [WARNING]       [!] Timeout khi tải https://www.dienmayxanh.com/dien-thoai/xiaomi-poco-x7-pro-12-256gb, vẫn cố gắng lấy dữ liệu hiện có.
2026-04-14 12:21:34,590 [INFO]  -> Cào: https://www.dienmayxanh.com/dien-thoai/vivo-v50-lite-5g?utm_flashsale=1
2026-04-14 12:21:34,590 [INFO]      -> [89/174] Cào: https://www.dienmayxanh.com/dien-thoai/vivo-v50-lite-5g?utm_flashsale=1
2026-04-14 12:22:04,601 [WARNING]       [!] Timeout khi tải https://www.dienmayxanh.com/dien-thoai/vivo-v50-lite-5g?utm_flashsale=1, vẫn cố gắng lấy dữ liệu hiện có.
2026-04-14 12:22:11,736 [INFO]  -> Cào: https://www.dienmayxanh.com/dien-thoai/honor-x7d-5g-8gb-256gb?utm_flashsale=1
2026-04-14 12:22:11,737 [INFO]      -> [90/174] Cào: https://www.dienmayxanh.com/dien-thoai/honor-x7d-5g-8gb-256gb?utm_flashsale=1
2026-04-14 12:22:27,663 [INFO]  -> Cào: https://www.dienmayxanh.com/dien-thoai/xiaomi-redmi-a7-pro
2026-04-14 12:22:27,664 [INFO]      -> [91/174] Cào: https://www.dienmayxanh.com/dien-thoai/xiaomi-redmi-a7-pro
2026-04-14 12:22:57,686 [WARNING]       [!] Timeout khi tải https://www.dienmayxanh.com/dien-thoai/xiaomi-redmi-a7-pro, vẫn cố gắng lấy dữ liệu hiện có.
2026-04-14 12:23:02,889 [INFO]  -> Cào: https://www.dienmayxanh.com/dien-thoai/motorola-edge-60-fusion-8gb-256gb?utm_flashsale=1
2026-04-14 12:23:02,889 [INFO]      -> [92/174] Cào: https://www.dienmayxanh.com/dien-thoai/motorola-edge-60-fusion-8gb-256gb?utm_flashsale=1
2026-04-14 12:23:32,912 [WARNING]       [!] Timeout khi tải https://www.dienmayxanh.com/dien-thoai/motorola-edge-60-fusion-8gb-256gb?utm_flashsale=1, vẫn cố gắng lấy dữ liệu hiện có.
2026-04-14 12:23:37,007 [INFO]  --- Đã lưu 24 review vào dmx_reviews_output\smartphone_integrated.jsonl
2026-04-14 12:23:39,898 [INFO]  -> Cào: https://www.dienmayxanh.com/dien-thoai/xiaomi-redmi-note-14-pro?utm_flashsale=1
2026-04-14 12:23:39,898 [INFO]      -> [93/174] Cào: https://www.dienmayxanh.com/dien-thoai/xiaomi-redmi-note-14-pro?utm_flashsale=1
2026-04-14 12:24:09,919 [WARNING]       [!] Timeout khi tải https://www.dienmayxanh.com/dien-thoai/xiaomi-redmi-note-14-pro?utm_flashsale=1, vẫn cố gắng lấy dữ liệu hiện có.
2026-04-14 12:24:15,419 [INFO]  -> Cào: https://www.dienmayxanh.com/dien-thoai/oppo-a5-pro-5g
2026-04-14 12:24:15,420 [INFO]      -> [94/174] Cào: https://www.dienmayxanh.com/dien-thoai/oppo-a5-pro-5g
2026-04-14 12:24:45,437 [WARNING]       [!] Timeout khi tải https://www.dienmayxanh.com/dien-thoai/oppo-a5-pro-5g, vẫn cố gắng lấy dữ liệu hiện có.
2026-04-14 12:24:49,819 [INFO]  --- Đã lưu 20 review vào dmx_reviews_output\smartphone_integrated.jsonl
2026-04-14 12:24:52,591 [INFO]  -> Cào: https://www.dienmayxanh.com/dien-thoai/samsung-galaxy-s24-256gb-5g?utm_flashsale=1
2026-04-14 12:24:52,591 [INFO]      -> [95/174] Cào: https://www.dienmayxanh.com/dien-thoai/samsung-galaxy-s24-256gb-5g?utm_flashsale=1
2026-04-14 12:25:22,597 [WARNING]       [!] Timeout khi tải https://www.dienmayxanh.com/dien-thoai/samsung-galaxy-s24-256gb-5g?utm_flashsale=1, vẫn cố gắng lấy dữ liệu hiện có.
2026-04-14 12:25:29,435 [INFO]  -> Cào: https://www.dienmayxanh.com/dien-thoai/xiaomi-poco-x8-pro-8gb-256gb
2026-04-14 12:25:29,436 [INFO]      -> [96/174] Cào: https://www.dienmayxanh.com/dien-thoai/xiaomi-poco-x8-pro-8gb-256gb
2026-04-14 12:25:59,453 [WARNING]       [!] Timeout khi tải https://www.dienmayxanh.com/dien-thoai/xiaomi-poco-x8-pro-8gb-256gb, vẫn cố gắng lấy dữ liệu hiện có.
2026-04-14 12:26:03,966 [INFO]  --- Đã lưu 20 review vào dmx_reviews_output\smartphone_integrated.jsonl
2026-04-14 12:26:05,491 [INFO]  -> Cào: https://www.dienmayxanh.com/dien-thoai/xiaomi-redmi-note-15-5g-6gb-128gb
2026-04-14 12:26:05,492 [INFO]      -> [97/174] Cào: https://www.dienmayxanh.com/dien-thoai/xiaomi-redmi-note-15-5g-6gb-128gb
2026-04-14 12:26:35,512 [WARNING]       [!] Timeout khi tải https://www.dienmayxanh.com/dien-thoai/xiaomi-redmi-note-15-5g-6gb-128gb, vẫn cố gắng lấy dữ liệu hiện có.
2026-04-14 12:26:40,424 [INFO]  -> Cào: https://www.dienmayxanh.com/dien-thoai/xiaomi-15t-12gb-512gb
2026-04-14 12:26:40,424 [INFO]      -> [98/174] Cào: https://www.dienmayxanh.com/dien-thoai/xiaomi-15t-12gb-512gb
2026-04-14 12:27:10,435 [WARNING]       [!] Timeout khi tải https://www.dienmayxanh.com/dien-thoai/xiaomi-15t-12gb-512gb, vẫn cố gắng lấy dữ liệu hiện có.
2026-04-14 12:27:16,606 [INFO]  -> Cào: https://www.dienmayxanh.com/dien-thoai/realme-c75x-6gb-128gb
2026-04-14 12:27:16,606 [INFO]      -> [99/174] Cào: https://www.dienmayxanh.com/dien-thoai/realme-c75x-6gb-128gb
2026-04-14 12:27:46,624 [WARNING]       [!] Timeout khi tải https://www.dienmayxanh.com/dien-thoai/realme-c75x-6gb-128gb, vẫn cố gắng lấy dữ liệu hiện có.
2026-04-14 12:27:51,892 [INFO]  -> Cào: https://www.dienmayxanh.com/dien-thoai/honor-x9c-smart?utm_flashsale=1
2026-04-14 12:27:51,893 [INFO]      -> [100/174] Cào: https://www.dienmayxanh.com/dien-thoai/honor-x9c-smart?utm_flashsale=1
2026-04-14 12:28:21,922 [WARNING]       [!] Timeout khi tải https://www.dienmayxanh.com/dien-thoai/honor-x9c-smart?utm_flashsale=1, vẫn cố gắng lấy dữ liệu hiện có.
2026-04-14 12:28:25,997 [INFO]  --- Đã lưu 22 review vào dmx_reviews_output\smartphone_integrated.jsonl
2026-04-14 12:28:28,888 [INFO]  -> Cào: https://www.dienmayxanh.com/dien-thoai/xiaomi-17-ultra
2026-04-14 12:28:28,889 [INFO]      -> [101/174] Cào: https://www.dienmayxanh.com/dien-thoai/xiaomi-17-ultra
2026-04-14 12:28:58,924 [WARNING]       [!] Timeout khi tải https://www.dienmayxanh.com/dien-thoai/xiaomi-17-ultra, vẫn cố gắng lấy dữ liệu hiện có.
2026-04-14 12:29:04,112 [INFO]  -> Cào: https://www.dienmayxanh.com/dien-thoai/motorola-edge-70-8gb-256gb
2026-04-14 12:29:04,112 [INFO]      -> [102/174] Cào: https://www.dienmayxanh.com/dien-thoai/motorola-edge-70-8gb-256gb
2026-04-14 12:29:34,123 [WARNING]       [!] Timeout khi tải https://www.dienmayxanh.com/dien-thoai/motorola-edge-70-8gb-256gb, vẫn cố gắng lấy dữ liệu hiện có.
2026-04-14 12:29:39,584 [INFO]  -> Cào: https://www.dienmayxanh.com/dien-thoai/xiaomi-poco-m8-8gb-256gb
2026-04-14 12:29:39,585 [INFO]      -> [103/174] Cào: https://www.dienmayxanh.com/dien-thoai/xiaomi-poco-m8-8gb-256gb
2026-04-14 12:30:09,591 [WARNING]       [!] Timeout khi tải https://www.dienmayxanh.com/dien-thoai/xiaomi-poco-m8-8gb-256gb, vẫn cố gắng lấy dữ liệu hiện có.
2026-04-14 12:30:15,251 [INFO]  -> Cào: https://www.dienmayxanh.com/dien-thoai/samsung-galaxy-a57-8gb-128gb
2026-04-14 12:30:15,252 [INFO]      -> [104/174] Cào: https://www.dienmayxanh.com/dien-thoai/samsung-galaxy-a57-8gb-128gb
2026-04-14 12:30:45,261 [WARNING]       [!] Timeout khi tải https://www.dienmayxanh.com/dien-thoai/samsung-galaxy-a57-8gb-128gb, vẫn cố gắng lấy dữ liệu hiện có.
2026-04-14 12:30:50,612 [INFO]  -> Cào: https://www.dienmayxanh.com/dien-thoai/samsung-galaxy-z-flip7
2026-04-14 12:30:50,613 [INFO]      -> [105/174] Cào: https://www.dienmayxanh.com/dien-thoai/samsung-galaxy-z-flip7
2026-04-14 12:31:20,638 [WARNING]       [!] Timeout khi tải https://www.dienmayxanh.com/dien-thoai/samsung-galaxy-z-flip7, vẫn cố gắng lấy dữ liệu hiện có.
2026-04-14 12:31:25,021 [INFO]  -> Cào: https://www.dienmayxanh.com/dien-thoai/oppo-find-x9-pro-16gb-512gb
2026-04-14 12:31:25,021 [INFO]      -> [106/174] Cào: https://www.dienmayxanh.com/dien-thoai/oppo-find-x9-pro-16gb-512gb
2026-04-14 12:31:55,035 [WARNING]       [!] Timeout khi tải https://www.dienmayxanh.com/dien-thoai/oppo-find-x9-pro-16gb-512gb, vẫn cố gắng lấy dữ liệu hiện có.
2026-04-14 12:32:00,777 [INFO]  -> Cào: https://www.dienmayxanh.com/dien-thoai/vivo-v60-12gb-256gb?utm_flashsale=1
2026-04-14 12:32:00,778 [INFO]      -> [107/174] Cào: https://www.dienmayxanh.com/dien-thoai/vivo-v60-12gb-256gb?utm_flashsale=1
2026-04-14 12:32:30,797 [WARNING]       [!] Timeout khi tải https://www.dienmayxanh.com/dien-thoai/vivo-v60-12gb-256gb?utm_flashsale=1, vẫn cố gắng lấy dữ liệu hiện có.
2026-04-14 12:32:36,756 [INFO]  -> Cào: https://www.dienmayxanh.com/dien-thoai/realme-c85-5g-8gb-128gb
2026-04-14 12:32:36,756 [INFO]      -> [108/174] Cào: https://www.dienmayxanh.com/dien-thoai/realme-c85-5g-8gb-128gb
2026-04-14 12:33:06,780 [WARNING]       [!] Timeout khi tải https://www.dienmayxanh.com/dien-thoai/realme-c85-5g-8gb-128gb, vẫn cố gắng lấy dữ liệu hiện có.
2026-04-14 12:33:12,087 [INFO]  -> Cào: https://www.dienmayxanh.com/dien-thoai/honor-x8d-8gb-128gb
2026-04-14 12:33:12,087 [INFO]      -> [109/174] Cào: https://www.dienmayxanh.com/dien-thoai/honor-x8d-8gb-128gb
2026-04-14 12:33:42,099 [WARNING]       [!] Timeout khi tải https://www.dienmayxanh.com/dien-thoai/honor-x8d-8gb-128gb, vẫn cố gắng lấy dữ liệu hiện có.
2026-04-14 12:33:47,329 [INFO]  -> Cào: https://www.dienmayxanh.com/dien-thoai/honor-x6c-6gb-128gb
2026-04-14 12:33:47,330 [INFO]      -> [110/174] Cào: https://www.dienmayxanh.com/dien-thoai/honor-x6c-6gb-128gb
2026-04-14 12:34:17,361 [WARNING]       [!] Timeout khi tải https://www.dienmayxanh.com/dien-thoai/honor-x6c-6gb-128gb, vẫn cố gắng lấy dữ liệu hiện có.
2026-04-14 12:34:23,441 [INFO]  -> Cào: https://www.dienmayxanh.com/dien-thoai/vivo-x300
2026-04-14 12:34:23,441 [INFO]      -> [111/174] Cào: https://www.dienmayxanh.com/dien-thoai/vivo-x300
2026-04-14 12:34:53,459 [WARNING]       [!] Timeout khi tải https://www.dienmayxanh.com/dien-thoai/vivo-x300, vẫn cố gắng lấy dữ liệu hiện có.
2026-04-14 12:34:58,490 [INFO]  -> Cào: https://www.dienmayxanh.com/dien-thoai/tecno-pova-7-8gb-256gb
2026-04-14 12:34:58,491 [INFO]      -> [112/174] Cào: https://www.dienmayxanh.com/dien-thoai/tecno-pova-7-8gb-256gb
2026-04-14 12:35:10,257 [INFO]  -> Cào: https://www.dienmayxanh.com/dien-thoai/vivo-y29-8gb-128gb
2026-04-14 12:35:10,257 [INFO]      -> [113/174] Cào: https://www.dienmayxanh.com/dien-thoai/vivo-y29-8gb-128gb
2026-04-14 12:35:19,234 [INFO]  --- Đã lưu 26 review vào dmx_reviews_output\smartphone_integrated.jsonl
2026-04-14 12:35:21,399 [INFO]  -> Cào: https://www.dienmayxanh.com/dien-thoai/honor-x7d-8gb-128gb
2026-04-14 12:35:21,400 [INFO]      -> [114/174] Cào: https://www.dienmayxanh.com/dien-thoai/honor-x7d-8gb-128gb
2026-04-14 12:35:32,084 [INFO]  -> Cào: https://www.dienmayxanh.com/dien-thoai/iphone-16e
2026-04-14 12:35:32,084 [INFO]      -> [115/174] Cào: https://www.dienmayxanh.com/dien-thoai/iphone-16e
2026-04-14 12:35:42,259 [INFO]  -> Cào: https://www.dienmayxanh.com/dien-thoai/realme-15-5g-12gb-256gb?utm_flashsale=1
2026-04-14 12:35:42,259 [INFO]      -> [116/174] Cào: https://www.dienmayxanh.com/dien-thoai/realme-15-5g-12gb-256gb?utm_flashsale=1
2026-04-14 12:35:51,076 [INFO]  -> Cào: https://www.dienmayxanh.com/dien-thoai/xiaomi-15t-pro-12gb-1tb
2026-04-14 12:35:51,076 [INFO]      -> [117/174] Cào: https://www.dienmayxanh.com/dien-thoai/xiaomi-15t-pro-12gb-1tb
2026-04-14 12:36:00,105 [INFO]  -> Cào: https://www.dienmayxanh.com/dien-thoai/honor-x5c-4gb-64gb
2026-04-14 12:36:00,105 [INFO]      -> [118/174] Cào: https://www.dienmayxanh.com/dien-thoai/honor-x5c-4gb-64gb
2026-04-14 12:36:10,524 [INFO]  -> Cào: https://www.dienmayxanh.com/dien-thoai/oppo-a6t-4gb-64gb
2026-04-14 12:36:10,524 [INFO]      -> [119/174] Cào: https://www.dienmayxanh.com/dien-thoai/oppo-a6t-4gb-64gb
2026-04-14 12:36:19,285 [INFO]  -> Cào: https://www.dienmayxanh.com/dien-thoai/realme-note-60x
2026-04-14 12:36:19,286 [INFO]      -> [120/174] Cào: https://www.dienmayxanh.com/dien-thoai/realme-note-60x
2026-04-14 12:36:27,085 [INFO]  -> Cào: https://www.dienmayxanh.com/dien-thoai/mobell-rock-7
2026-04-14 12:36:27,086 [INFO]      -> [121/174] Cào: https://www.dienmayxanh.com/dien-thoai/mobell-rock-7
2026-04-14 12:36:37,151 [INFO]  -> Cào: https://www.dienmayxanh.com/dien-thoai/masstel-izi-10
2026-04-14 12:36:37,153 [INFO]      -> [122/174] Cào: https://www.dienmayxanh.com/dien-thoai/masstel-izi-10
2026-04-14 12:36:49,216 [INFO]  --- Đã lưu 21 review vào dmx_reviews_output\smartphone_integrated.jsonl
2026-04-14 12:36:51,936 [INFO]  -> Cào: https://www.dienmayxanh.com/dien-thoai/honor-400-lite?utm_flashsale=1
2026-04-14 12:36:51,936 [INFO]      -> [123/174] Cào: https://www.dienmayxanh.com/dien-thoai/honor-400-lite?utm_flashsale=1
2026-04-14 12:37:29,467 [INFO]  -> Cào: https://www.dienmayxanh.com/dien-thoai/honor-x9d-5g-12gb-256gb?utm_flashsale=1
2026-04-14 12:37:29,467 [INFO]      -> [124/174] Cào: https://www.dienmayxanh.com/dien-thoai/honor-x9d-5g-12gb-256gb?utm_flashsale=1
2026-04-14 12:37:38,588 [INFO]  --- Đã lưu 20 review vào dmx_reviews_output\smartphone_integrated.jsonl
2026-04-14 12:37:40,403 [INFO]  -> Cào: https://www.dienmayxanh.com/dien-thoai/nokia-3210-4g
2026-04-14 12:37:40,403 [INFO]      -> [125/174] Cào: https://www.dienmayxanh.com/dien-thoai/nokia-3210-4g
2026-04-14 12:38:05,217 [INFO]  -> Cào: https://www.dienmayxanh.com/dien-thoai/oppo-find-n3-flip-hong
2026-04-14 12:38:05,218 [INFO]      -> [126/174] Cào: https://www.dienmayxanh.com/dien-thoai/oppo-find-n3-flip-hong
2026-04-14 12:38:15,378 [INFO]  --- Đã lưu 20 review vào dmx_reviews_output\smartphone_integrated.jsonl
2026-04-14 12:38:18,179 [INFO]  -> Cào: https://www.dienmayxanh.com/dien-thoai/honor-400?utm_flashsale=1
2026-04-14 12:38:18,179 [INFO]      -> [127/174] Cào: https://www.dienmayxanh.com/dien-thoai/honor-400?utm_flashsale=1
2026-04-14 12:38:27,808 [INFO]  -> Cào: https://www.dienmayxanh.com/dien-thoai/xiaomi-17-ultra-limited-leica
2026-04-14 12:38:27,809 [INFO]      -> [128/174] Cào: https://www.dienmayxanh.com/dien-thoai/xiaomi-17-ultra-limited-leica
2026-04-14 12:38:36,896 [INFO]  -> Cào: https://www.dienmayxanh.com/dien-thoai/samsung-galaxy-z-flip7-fe?utm_flashsale=1
2026-04-14 12:38:36,896 [INFO]      -> [129/174] Cào: https://www.dienmayxanh.com/dien-thoai/samsung-galaxy-z-flip7-fe?utm_flashsale=1
2026-04-14 12:39:09,952 [INFO]  -> Cào: https://www.dienmayxanh.com/dien-thoai/motorola-signature-12gb-256gb
2026-04-14 12:39:09,952 [INFO]      -> [130/174] Cào: https://www.dienmayxanh.com/dien-thoai/motorola-signature-12gb-256gb
2026-04-14 12:39:22,240 [INFO]  -> Cào: https://www.dienmayxanh.com/dien-thoai/oppo-find-n6
2026-04-14 12:39:22,240 [INFO]      -> [131/174] Cào: https://www.dienmayxanh.com/dien-thoai/oppo-find-n6
2026-04-14 12:39:44,525 [WARNING]       [!] Timeout khi tải https://www.dienmayxanh.com/dien-thoai/oppo-find-n6, vẫn cố gắng lấy dữ liệu hiện có.
2026-04-14 12:39:49,766 [INFO]  -> Cào: https://www.dienmayxanh.com/dien-thoai/masstel-fami-60s
2026-04-14 12:39:49,766 [INFO]      -> [132/174] Cào: https://www.dienmayxanh.com/dien-thoai/masstel-fami-60s
2026-04-14 12:39:59,739 [INFO]  -> Cào: https://www.dienmayxanh.com/dien-thoai/honor-play-10-4gb-128gb
2026-04-14 12:39:59,739 [INFO]      -> [133/174] Cào: https://www.dienmayxanh.com/dien-thoai/honor-play-10-4gb-128gb
2026-04-14 12:40:29,754 [WARNING]       [!] Timeout khi tải https://www.dienmayxanh.com/dien-thoai/honor-play-10-4gb-128gb, vẫn cố gắng lấy dữ liệu hiện có.
2026-04-14 12:40:35,148 [INFO]  -> Cào: https://www.dienmayxanh.com/dien-thoai/oppo-reno13-f-5g-12gb-512gb
2026-04-14 12:40:35,148 [INFO]      -> [134/174] Cào: https://www.dienmayxanh.com/dien-thoai/oppo-reno13-f-5g-12gb-512gb
2026-04-14 12:40:44,089 [INFO]  --- Đã lưu 21 review vào dmx_reviews_output\smartphone_integrated.jsonl
2026-04-14 12:40:46,214 [INFO]  -> Cào: https://www.dienmayxanh.com/dien-thoai/samsung-galaxy-a56-8gb-128gb
2026-04-14 12:40:46,215 [INFO]      -> [135/174] Cào: https://www.dienmayxanh.com/dien-thoai/samsung-galaxy-a56-8gb-128gb
2026-04-14 12:40:58,638 [INFO]  -> Cào: https://www.dienmayxanh.com/dien-thoai/oppo-a5i-pro-8gb-128gb
2026-04-14 12:40:58,639 [INFO]      -> [136/174] Cào: https://www.dienmayxanh.com/dien-thoai/oppo-a5i-pro-8gb-128gb
2026-04-14 12:41:06,836 [INFO]  -> Cào: https://www.dienmayxanh.com/dien-thoai/oppo-a5i-4gb-128gb
2026-04-14 12:41:06,836 [INFO]      -> [137/174] Cào: https://www.dienmayxanh.com/dien-thoai/oppo-a5i-4gb-128gb
2026-04-14 12:41:14,653 [INFO]  -> Cào: https://www.dienmayxanh.com/dien-thoai/vivo-x300-pro
2026-04-14 12:41:14,653 [INFO]      -> [138/174] Cào: https://www.dienmayxanh.com/dien-thoai/vivo-x300-pro
2026-04-14 12:41:26,412 [INFO]  -> Cào: https://www.dienmayxanh.com/dien-thoai/samsung-galaxy-s25-plus
2026-04-14 12:41:26,412 [INFO]      -> [139/174] Cào: https://www.dienmayxanh.com/dien-thoai/samsung-galaxy-s25-plus
2026-04-14 12:41:36,228 [INFO]  -> Cào: https://www.dienmayxanh.com/dien-thoai/motorola-razr-60-8gb-256gb?utm_flashsale=1
2026-04-14 12:41:36,228 [INFO]      -> [140/174] Cào: https://www.dienmayxanh.com/dien-thoai/motorola-razr-60-8gb-256gb?utm_flashsale=1
2026-04-14 12:41:46,067 [INFO]  -> Cào: https://www.dienmayxanh.com/dien-thoai/honor-x5b
2026-04-14 12:41:46,068 [INFO]      -> [141/174] Cào: https://www.dienmayxanh.com/dien-thoai/honor-x5b
2026-04-14 12:41:57,236 [INFO]  --- Đã lưu 21 review vào dmx_reviews_output\smartphone_integrated.jsonl
2026-04-14 12:41:59,612 [INFO]  -> Cào: https://www.dienmayxanh.com/dien-thoai/mobell-f309
2026-04-14 12:41:59,612 [INFO]      -> [142/174] Cào: https://www.dienmayxanh.com/dien-thoai/mobell-f309
2026-04-14 12:42:12,745 [INFO]  -> Cào: https://www.dienmayxanh.com/dien-thoai/masstel-alfa-5
2026-04-14 12:42:12,746 [INFO]      -> [143/174] Cào: https://www.dienmayxanh.com/dien-thoai/masstel-alfa-5
2026-04-14 12:42:21,483 [INFO]  -> Cào: https://www.dienmayxanh.com/dien-thoai/xiaomi-poco-f8-pro-12-512gb
2026-04-14 12:42:21,484 [INFO]      -> [144/174] Cào: https://www.dienmayxanh.com/dien-thoai/xiaomi-poco-f8-pro-12-512gb
2026-04-14 12:42:29,964 [INFO]  -> Cào: https://www.dienmayxanh.com/dien-thoai/samsung-galaxy-s25-edge-5g
2026-04-14 12:42:29,964 [INFO]      -> [145/174] Cào: https://www.dienmayxanh.com/dien-thoai/samsung-galaxy-s25-edge-5g
2026-04-14 12:42:39,507 [INFO]  -> Cào: https://www.dienmayxanh.com/dien-thoai/realme-15-pro-5g-12gb-256gb?utm_flashsale=1
2026-04-14 12:42:39,507 [INFO]      -> [146/174] Cào: https://www.dienmayxanh.com/dien-thoai/realme-15-pro-5g-12gb-256gb?utm_flashsale=1
2026-04-14 12:42:50,683 [INFO]  -> Cào: https://www.dienmayxanh.com/dien-thoai/oppo-find-x8-pro?utm_flashsale=1
2026-04-14 12:42:50,684 [INFO]      -> [147/174] Cào: https://www.dienmayxanh.com/dien-thoai/oppo-find-x8-pro?utm_flashsale=1
2026-04-14 12:43:01,399 [INFO]  -> Cào: https://www.dienmayxanh.com/dien-thoai/vivo-v40-lite-8gb-256gb
2026-04-14 12:43:01,399 [INFO]      -> [148/174] Cào: https://www.dienmayxanh.com/dien-thoai/vivo-v40-lite-8gb-256gb
2026-04-14 12:43:10,630 [INFO]  --- Đã lưu 29 review vào dmx_reviews_output\smartphone_integrated.jsonl
2026-04-14 12:43:13,490 [INFO]  -> Cào: https://www.dienmayxanh.com/dien-thoai/vivo-v40-5g
2026-04-14 12:43:13,490 [INFO]      -> [149/174] Cào: https://www.dienmayxanh.com/dien-thoai/vivo-v40-5g
2026-04-14 12:43:29,311 [INFO]  -> Cào: https://www.dienmayxanh.com/dien-thoai/samsung-galaxy-a06-5g-6gb-128gb?utm_flashsale=1
2026-04-14 12:43:29,311 [INFO]      -> [150/174] Cào: https://www.dienmayxanh.com/dien-thoai/samsung-galaxy-a06-5g-6gb-128gb?utm_flashsale=1
2026-04-14 12:43:59,326 [WARNING]       [!] Timeout khi tải https://www.dienmayxanh.com/dien-thoai/samsung-galaxy-a06-5g-6gb-128gb?utm_flashsale=1, vẫn cố gắng lấy dữ liệu hiện có.
2026-04-14 12:44:03,626 [INFO]  --- Đã lưu 20 review vào dmx_reviews_output\smartphone_integrated.jsonl
2026-04-14 12:44:05,431 [INFO]  -> Cào: https://www.dienmayxanh.com/dien-thoai/vivo-v30e
2026-04-14 12:44:05,432 [INFO]      -> [151/174] Cào: https://www.dienmayxanh.com/dien-thoai/vivo-v30e
2026-04-14 12:44:20,981 [INFO]  -> Cào: https://www.dienmayxanh.com/dien-thoai/realme-c75-8gb-256gb?utm_flashsale=1
2026-04-14 12:44:20,982 [INFO]      -> [152/174] Cào: https://www.dienmayxanh.com/dien-thoai/realme-c75-8gb-256gb?utm_flashsale=1
2026-04-14 12:44:32,993 [INFO]  -> Cào: https://www.dienmayxanh.com/dien-thoai/xiaomi-redmi-note-14-8gb-128gb
2026-04-14 12:44:32,994 [INFO]      -> [153/174] Cào: https://www.dienmayxanh.com/dien-thoai/xiaomi-redmi-note-14-8gb-128gb
2026-04-14 12:44:47,775 [INFO]  --- Đã lưu 29 review vào dmx_reviews_output\smartphone_integrated.jsonl
2026-04-14 12:44:48,917 [INFO]  -> Cào: https://www.dienmayxanh.com/dien-thoai/honor-x8b
2026-04-14 12:44:48,917 [INFO]      -> [154/174] Cào: https://www.dienmayxanh.com/dien-thoai/honor-x8b
2026-04-14 12:45:05,940 [INFO]  -> Cào: https://www.dienmayxanh.com/dien-thoai/samsung-galaxy-a36
2026-04-14 12:45:05,940 [INFO]      -> [155/174] Cào: https://www.dienmayxanh.com/dien-thoai/samsung-galaxy-a36
2026-04-14 12:45:20,498 [INFO]  -> Cào: https://www.dienmayxanh.com/dien-thoai/oppo-reno14-5g
2026-04-14 12:45:20,499 [INFO]      -> [156/174] Cào: https://www.dienmayxanh.com/dien-thoai/oppo-reno14-5g
2026-04-14 12:45:31,170 [INFO]  --- Đã lưu 22 review vào dmx_reviews_output\smartphone_integrated.jsonl
2026-04-14 12:45:32,576 [INFO]  -> Cào: https://www.dienmayxanh.com/dien-thoai/oppo-reno14-f-5g-8gb-256gb-hong
2026-04-14 12:45:32,576 [INFO]      -> [157/174] Cào: https://www.dienmayxanh.com/dien-thoai/oppo-reno14-f-5g-8gb-256gb-hong
2026-04-14 12:45:40,768 [INFO]  -> Cào: https://www.dienmayxanh.com/dien-thoai/honor-magic-v5-5g-16gb-512gb
2026-04-14 12:45:40,768 [INFO]      -> [158/174] Cào: https://www.dienmayxanh.com/dien-thoai/honor-magic-v5-5g-16gb-512gb
2026-04-14 12:45:50,890 [INFO]  -> Cào: https://www.dienmayxanh.com/dien-thoai/iphone-14-plus-512gb?utm_flashsale=1
2026-04-14 12:45:50,890 [INFO]      -> [159/174] Cào: https://www.dienmayxanh.com/dien-thoai/iphone-14-plus-512gb?utm_flashsale=1
2026-04-14 12:45:59,379 [INFO]  -> Cào: https://www.dienmayxanh.com/dien-thoai/iphone-15-pro-max-1tb?utm_flashsale=1
2026-04-14 12:45:59,379 [INFO]      -> [160/174] Cào: https://www.dienmayxanh.com/dien-thoai/iphone-15-pro-max-1tb?utm_flashsale=1
2026-04-14 12:46:07,445 [INFO]  --- Đã lưu 21 review vào dmx_reviews_output\smartphone_integrated.jsonl
2026-04-14 12:46:10,013 [INFO]  -> Cào: https://www.dienmayxanh.com/dien-thoai/vivo-y03
2026-04-14 12:46:10,249 [INFO]      -> [161/174] Cào: https://www.dienmayxanh.com/dien-thoai/vivo-y03
2026-04-14 12:46:23,147 [INFO]  -> Cào: https://www.dienmayxanh.com/dien-thoai/oppo-a60-256gb
2026-04-14 12:46:23,147 [INFO]      -> [162/174] Cào: https://www.dienmayxanh.com/dien-thoai/oppo-a60-256gb
2026-04-14 12:46:44,896 [INFO]  --- Đã lưu 20 review vào dmx_reviews_output\smartphone_integrated.jsonl
2026-04-14 12:46:46,703 [INFO]  -> Cào: https://www.dienmayxanh.com/dien-thoai/vivo-y28-256gb
2026-04-14 12:46:46,703 [INFO]      -> [163/174] Cào: https://www.dienmayxanh.com/dien-thoai/vivo-y28-256gb
2026-04-14 12:47:00,228 [INFO]  -> Cào: https://www.dienmayxanh.com/dien-thoai/oppo-a3x-6gb-128gb
2026-04-14 12:47:00,228 [INFO]      -> [164/174] Cào: https://www.dienmayxanh.com/dien-thoai/oppo-a3x-6gb-128gb
2026-04-14 12:47:12,438 [INFO]  -> Cào: https://www.dienmayxanh.com/dien-thoai/samsung-galaxy-a16?utm_flashsale=1
2026-04-14 12:47:12,439 [INFO]      -> [165/174] Cào: https://www.dienmayxanh.com/dien-thoai/samsung-galaxy-a16?utm_flashsale=1
2026-04-14 12:47:25,475 [INFO]  --- Đã lưu 24 review vào dmx_reviews_output\smartphone_integrated.jsonl
2026-04-14 12:47:27,125 [INFO]  -> Cào: https://www.dienmayxanh.com/dien-thoai/samsung-galaxy-a16-5g?utm_flashsale=1
2026-04-14 12:47:27,125 [INFO]      -> [166/174] Cào: https://www.dienmayxanh.com/dien-thoai/samsung-galaxy-a16-5g?utm_flashsale=1
2026-04-14 12:47:39,916 [INFO]  -> Cào: https://www.dienmayxanh.com/dien-thoai/realme-14-5g
2026-04-14 12:47:39,947 [INFO]      -> [167/174] Cào: https://www.dienmayxanh.com/dien-thoai/realme-14-5g
2026-04-14 12:48:09,977 [WARNING]       [!] Timeout khi tải https://www.dienmayxanh.com/dien-thoai/realme-14-5g, vẫn cố gắng lấy dữ liệu hiện có.
2026-04-14 12:48:15,045 [INFO]  -> Cào: https://www.dienmayxanh.com/dien-thoai/xiaomi-redmi-note-14-pro-plus-5g-12gb-512gb?utm_flashsale=1
2026-04-14 12:48:15,045 [INFO]      -> [168/174] Cào: https://www.dienmayxanh.com/dien-thoai/xiaomi-redmi-note-14-pro-plus-5g-12gb-512gb?utm_flashsale=1
2026-04-14 12:48:36,033 [INFO]  --- Đã lưu 24 review vào dmx_reviews_output\smartphone_integrated.jsonl
2026-04-14 12:48:38,930 [INFO]  -> Cào: https://www.dienmayxanh.com/dien-thoai/samsung-galaxy-z-fold7
2026-04-14 12:48:38,931 [INFO]      -> [169/174] Cào: https://www.dienmayxanh.com/dien-thoai/samsung-galaxy-z-fold7
2026-04-14 12:48:47,943 [INFO]  -> Cào: https://www.dienmayxanh.com/dien-thoai/xiaomi-15t-pro-5g-12gb-512gb
2026-04-14 12:48:47,943 [INFO]      -> [170/174] Cào: https://www.dienmayxanh.com/dien-thoai/xiaomi-15t-pro-5g-12gb-512gb
2026-04-14 12:48:58,260 [INFO]  -> Cào: https://www.dienmayxanh.com/dien-thoai/xiaomi-15t-5g-12gb-256gb-den
2026-04-14 12:48:58,260 [INFO]      -> [171/174] Cào: https://www.dienmayxanh.com/dien-thoai/xiaomi-15t-5g-12gb-256gb-den
2026-04-14 12:49:08,367 [INFO]  -> Cào: https://www.dienmayxanh.com/dien-thoai/x300-ultra
2026-04-14 12:49:08,367 [INFO]      -> [172/174] Cào: https://www.dienmayxanh.com/dien-thoai/x300-ultra
2026-04-14 12:49:32,059 [WARNING]       [!] Timeout khi tải https://www.dienmayxanh.com/dien-thoai/x300-ultra, vẫn cố gắng lấy dữ liệu hiện có.
2026-04-14 12:49:36,885 [INFO]  -> Cào: https://www.dienmayxanh.com/dien-thoai/tecno-spark-go-3-4gb-64gb
2026-04-14 12:49:36,886 [INFO]      -> [173/174] Cào: https://www.dienmayxanh.com/dien-thoai/tecno-spark-go-3-4gb-64gb
2026-04-14 12:49:50,522 [INFO]  -> Cào: https://www.dienmayxanh.com/dien-thoai/xiaomi-poco-c71-4gb-64gb
2026-04-14 12:49:50,522 [INFO]      -> [174/174] Cào: https://www.dienmayxanh.com/dien-thoai/xiaomi-poco-c71-4gb-64gb
2026-04-14 12:49:58,442 [INFO]  đang xử lý file: television_integrated.csv
2026-04-14 12:49:58,466 [INFO]  -> Cào: https://www.dienmayxanh.com/tivi/google-tivi-sony-4k-55-inch-k-55s25vm2?utm_flashsale=1
2026-04-14 12:49:58,466 [INFO]      -> [1/180] Cào: https://www.dienmayxanh.com/tivi/google-tivi-sony-4k-55-inch-k-55s25vm2?utm_flashsale=1
2026-04-14 12:50:06,740 [INFO]  -> Cào: https://www.dienmayxanh.com/tivi/smart-tivi-toshiba-fhd-43-inch-43v35rp?utm_flashsale=1
2026-04-14 12:50:06,741 [INFO]      -> [2/180] Cào: https://www.dienmayxanh.com/tivi/smart-tivi-toshiba-fhd-43-inch-43v35rp?utm_flashsale=1
2026-04-14 12:50:36,749 [WARNING]       [!] Timeout khi tải https://www.dienmayxanh.com/tivi/smart-tivi-toshiba-fhd-43-inch-43v35rp?utm_flashsale=1, vẫn cố gắng lấy dữ liệu hiện có.
2026-04-14 12:50:42,074 [INFO]  -> Cào: https://www.dienmayxanh.com/tivi/smart-tivi-toshiba-ai-4k-43-inch-43c350rp?utm_flashsale=1
2026-04-14 12:50:42,074 [INFO]      -> [3/180] Cào: https://www.dienmayxanh.com/tivi/smart-tivi-toshiba-ai-4k-43-inch-43c350rp?utm_flashsale=1
2026-04-14 12:51:12,087 [WARNING]       [!] Timeout khi tải https://www.dienmayxanh.com/tivi/smart-tivi-toshiba-ai-4k-43-inch-43c350rp?utm_flashsale=1, vẫn cố gắng lấy dữ liệu hiện có.
2026-04-14 12:51:17,805 [INFO]  -> Cào: https://www.dienmayxanh.com/tivi/smart-tivi-toshiba-ai-4k-55-inch-55c350rp?utm_flashsale=1
2026-04-14 12:51:17,805 [INFO]      -> [4/180] Cào: https://www.dienmayxanh.com/tivi/smart-tivi-toshiba-ai-4k-55-inch-55c350rp?utm_flashsale=1
2026-04-14 12:51:28,849 [INFO]  -> Cào: https://www.dienmayxanh.com/tivi/smart-tivi-qled-samsung-ai-4k-65-inch-qa65q8f5
2026-04-14 12:51:28,849 [INFO]      -> [5/180] Cào: https://www.dienmayxanh.com/tivi/smart-tivi-qled-samsung-ai-4k-65-inch-qa65q8f5
2026-04-14 12:51:58,866 [WARNING]       [!] Timeout khi tải https://www.dienmayxanh.com/tivi/smart-tivi-qled-samsung-ai-4k-65-inch-qa65q8f5, vẫn cố gắng lấy dữ liệu hiện có.
2026-04-14 12:52:04,595 [INFO]  -> Cào: https://www.dienmayxanh.com/tivi/android-tivi-aqua-43-inch-aqt43k800fg?utm_flashsale=1
2026-04-14 12:52:04,595 [INFO]      -> [6/180] Cào: https://www.dienmayxanh.com/tivi/android-tivi-aqua-43-inch-aqt43k800fg?utm_flashsale=1
2026-04-14 12:52:34,609 [WARNING]       [!] Timeout khi tải https://www.dienmayxanh.com/tivi/android-tivi-aqua-43-inch-aqt43k800fg?utm_flashsale=1, vẫn cố gắng lấy dữ liệu hiện có.
2026-04-14 12:52:39,113 [INFO]  --- Đã lưu 29 review vào dmx_reviews_output\television_integrated.jsonl
2026-04-14 12:52:41,170 [INFO]  -> Cào: https://www.dienmayxanh.com/tivi/smart-tivi-crystal-uhd-samsung-4k-43-inch-ua43u8550f
2026-04-14 12:52:41,170 [INFO]      -> [7/180] Cào: https://www.dienmayxanh.com/tivi/smart-tivi-crystal-uhd-samsung-4k-43-inch-ua43u8550f
2026-04-14 12:53:11,181 [WARNING]       [!] Timeout khi tải https://www.dienmayxanh.com/tivi/smart-tivi-crystal-uhd-samsung-4k-43-inch-ua43u8550f, vẫn cố gắng lấy dữ liệu hiện có.
2026-04-14 12:53:15,659 [INFO]  -> Cào: https://www.dienmayxanh.com/tivi/smart-tivi-nanocell-lg-ai-4k-65-inch-65nano80asa?utm_flashsale=1
2026-04-14 12:53:15,659 [INFO]      -> [8/180] Cào: https://www.dienmayxanh.com/tivi/smart-tivi-nanocell-lg-ai-4k-65-inch-65nano80asa?utm_flashsale=1
2026-04-14 12:53:45,676 [WARNING]       [!] Timeout khi tải https://www.dienmayxanh.com/tivi/smart-tivi-nanocell-lg-ai-4k-65-inch-65nano80asa?utm_flashsale=1, vẫn cố gắng lấy dữ liệu hiện có.
2026-04-14 12:53:52,728 [INFO]  -> Cào: https://www.dienmayxanh.com/tivi/smart-tivi-nanocell-lg-ai-4k-55-inch-55nano80asa?utm_flashsale=1
2026-04-14 12:53:52,729 [INFO]      -> [9/180] Cào: https://www.dienmayxanh.com/tivi/smart-tivi-nanocell-lg-ai-4k-55-inch-55nano80asa?utm_flashsale=1
2026-04-14 12:54:22,749 [WARNING]       [!] Timeout khi tải https://www.dienmayxanh.com/tivi/smart-tivi-nanocell-lg-ai-4k-55-inch-55nano80asa?utm_flashsale=1, vẫn cố gắng lấy dữ liệu hiện có.
2026-04-14 12:54:27,081 [INFO]  --- Đã lưu 22 review vào dmx_reviews_output\television_integrated.jsonl
2026-04-14 12:54:29,115 [INFO]  -> Cào: https://www.dienmayxanh.com/tivi/google-tcl-4k-55-inch-55p635?utm_flashsale=1
2026-04-14 12:54:29,116 [INFO]      -> [10/180] Cào: https://www.dienmayxanh.com/tivi/google-tcl-4k-55-inch-55p635?utm_flashsale=1
2026-04-14 12:55:00,555 [WARNING]       [!] Timeout khi tải https://www.dienmayxanh.com/tivi/google-tcl-4k-55-inch-55p635?utm_flashsale=1, vẫn cố gắng lấy dữ liệu hiện có.
2026-04-14 12:55:06,873 [INFO]  -> Cào: https://www.dienmayxanh.com/tivi/google-tivi-sony-4k-43-inch-k-43s25vm2?utm_flashsale=1
2026-04-14 12:55:06,873 [INFO]      -> [11/180] Cào: https://www.dienmayxanh.com/tivi/google-tivi-sony-4k-43-inch-k-43s25vm2?utm_flashsale=1
2026-04-14 12:55:19,006 [INFO]  -> Cào: https://www.dienmayxanh.com/tivi/google-tivi-sony-4k-65-inch-k-65s25vm2?utm_flashsale=1
2026-04-14 12:55:19,007 [INFO]      -> [12/180] Cào: https://www.dienmayxanh.com/tivi/google-tivi-sony-4k-65-inch-k-65s25vm2?utm_flashsale=1
2026-04-14 12:55:49,017 [WARNING]       [!] Timeout khi tải https://www.dienmayxanh.com/tivi/google-tivi-sony-4k-65-inch-k-65s25vm2?utm_flashsale=1, vẫn cố gắng lấy dữ liệu hiện có.
2026-04-14 12:55:54,002 [INFO]  -> Cào: https://www.dienmayxanh.com/tivi/google-tivi-qled-tcl-ai-fhd-40-inch-40s5k?utm_flashsale=1
2026-04-14 12:55:54,002 [INFO]      -> [13/180] Cào: https://www.dienmayxanh.com/tivi/google-tivi-qled-tcl-ai-fhd-40-inch-40s5k?utm_flashsale=1
2026-04-14 12:56:01,989 [INFO]  --- Đã lưu 29 review vào dmx_reviews_output\television_integrated.jsonl
2026-04-14 12:56:03,879 [INFO]  -> Cào: https://www.dienmayxanh.com/tivi/smart-tivi-toshiba-32-inch-32v35rp
2026-04-14 12:56:03,880 [INFO]      -> [14/180] Cào: https://www.dienmayxanh.com/tivi/smart-tivi-toshiba-32-inch-32v35rp
2026-04-14 12:56:15,535 [INFO]  -> Cào: https://www.dienmayxanh.com/tivi/smart-tivi-crystal-uhd-samsung-4k-55-inch-ua55u8550f?utm_flashsale=1
2026-04-14 12:56:15,536 [INFO]      -> [15/180] Cào: https://www.dienmayxanh.com/tivi/smart-tivi-crystal-uhd-samsung-4k-55-inch-ua55u8550f?utm_flashsale=1
2026-04-14 12:56:23,217 [INFO]  -> Cào: https://www.dienmayxanh.com/tivi/smart-tivi-samsung-4k-crystal-uhd-43-inch-ua43du7000?utm_flashsale=1
2026-04-14 12:56:23,217 [INFO]      -> [16/180] Cào: https://www.dienmayxanh.com/tivi/smart-tivi-samsung-4k-crystal-uhd-43-inch-ua43du7000?utm_flashsale=1
2026-04-14 12:56:53,227 [WARNING]       [!] Timeout khi tải https://www.dienmayxanh.com/tivi/smart-tivi-samsung-4k-crystal-uhd-43-inch-ua43du7000?utm_flashsale=1, vẫn cố gắng lấy dữ liệu hiện có.
2026-04-14 12:56:59,586 [INFO]  -> Cào: https://www.dienmayxanh.com/tivi/google-tivi-qled-tcl-ai-fhd-32-inch-32s5k?utm_flashsale=1
2026-04-14 12:56:59,586 [INFO]      -> [17/180] Cào: https://www.dienmayxanh.com/tivi/google-tivi-qled-tcl-ai-fhd-32-inch-32s5k?utm_flashsale=1
2026-04-14 12:57:29,595 [WARNING]       [!] Timeout khi tải https://www.dienmayxanh.com/tivi/google-tivi-qled-tcl-ai-fhd-32-inch-32s5k?utm_flashsale=1, vẫn cố gắng lấy dữ liệu hiện có.
2026-04-14 12:57:34,437 [INFO]  -> Cào: https://www.dienmayxanh.com/tivi/google-tivi-tcl-ai-4k-43-inch-43p6k?utm_flashsale=1
2026-04-14 12:57:34,437 [INFO]      -> [18/180] Cào: https://www.dienmayxanh.com/tivi/google-tivi-tcl-ai-4k-43-inch-43p6k?utm_flashsale=1
2026-04-14 12:57:49,330 [INFO]  -> Cào: https://www.dienmayxanh.com/tivi/smart-tivi-nanocell-lg-ai-4k-43-inch-43nano80asa?utm_flashsale=1
2026-04-14 12:57:49,330 [INFO]      -> [19/180] Cào: https://www.dienmayxanh.com/tivi/smart-tivi-nanocell-lg-ai-4k-43-inch-43nano80asa?utm_flashsale=1
2026-04-14 12:58:02,943 [INFO]  -> Cào: https://www.dienmayxanh.com/tivi/google-tivi-sony-4k-55-inch-k-55s30?utm_flashsale=1
2026-04-14 12:58:02,943 [INFO]      -> [20/180] Cào: https://www.dienmayxanh.com/tivi/google-tivi-sony-4k-55-inch-k-55s30?utm_flashsale=1
2026-04-14 12:58:10,758 [INFO]  --- Đã lưu 29 review vào dmx_reviews_output\television_integrated.jsonl
2026-04-14 12:58:11,956 [INFO]  -> Cào: https://www.dienmayxanh.com/tivi/smart-tivi-samsung-32-inch-ua32h5000f?utm_flashsale=1
2026-04-14 12:58:11,957 [INFO]      -> [21/180] Cào: https://www.dienmayxanh.com/tivi/smart-tivi-samsung-32-inch-ua32h5000f?utm_flashsale=1
2026-04-14 12:58:20,992 [INFO]  -> Cào: https://www.dienmayxanh.com/tivi/smart-tivi-neo-qled-samsung-ai-4k-55-inch-qa55qn70f?utm_flashsale=1
2026-04-14 12:58:20,992 [INFO]      -> [22/180] Cào: https://www.dienmayxanh.com/tivi/smart-tivi-neo-qled-samsung-ai-4k-55-inch-qa55qn70f?utm_flashsale=1
2026-04-14 12:58:30,563 [INFO]  -> Cào: https://www.dienmayxanh.com/tivi/smart-tivi-qled-hisense-32-inch-32q5s
2026-04-14 12:58:30,564 [INFO]      -> [23/180] Cào: https://www.dienmayxanh.com/tivi/smart-tivi-qled-hisense-32-inch-32q5s
2026-04-14 12:58:38,328 [INFO]  -> Cào: https://www.dienmayxanh.com/tivi/google-tivi-aqua-32-inch-aqt32k85fx?utm_flashsale=1
2026-04-14 12:58:38,329 [INFO]      -> [24/180] Cào: https://www.dienmayxanh.com/tivi/google-tivi-aqua-32-inch-aqt32k85fx?utm_flashsale=1
2026-04-14 12:58:46,247 [INFO]  -> Cào: https://www.dienmayxanh.com/tivi/google-tivi-qled-tcl-ai-fhd-43-inch-43s5k?utm_flashsale=1
2026-04-14 12:58:46,248 [INFO]      -> [25/180] Cào: https://www.dienmayxanh.com/tivi/google-tivi-qled-tcl-ai-fhd-43-inch-43s5k?utm_flashsale=1
2026-04-14 12:58:54,157 [INFO]  -> Cào: https://www.dienmayxanh.com/tivi/smart-tivi-samsung-fhd-43-inch-ua43f6000f?utm_flashsale=1
2026-04-14 12:58:54,158 [INFO]      -> [26/180] Cào: https://www.dienmayxanh.com/tivi/smart-tivi-samsung-fhd-43-inch-ua43f6000f?utm_flashsale=1
2026-04-14 12:59:04,549 [INFO]  -> Cào: https://www.dienmayxanh.com/tivi/smart-tivi-qled-samsung-4k-55-inch-qa55q6fa
2026-04-14 12:59:04,550 [INFO]      -> [27/180] Cào: https://www.dienmayxanh.com/tivi/smart-tivi-qled-samsung-4k-55-inch-qa55q6fa
2026-04-14 12:59:12,243 [INFO]  -> Cào: https://www.dienmayxanh.com/tivi/smart-tivi-toshiba-ai-4k-65-inch-65c350rp?utm_flashsale=1
2026-04-14 12:59:12,243 [INFO]      -> [28/180] Cào: https://www.dienmayxanh.com/tivi/smart-tivi-toshiba-ai-4k-65-inch-65c350rp?utm_flashsale=1
2026-04-14 12:59:19,118 [INFO]  -> Cào: https://www.dienmayxanh.com/tivi/smart-tivi-qled-samsung-ai-4k-55-inch-qa55q8f5
2026-04-14 12:59:19,118 [INFO]      -> [29/180] Cào: https://www.dienmayxanh.com/tivi/smart-tivi-qled-samsung-ai-4k-55-inch-qa55q8f5
2026-04-14 12:59:25,928 [INFO]  -> Cào: https://www.dienmayxanh.com/tivi/smart-tivi-lg-ai-4k-55-inch-55ua8450psa?utm_flashsale=1
2026-04-14 12:59:25,928 [INFO]      -> [30/180] Cào: https://www.dienmayxanh.com/tivi/smart-tivi-lg-ai-4k-55-inch-55ua8450psa?utm_flashsale=1
2026-04-14 12:59:33,432 [INFO]  --- Đã lưu 28 review vào dmx_reviews_output\television_integrated.jsonl
2026-04-14 12:59:34,998 [INFO]  -> Cào: https://www.dienmayxanh.com/tivi/google-tivi-sony-4k-43-inch-k-43s30
2026-04-14 12:59:34,998 [INFO]      -> [31/180] Cào: https://www.dienmayxanh.com/tivi/google-tivi-sony-4k-43-inch-k-43s30
2026-04-14 12:59:43,939 [INFO]  -> Cào: https://www.dienmayxanh.com/tivi/google-sony-32-inch-kd-32w830k
2026-04-14 12:59:43,939 [INFO]      -> [32/180] Cào: https://www.dienmayxanh.com/tivi/google-sony-32-inch-kd-32w830k
2026-04-14 12:59:57,115 [INFO]  --- Đã lưu 20 review vào dmx_reviews_output\television_integrated.jsonl
2026-04-14 12:59:58,614 [INFO]  -> Cào: https://www.dienmayxanh.com/tivi/smart-tivi-qled-samsung-ai-4k-43-inch-qa43q7fa?utm_flashsale=1
2026-04-14 12:59:58,614 [INFO]      -> [33/180] Cào: https://www.dienmayxanh.com/tivi/smart-tivi-qled-samsung-ai-4k-43-inch-qa43q7fa?utm_flashsale=1
2026-04-14 13:00:08,206 [INFO]  -> Cào: https://www.dienmayxanh.com/tivi/smart-tivi-crystal-uhd-samsung-4k-65-inch-ua65u8550f
2026-04-14 13:00:08,206 [INFO]      -> [34/180] Cào: https://www.dienmayxanh.com/tivi/smart-tivi-crystal-uhd-samsung-4k-65-inch-ua65u8550f
2026-04-14 13:00:38,218 [WARNING]       [!] Timeout khi tải https://www.dienmayxanh.com/tivi/smart-tivi-crystal-uhd-samsung-4k-65-inch-ua65u8550f, vẫn cố gắng lấy dữ liệu hiện có.
2026-04-14 13:00:44,566 [INFO]  -> Cào: https://www.dienmayxanh.com/tivi/google-tivi-qled-xiaomi-a-pro-32-inch-l32mb-apsea-2026
2026-04-14 13:00:44,566 [INFO]      -> [35/180] Cào: https://www.dienmayxanh.com/tivi/google-tivi-qled-xiaomi-a-pro-32-inch-l32mb-apsea-2026
2026-04-14 13:00:52,300 [INFO]  -> Cào: https://www.dienmayxanh.com/tivi/google-tivi-qled-tcl-ai-4k-43-inch-43p7k?utm_flashsale=1
2026-04-14 13:00:52,302 [INFO]      -> [36/180] Cào: https://www.dienmayxanh.com/tivi/google-tivi-qled-tcl-ai-4k-43-inch-43p7k?utm_flashsale=1
2026-04-14 13:01:26,237 [INFO]  -> Cào: https://www.dienmayxanh.com/tivi/smart-tivi-qled-hisense-fhd-40-inch-40q5s
2026-04-14 13:01:26,238 [INFO]      -> [37/180] Cào: https://www.dienmayxanh.com/tivi/smart-tivi-qled-hisense-fhd-40-inch-40q5s
2026-04-14 13:01:34,767 [INFO]  -> Cào: https://www.dienmayxanh.com/tivi/smart-tivi-qled-samsung-4k-65-inch-qa65q6fa
2026-04-14 13:01:34,767 [INFO]      -> [38/180] Cào: https://www.dienmayxanh.com/tivi/smart-tivi-qled-samsung-4k-65-inch-qa65q6fa
2026-04-14 13:01:42,464 [INFO]  -> Cào: https://www.dienmayxanh.com/tivi/smart-tivi-hisense-fhd-43-inch-43a5s
2026-04-14 13:01:42,465 [INFO]      -> [39/180] Cào: https://www.dienmayxanh.com/tivi/smart-tivi-hisense-fhd-43-inch-43a5s
2026-04-14 13:01:50,987 [INFO]  -> Cào: https://www.dienmayxanh.com/tivi/google-tivi-qled-tcl-ai-4k-50-inch-50p7k?utm_flashsale=1
2026-04-14 13:01:50,987 [INFO]      -> [40/180] Cào: https://www.dienmayxanh.com/tivi/google-tivi-qled-tcl-ai-4k-50-inch-50p7k?utm_flashsale=1
2026-04-14 13:01:59,234 [INFO]  -> Cào: https://www.dienmayxanh.com/tivi/google-tivi-tcl-ai-4k-65-inch-65p6k?utm_flashsale=1
2026-04-14 13:01:59,234 [INFO]      -> [41/180] Cào: https://www.dienmayxanh.com/tivi/google-tivi-tcl-ai-4k-65-inch-65p6k?utm_flashsale=1
2026-04-14 13:02:29,252 [WARNING]       [!] Timeout khi tải https://www.dienmayxanh.com/tivi/google-tivi-tcl-ai-4k-65-inch-65p6k?utm_flashsale=1, vẫn cố gắng lấy dữ liệu hiện có.
2026-04-14 13:02:34,791 [INFO]  -> Cào: https://www.dienmayxanh.com/tivi/google-tv-aqua-qled-4k-55-inch-aqt55s80eux?utm_flashsale=1
2026-04-14 13:02:34,791 [INFO]      -> [42/180] Cào: https://www.dienmayxanh.com/tivi/google-tv-aqua-qled-4k-55-inch-aqt55s80eux?utm_flashsale=1
2026-04-14 13:02:42,993 [INFO]  --- Đã lưu 25 review vào dmx_reviews_output\television_integrated.jsonl
2026-04-14 13:02:45,582 [INFO]  -> Cào: https://www.dienmayxanh.com/tivi/android-tivi-aqua-50-inch-aqt50k800ug?utm_flashsale=1
2026-04-14 13:02:45,583 [INFO]      -> [43/180] Cào: https://www.dienmayxanh.com/tivi/android-tivi-aqua-50-inch-aqt50k800ug?utm_flashsale=1
2026-04-14 13:02:53,107 [INFO]  -> Cào: https://www.dienmayxanh.com/tivi/smart-tivi-lg-ai-4k-65-inch-65ua8450psa?utm_flashsale=1
2026-04-14 13:02:53,108 [INFO]      -> [44/180] Cào: https://www.dienmayxanh.com/tivi/smart-tivi-lg-ai-4k-65-inch-65ua8450psa?utm_flashsale=1
2026-04-14 13:03:05,192 [INFO]  --- Đã lưu 20 review vào dmx_reviews_output\television_integrated.jsonl
2026-04-14 13:03:06,196 [INFO]  -> Cào: https://www.dienmayxanh.com/tivi/tivi-qled-samsung-4k-55-inch-qa55q65d?utm_flashsale=1
2026-04-14 13:03:06,198 [INFO]      -> [45/180] Cào: https://www.dienmayxanh.com/tivi/tivi-qled-samsung-4k-55-inch-qa55q65d?utm_flashsale=1
2026-04-14 13:03:14,798 [INFO]  -> Cào: https://www.dienmayxanh.com/tivi/smart-tivi-neo-qled-samsung-ai-4k-65-inch-qa65qn70f?utm_flashsale=1
2026-04-14 13:03:14,798 [INFO]      -> [46/180] Cào: https://www.dienmayxanh.com/tivi/smart-tivi-neo-qled-samsung-ai-4k-65-inch-qa65qn70f?utm_flashsale=1
2026-04-14 13:03:25,167 [INFO]  -> Cào: https://www.dienmayxanh.com/tivi/google-tivi-sony-4k-65-inch-k-65s30
2026-04-14 13:03:25,167 [INFO]      -> [47/180] Cào: https://www.dienmayxanh.com/tivi/google-tivi-sony-4k-65-inch-k-65s30
2026-04-14 13:03:32,175 [INFO]  --- Đã lưu 20 review vào dmx_reviews_output\television_integrated.jsonl
2026-04-14 13:03:34,330 [INFO]  -> Cào: https://www.dienmayxanh.com/tivi/smart-tivi-crystal-uhd-samsung-4k-75-inch-ua75u8500f?utm_flashsale=1
2026-04-14 13:03:34,331 [INFO]      -> [48/180] Cào: https://www.dienmayxanh.com/tivi/smart-tivi-crystal-uhd-samsung-4k-75-inch-ua75u8500f?utm_flashsale=1
2026-04-14 13:03:42,462 [INFO]  -> Cào: https://www.dienmayxanh.com/tivi/smart-tivi-hisense-4k-58-inch-58a6q
2026-04-14 13:03:42,462 [INFO]      -> [49/180] Cào: https://www.dienmayxanh.com/tivi/smart-tivi-hisense-4k-58-inch-58a6q
2026-04-14 13:03:49,431 [INFO]  -> Cào: https://www.dienmayxanh.com/tivi/smart-tivi-qled-samsung-ai-4k-75-inch-qa75q8f5
2026-04-14 13:03:49,431 [INFO]      -> [50/180] Cào: https://www.dienmayxanh.com/tivi/smart-tivi-qled-samsung-ai-4k-75-inch-qa75q8f5
2026-04-14 13:03:55,920 [INFO]  -> Cào: https://www.dienmayxanh.com/tivi/google-tivi-sony-4k-50-inch-k-50s25vm2
2026-04-14 13:03:55,921 [INFO]      -> [51/180] Cào: https://www.dienmayxanh.com/tivi/google-tivi-sony-4k-50-inch-k-50s25vm2
2026-04-14 13:04:02,431 [INFO]  -> Cào: https://www.dienmayxanh.com/tivi/smart-tivi-qled-toshiba-ai-4k-55-inch-55m450rp?utm_flashsale=1
2026-04-14 13:04:02,431 [INFO]      -> [52/180] Cào: https://www.dienmayxanh.com/tivi/smart-tivi-qled-toshiba-ai-4k-55-inch-55m450rp?utm_flashsale=1
2026-04-14 13:04:09,059 [INFO]  -> Cào: https://www.dienmayxanh.com/tivi/google-tivi-aqua-4k-55-inch-aqt55k85fux?utm_flashsale=1
2026-04-14 13:04:09,059 [INFO]      -> [53/180] Cào: https://www.dienmayxanh.com/tivi/google-tivi-aqua-4k-55-inch-aqt55k85fux?utm_flashsale=1
2026-04-14 13:04:16,084 [INFO]  -> Cào: https://www.dienmayxanh.com/tivi/smart-tivi-qled-samsung-ai-4k-55-inch-qa55q7fa
2026-04-14 13:04:16,084 [INFO]      -> [54/180] Cào: https://www.dienmayxanh.com/tivi/smart-tivi-qled-samsung-ai-4k-55-inch-qa55q7fa
2026-04-14 13:04:23,779 [INFO]  -> Cào: https://www.dienmayxanh.com/tivi/smart-tivi-crystal-uhd-samsung-4k-70-inch-ua70u8000f?utm_flashsale=1
2026-04-14 13:04:23,780 [INFO]      -> [55/180] Cào: https://www.dienmayxanh.com/tivi/smart-tivi-crystal-uhd-samsung-4k-70-inch-ua70u8000f?utm_flashsale=1
2026-04-14 13:04:30,535 [INFO]  -> Cào: https://www.dienmayxanh.com/tivi/smart-tivi-qned-evo-lg-ai-4k-55-inch-55qned86asa
2026-04-14 13:04:30,536 [INFO]      -> [56/180] Cào: https://www.dienmayxanh.com/tivi/smart-tivi-qned-evo-lg-ai-4k-55-inch-55qned86asa
2026-04-14 13:04:39,320 [INFO]  -> Cào: https://www.dienmayxanh.com/tivi/smart-tivi-qled-toshiba-ai-4k-65-inch-65m450rp?utm_flashsale=1
2026-04-14 13:04:39,320 [INFO]      -> [57/180] Cào: https://www.dienmayxanh.com/tivi/smart-tivi-qled-toshiba-ai-4k-65-inch-65m450rp?utm_flashsale=1
2026-04-14 13:04:46,262 [INFO]  -> Cào: https://www.dienmayxanh.com/tivi/google-tivi-xiaomi-a-fhd-43-inch-l43mb-afsea-2026?utm_flashsale=1
2026-04-14 13:04:46,262 [INFO]      -> [58/180] Cào: https://www.dienmayxanh.com/tivi/google-tivi-xiaomi-a-fhd-43-inch-l43mb-afsea-2026?utm_flashsale=1
2026-04-14 13:04:53,114 [INFO]  -> Cào: https://www.dienmayxanh.com/tivi/google-tivi-qled-xiaomi-a-pro-4k-43-inch-l43mb-apsea-2026?utm_flashsale=1
2026-04-14 13:04:53,115 [INFO]      -> [59/180] Cào: https://www.dienmayxanh.com/tivi/google-tivi-qled-xiaomi-a-pro-4k-43-inch-l43mb-apsea-2026?utm_flashsale=1
2026-04-14 13:05:01,296 [INFO]  -> Cào: https://www.dienmayxanh.com/tivi/google-tivi-sony-4k-50-inch-k-50s30
2026-04-14 13:05:01,297 [INFO]      -> [60/180] Cào: https://www.dienmayxanh.com/tivi/google-tivi-sony-4k-50-inch-k-50s30
2026-04-14 13:05:11,661 [INFO]  -> Cào: https://www.dienmayxanh.com/tivi/google-tivi-qled-tcl-ai-4k-55-inch-55p7k?utm_flashsale=1
2026-04-14 13:05:11,662 [INFO]      -> [61/180] Cào: https://www.dienmayxanh.com/tivi/google-tivi-qled-tcl-ai-4k-55-inch-55p7k?utm_flashsale=1
2026-04-14 13:05:18,929 [INFO]  -> Cào: https://www.dienmayxanh.com/tivi/smart-tivi-lg-ai-4k-43-inch-43ua8450psa?utm_flashsale=1
2026-04-14 13:05:18,930 [INFO]      -> [62/180] Cào: https://www.dienmayxanh.com/tivi/smart-tivi-lg-ai-4k-43-inch-43ua8450psa?utm_flashsale=1
2026-04-14 13:05:26,772 [INFO]  -> Cào: https://www.dienmayxanh.com/tivi/smart-tivi-qned-evo-lg-ai-4k-65-inch-65qned86asa?utm_flashsale=1
2026-04-14 13:05:26,772 [INFO]      -> [63/180] Cào: https://www.dienmayxanh.com/tivi/smart-tivi-qned-evo-lg-ai-4k-65-inch-65qned86asa?utm_flashsale=1
2026-04-14 13:05:38,483 [INFO]  -> Cào: https://www.dienmayxanh.com/tivi/smart-tivi-qled-samsung-ai-4k-50-inch-qa50q7fa?utm_flashsale=1
2026-04-14 13:05:38,484 [INFO]      -> [64/180] Cào: https://www.dienmayxanh.com/tivi/smart-tivi-qled-samsung-ai-4k-50-inch-qa50q7fa?utm_flashsale=1
2026-04-14 13:05:44,569 [INFO]  -> Cào: https://www.dienmayxanh.com/tivi/smart-tivi-lg-ai-4k-50-inch-50ua8450psa?utm_flashsale=1
2026-04-14 13:05:44,570 [INFO]      -> [65/180] Cào: https://www.dienmayxanh.com/tivi/smart-tivi-lg-ai-4k-50-inch-50ua8450psa?utm_flashsale=1
2026-04-14 13:05:50,763 [INFO]  -> Cào: https://www.dienmayxanh.com/tivi/smart-tivi-qned-lg-ai-4k-65-inch-65qned81asa?utm_flashsale=1
2026-04-14 13:05:50,764 [INFO]      -> [66/180] Cào: https://www.dienmayxanh.com/tivi/smart-tivi-qned-lg-ai-4k-65-inch-65qned81asa?utm_flashsale=1
2026-04-14 13:05:56,826 [INFO]  --- Đã lưu 29 review vào dmx_reviews_output\television_integrated.jsonl
2026-04-14 13:05:58,755 [INFO]  -> Cào: https://www.dienmayxanh.com/tivi/google-tivi-qled-xiaomi-a-pro-4k-55-inch-l55mb-apsea-2026?utm_flashsale=1
2026-04-14 13:05:58,756 [INFO]      -> [67/180] Cào: https://www.dienmayxanh.com/tivi/google-tivi-qled-xiaomi-a-pro-4k-55-inch-l55mb-apsea-2026?utm_flashsale=1
2026-04-14 13:06:04,881 [INFO]  -> Cào: https://www.dienmayxanh.com/tivi/smart-tivi-samsung-4k-65-inch-ua65cu8000
2026-04-14 13:06:04,882 [INFO]      -> [68/180] Cào: https://www.dienmayxanh.com/tivi/smart-tivi-samsung-4k-65-inch-ua65cu8000
2026-04-14 13:06:14,846 [INFO]  -> Cào: https://www.dienmayxanh.com/tivi/smart-tivi-oled-evo-lg-ai-4k-65-inch-oled65c5psa
2026-04-14 13:06:14,846 [INFO]      -> [69/180] Cào: https://www.dienmayxanh.com/tivi/smart-tivi-oled-evo-lg-ai-4k-65-inch-oled65c5psa
2026-04-14 13:06:22,214 [INFO]  -> Cào: https://www.dienmayxanh.com/tivi/google-tivi-qd-mini-led-tcl-ai-4k-55-inch-55c6ks?utm_flashsale=1
2026-04-14 13:06:22,215 [INFO]      -> [70/180] Cào: https://www.dienmayxanh.com/tivi/google-tivi-qd-mini-led-tcl-ai-4k-55-inch-55c6ks?utm_flashsale=1
2026-04-14 13:06:31,712 [INFO]  -> Cào: https://www.dienmayxanh.com/tivi/smart-tivi-qned-lg-ai-4k-75-inch-75qned81asa
2026-04-14 13:06:31,712 [INFO]      -> [71/180] Cào: https://www.dienmayxanh.com/tivi/smart-tivi-qned-lg-ai-4k-75-inch-75qned81asa
2026-04-14 13:06:39,460 [INFO]  -> Cào: https://www.dienmayxanh.com/tivi/smart-tivi-qned-lg-ai-4k-55-inch-55qned81asa?utm_flashsale=1
2026-04-14 13:06:39,460 [INFO]      -> [72/180] Cào: https://www.dienmayxanh.com/tivi/smart-tivi-qned-lg-ai-4k-55-inch-55qned81asa?utm_flashsale=1
2026-04-14 13:06:47,837 [INFO]  -> Cào: https://www.dienmayxanh.com/tivi/smart-tivi-oled-evo-lg-ai-4k-55-inch-oled55c5psa?utm_flashsale=1
2026-04-14 13:06:47,838 [INFO]      -> [73/180] Cào: https://www.dienmayxanh.com/tivi/smart-tivi-oled-evo-lg-ai-4k-55-inch-oled55c5psa?utm_flashsale=1
2026-04-14 13:06:54,631 [INFO]  -> Cào: https://www.dienmayxanh.com/tivi/google-tv-aqua-qled-4k-65-inch-aqt65s80eux?utm_flashsale=1
2026-04-14 13:06:54,631 [INFO]      -> [74/180] Cào: https://www.dienmayxanh.com/tivi/google-tv-aqua-qled-4k-65-inch-aqt65s80eux?utm_flashsale=1
2026-04-14 13:07:01,745 [INFO]  -> Cào: https://www.dienmayxanh.com/tivi/google-tv-aqua-qled-4k-50-inch-aqt50s800ux
2026-04-14 13:07:01,745 [INFO]      -> [75/180] Cào: https://www.dienmayxanh.com/tivi/google-tv-aqua-qled-4k-50-inch-aqt50s800ux
2026-04-14 13:07:07,559 [INFO]  --- Đã lưu 20 review vào dmx_reviews_output\television_integrated.jsonl
2026-04-14 13:07:09,470 [INFO]  -> Cào: https://www.dienmayxanh.com/tivi/smart-tivi-nanocell-lg-ai-4k-75-inch-75nano80asa?utm_flashsale=1
2026-04-14 13:07:09,471 [INFO]      -> [76/180] Cào: https://www.dienmayxanh.com/tivi/smart-tivi-nanocell-lg-ai-4k-75-inch-75nano80asa?utm_flashsale=1
2026-04-14 13:07:17,465 [INFO]  -> Cào: https://www.dienmayxanh.com/tivi/smart-tivi-hisense-4k-55-inch-55a6q?utm_flashsale=1
2026-04-14 13:07:17,466 [INFO]      -> [77/180] Cào: https://www.dienmayxanh.com/tivi/smart-tivi-hisense-4k-55-inch-55a6q?utm_flashsale=1
2026-04-14 13:07:24,771 [INFO]  -> Cào: https://www.dienmayxanh.com/tivi/smart-tivi-samsung-4k-75-inch-ua75cu8000
2026-04-14 13:07:24,771 [INFO]      -> [78/180] Cào: https://www.dienmayxanh.com/tivi/smart-tivi-samsung-4k-75-inch-ua75cu8000
2026-04-14 13:07:32,868 [INFO]  -> Cào: https://www.dienmayxanh.com/tivi/smart-tivi-oled-samsung-ai-4k-55-inch-qa55s85f
2026-04-14 13:07:32,869 [INFO]      -> [79/180] Cào: https://www.dienmayxanh.com/tivi/smart-tivi-oled-samsung-ai-4k-55-inch-qa55s85f
2026-04-14 13:07:41,463 [INFO]  -> Cào: https://www.dienmayxanh.com/tivi/smart-tivi-nanocell-lg-ai-4k-50-inch-50nano80asa?utm_flashsale=1
2026-04-14 13:07:41,463 [INFO]      -> [80/180] Cào: https://www.dienmayxanh.com/tivi/smart-tivi-nanocell-lg-ai-4k-50-inch-50nano80asa?utm_flashsale=1
2026-04-14 13:07:50,098 [INFO]  -> Cào: https://www.dienmayxanh.com/tivi/google-tv-aqua-qled-4k-55-inch-aqt55s800ux?utm_flashsale=1
2026-04-14 13:07:50,099 [INFO]      -> [81/180] Cào: https://www.dienmayxanh.com/tivi/google-tv-aqua-qled-4k-55-inch-aqt55s800ux?utm_flashsale=1
2026-04-14 13:07:57,336 [INFO]  -> Cào: https://www.dienmayxanh.com/tivi/google-tivi-sony-4k-75-inch-k-75s25vm2?utm_flashsale=1
2026-04-14 13:07:57,337 [INFO]      -> [82/180] Cào: https://www.dienmayxanh.com/tivi/google-tivi-sony-4k-75-inch-k-75s25vm2?utm_flashsale=1
2026-04-14 13:08:04,658 [INFO]  -> Cào: https://www.dienmayxanh.com/tivi/google-tv-aqua-qled-4k-65-inch-aqt65s800ux?utm_flashsale=1
2026-04-14 13:08:04,658 [INFO]      -> [83/180] Cào: https://www.dienmayxanh.com/tivi/google-tv-aqua-qled-4k-65-inch-aqt65s800ux?utm_flashsale=1
2026-04-14 13:08:13,135 [INFO]  -> Cào: https://www.dienmayxanh.com/tivi/smart-tivi-hisense-4k-65-inch-65a6q?utm_flashsale=1
2026-04-14 13:08:13,136 [INFO]      -> [84/180] Cào: https://www.dienmayxanh.com/tivi/smart-tivi-hisense-4k-65-inch-65a6q?utm_flashsale=1
2026-04-14 13:08:19,736 [INFO]  -> Cào: https://www.dienmayxanh.com/tivi/smart-tivi-samsung-4k-43-inch-ua43cu8000
2026-04-14 13:08:19,737 [INFO]      -> [85/180] Cào: https://www.dienmayxanh.com/tivi/smart-tivi-samsung-4k-43-inch-ua43cu8000
2026-04-14 13:08:25,693 [INFO]  --- Đã lưu 24 review vào dmx_reviews_output\television_integrated.jsonl
2026-04-14 13:08:26,806 [INFO]  -> Cào: https://www.dienmayxanh.com/tivi/smart-tivi-qled-samsung-4k-75-inch-qa75q6fa?utm_flashsale=1
2026-04-14 13:08:26,806 [INFO]      -> [86/180] Cào: https://www.dienmayxanh.com/tivi/smart-tivi-qled-samsung-4k-75-inch-qa75q6fa?utm_flashsale=1
2026-04-14 13:08:33,138 [INFO]  -> Cào: https://www.dienmayxanh.com/tivi/google-tivi-tcl-ai-4k-75-inch-75p6k?utm_flashsale=1
2026-04-14 13:08:33,138 [INFO]      -> [87/180] Cào: https://www.dienmayxanh.com/tivi/google-tivi-tcl-ai-4k-75-inch-75p6k?utm_flashsale=1
2026-04-14 13:08:40,668 [INFO]  -> Cào: https://www.dienmayxanh.com/tivi/google-tivi-sony-4k-75-inch-k-75s30
2026-04-14 13:08:40,668 [INFO]      -> [88/180] Cào: https://www.dienmayxanh.com/tivi/google-tivi-sony-4k-75-inch-k-75s30
2026-04-14 13:08:47,996 [INFO]  -> Cào: https://www.dienmayxanh.com/tivi/google-tivi-xiaomi-a-4k-55-inch-l55mb-asea-2026?utm_flashsale=1
2026-04-14 13:08:47,996 [INFO]      -> [89/180] Cào: https://www.dienmayxanh.com/tivi/google-tivi-xiaomi-a-4k-55-inch-l55mb-asea-2026?utm_flashsale=1
2026-04-14 13:08:54,523 [INFO]  -> Cào: https://www.dienmayxanh.com/tivi/smart-tivi-lg-ai-4k-75-inch-75ua8450psa?utm_flashsale=1
2026-04-14 13:08:54,523 [INFO]      -> [90/180] Cào: https://www.dienmayxanh.com/tivi/smart-tivi-lg-ai-4k-75-inch-75ua8450psa?utm_flashsale=1
2026-04-14 13:09:01,015 [INFO]  -> Cào: https://www.dienmayxanh.com/tivi/google-tivi-qd-mini-led-tcl-ai-4k-65-inch-65c6ks?utm_flashsale=1
2026-04-14 13:09:01,016 [INFO]      -> [91/180] Cào: https://www.dienmayxanh.com/tivi/google-tivi-qd-mini-led-tcl-ai-4k-65-inch-65c6ks?utm_flashsale=1
2026-04-14 13:09:07,879 [INFO]  -> Cào: https://www.dienmayxanh.com/tivi/smart-tivi-qled-samsung-ai-4k-85-inch-qa85q7fa
2026-04-14 13:09:07,880 [INFO]      -> [92/180] Cào: https://www.dienmayxanh.com/tivi/smart-tivi-qled-samsung-ai-4k-85-inch-qa85q7fa
2026-04-14 13:09:14,960 [INFO]  -> Cào: https://www.dienmayxanh.com/tivi/smart-tivi-qned-lg-ai-4k-43-inch-43qned81asa?utm_flashsale=1
2026-04-14 13:09:14,960 [INFO]      -> [93/180] Cào: https://www.dienmayxanh.com/tivi/smart-tivi-qned-lg-ai-4k-43-inch-43qned81asa?utm_flashsale=1
2026-04-14 13:09:21,884 [INFO]  -> Cào: https://www.dienmayxanh.com/tivi/smart-tivi-neo-qled-samsung-ai-4k-75-inch-qa75qn70f
2026-04-14 13:09:21,884 [INFO]      -> [94/180] Cào: https://www.dienmayxanh.com/tivi/smart-tivi-neo-qled-samsung-ai-4k-75-inch-qa75qn70f
2026-04-14 13:09:27,951 [INFO]  -> Cào: https://www.dienmayxanh.com/tivi/smart-tivi-qned-evo-lg-ai-4k-75-inch-75qned86asa
2026-04-14 13:09:27,951 [INFO]      -> [95/180] Cào: https://www.dienmayxanh.com/tivi/smart-tivi-qned-evo-lg-ai-4k-75-inch-75qned86asa
2026-04-14 13:09:35,972 [INFO]  -> Cào: https://www.dienmayxanh.com/tivi/smart-tivi-oled-evo-lg-ai-4k-77-inch-oled77c5psa
2026-04-14 13:09:35,972 [INFO]      -> [96/180] Cào: https://www.dienmayxanh.com/tivi/smart-tivi-oled-evo-lg-ai-4k-77-inch-oled77c5psa
2026-04-14 13:09:43,546 [INFO]  -> Cào: https://www.dienmayxanh.com/tivi/smart-tivi-samsung-4k-85-inch-ua85u8500f
2026-04-14 13:09:43,547 [INFO]      -> [97/180] Cào: https://www.dienmayxanh.com/tivi/smart-tivi-samsung-4k-85-inch-ua85u8500f
2026-04-14 13:09:50,396 [INFO]  -> Cào: https://www.dienmayxanh.com/tivi/tivi-qled-samsung-4k-43-inch-qa43q65d?utm_flashsale=1
2026-04-14 13:09:50,396 [INFO]      -> [98/180] Cào: https://www.dienmayxanh.com/tivi/tivi-qled-samsung-4k-43-inch-qa43q65d?utm_flashsale=1
2026-04-14 13:09:56,812 [INFO]  -> Cào: https://www.dienmayxanh.com/tivi/smart-tivi-mini-led-toshiba-ai-4k-65-inch-65z670rp
2026-04-14 13:09:56,813 [INFO]      -> [99/180] Cào: https://www.dienmayxanh.com/tivi/smart-tivi-mini-led-toshiba-ai-4k-65-inch-65z670rp
2026-04-14 13:10:03,119 [INFO]  -> Cào: https://www.dienmayxanh.com/tivi/smart-tivi-oled-samsung-ai-4k-65-inch-qa65s85f
2026-04-14 13:10:03,119 [INFO]      -> [100/180] Cào: https://www.dienmayxanh.com/tivi/smart-tivi-oled-samsung-ai-4k-65-inch-qa65s85f
2026-04-14 13:10:11,465 [INFO]  -> Cào: https://www.dienmayxanh.com/tivi/smart-tivi-qled-samsung-ai-4k-75-inch-qa75q7fa
2026-04-14 13:10:11,466 [INFO]      -> [101/180] Cào: https://www.dienmayxanh.com/tivi/smart-tivi-qled-samsung-ai-4k-75-inch-qa75q7fa
2026-04-14 13:10:18,054 [INFO]  -> Cào: https://www.dienmayxanh.com/tivi/smart-tivi-nanocell-lg-ai-4k-86-inch-86nano80asa
2026-04-14 13:10:18,054 [INFO]      -> [102/180] Cào: https://www.dienmayxanh.com/tivi/smart-tivi-nanocell-lg-ai-4k-86-inch-86nano80asa
2026-04-14 13:10:25,576 [INFO]  -> Cào: https://www.dienmayxanh.com/tivi/google-tivi-qd-mini-led-tcl-ai-4k-75-inch-75c6ks?utm_flashsale=1
2026-04-14 13:10:25,576 [INFO]      -> [103/180] Cào: https://www.dienmayxanh.com/tivi/google-tivi-qd-mini-led-tcl-ai-4k-75-inch-75c6ks?utm_flashsale=1
2026-04-14 13:10:31,925 [INFO]  -> Cào: https://www.dienmayxanh.com/tivi/smart-tivi-qled-samsung-ai-4k-65-inch-qa65q7fa
2026-04-14 13:10:31,925 [INFO]      -> [104/180] Cào: https://www.dienmayxanh.com/tivi/smart-tivi-qled-samsung-ai-4k-65-inch-qa65q7fa
2026-04-14 13:10:39,697 [INFO]  -> Cào: https://www.dienmayxanh.com/tivi/google-tivi-xiaomi-a-4k-65-inch-l65mb-asea-2026?utm_flashsale=1
2026-04-14 13:10:39,697 [INFO]      -> [105/180] Cào: https://www.dienmayxanh.com/tivi/google-tivi-xiaomi-a-4k-65-inch-l65mb-asea-2026?utm_flashsale=1
2026-04-14 13:10:46,916 [INFO]  -> Cào: https://www.dienmayxanh.com/tivi/google-tivi-mini-led-sony-ai-4k-85-inch-k-85xr50
2026-04-14 13:10:46,917 [INFO]      -> [106/180] Cào: https://www.dienmayxanh.com/tivi/google-tivi-mini-led-sony-ai-4k-85-inch-k-85xr50
2026-04-14 13:10:55,172 [INFO]  -> Cào: https://www.dienmayxanh.com/tivi/google-tivi-mini-led-sony-ai-4k-65-inch-k-65xr50
2026-04-14 13:10:55,172 [INFO]      -> [107/180] Cào: https://www.dienmayxanh.com/tivi/google-tivi-mini-led-sony-ai-4k-65-inch-k-65xr50
2026-04-14 13:11:03,120 [INFO]  -> Cào: https://www.dienmayxanh.com/tivi/google-tivi-mini-led-sony-ai-4k-55-inch-k-55xr50
2026-04-14 13:11:03,120 [INFO]      -> [108/180] Cào: https://www.dienmayxanh.com/tivi/google-tivi-mini-led-sony-ai-4k-55-inch-k-55xr50
2026-04-14 13:11:10,856 [INFO]  -> Cào: https://www.dienmayxanh.com/tivi/smart-tivi-oled-lg-ai-4k-55-inch-oled55b5psa
2026-04-14 13:11:10,857 [INFO]      -> [109/180] Cào: https://www.dienmayxanh.com/tivi/smart-tivi-oled-lg-ai-4k-55-inch-oled55b5psa
2026-04-14 13:11:17,339 [INFO]  -> Cào: https://www.dienmayxanh.com/tivi/google-tivi-sony-4k-85-inch-k-85s30
2026-04-14 13:11:17,339 [INFO]      -> [110/180] Cào: https://www.dienmayxanh.com/tivi/google-tivi-sony-4k-85-inch-k-85s30
2026-04-14 13:11:23,326 [INFO]  -> Cào: https://www.dienmayxanh.com/tivi/smart-tivi-samsung-4k-98-inch-ua98du9000
2026-04-14 13:11:23,326 [INFO]      -> [111/180] Cào: https://www.dienmayxanh.com/tivi/smart-tivi-samsung-4k-98-inch-ua98du9000
2026-04-14 13:11:30,796 [INFO]  -> Cào: https://www.dienmayxanh.com/tivi/google-tivi-qled-tcl-ai-4k-65-inch-65p7k?utm_flashsale=1
2026-04-14 13:11:30,796 [INFO]      -> [112/180] Cào: https://www.dienmayxanh.com/tivi/google-tivi-qled-tcl-ai-4k-65-inch-65p7k?utm_flashsale=1
2026-04-14 13:11:42,698 [INFO]  -> Cào: https://www.dienmayxanh.com/tivi/smart-tivi-neo-qled-samsung-ai-4k-85-inch-qa85qn70f
2026-04-14 13:11:42,698 [INFO]      -> [113/180] Cào: https://www.dienmayxanh.com/tivi/smart-tivi-neo-qled-samsung-ai-4k-85-inch-qa85qn70f
2026-04-14 13:11:49,572 [INFO]  -> Cào: https://www.dienmayxanh.com/tivi/smart-tivi-oled-samsung-ai-4k-55-inch-qa55s90f?utm_flashsale=1
2026-04-14 13:11:49,573 [INFO]      -> [114/180] Cào: https://www.dienmayxanh.com/tivi/smart-tivi-oled-samsung-ai-4k-55-inch-qa55s90f?utm_flashsale=1
2026-04-14 13:11:57,842 [INFO]  -> Cào: https://www.dienmayxanh.com/tivi/smart-tivi-toshiba-ai-4k-75-inch-75c350rp?utm_flashsale=1
2026-04-14 13:11:57,842 [INFO]      -> [115/180] Cào: https://www.dienmayxanh.com/tivi/smart-tivi-toshiba-ai-4k-75-inch-75c350rp?utm_flashsale=1
2026-04-14 13:12:04,005 [INFO]  -> Cào: https://www.dienmayxanh.com/tivi/google-tivi-qd-miniled-xiaomi-s-4k-55-inch-l55mc-ssea
2026-04-14 13:12:04,005 [INFO]      -> [116/180] Cào: https://www.dienmayxanh.com/tivi/google-tivi-qd-miniled-xiaomi-s-4k-55-inch-l55mc-ssea
2026-04-14 13:12:09,872 [INFO]  -> Cào: https://www.dienmayxanh.com/tivi/smart-qled-4k-55-inch-samsung-qa55q70b
2026-04-14 13:12:09,872 [INFO]      -> [117/180] Cào: https://www.dienmayxanh.com/tivi/smart-qled-4k-55-inch-samsung-qa55q70b
2026-04-14 13:12:27,463 [INFO]  -> Cào: https://www.dienmayxanh.com/tivi/smart-tivi-qled-4k-55-inch-samsung-qa55q80c
2026-04-14 13:12:27,464 [INFO]      -> [118/180] Cào: https://www.dienmayxanh.com/tivi/smart-tivi-qled-4k-55-inch-samsung-qa55q80c
2026-04-14 13:12:34,261 [INFO]  --- Đã lưu 23 review vào dmx_reviews_output\television_integrated.jsonl
2026-04-14 13:12:35,804 [INFO]  -> Cào: https://www.dienmayxanh.com/tivi/smart-tivi-samsung-4k-55-inch-ua55cu8000
2026-04-14 13:12:35,804 [INFO]      -> [119/180] Cào: https://www.dienmayxanh.com/tivi/smart-tivi-samsung-4k-55-inch-ua55cu8000
2026-04-14 13:12:43,403 [INFO]  -> Cào: https://www.dienmayxanh.com/tivi/google-tivi-qled-tcl-4k-65-inch-65c69b?utm_flashsale=1
2026-04-14 13:12:43,404 [INFO]      -> [120/180] Cào: https://www.dienmayxanh.com/tivi/google-tivi-qled-tcl-4k-65-inch-65c69b?utm_flashsale=1
2026-04-14 13:12:51,047 [INFO]  -> Cào: https://www.dienmayxanh.com/tivi/google-tivi-mini-led-sony-4k-65-inch-k-65xr70
2026-04-14 13:12:51,047 [INFO]      -> [121/180] Cào: https://www.dienmayxanh.com/tivi/google-tivi-mini-led-sony-4k-65-inch-k-65xr70
2026-04-14 13:12:59,016 [INFO]  -> Cào: https://www.dienmayxanh.com/tivi/android-tivi-aqua-43-inch-aqt43k800ug
2026-04-14 13:12:59,016 [INFO]      -> [122/180] Cào: https://www.dienmayxanh.com/tivi/android-tivi-aqua-43-inch-aqt43k800ug
2026-04-14 13:13:06,043 [INFO]  -> Cào: https://www.dienmayxanh.com/tivi/smart-tivi-oled-samsung-ai-4k-65-inch-qa65s90f
2026-04-14 13:13:06,043 [INFO]      -> [123/180] Cào: https://www.dienmayxanh.com/tivi/smart-tivi-oled-samsung-ai-4k-65-inch-qa65s90f
2026-04-14 13:13:12,942 [INFO]  -> Cào: https://www.dienmayxanh.com/tivi/smart-tivi-qned-lg-ai-4k-86-inch-86qned81asa
2026-04-14 13:13:12,942 [INFO]      -> [124/180] Cào: https://www.dienmayxanh.com/tivi/smart-tivi-qned-lg-ai-4k-86-inch-86qned81asa
2026-04-14 13:13:21,507 [INFO]  -> Cào: https://www.dienmayxanh.com/tivi/smart-tivi-lg-ai-4k-86-inch-86ua8450psa?utm_flashsale=1
2026-04-14 13:13:21,508 [INFO]      -> [125/180] Cào: https://www.dienmayxanh.com/tivi/smart-tivi-lg-ai-4k-86-inch-86ua8450psa?utm_flashsale=1
2026-04-14 13:13:29,962 [INFO]  -> Cào: https://www.dienmayxanh.com/tivi/google-tivi-qled-xiaomi-a-pro-4k-65-inch-l65mb-apsea-2026?utm_flashsale=1
2026-04-14 13:13:29,963 [INFO]      -> [126/180] Cào: https://www.dienmayxanh.com/tivi/google-tivi-qled-xiaomi-a-pro-4k-65-inch-l65mb-apsea-2026?utm_flashsale=1
2026-04-14 13:13:37,601 [INFO]  -> Cào: https://www.dienmayxanh.com/tivi/google-tivi-qled-xiaomi-a-pro-4k-75-inch-l75mb-apsea-2026?utm_flashsale=1
2026-04-14 13:13:37,601 [INFO]      -> [127/180] Cào: https://www.dienmayxanh.com/tivi/google-tivi-qled-xiaomi-a-pro-4k-75-inch-l75mb-apsea-2026?utm_flashsale=1
2026-04-14 13:13:45,722 [INFO]  -> Cào: https://www.dienmayxanh.com/tivi/smart-tivi-qled-toshiba-ai-4k-75-inch-75m450rp?utm_flashsale=1
2026-04-14 13:13:45,722 [INFO]      -> [128/180] Cào: https://www.dienmayxanh.com/tivi/smart-tivi-qled-toshiba-ai-4k-75-inch-75m450rp?utm_flashsale=1
2026-04-14 13:13:53,140 [INFO]  -> Cào: https://www.dienmayxanh.com/tivi/google-tivi-qd-miniled-xiaomi-s-4k-65-inch-l65mc-ssea
2026-04-14 13:13:53,140 [INFO]      -> [129/180] Cào: https://www.dienmayxanh.com/tivi/google-tivi-qd-miniled-xiaomi-s-4k-65-inch-l65mc-ssea
2026-04-14 13:14:01,039 [INFO]  -> Cào: https://www.dienmayxanh.com/tivi/google-tivi-tcl-ai-4k-75-inch-75p69k?utm_flashsale=1
2026-04-14 13:14:01,039 [INFO]      -> [130/180] Cào: https://www.dienmayxanh.com/tivi/google-tivi-tcl-ai-4k-75-inch-75p69k?utm_flashsale=1
2026-04-14 13:14:07,670 [INFO]  -> Cào: https://www.dienmayxanh.com/tivi/smart-tivi-khung-tranh-the-frame-qled-samsung-ai-4k-55-inch-qa55ls03f
2026-04-14 13:14:07,671 [INFO]      -> [131/180] Cào: https://www.dienmayxanh.com/tivi/smart-tivi-khung-tranh-the-frame-qled-samsung-ai-4k-55-inch-qa55ls03f
2026-04-14 13:14:15,609 [INFO]  -> Cào: https://www.dienmayxanh.com/tivi/smart-tivi-neo-qled-samsung-ai-4k-65-inch-qa65qn85f
2026-04-14 13:14:15,609 [INFO]      -> [132/180] Cào: https://www.dienmayxanh.com/tivi/smart-tivi-neo-qled-samsung-ai-4k-65-inch-qa65qn85f
2026-04-14 13:14:21,824 [INFO]  -> Cào: https://www.dienmayxanh.com/tivi/smart-tivi-oled-lg-ai-4k-65-inch-oled65b5psa
2026-04-14 13:14:21,825 [INFO]      -> [133/180] Cào: https://www.dienmayxanh.com/tivi/smart-tivi-oled-lg-ai-4k-65-inch-oled65b5psa
2026-04-14 13:14:28,026 [INFO]  -> Cào: https://www.dienmayxanh.com/tivi/tivi-qled-samsung-4k-65-inch-qa65q80d
2026-04-14 13:14:28,026 [INFO]      -> [134/180] Cào: https://www.dienmayxanh.com/tivi/tivi-qled-samsung-4k-65-inch-qa65q80d
2026-04-14 13:14:35,567 [INFO]  -> Cào: https://www.dienmayxanh.com/tivi/tivi-oled-lg-4k-55-inch-55c4psa?utm_flashsale=1
2026-04-14 13:14:35,568 [INFO]      -> [135/180] Cào: https://www.dienmayxanh.com/tivi/tivi-oled-lg-4k-55-inch-55c4psa?utm_flashsale=1
2026-04-14 13:14:41,092 [INFO]  --- Đã lưu 24 review vào dmx_reviews_output\television_integrated.jsonl
2026-04-14 13:14:42,897 [INFO]  -> Cào: https://www.dienmayxanh.com/tivi/google-tivi-mini-led-sony-4k-85-inch-k-85xr90
2026-04-14 13:14:42,897 [INFO]      -> [136/180] Cào: https://www.dienmayxanh.com/tivi/google-tivi-mini-led-sony-4k-85-inch-k-85xr90
2026-04-14 13:14:49,069 [INFO]  -> Cào: https://www.dienmayxanh.com/tivi/google-tv-aqua-qled-4k-85-inch-aqt85s800ux
2026-04-14 13:14:49,069 [INFO]      -> [137/180] Cào: https://www.dienmayxanh.com/tivi/google-tv-aqua-qled-4k-85-inch-aqt85s800ux
2026-04-14 13:14:55,658 [INFO]  -> Cào: https://www.dienmayxanh.com/tivi/google-tivi-qd-mini-led-tcl-ai-4k-85-inch-85c6k?utm_flashsale=1
2026-04-14 13:14:55,658 [INFO]      -> [138/180] Cào: https://www.dienmayxanh.com/tivi/google-tivi-qd-mini-led-tcl-ai-4k-85-inch-85c6k?utm_flashsale=1
2026-04-14 13:15:02,692 [INFO]  -> Cào: https://www.dienmayxanh.com/tivi/google-tivi-qled-tcl-ai-4k-75-inch-75p7k?utm_flashsale=1
2026-04-14 13:15:02,693 [INFO]      -> [139/180] Cào: https://www.dienmayxanh.com/tivi/google-tivi-qled-tcl-ai-4k-75-inch-75p7k?utm_flashsale=1
2026-04-14 13:15:09,855 [INFO]  -> Cào: https://www.dienmayxanh.com/tivi/smart-tivi-khung-tranh-the-frame-qled-samsung-ai-4k-75-inch-qa75ls03f
2026-04-14 13:15:09,856 [INFO]      -> [140/180] Cào: https://www.dienmayxanh.com/tivi/smart-tivi-khung-tranh-the-frame-qled-samsung-ai-4k-75-inch-qa75ls03f
2026-04-14 13:15:19,155 [INFO]  -> Cào: https://www.dienmayxanh.com/tivi/smart-tivi-khung-tranh-the-frame-qled-samsung-ai-4k-65-inch-qa65ls03f
2026-04-14 13:15:19,155 [INFO]      -> [141/180] Cào: https://www.dienmayxanh.com/tivi/smart-tivi-khung-tranh-the-frame-qled-samsung-ai-4k-65-inch-qa65ls03f
2026-04-14 13:15:27,162 [INFO]  -> Cào: https://www.dienmayxanh.com/tivi/smart-tivi-neo-qled-samsung-ai-4k-65-inch-qa65qn80f
2026-04-14 13:15:27,163 [INFO]      -> [142/180] Cào: https://www.dienmayxanh.com/tivi/smart-tivi-neo-qled-samsung-ai-4k-65-inch-qa65qn80f
2026-04-14 13:15:35,229 [INFO]  -> Cào: https://www.dienmayxanh.com/tivi/smart-tivi-neo-qled-samsung-ai-4k-75-inch-qa75qn85f
2026-04-14 13:15:35,230 [INFO]      -> [143/180] Cào: https://www.dienmayxanh.com/tivi/smart-tivi-neo-qled-samsung-ai-4k-75-inch-qa75qn85f
2026-04-14 13:15:42,172 [INFO]  -> Cào: https://www.dienmayxanh.com/tivi/google-tivi-oled-sony-ai-4k-65-inch-k-65xr80m2
2026-04-14 13:15:42,172 [INFO]      -> [144/180] Cào: https://www.dienmayxanh.com/tivi/google-tivi-oled-sony-ai-4k-65-inch-k-65xr80m2
2026-04-14 13:15:48,871 [INFO]  -> Cào: https://www.dienmayxanh.com/tivi/smart-tivi-hisense-4k-75-inch-75a6q?utm_flashsale=1
2026-04-14 13:15:48,871 [INFO]      -> [145/180] Cào: https://www.dienmayxanh.com/tivi/smart-tivi-hisense-4k-75-inch-75a6q?utm_flashsale=1
2026-04-14 13:15:55,704 [INFO]  -> Cào: https://www.dienmayxanh.com/tivi/google-tivi-mini-led-sony-ai-4k-75-inch-k-75xr50
2026-04-14 13:15:55,704 [INFO]      -> [146/180] Cào: https://www.dienmayxanh.com/tivi/google-tivi-mini-led-sony-ai-4k-75-inch-k-75xr50
2026-04-14 13:16:03,359 [INFO]  -> Cào: https://www.dienmayxanh.com/tivi/google-tivi-oled-sony-ai-4k-55-inch-k-55xr80m2
2026-04-14 13:16:03,359 [INFO]      -> [147/180] Cào: https://www.dienmayxanh.com/tivi/google-tivi-oled-sony-ai-4k-55-inch-k-55xr80m2
2026-04-14 13:16:10,836 [INFO]  -> Cào: https://www.dienmayxanh.com/tivi/smart-tivi-mini-led-toshiba-ai-4k-55-inch-55z670rp
2026-04-14 13:16:10,836 [INFO]      -> [148/180] Cào: https://www.dienmayxanh.com/tivi/smart-tivi-mini-led-toshiba-ai-4k-55-inch-55z670rp
2026-04-14 13:16:18,830 [INFO]  -> Cào: https://www.dienmayxanh.com/tivi/smart-tivi-qled-hisense-4k-43-inch-43q6q
2026-04-14 13:16:18,830 [INFO]      -> [149/180] Cào: https://www.dienmayxanh.com/tivi/smart-tivi-qled-hisense-4k-43-inch-43q6q
2026-04-14 13:16:25,068 [INFO]  -> Cào: https://www.dienmayxanh.com/tivi/smart-tivi-qned-lg-ai-4k-55-inch-55qned86bsa
2026-04-14 13:16:25,069 [INFO]      -> [150/180] Cào: https://www.dienmayxanh.com/tivi/smart-tivi-qned-lg-ai-4k-55-inch-55qned86bsa
2026-04-14 13:16:32,752 [INFO]  -> Cào: https://www.dienmayxanh.com/tivi/smart-khung-tranh-the-frame-qled-samsung-4k-55-inch-qa55ls03b?utm_flashsale=1
2026-04-14 13:16:32,753 [INFO]      -> [151/180] Cào: https://www.dienmayxanh.com/tivi/smart-khung-tranh-the-frame-qled-samsung-4k-55-inch-qa55ls03b?utm_flashsale=1
2026-04-14 13:16:45,219 [INFO]  -> Cào: https://www.dienmayxanh.com/tivi/tivi-oled-samsung-4k-65-inch-qa65s90d
2026-04-14 13:16:45,219 [INFO]      -> [152/180] Cào: https://www.dienmayxanh.com/tivi/tivi-oled-samsung-4k-65-inch-qa65s90d
2026-04-14 13:16:52,435 [INFO]  -> Cào: https://www.dienmayxanh.com/tivi/smart-tivi-neo-qled-samsung-ai-4k-100-inch-qa100qn80f
2026-04-14 13:16:52,436 [INFO]      -> [153/180] Cào: https://www.dienmayxanh.com/tivi/smart-tivi-neo-qled-samsung-ai-4k-100-inch-qa100qn80f
2026-04-14 13:16:59,492 [INFO]  -> Cào: https://www.dienmayxanh.com/tivi/smart-samsung-4k-43-inch-ua43bu8000
2026-04-14 13:16:59,493 [INFO]      -> [154/180] Cào: https://www.dienmayxanh.com/tivi/smart-samsung-4k-43-inch-ua43bu8000
2026-04-14 13:17:07,068 [INFO]  --- Đã lưu 20 review vào dmx_reviews_output\television_integrated.jsonl
2026-04-14 13:17:09,619 [INFO]  -> Cào: https://www.dienmayxanh.com/tivi/smart-neo-qled-4k-65-inch-samsung-qa65qn90b?utm_flashsale=1
2026-04-14 13:17:09,619 [INFO]      -> [155/180] Cào: https://www.dienmayxanh.com/tivi/smart-neo-qled-4k-65-inch-samsung-qa65qn90b?utm_flashsale=1
2026-04-14 13:17:28,400 [INFO]  -> Cào: https://www.dienmayxanh.com/tivi/smart-neo-qled-4k-55-inch-samsung-qa55qn90b
2026-04-14 13:17:28,400 [INFO]      -> [156/180] Cào: https://www.dienmayxanh.com/tivi/smart-neo-qled-4k-55-inch-samsung-qa55qn90b
2026-04-14 13:17:46,181 [INFO]  --- Đã lưu 20 review vào dmx_reviews_output\television_integrated.jsonl
2026-04-14 13:17:48,455 [INFO]  -> Cào: https://www.dienmayxanh.com/tivi/smart-neo-qled-4k-75-inch-samsung-qa75qn85b
2026-04-14 13:17:48,456 [INFO]      -> [157/180] Cào: https://www.dienmayxanh.com/tivi/smart-neo-qled-4k-75-inch-samsung-qa75qn85b
2026-04-14 13:18:08,655 [INFO]  -> Cào: https://www.dienmayxanh.com/tivi/smart-qled-4k-55-inch-samsung-qa55q60b
2026-04-14 13:18:08,655 [INFO]      -> [158/180] Cào: https://www.dienmayxanh.com/tivi/smart-qled-4k-55-inch-samsung-qa55q60b
2026-04-14 13:18:25,986 [INFO]  -> Cào: https://www.dienmayxanh.com/tivi/google-sony-4k-55-inch-kd-55x75k
2026-04-14 13:18:25,986 [INFO]      -> [159/180] Cào: https://www.dienmayxanh.com/tivi/google-sony-4k-55-inch-kd-55x75k
2026-04-14 13:18:46,591 [INFO]  --- Đã lưu 24 review vào dmx_reviews_output\television_integrated.jsonl
2026-04-14 13:18:48,304 [INFO]  -> Cào: https://www.dienmayxanh.com/tivi/smart-oled-lg-4k-48-inch-48a2psa
2026-04-14 13:18:48,304 [INFO]      -> [160/180] Cào: https://www.dienmayxanh.com/tivi/smart-oled-lg-4k-48-inch-48a2psa
2026-04-14 13:19:00,958 [INFO]  -> Cào: https://www.dienmayxanh.com/tivi/smart-oled-lg-4k-55-inch-55g2psa
2026-04-14 13:19:00,958 [INFO]      -> [161/180] Cào: https://www.dienmayxanh.com/tivi/smart-oled-lg-4k-55-inch-55g2psa
2026-04-14 13:19:08,904 [INFO]  -> Cào: https://www.dienmayxanh.com/tivi/smart-tivi-neo-qled-4k-55-inch-samsung-qa55qn90c
2026-04-14 13:19:08,904 [INFO]      -> [162/180] Cào: https://www.dienmayxanh.com/tivi/smart-tivi-neo-qled-4k-55-inch-samsung-qa55qn90c
2026-04-14 13:19:18,564 [INFO]  --- Đã lưu 20 review vào dmx_reviews_output\television_integrated.jsonl
2026-04-14 13:19:21,322 [INFO]  -> Cào: https://www.dienmayxanh.com/tivi/smart-tivi-neo-qled-4k-75-inch-samsung-qa75qn85c
2026-04-14 13:19:21,322 [INFO]      -> [163/180] Cào: https://www.dienmayxanh.com/tivi/smart-tivi-neo-qled-4k-75-inch-samsung-qa75qn85c
2026-04-14 13:19:31,625 [INFO]  -> Cào: https://www.dienmayxanh.com/tivi/smart-tivi-neo-qled-4k-55-inch-samsung-qa55qn85c
2026-04-14 13:19:31,625 [INFO]      -> [164/180] Cào: https://www.dienmayxanh.com/tivi/smart-tivi-neo-qled-4k-55-inch-samsung-qa55qn85c
2026-04-14 13:19:39,272 [INFO]  -> Cào: https://www.dienmayxanh.com/tivi/smart-tivi-qled-4k-85-inch-samsung-qa85q80c
2026-04-14 13:19:39,273 [INFO]      -> [165/180] Cào: https://www.dienmayxanh.com/tivi/smart-tivi-qled-4k-85-inch-samsung-qa85q80c
2026-04-14 13:19:47,884 [INFO]  -> Cào: https://www.dienmayxanh.com/tivi/smart-tivi-qled-4k-65-inch-samsung-qa65q80c
2026-04-14 13:19:47,884 [INFO]      -> [166/180] Cào: https://www.dienmayxanh.com/tivi/smart-tivi-qled-4k-65-inch-samsung-qa65q80c
2026-04-14 13:19:56,190 [INFO]  -> Cào: https://www.dienmayxanh.com/tivi/smart-tivi-oled-samsung-4k-65-inch-qa65s95ca
2026-04-14 13:19:56,190 [INFO]      -> [167/180] Cào: https://www.dienmayxanh.com/tivi/smart-tivi-oled-samsung-4k-65-inch-qa65s95ca
2026-04-14 13:20:03,879 [INFO]  -> Cào: https://www.dienmayxanh.com/tivi/smart-tivi-qned-lg-4k-75-inch-75qned80sra
2026-04-14 13:20:03,880 [INFO]      -> [168/180] Cào: https://www.dienmayxanh.com/tivi/smart-tivi-qned-lg-4k-75-inch-75qned80sra
2026-04-14 13:20:11,658 [INFO]  -> Cào: https://www.dienmayxanh.com/tivi/smart-tivi-qned-lg-4k-75-inch-75qned86sra
2026-04-14 13:20:11,658 [INFO]      -> [169/180] Cào: https://www.dienmayxanh.com/tivi/smart-tivi-qned-lg-4k-75-inch-75qned86sra
